2025.11.02 19:46:58.251848 [ 1 ] {} <Information> SentryWriter: Sending crash reports is disabled
2025.11.02 19:46:58.310716 [ 1 ] {} <Information> Application: Starting ClickHouse 25.3.7.194 (revision: 54502, git hash: 36637934778b7d39b37f378d258359dd6ffdd110, build id: E09B0ADBF9AF0530703B179DBA02705D5DF508C0), PID 1
2025.11.02 19:46:58.311013 [ 1 ] {} <Information> Application: starting up
2025.11.02 19:46:58.311109 [ 1 ] {} <Information> Application: OS name: Linux, version: 6.10.14-linuxkit, architecture: aarch64
2025.11.02 19:46:58.311758 [ 1 ] {} <Information> Jemalloc: Value for background_thread set to true (from true)
2025.11.02 19:46:58.329169 [ 1 ] {} <Information> Application: Available RAM: 7.65 GiB; logical cores: 14; used cores: 14.
2025.11.02 19:46:58.332837 [ 1 ] {} <Information> CgroupsReader: Will create cgroup reader from '/sys/fs/cgroup/' (cgroups version: v2)
2025.11.02 19:46:58.337460 [ 1 ] {} <Warning> Application: Integrity check of the executable skipped because the reference checksum could not be read.
2025.11.02 19:46:58.337737 [ 1 ] {} <Information> Application: It looks like the process has no CAP_IPC_LOCK capability, binary mlock will be disabled. It could happen due to incorrect ClickHouse package installation. You could resolve the problem manually with 'sudo setcap cap_ipc_lock=+ep /usr/bin/clickhouse'. Note that it will not work on 'nosuid' mounted filesystems.
2025.11.02 19:46:58.337782 [ 1 ] {} <Information> MemoryWorker: Starting background memory thread with period of 50ms, using Cgroups as source
2025.11.02 19:46:58.338026 [ 1 ] {} <Information> BackgroundSchedulePool/BgSchPool: Create BackgroundSchedulePool with 512 threads
2025.11.02 19:46:58.393100 [ 108 ] {} <Information> MemoryTracker: Correcting the value of global memory tracker from 767.70 KiB to 174.01 MiB
2025.11.02 19:46:58.482262 [ 1 ] {} <Debug> Application: rlimit on number of file descriptors is 1048576
2025.11.02 19:46:58.482799 [ 1 ] {} <Debug> Application: rlimit on number of threads is 18446744073709551615
2025.11.02 19:46:58.482864 [ 1 ] {} <Debug> Application: Initializing DateLUT.
2025.11.02 19:46:58.482982 [ 1 ] {} <Debug> Context: Setting up /var/lib/clickhouse/tmp/ to store temporary data in it
2025.11.02 19:46:58.483697 [ 1 ] {} <Debug> Application: Initializing interserver credentials.
2025.11.02 19:46:58.483810 [ 1 ] {} <Information> Application: Lowered uncompressed cache size to 3.83 GiB because the system has limited RAM
2025.11.02 19:46:58.483906 [ 1 ] {} <Information> Application: Lowered mark cache size to 3.83 GiB because the system has limited RAM
2025.11.02 19:46:58.484030 [ 1 ] {} <Information> Application: Lowered primary index cache size to 3.83 GiB because the system has limited RAM
2025.11.02 19:46:58.484084 [ 1 ] {} <Information> Application: Lowered index mark cache size to 3.83 GiB because the system has limited RAM
2025.11.02 19:46:58.484214 [ 1 ] {} <Debug> FileCacheFactory: Will load 0 caches from default cache config
2025.11.02 19:46:58.486087 [ 1 ] {} <Debug> ConfigReloader: Loading config '/etc/clickhouse-server/config.xml'
2025.11.02 19:46:58.486524 [ 1 ] {} <Debug> ConfigProcessor: Processing configuration file '/etc/clickhouse-server/config.xml'.
2025.11.02 19:46:58.487190 [ 1 ] {} <Debug> ConfigProcessor: Merging configuration file '/etc/clickhouse-server/config.d/docker_related_config.xml'.
2025.11.02 19:46:58.488034 [ 1 ] {} <Debug> ConfigProcessor: Merging configuration file '/etc/clickhouse-server/config.d/interserver_http_host.xml'.
2025.11.02 19:46:58.489699 [ 1 ] {} <Debug> ConfigProcessor: Merging configuration file '/etc/clickhouse-server/config.d/macros.xml'.
2025.11.02 19:46:58.490430 [ 1 ] {} <Debug> ConfigProcessor: Merging configuration file '/etc/clickhouse-server/config.d/remote_servers.xml'.
2025.11.02 19:46:58.490849 [ 1 ] {} <Debug> ConfigProcessor: Merging configuration file '/etc/clickhouse-server/config.d/zookeeper.xml'.
2025.11.02 19:46:58.491950 [ 1 ] {} <Debug> ConfigProcessor: Saved preprocessed configuration to '/var/lib/clickhouse/preprocessed_configs/config.xml'.
2025.11.02 19:46:58.492482 [ 1 ] {} <Debug> ConfigReloader: Loaded config '/etc/clickhouse-server/config.xml', performing update on configuration
2025.11.02 19:46:58.494134 [ 1 ] {} <Information> Application: Changed setting 'max_server_memory_usage' to 6.89 GiB (7.65 GiB available memory * 0.90 max_server_memory_usage_to_ram_ratio)
2025.11.02 19:46:58.494209 [ 1 ] {} <Information> Application: Setting merges_mutations_memory_usage_soft_limit was set to 3.83 GiB (7.65 GiB available * 0.50 merges_mutations_memory_usage_to_ram_ratio)
2025.11.02 19:46:58.494292 [ 1 ] {} <Information> Application: Merges and mutations memory limit is set to 3.83 GiB
2025.11.02 19:46:58.495640 [ 1 ] {} <Information> Application: Setting max_remote_read_network_bandwidth_for_server was set to 0
2025.11.02 19:46:58.495744 [ 1 ] {} <Information> Application: Setting max_remote_write_network_bandwidth_for_server was set to 0
2025.11.02 19:46:58.495888 [ 1 ] {} <Information> Application: Setting max_local_read_bandwidth_for_server was set to 0
2025.11.02 19:46:58.496252 [ 1 ] {} <Information> Application: Setting max_local_write_bandwidth_for_server was set to 0
2025.11.02 19:46:58.496484 [ 1 ] {} <Information> Application: ConcurrencyControl limit is set to UNLIMITED CPU slots with 'round_robin' scheduler
2025.11.02 19:46:58.496671 [ 1 ] {} <Information> BackgroundSchedulePool/BgBufSchPool: Create BackgroundSchedulePool with 16 threads
2025.11.02 19:46:58.499500 [ 1 ] {} <Information> BackgroundSchedulePool/BgMBSchPool: Create BackgroundSchedulePool with 16 threads
2025.11.02 19:46:58.510268 [ 1 ] {} <Information> BackgroundSchedulePool/BgDistSchPool: Create BackgroundSchedulePool with 16 threads
2025.11.02 19:46:58.511396 [ 1 ] {} <Debug> ConfigReloader: Loaded config '/etc/clickhouse-server/config.xml', performed update on configuration
2025.11.02 19:46:58.515707 [ 1 ] {} <Warning> Application: Listen [::]:9009 failed: Poco::Exception. Code: 1000, e.code() = 0, DNS error: EAI: Address family for hostname not supported (version 25.3.7.194 (official build)). If it is an IPv6 or IPv4 address and your host has disabled IPv6 or IPv4, then consider to specify not disabled IPv4 or IPv6 address to listen in <listen_host> element of configuration file. Example for disabled IPv6: <listen_host>0.0.0.0</listen_host> . Example for disabled IPv4: <listen_host>::</listen_host>
2025.11.02 19:46:58.516920 [ 1 ] {} <Information> Application: Listening for replica communication (interserver): http://0.0.0.0:9009
2025.11.02 19:46:58.517071 [ 1 ] {} <Warning> Access(local_directory): File /var/lib/clickhouse/access/users.list doesn't exist
2025.11.02 19:46:58.517180 [ 1 ] {} <Warning> Access(local_directory): Recovering lists in directory /var/lib/clickhouse/access/
2025.11.02 19:46:58.518184 [ 1 ] {} <Debug> Access(user directories): Added local_directory access storage 'local_directory', path: /var/lib/clickhouse/access/
2025.11.02 19:46:58.519165 [ 1 ] {} <Debug> ConfigReloader: Loading config '/etc/clickhouse-server/users.xml'
2025.11.02 19:46:58.519231 [ 1 ] {} <Debug> ConfigProcessor: Processing configuration file '/etc/clickhouse-server/users.xml'.
2025.11.02 19:46:58.519463 [ 1 ] {} <Debug> ConfigProcessor: Merging configuration file '/etc/clickhouse-server/users.d/users.xml'.
2025.11.02 19:46:58.520324 [ 1 ] {} <Debug> ConfigProcessor: Saved preprocessed configuration to '/var/lib/clickhouse/preprocessed_configs/users.xml'.
2025.11.02 19:46:58.520366 [ 1 ] {} <Debug> ConfigReloader: Loaded config '/etc/clickhouse-server/users.xml', performing update on configuration
2025.11.02 19:46:58.521155 [ 1 ] {} <Debug> ConfigReloader: Loaded config '/etc/clickhouse-server/users.xml', performed update on configuration
2025.11.02 19:46:58.522067 [ 1 ] {} <Debug> Access(user directories): Added users_xml access storage 'users_xml', path: /etc/clickhouse-server/users.xml
2025.11.02 19:46:58.522195 [ 1 ] {} <Information> CgroupsMemoryUsageObserver: Started cgroup current memory usage observer thread
2025.11.02 19:46:58.522296 [ 684 ] {} <Information> CgroupsMemoryUsageObserver: Memory amount initially available to the process is 7.65 GiB
2025.11.02 19:46:58.525402 [ 1 ] {} <Information> Context: Initialized background executor for merges and mutations with num_threads=16, num_tasks=32, scheduling_policy=round_robin
2025.11.02 19:46:58.526409 [ 1 ] {} <Information> Context: Initialized background executor for move operations with num_threads=8, num_tasks=8
2025.11.02 19:46:58.528345 [ 1 ] {} <Information> Context: Initialized background executor for fetches with num_threads=16, num_tasks=16
2025.11.02 19:46:58.529227 [ 1 ] {} <Information> Context: Initialized background executor for common operations (e.g. clearing old parts) with num_threads=8, num_tasks=8
2025.11.02 19:46:58.537189 [ 1 ] {} <Warning> Context: Linux transparent hugepages are set to "always". Check /sys/kernel/mm/transparent_hugepage/enabled
2025.11.02 19:46:58.546344 [ 1 ] {} <Warning> Context: Delay accounting is not enabled, OSIOWaitMicroseconds will not be gathered. You can enable it using `echo 1 > /proc/sys/kernel/task_delayacct` or by using sysctl.
2025.11.02 19:46:58.547592 [ 1 ] {} <Information> DNSCacheUpdater: Update period 15 seconds
2025.11.02 19:46:58.547786 [ 1 ] {} <Information> Application: Loading metadata from /var/lib/clickhouse/
2025.11.02 19:46:58.547801 [ 110 ] {} <Debug> DNSResolver: Updating DNS cache
2025.11.02 19:46:58.547916 [ 1 ] {} <Information> Context: Database disk name: default
2025.11.02 19:46:58.548238 [ 1 ] {} <Information> Context: Database disk name: default, path: /var/lib/clickhouse/
2025.11.02 19:46:58.548332 [ 1 ] {} <Debug> loadSystemDatabase: metadata_file_path metadata/system.sql, existsFile false
2025.11.02 19:46:58.548461 [ 110 ] {} <Debug> DNSResolver: Updated DNS cache
2025.11.02 19:46:58.551150 [ 1 ] {} <Debug> loadSystemDatabase: metadata_file_path metadata/information_schema.sql, existsFile false
2025.11.02 19:46:58.552589 [ 1 ] {} <Debug> loadSystemDatabase: metadata_file_path metadata/INFORMATION_SCHEMA.sql, existsFile false
2025.11.02 19:46:58.553670 [ 1 ] {} <Information> DatabaseAtomic (system): Metadata processed, database system has 0 tables and 0 dictionaries in total.
2025.11.02 19:46:58.553727 [ 1 ] {} <Information> TablesLoader: Parsed metadata of 0 tables in 1 databases in 7.4375e-05 sec
2025.11.02 19:46:58.554207 [ 1 ] {} <Debug> AsyncLoader: Prioritize load job 'startup Atomic database system': BackgrndStartup -> ForegroundLoad
2025.11.02 19:46:58.554246 [ 1 ] {} <Debug> AsyncLoader: Prioritize load job 'startup Ordinary database system': BackgrndStartup -> ForegroundLoad
2025.11.02 19:46:58.554333 [ 1 ] {} <Debug> AsyncLoader: Schedule load job 'startup Ordinary database system' into ForegroundLoad
2025.11.02 19:46:58.554355 [ 1 ] {} <Debug> AsyncLoader: Schedule load job 'startup Atomic database system' into ForegroundLoad
2025.11.02 19:46:58.554409 [ 1 ] {} <Debug> AsyncLoader: Change current priority: none -> 0
2025.11.02 19:46:58.554495 [ 1 ] {} <Debug> AsyncLoader: Spawn loader worker #1 in ForegroundLoad
2025.11.02 19:46:58.554663 [ 1 ] {} <Debug> AsyncLoader: Wait load job 'startup Atomic database system' in ForegroundLoad
2025.11.02 19:46:58.554729 [ 749 ] {} <Debug> AsyncLoader: Execute load job 'startup Ordinary database system' in ForegroundLoad
2025.11.02 19:46:58.554787 [ 749 ] {} <Debug> AsyncLoader: Finish load job 'startup Ordinary database system' with status OK
2025.11.02 19:46:58.555362 [ 749 ] {} <Debug> AsyncLoader: Spawn loader worker #2 in ForegroundLoad
2025.11.02 19:46:58.555461 [ 749 ] {} <Debug> AsyncLoader: Execute load job 'startup Atomic database system' in ForegroundLoad
2025.11.02 19:46:58.555528 [ 750 ] {} <Debug> AsyncLoader: Stop worker in ForegroundLoad
2025.11.02 19:46:58.556019 [ 749 ] {} <Debug> AsyncLoader: Finish load job 'startup Atomic database system' with status OK
2025.11.02 19:46:58.556084 [ 749 ] {} <Debug> AsyncLoader: Stop worker in ForegroundLoad
2025.11.02 19:46:58.556138 [ 749 ] {} <Debug> AsyncLoader: Change current priority: 0 -> none
2025.11.02 19:46:58.556580 [ 1 ] {} <Debug> SystemLog: Creating system.query_log from query_log
2025.11.02 19:46:58.565463 [ 1 ] {} <Debug> SystemLog: Creating system.query_thread_log from query_thread_log
2025.11.02 19:46:58.565806 [ 1 ] {} <Debug> SystemLog: Not creating system.part_log since corresponding section 'part_log' is missing from config
2025.11.02 19:46:58.565912 [ 1 ] {} <Debug> SystemLog: Not creating system.trace_log since corresponding section 'trace_log' is missing from config
2025.11.02 19:46:58.565947 [ 1 ] {} <Debug> SystemLog: Not creating system.crash_log since corresponding section 'crash_log' is missing from config
2025.11.02 19:46:58.565993 [ 1 ] {} <Debug> SystemLog: Not creating system.text_log since corresponding section 'text_log' is missing from config
2025.11.02 19:46:58.566022 [ 1 ] {} <Debug> SystemLog: Creating system.metric_log from metric_log
2025.11.02 19:46:58.569835 [ 1 ] {} <Debug> SystemLog: Not creating system.latency_log since corresponding section 'latency_log' is missing from config
2025.11.02 19:46:58.572203 [ 1 ] {} <Debug> SystemLog: Not creating system.error_log since corresponding section 'error_log' is missing from config
2025.11.02 19:46:58.572354 [ 1 ] {} <Debug> SystemLog: Not creating system.filesystem_cache_log since corresponding section 'filesystem_cache_log' is missing from config
2025.11.02 19:46:58.572378 [ 1 ] {} <Debug> SystemLog: Not creating system.filesystem_read_prefetches_log since corresponding section 'filesystem_read_prefetches_log' is missing from config
2025.11.02 19:46:58.572430 [ 1 ] {} <Debug> SystemLog: Not creating system.s3queue_log since corresponding section 's3queue_log' is missing from config
2025.11.02 19:46:58.572499 [ 1 ] {} <Debug> SystemLog: Not creating system.azure_queue_log since corresponding section 'azure_queue_log' is missing from config
2025.11.02 19:46:58.572551 [ 1 ] {} <Debug> SystemLog: Not creating system.asynchronous_metric_log since corresponding section 'asynchronous_metric_log' is missing from config
2025.11.02 19:46:58.572631 [ 1 ] {} <Debug> SystemLog: Not creating system.opentelemetry_span_log since corresponding section 'opentelemetry_span_log' is missing from config
2025.11.02 19:46:58.572686 [ 1 ] {} <Debug> SystemLog: Not creating system.query_views_log since corresponding section 'query_views_log' is missing from config
2025.11.02 19:46:58.572732 [ 1 ] {} <Debug> SystemLog: Not creating system.zookeeper_log since corresponding section 'zookeeper_log' is missing from config
2025.11.02 19:46:58.572764 [ 1 ] {} <Debug> SystemLog: Not creating system.session_log since corresponding section 'session_log' is missing from config
2025.11.02 19:46:58.572801 [ 1 ] {} <Debug> SystemLog: Not creating system.transactions_info_log since corresponding section 'transactions_info_log' is missing from config
2025.11.02 19:46:58.572852 [ 1 ] {} <Debug> SystemLog: Not creating system.processors_profile_log since corresponding section 'processors_profile_log' is missing from config
2025.11.02 19:46:58.572922 [ 1 ] {} <Debug> SystemLog: Not creating system.asynchronous_insert_log since corresponding section 'asynchronous_insert_log' is missing from config
2025.11.02 19:46:58.573167 [ 1 ] {} <Debug> SystemLog: Not creating system.backup_log since corresponding section 'backup_log' is missing from config
2025.11.02 19:46:58.573236 [ 1 ] {} <Debug> SystemLog: Not creating system.blob_storage_log since corresponding section 'blob_storage_log' is missing from config
2025.11.02 19:46:58.573293 [ 1 ] {} <Debug> SystemLog: Not creating system.query_metric_log since corresponding section 'query_metric_log' is missing from config
2025.11.02 19:46:58.575100 [ 1 ] {} <Debug> DatabaseAtomic (system): There are 0 detached tables. Start searching non used tables.
2025.11.02 19:46:58.575142 [ 1 ] {} <Debug> DatabaseAtomic (system): Found 0 non used tables in detached tables.
2025.11.02 19:46:58.576394 [ 1 ] {} <Debug> DatabaseAtomic (system): There are 0 detached tables. Start searching non used tables.
2025.11.02 19:46:58.576436 [ 1 ] {} <Debug> DatabaseAtomic (system): Found 0 non used tables in detached tables.
2025.11.02 19:46:58.576572 [ 1 ] {} <Debug> DatabaseAtomic (system): There are 0 detached tables. Start searching non used tables.
2025.11.02 19:46:58.576601 [ 1 ] {} <Debug> DatabaseAtomic (system): Found 0 non used tables in detached tables.
2025.11.02 19:46:58.576665 [ 1 ] {} <Debug> DatabaseAtomic (system): There are 0 detached tables. Start searching non used tables.
2025.11.02 19:46:58.576690 [ 1 ] {} <Debug> DatabaseAtomic (system): Found 0 non used tables in detached tables.
2025.11.02 19:46:58.576742 [ 1 ] {} <Debug> DatabaseAtomic (system): There are 0 detached tables. Start searching non used tables.
2025.11.02 19:46:58.576770 [ 1 ] {} <Debug> DatabaseAtomic (system): Found 0 non used tables in detached tables.
2025.11.02 19:46:58.576853 [ 1 ] {} <Debug> DatabaseAtomic (system): There are 0 detached tables. Start searching non used tables.
2025.11.02 19:46:58.576887 [ 1 ] {} <Debug> DatabaseAtomic (system): Found 0 non used tables in detached tables.
2025.11.02 19:46:58.577094 [ 1 ] {} <Debug> DatabaseAtomic (system): There are 0 detached tables. Start searching non used tables.
2025.11.02 19:46:58.577151 [ 1 ] {} <Debug> DatabaseAtomic (system): Found 0 non used tables in detached tables.
2025.11.02 19:46:58.577255 [ 1 ] {} <Debug> DatabaseAtomic (system): There are 0 detached tables. Start searching non used tables.
2025.11.02 19:46:58.577302 [ 1 ] {} <Debug> DatabaseAtomic (system): Found 0 non used tables in detached tables.
2025.11.02 19:46:58.577382 [ 1 ] {} <Debug> DatabaseAtomic (system): There are 0 detached tables. Start searching non used tables.
2025.11.02 19:46:58.577436 [ 1 ] {} <Debug> DatabaseAtomic (system): Found 0 non used tables in detached tables.
2025.11.02 19:46:58.577553 [ 1 ] {} <Debug> DatabaseAtomic (system): There are 0 detached tables. Start searching non used tables.
2025.11.02 19:46:58.577592 [ 1 ] {} <Debug> DatabaseAtomic (system): Found 0 non used tables in detached tables.
2025.11.02 19:46:58.577676 [ 1 ] {} <Debug> DatabaseAtomic (system): There are 0 detached tables. Start searching non used tables.
2025.11.02 19:46:58.577709 [ 1 ] {} <Debug> DatabaseAtomic (system): Found 0 non used tables in detached tables.
2025.11.02 19:46:58.577813 [ 1 ] {} <Debug> DatabaseAtomic (system): There are 0 detached tables. Start searching non used tables.
2025.11.02 19:46:58.577839 [ 1 ] {} <Debug> DatabaseAtomic (system): Found 0 non used tables in detached tables.
2025.11.02 19:46:58.577907 [ 1 ] {} <Debug> DatabaseAtomic (system): There are 0 detached tables. Start searching non used tables.
2025.11.02 19:46:58.577989 [ 1 ] {} <Debug> DatabaseAtomic (system): Found 0 non used tables in detached tables.
2025.11.02 19:46:58.578048 [ 1 ] {} <Debug> DatabaseAtomic (system): There are 0 detached tables. Start searching non used tables.
2025.11.02 19:46:58.578082 [ 1 ] {} <Debug> DatabaseAtomic (system): Found 0 non used tables in detached tables.
2025.11.02 19:46:58.578141 [ 1 ] {} <Debug> DatabaseAtomic (system): There are 0 detached tables. Start searching non used tables.
2025.11.02 19:46:58.578243 [ 1 ] {} <Debug> DatabaseAtomic (system): Found 0 non used tables in detached tables.
2025.11.02 19:46:58.578313 [ 1 ] {} <Debug> DatabaseAtomic (system): There are 0 detached tables. Start searching non used tables.
2025.11.02 19:46:58.578345 [ 1 ] {} <Debug> DatabaseAtomic (system): Found 0 non used tables in detached tables.
2025.11.02 19:46:58.578401 [ 1 ] {} <Debug> DatabaseAtomic (system): There are 0 detached tables. Start searching non used tables.
2025.11.02 19:46:58.578461 [ 1 ] {} <Debug> DatabaseAtomic (system): Found 0 non used tables in detached tables.
2025.11.02 19:46:58.578504 [ 1 ] {} <Debug> DatabaseAtomic (system): There are 0 detached tables. Start searching non used tables.
2025.11.02 19:46:58.578531 [ 1 ] {} <Debug> DatabaseAtomic (system): Found 0 non used tables in detached tables.
2025.11.02 19:46:58.578618 [ 1 ] {} <Debug> DatabaseAtomic (system): There are 0 detached tables. Start searching non used tables.
2025.11.02 19:46:58.578730 [ 1 ] {} <Debug> DatabaseAtomic (system): Found 0 non used tables in detached tables.
2025.11.02 19:46:58.578818 [ 1 ] {} <Debug> DatabaseAtomic (system): There are 0 detached tables. Start searching non used tables.
2025.11.02 19:46:58.578921 [ 1 ] {} <Debug> DatabaseAtomic (system): Found 0 non used tables in detached tables.
2025.11.02 19:46:58.578986 [ 1 ] {} <Debug> DatabaseAtomic (system): There are 0 detached tables. Start searching non used tables.
2025.11.02 19:46:58.579070 [ 1 ] {} <Debug> DatabaseAtomic (system): Found 0 non used tables in detached tables.
2025.11.02 19:46:58.579134 [ 1 ] {} <Debug> DatabaseAtomic (system): There are 0 detached tables. Start searching non used tables.
2025.11.02 19:46:58.579170 [ 1 ] {} <Debug> DatabaseAtomic (system): Found 0 non used tables in detached tables.
2025.11.02 19:46:58.579224 [ 1 ] {} <Debug> DatabaseAtomic (system): There are 0 detached tables. Start searching non used tables.
2025.11.02 19:46:58.579277 [ 1 ] {} <Debug> DatabaseAtomic (system): Found 0 non used tables in detached tables.
2025.11.02 19:46:58.579341 [ 1 ] {} <Debug> DatabaseAtomic (system): There are 0 detached tables. Start searching non used tables.
2025.11.02 19:46:58.579378 [ 1 ] {} <Debug> DatabaseAtomic (system): Found 0 non used tables in detached tables.
2025.11.02 19:46:58.579473 [ 1 ] {} <Debug> DatabaseAtomic (system): There are 0 detached tables. Start searching non used tables.
2025.11.02 19:46:58.579518 [ 1 ] {} <Debug> DatabaseAtomic (system): Found 0 non used tables in detached tables.
2025.11.02 19:46:58.579690 [ 1 ] {} <Debug> DatabaseAtomic (system): There are 0 detached tables. Start searching non used tables.
2025.11.02 19:46:58.579706 [ 1 ] {} <Debug> DatabaseAtomic (system): Found 0 non used tables in detached tables.
2025.11.02 19:46:58.579756 [ 1 ] {} <Debug> DatabaseAtomic (system): There are 0 detached tables. Start searching non used tables.
2025.11.02 19:46:58.579799 [ 1 ] {} <Debug> DatabaseAtomic (system): Found 0 non used tables in detached tables.
2025.11.02 19:46:58.580057 [ 1 ] {} <Debug> DatabaseAtomic (system): There are 0 detached tables. Start searching non used tables.
2025.11.02 19:46:58.580107 [ 1 ] {} <Debug> DatabaseAtomic (system): Found 0 non used tables in detached tables.
2025.11.02 19:46:58.580175 [ 1 ] {} <Debug> DatabaseAtomic (system): There are 0 detached tables. Start searching non used tables.
2025.11.02 19:46:58.580211 [ 1 ] {} <Debug> DatabaseAtomic (system): Found 0 non used tables in detached tables.
2025.11.02 19:46:58.580275 [ 1 ] {} <Debug> DatabaseAtomic (system): There are 0 detached tables. Start searching non used tables.
2025.11.02 19:46:58.580306 [ 1 ] {} <Debug> DatabaseAtomic (system): Found 0 non used tables in detached tables.
2025.11.02 19:46:58.580342 [ 1 ] {} <Debug> DatabaseAtomic (system): There are 0 detached tables. Start searching non used tables.
2025.11.02 19:46:58.580383 [ 1 ] {} <Debug> DatabaseAtomic (system): Found 0 non used tables in detached tables.
2025.11.02 19:46:58.580477 [ 1 ] {} <Debug> DatabaseAtomic (system): There are 0 detached tables. Start searching non used tables.
2025.11.02 19:46:58.580546 [ 1 ] {} <Debug> DatabaseAtomic (system): Found 0 non used tables in detached tables.
2025.11.02 19:46:58.580648 [ 1 ] {} <Debug> DatabaseAtomic (system): There are 0 detached tables. Start searching non used tables.
2025.11.02 19:46:58.580680 [ 1 ] {} <Debug> DatabaseAtomic (system): Found 0 non used tables in detached tables.
2025.11.02 19:46:58.580775 [ 1 ] {} <Debug> DatabaseAtomic (system): There are 0 detached tables. Start searching non used tables.
2025.11.02 19:46:58.580835 [ 1 ] {} <Debug> DatabaseAtomic (system): Found 0 non used tables in detached tables.
2025.11.02 19:46:58.580885 [ 1 ] {} <Debug> DatabaseAtomic (system): There are 0 detached tables. Start searching non used tables.
2025.11.02 19:46:58.580946 [ 1 ] {} <Debug> DatabaseAtomic (system): Found 0 non used tables in detached tables.
2025.11.02 19:46:58.581164 [ 1 ] {} <Debug> DatabaseAtomic (system): There are 0 detached tables. Start searching non used tables.
2025.11.02 19:46:58.581262 [ 1 ] {} <Debug> DatabaseAtomic (system): Found 0 non used tables in detached tables.
2025.11.02 19:46:58.581330 [ 1 ] {} <Debug> DatabaseAtomic (system): There are 0 detached tables. Start searching non used tables.
2025.11.02 19:46:58.581377 [ 1 ] {} <Debug> DatabaseAtomic (system): Found 0 non used tables in detached tables.
2025.11.02 19:46:58.581448 [ 1 ] {} <Debug> DatabaseAtomic (system): There are 0 detached tables. Start searching non used tables.
2025.11.02 19:46:58.581472 [ 1 ] {} <Debug> DatabaseAtomic (system): Found 0 non used tables in detached tables.
2025.11.02 19:46:58.581511 [ 1 ] {} <Debug> DatabaseAtomic (system): There are 0 detached tables. Start searching non used tables.
2025.11.02 19:46:58.581556 [ 1 ] {} <Debug> DatabaseAtomic (system): Found 0 non used tables in detached tables.
2025.11.02 19:46:58.581747 [ 1 ] {} <Debug> DatabaseAtomic (system): There are 0 detached tables. Start searching non used tables.
2025.11.02 19:46:58.581766 [ 1 ] {} <Debug> DatabaseAtomic (system): Found 0 non used tables in detached tables.
2025.11.02 19:46:58.581807 [ 1 ] {} <Debug> DatabaseAtomic (system): There are 0 detached tables. Start searching non used tables.
2025.11.02 19:46:58.581825 [ 1 ] {} <Debug> DatabaseAtomic (system): Found 0 non used tables in detached tables.
2025.11.02 19:46:58.581858 [ 1 ] {} <Debug> DatabaseAtomic (system): There are 0 detached tables. Start searching non used tables.
2025.11.02 19:46:58.581903 [ 1 ] {} <Debug> DatabaseAtomic (system): Found 0 non used tables in detached tables.
2025.11.02 19:46:58.581952 [ 1 ] {} <Debug> DatabaseAtomic (system): There are 0 detached tables. Start searching non used tables.
2025.11.02 19:46:58.582019 [ 1 ] {} <Debug> DatabaseAtomic (system): Found 0 non used tables in detached tables.
2025.11.02 19:46:58.582070 [ 1 ] {} <Debug> DatabaseAtomic (system): There are 0 detached tables. Start searching non used tables.
2025.11.02 19:46:58.582119 [ 1 ] {} <Debug> DatabaseAtomic (system): Found 0 non used tables in detached tables.
2025.11.02 19:46:58.582200 [ 1 ] {} <Debug> DatabaseAtomic (system): There are 0 detached tables. Start searching non used tables.
2025.11.02 19:46:58.582239 [ 1 ] {} <Debug> DatabaseAtomic (system): Found 0 non used tables in detached tables.
2025.11.02 19:46:58.582293 [ 1 ] {} <Debug> DatabaseAtomic (system): There are 0 detached tables. Start searching non used tables.
2025.11.02 19:46:58.582315 [ 1 ] {} <Debug> DatabaseAtomic (system): Found 0 non used tables in detached tables.
2025.11.02 19:46:58.582369 [ 1 ] {} <Debug> DatabaseAtomic (system): There are 0 detached tables. Start searching non used tables.
2025.11.02 19:46:58.582447 [ 1 ] {} <Debug> DatabaseAtomic (system): Found 0 non used tables in detached tables.
2025.11.02 19:46:58.582505 [ 1 ] {} <Debug> DatabaseAtomic (system): There are 0 detached tables. Start searching non used tables.
2025.11.02 19:46:58.582558 [ 1 ] {} <Debug> DatabaseAtomic (system): Found 0 non used tables in detached tables.
2025.11.02 19:46:58.582610 [ 1 ] {} <Debug> DatabaseAtomic (system): There are 0 detached tables. Start searching non used tables.
2025.11.02 19:46:58.582663 [ 1 ] {} <Debug> DatabaseAtomic (system): Found 0 non used tables in detached tables.
2025.11.02 19:46:58.582891 [ 1 ] {} <Debug> DatabaseAtomic (system): There are 0 detached tables. Start searching non used tables.
2025.11.02 19:46:58.582916 [ 1 ] {} <Debug> DatabaseAtomic (system): Found 0 non used tables in detached tables.
2025.11.02 19:46:58.582995 [ 1 ] {} <Debug> DatabaseAtomic (system): There are 0 detached tables. Start searching non used tables.
2025.11.02 19:46:58.583068 [ 1 ] {} <Debug> DatabaseAtomic (system): Found 0 non used tables in detached tables.
2025.11.02 19:46:58.583187 [ 1 ] {} <Debug> DatabaseAtomic (system): There are 0 detached tables. Start searching non used tables.
2025.11.02 19:46:58.583219 [ 1 ] {} <Debug> DatabaseAtomic (system): Found 0 non used tables in detached tables.
2025.11.02 19:46:58.583260 [ 1 ] {} <Debug> DatabaseAtomic (system): There are 0 detached tables. Start searching non used tables.
2025.11.02 19:46:58.583330 [ 1 ] {} <Debug> DatabaseAtomic (system): Found 0 non used tables in detached tables.
2025.11.02 19:46:58.583394 [ 1 ] {} <Debug> DatabaseAtomic (system): There are 0 detached tables. Start searching non used tables.
2025.11.02 19:46:58.583432 [ 1 ] {} <Debug> DatabaseAtomic (system): Found 0 non used tables in detached tables.
2025.11.02 19:46:58.583531 [ 1 ] {} <Debug> DatabaseAtomic (system): There are 0 detached tables. Start searching non used tables.
2025.11.02 19:46:58.583617 [ 1 ] {} <Debug> DatabaseAtomic (system): Found 0 non used tables in detached tables.
2025.11.02 19:46:58.583658 [ 1 ] {} <Debug> DatabaseAtomic (system): There are 0 detached tables. Start searching non used tables.
2025.11.02 19:46:58.583682 [ 1 ] {} <Debug> DatabaseAtomic (system): Found 0 non used tables in detached tables.
2025.11.02 19:46:58.583791 [ 1 ] {} <Debug> DatabaseAtomic (system): There are 0 detached tables. Start searching non used tables.
2025.11.02 19:46:58.583811 [ 1 ] {} <Debug> DatabaseAtomic (system): Found 0 non used tables in detached tables.
2025.11.02 19:46:58.583903 [ 1 ] {} <Debug> DatabaseAtomic (system): There are 0 detached tables. Start searching non used tables.
2025.11.02 19:46:58.583979 [ 1 ] {} <Debug> DatabaseAtomic (system): Found 0 non used tables in detached tables.
2025.11.02 19:46:58.584158 [ 1 ] {} <Debug> DatabaseAtomic (system): There are 0 detached tables. Start searching non used tables.
2025.11.02 19:46:58.584198 [ 1 ] {} <Debug> DatabaseAtomic (system): Found 0 non used tables in detached tables.
2025.11.02 19:46:58.584285 [ 1 ] {} <Debug> DatabaseAtomic (system): There are 0 detached tables. Start searching non used tables.
2025.11.02 19:46:58.584320 [ 1 ] {} <Debug> DatabaseAtomic (system): Found 0 non used tables in detached tables.
2025.11.02 19:46:58.584427 [ 1 ] {} <Debug> DatabaseAtomic (system): There are 0 detached tables. Start searching non used tables.
2025.11.02 19:46:58.584525 [ 1 ] {} <Debug> DatabaseAtomic (system): Found 0 non used tables in detached tables.
2025.11.02 19:46:58.584618 [ 1 ] {} <Debug> DatabaseAtomic (system): There are 0 detached tables. Start searching non used tables.
2025.11.02 19:46:58.584751 [ 1 ] {} <Debug> DatabaseAtomic (system): Found 0 non used tables in detached tables.
2025.11.02 19:46:58.584814 [ 1 ] {} <Debug> DatabaseAtomic (system): There are 0 detached tables. Start searching non used tables.
2025.11.02 19:46:58.584861 [ 1 ] {} <Debug> DatabaseAtomic (system): Found 0 non used tables in detached tables.
2025.11.02 19:46:58.584938 [ 1 ] {} <Debug> DatabaseAtomic (system): There are 0 detached tables. Start searching non used tables.
2025.11.02 19:46:58.584951 [ 1 ] {} <Debug> DatabaseAtomic (system): Found 0 non used tables in detached tables.
2025.11.02 19:46:58.585196 [ 1 ] {} <Debug> DatabaseAtomic (system): There are 0 detached tables. Start searching non used tables.
2025.11.02 19:46:58.585233 [ 1 ] {} <Debug> DatabaseAtomic (system): Found 0 non used tables in detached tables.
2025.11.02 19:46:58.585291 [ 1 ] {} <Debug> DatabaseAtomic (system): There are 0 detached tables. Start searching non used tables.
2025.11.02 19:46:58.585350 [ 1 ] {} <Debug> DatabaseAtomic (system): Found 0 non used tables in detached tables.
2025.11.02 19:46:58.585381 [ 1 ] {} <Debug> DatabaseAtomic (system): There are 0 detached tables. Start searching non used tables.
2025.11.02 19:46:58.585426 [ 1 ] {} <Debug> DatabaseAtomic (system): Found 0 non used tables in detached tables.
2025.11.02 19:46:58.585482 [ 1 ] {} <Debug> DatabaseAtomic (system): There are 0 detached tables. Start searching non used tables.
2025.11.02 19:46:58.585530 [ 1 ] {} <Debug> DatabaseAtomic (system): Found 0 non used tables in detached tables.
2025.11.02 19:46:58.585571 [ 1 ] {} <Debug> DatabaseAtomic (system): There are 0 detached tables. Start searching non used tables.
2025.11.02 19:46:58.585588 [ 1 ] {} <Debug> DatabaseAtomic (system): Found 0 non used tables in detached tables.
2025.11.02 19:46:58.585625 [ 1 ] {} <Debug> DatabaseAtomic (system): There are 0 detached tables. Start searching non used tables.
2025.11.02 19:46:58.585709 [ 1 ] {} <Debug> DatabaseAtomic (system): Found 0 non used tables in detached tables.
2025.11.02 19:46:58.585814 [ 1 ] {} <Debug> DatabaseAtomic (system): There are 0 detached tables. Start searching non used tables.
2025.11.02 19:46:58.585913 [ 1 ] {} <Debug> DatabaseAtomic (system): Found 0 non used tables in detached tables.
2025.11.02 19:46:58.586004 [ 1 ] {} <Debug> DatabaseAtomic (system): There are 0 detached tables. Start searching non used tables.
2025.11.02 19:46:58.586048 [ 1 ] {} <Debug> DatabaseAtomic (system): Found 0 non used tables in detached tables.
2025.11.02 19:46:58.586135 [ 1 ] {} <Debug> DatabaseAtomic (system): There are 0 detached tables. Start searching non used tables.
2025.11.02 19:46:58.586174 [ 1 ] {} <Debug> DatabaseAtomic (system): Found 0 non used tables in detached tables.
2025.11.02 19:46:58.586232 [ 1 ] {} <Debug> DatabaseAtomic (system): There are 0 detached tables. Start searching non used tables.
2025.11.02 19:46:58.586269 [ 1 ] {} <Debug> DatabaseAtomic (system): Found 0 non used tables in detached tables.
2025.11.02 19:46:58.586339 [ 1 ] {} <Debug> DatabaseAtomic (system): There are 0 detached tables. Start searching non used tables.
2025.11.02 19:46:58.586409 [ 1 ] {} <Debug> DatabaseAtomic (system): Found 0 non used tables in detached tables.
2025.11.02 19:46:58.586495 [ 1 ] {} <Debug> DatabaseAtomic (system): There are 0 detached tables. Start searching non used tables.
2025.11.02 19:46:58.586513 [ 1 ] {} <Debug> DatabaseAtomic (system): Found 0 non used tables in detached tables.
2025.11.02 19:46:58.586625 [ 1 ] {} <Debug> DatabaseAtomic (system): There are 0 detached tables. Start searching non used tables.
2025.11.02 19:46:58.586686 [ 1 ] {} <Debug> DatabaseAtomic (system): Found 0 non used tables in detached tables.
2025.11.02 19:46:58.586784 [ 1 ] {} <Debug> DatabaseAtomic (system): There are 0 detached tables. Start searching non used tables.
2025.11.02 19:46:58.586798 [ 1 ] {} <Debug> DatabaseAtomic (system): Found 0 non used tables in detached tables.
2025.11.02 19:46:58.586837 [ 1 ] {} <Debug> DatabaseAtomic (system): There are 0 detached tables. Start searching non used tables.
2025.11.02 19:46:58.586866 [ 1 ] {} <Debug> DatabaseAtomic (system): Found 0 non used tables in detached tables.
2025.11.02 19:46:58.587003 [ 1 ] {} <Debug> DatabaseAtomic (system): There are 0 detached tables. Start searching non used tables.
2025.11.02 19:46:58.587033 [ 1 ] {} <Debug> DatabaseAtomic (system): Found 0 non used tables in detached tables.
2025.11.02 19:46:58.587064 [ 1 ] {} <Debug> DatabaseAtomic (system): There are 0 detached tables. Start searching non used tables.
2025.11.02 19:46:58.587078 [ 1 ] {} <Debug> DatabaseAtomic (system): Found 0 non used tables in detached tables.
2025.11.02 19:46:58.587122 [ 1 ] {} <Debug> DatabaseAtomic (system): There are 0 detached tables. Start searching non used tables.
2025.11.02 19:46:58.587134 [ 1 ] {} <Debug> DatabaseAtomic (system): Found 0 non used tables in detached tables.
2025.11.02 19:46:58.587231 [ 1 ] {} <Debug> DatabaseAtomic (system): There are 0 detached tables. Start searching non used tables.
2025.11.02 19:46:58.587270 [ 1 ] {} <Debug> DatabaseAtomic (system): Found 0 non used tables in detached tables.
2025.11.02 19:46:58.587343 [ 1 ] {} <Debug> DatabaseAtomic (system): There are 0 detached tables. Start searching non used tables.
2025.11.02 19:46:58.587417 [ 1 ] {} <Debug> DatabaseAtomic (system): Found 0 non used tables in detached tables.
2025.11.02 19:46:58.587453 [ 1 ] {} <Debug> DatabaseAtomic (system): There are 0 detached tables. Start searching non used tables.
2025.11.02 19:46:58.587483 [ 1 ] {} <Debug> DatabaseAtomic (system): Found 0 non used tables in detached tables.
2025.11.02 19:46:58.587515 [ 1 ] {} <Debug> DatabaseAtomic (system): There are 0 detached tables. Start searching non used tables.
2025.11.02 19:46:58.587561 [ 1 ] {} <Debug> DatabaseAtomic (system): Found 0 non used tables in detached tables.
2025.11.02 19:46:58.587693 [ 1 ] {} <Debug> DatabaseAtomic (system): There are 0 detached tables. Start searching non used tables.
2025.11.02 19:46:58.587722 [ 1 ] {} <Debug> DatabaseAtomic (system): Found 0 non used tables in detached tables.
2025.11.02 19:46:58.587774 [ 1 ] {} <Debug> DatabaseAtomic (system): There are 0 detached tables. Start searching non used tables.
2025.11.02 19:46:58.587823 [ 1 ] {} <Debug> DatabaseAtomic (system): Found 0 non used tables in detached tables.
2025.11.02 19:46:58.587870 [ 1 ] {} <Debug> DatabaseAtomic (system): There are 0 detached tables. Start searching non used tables.
2025.11.02 19:46:58.587949 [ 1 ] {} <Debug> DatabaseAtomic (system): Found 0 non used tables in detached tables.
2025.11.02 19:46:58.588015 [ 1 ] {} <Debug> DatabaseAtomic (system): There are 0 detached tables. Start searching non used tables.
2025.11.02 19:46:58.588043 [ 1 ] {} <Debug> DatabaseAtomic (system): Found 0 non used tables in detached tables.
2025.11.02 19:46:58.588118 [ 1 ] {} <Debug> DatabaseAtomic (system): There are 0 detached tables. Start searching non used tables.
2025.11.02 19:46:58.588137 [ 1 ] {} <Debug> DatabaseAtomic (system): Found 0 non used tables in detached tables.
2025.11.02 19:46:58.588156 [ 1 ] {} <Debug> DatabaseAtomic (system): There are 0 detached tables. Start searching non used tables.
2025.11.02 19:46:58.588183 [ 1 ] {} <Debug> DatabaseAtomic (system): Found 0 non used tables in detached tables.
2025.11.02 19:46:58.588224 [ 1 ] {} <Debug> DatabaseAtomic (system): There are 0 detached tables. Start searching non used tables.
2025.11.02 19:46:58.588244 [ 1 ] {} <Debug> DatabaseAtomic (system): Found 0 non used tables in detached tables.
2025.11.02 19:46:58.588374 [ 1 ] {} <Debug> DatabaseAtomic (system): There are 0 detached tables. Start searching non used tables.
2025.11.02 19:46:58.588391 [ 1 ] {} <Debug> DatabaseAtomic (system): Found 0 non used tables in detached tables.
2025.11.02 19:46:58.588417 [ 1 ] {} <Debug> DatabaseAtomic (system): There are 0 detached tables. Start searching non used tables.
2025.11.02 19:46:58.588512 [ 1 ] {} <Debug> DatabaseAtomic (system): Found 0 non used tables in detached tables.
2025.11.02 19:46:58.588550 [ 1 ] {} <Debug> DatabaseAtomic (system): There are 0 detached tables. Start searching non used tables.
2025.11.02 19:46:58.588597 [ 1 ] {} <Debug> DatabaseAtomic (system): Found 0 non used tables in detached tables.
2025.11.02 19:46:58.588615 [ 1 ] {} <Debug> DatabaseAtomic (system): There are 0 detached tables. Start searching non used tables.
2025.11.02 19:46:58.588633 [ 1 ] {} <Debug> DatabaseAtomic (system): Found 0 non used tables in detached tables.
2025.11.02 19:46:58.588767 [ 1 ] {} <Debug> DatabaseAtomic (system): There are 0 detached tables. Start searching non used tables.
2025.11.02 19:46:58.588788 [ 1 ] {} <Debug> DatabaseAtomic (system): Found 0 non used tables in detached tables.
2025.11.02 19:46:58.588820 [ 1 ] {} <Debug> DatabaseAtomic (system): There are 0 detached tables. Start searching non used tables.
2025.11.02 19:46:58.588836 [ 1 ] {} <Debug> DatabaseAtomic (system): Found 0 non used tables in detached tables.
2025.11.02 19:46:58.588941 [ 1 ] {} <Debug> DatabaseAtomic (system): There are 0 detached tables. Start searching non used tables.
2025.11.02 19:46:58.588974 [ 1 ] {} <Debug> DatabaseAtomic (system): Found 0 non used tables in detached tables.
2025.11.02 19:46:58.589028 [ 1 ] {} <Debug> DatabaseAtomic (system): There are 0 detached tables. Start searching non used tables.
2025.11.02 19:46:58.589076 [ 1 ] {} <Debug> DatabaseAtomic (system): Found 0 non used tables in detached tables.
2025.11.02 19:46:58.589105 [ 1 ] {} <Debug> DatabaseAtomic (system): There are 0 detached tables. Start searching non used tables.
2025.11.02 19:46:58.589125 [ 1 ] {} <Debug> DatabaseAtomic (system): Found 0 non used tables in detached tables.
2025.11.02 19:46:58.589161 [ 1 ] {} <Debug> DatabaseAtomic (system): There are 0 detached tables. Start searching non used tables.
2025.11.02 19:46:58.589197 [ 1 ] {} <Debug> DatabaseAtomic (system): Found 0 non used tables in detached tables.
2025.11.02 19:46:58.592727 [ 1 ] {} <Information> DatabaseCatalog: Found 0 partially dropped tables. Will load them and retry removal.
2025.11.02 19:46:58.593746 [ 1 ] {} <Information> DatabaseAtomic (default): Metadata processed, database default has 0 tables and 0 dictionaries in total.
2025.11.02 19:46:58.593797 [ 1 ] {} <Information> TablesLoader: Parsed metadata of 0 tables in 1 databases in 5.9333e-05 sec
2025.11.02 19:46:58.593903 [ 1 ] {} <Information> loadMetadata: Start asynchronous loading of databases
2025.11.02 19:46:58.593927 [ 1 ] {} <Debug> AsyncLoader: Schedule load job 'startup Ordinary database default' into BackgrndStartup
2025.11.02 19:46:58.593945 [ 1 ] {} <Debug> AsyncLoader: Schedule load job 'startup Atomic database default' into BackgrndStartup
2025.11.02 19:46:58.594023 [ 1 ] {} <Debug> AsyncLoader: Change current priority: none -> 2
2025.11.02 19:46:58.594068 [ 1 ] {} <Debug> AsyncLoader: Spawn loader worker #1 in BackgrndStartup
2025.11.02 19:46:58.594228 [ 1 ] {} <Information> UserDefinedSQLObjectsLoaderFromDisk: Loading user defined objects from /var/lib/clickhouse/user_defined/
2025.11.02 19:46:58.594272 [ 1 ] {} <Debug> UserDefinedSQLObjectsLoaderFromDisk: The directory for user defined objects (/var/lib/clickhouse/user_defined/) does not exist: nothing to load
2025.11.02 19:46:58.594388 [ 1 ] {} <Information> WorkloadEntityDiskStorage: Loading workload entities from /var/lib/clickhouse/workload/
2025.11.02 19:46:58.594427 [ 1 ] {} <Debug> WorkloadEntityDiskStorage: The directory for workload entities (/var/lib/clickhouse/workload/) does not exist: nothing to load
2025.11.02 19:46:58.594285 [ 754 ] {} <Debug> AsyncLoader: Execute load job 'startup Ordinary database default' in BackgrndStartup
2025.11.02 19:46:58.594580 [ 754 ] {} <Debug> AsyncLoader: Finish load job 'startup Ordinary database default' with status OK
2025.11.02 19:46:58.594642 [ 754 ] {} <Debug> AsyncLoader: Spawn loader worker #2 in BackgrndStartup
2025.11.02 19:46:58.594837 [ 754 ] {} <Debug> AsyncLoader: Execute load job 'startup Atomic database default' in BackgrndStartup
2025.11.02 19:46:58.594954 [ 754 ] {} <Debug> AsyncLoader: Finish load job 'startup Atomic database default' with status OK
2025.11.02 19:46:58.595114 [ 754 ] {} <Debug> AsyncLoader: Stop worker in BackgrndStartup
2025.11.02 19:46:58.595204 [ 755 ] {} <Debug> AsyncLoader: Stop worker in BackgrndStartup
2025.11.02 19:46:58.595984 [ 755 ] {} <Debug> AsyncLoader: Change current priority: 2 -> none
2025.11.02 19:46:58.608164 [ 1 ] {} <Information> ZooKeeperClient: Connected to ZooKeeper at 172.19.0.2:2181 with session_id 72057596655828993
2025.11.02 19:46:58.611037 [ 1 ] {} <Information> ZooKeeperClient: Keeper feature flag FILTERED_LIST: disabled
2025.11.02 19:46:58.611072 [ 1 ] {} <Information> ZooKeeperClient: Keeper feature flag MULTI_READ: disabled
2025.11.02 19:46:58.611095 [ 1 ] {} <Information> ZooKeeperClient: Keeper feature flag CHECK_NOT_EXISTS: disabled
2025.11.02 19:46:58.611146 [ 1 ] {} <Information> ZooKeeperClient: Keeper feature flag CREATE_IF_NOT_EXISTS: disabled
2025.11.02 19:46:58.611179 [ 1 ] {} <Information> ZooKeeperClient: Keeper feature flag REMOVE_RECURSIVE: disabled
2025.11.02 19:46:58.621444 [ 1 ] {} <Debug> Application: Loaded metadata.
2025.11.02 19:46:58.621555 [ 1 ] {} <Information> Application: Tasks stats provider: procfs
2025.11.02 19:46:58.621581 [ 1 ] {} <Information> Application: It looks like the process has no CAP_SYS_NICE capability, the setting 'os_thread_priority' will have no effect. It could happen due to incorrect ClickHouse package installation. You could resolve the problem manually with 'sudo setcap cap_sys_nice=+ep /usr/bin/clickhouse'. Note that it will not work on 'nosuid' mounted filesystems.
2025.11.02 19:46:58.621681 [ 1 ] {} <Debug> DatabaseAtomic (system): There are 0 detached tables. Start searching non used tables.
2025.11.02 19:46:58.621700 [ 1 ] {} <Debug> DatabaseAtomic (system): Found 0 non used tables in detached tables.
2025.11.02 19:46:58.621888 [ 1 ] {} <Warning> Application: Listen [::]:8123 failed: Poco::Exception. Code: 1000, e.code() = 0, DNS error: EAI: Address family for hostname not supported (version 25.3.7.194 (official build)). If it is an IPv6 or IPv4 address and your host has disabled IPv6 or IPv4, then consider to specify not disabled IPv4 or IPv6 address to listen in <listen_host> element of configuration file. Example for disabled IPv6: <listen_host>0.0.0.0</listen_host> . Example for disabled IPv4: <listen_host>::</listen_host>
2025.11.02 19:46:58.622026 [ 1 ] {} <Warning> Application: Listen [::]:9000 failed: Poco::Exception. Code: 1000, e.code() = 0, DNS error: EAI: Address family for hostname not supported (version 25.3.7.194 (official build)). If it is an IPv6 or IPv4 address and your host has disabled IPv6 or IPv4, then consider to specify not disabled IPv4 or IPv6 address to listen in <listen_host> element of configuration file. Example for disabled IPv6: <listen_host>0.0.0.0</listen_host> . Example for disabled IPv4: <listen_host>::</listen_host>
2025.11.02 19:46:58.622112 [ 1 ] {} <Warning> Application: Listen [::]:8001 failed: Poco::Exception. Code: 1000, e.code() = 0, DNS error: EAI: Address family for hostname not supported (version 25.3.7.194 (official build)). If it is an IPv6 or IPv4 address and your host has disabled IPv6 or IPv4, then consider to specify not disabled IPv4 or IPv6 address to listen in <listen_host> element of configuration file. Example for disabled IPv6: <listen_host>0.0.0.0</listen_host> . Example for disabled IPv4: <listen_host>::</listen_host>
2025.11.02 19:46:58.622447 [ 1 ] {} <Information> CertificateReloader: One of paths is empty. Cannot apply new configuration for certificates. Fill all paths and try again.
2025.11.02 19:46:58.622501 [ 1 ] {} <Information> CertificateReloader: One of paths is empty. Cannot apply new configuration for certificates. Fill all paths and try again.
2025.11.02 19:46:58.627459 [ 1 ] {} <Debug> AsyncLoader: Schedule load job 'startup ddl worker' into BackgrndStartup
2025.11.02 19:46:58.627622 [ 1 ] {} <Debug> AsyncLoader: Change current priority: none -> 2
2025.11.02 19:46:58.627688 [ 1 ] {} <Debug> AsyncLoader: Spawn loader worker #1 in BackgrndStartup
2025.11.02 19:46:58.627971 [ 1 ] {} <Information> Application: Listening for http://0.0.0.0:8123
2025.11.02 19:46:58.628034 [ 766 ] {} <Debug> AsyncLoader: Execute load job 'startup ddl worker' in BackgrndStartup
2025.11.02 19:46:58.628523 [ 1 ] {} <Information> Application: Listening for native protocol (tcp): 0.0.0.0:9000
2025.11.02 19:46:58.628667 [ 764 ] {} <Debug> DDLWorker: Starting DDLWorker thread
2025.11.02 19:46:58.628720 [ 771 ] {} <Debug> DDLWorker: Started DDLWorker cleanup thread
2025.11.02 19:46:58.628726 [ 764 ] {} <Debug> DDLWorker: Initializing DDLWorker thread
2025.11.02 19:46:58.628676 [ 1 ] {} <Information> Application: Listening for Prometheus: http://0.0.0.0:8001
2025.11.02 19:46:58.628932 [ 103 ] {} <Information> TCPHandler: Client has not sent any data.
2025.11.02 19:46:58.629153 [ 766 ] {} <Debug> AsyncLoader: Finish load job 'startup ddl worker' with status OK
2025.11.02 19:46:58.629915 [ 766 ] {} <Debug> AsyncLoader: Stop worker in BackgrndStartup
2025.11.02 19:46:58.630227 [ 766 ] {} <Debug> AsyncLoader: Change current priority: 2 -> none
2025.11.02 19:46:58.629169 [ 1 ] {} <Information> Application: Ready for connections.
2025.11.02 19:46:58.629612 [ 103 ] {} <Debug> TCPHandler: Done processing connection.
2025.11.02 19:46:58.635500 [ 103 ] {} <Information> TCPHandler: Client has not sent any data.
2025.11.02 19:46:58.635862 [ 103 ] {} <Debug> TCPHandler: Done processing connection.
2025.11.02 19:46:58.641882 [ 764 ] {} <Debug> DDLWorker: Initialized DDLWorker thread
2025.11.02 19:46:58.642003 [ 771 ] {} <Debug> DDLWorker: Cleaning queue
2025.11.02 19:46:58.644443 [ 764 ] {} <Debug> DDLWorker: Scheduling tasks
2025.11.02 19:46:58.645431 [ 764 ] {} <Debug> DDLWorker: No tasks to schedule
2025.11.02 19:46:58.645490 [ 764 ] {} <Debug> DDLWorker: Waiting for queue updates
2025.11.02 19:46:58.979086 [ 764 ] {} <Debug> DDLWorker: Scheduling tasks
2025.11.02 19:46:58.981319 [ 764 ] {} <Debug> DDLWorker: Will schedule 1 tasks starting from query-0000000000
2025.11.02 19:46:58.982871 [ 764 ] {} <Debug> DDLWorker: Processing task query-0000000000 (query: CREATE DATABASE IF NOT EXISTS db_rand_shard UUID 'd6fe2a96-6775-4f13-82a7-79e137a66d33', backup restore: false)
2025.11.02 19:46:58.984034 [ 764 ] {} <Debug> DDLWorker: Executing query: CREATE DATABASE IF NOT EXISTS db_rand_shard UUID 'd6fe2a96-6775-4f13-82a7-79e137a66d33'
2025.11.02 19:46:58.984237 [ 764 ] {7cae6010-a5b2-4bac-8207-9b684badf121} <Debug> executeQuery: (from 0.0.0.0:0, user: , initial_query_id: 99d5c253-1feb-4b7f-becf-30be9556b7f1) /* ddl_entry=query-0000000000 */ CREATE DATABASE IF NOT EXISTS db_rand_shard UUID 'd6fe2a96-6775-4f13-82a7-79e137a66d33' (stage: Complete)
2025.11.02 19:46:58.985175 [ 764 ] {7cae6010-a5b2-4bac-8207-9b684badf121} <Information> DatabaseAtomic (db_rand_shard): Metadata processed, database db_rand_shard has 0 tables and 0 dictionaries in total.
2025.11.02 19:46:58.985229 [ 764 ] {7cae6010-a5b2-4bac-8207-9b684badf121} <Information> TablesLoader: Parsed metadata of 0 tables in 1 databases in 6.4083e-05 sec
2025.11.02 19:46:58.985279 [ 764 ] {7cae6010-a5b2-4bac-8207-9b684badf121} <Debug> AsyncLoader: Prioritize load job 'startup Atomic database db_rand_shard': BackgrndStartup -> ForegroundLoad
2025.11.02 19:46:58.985308 [ 764 ] {7cae6010-a5b2-4bac-8207-9b684badf121} <Debug> AsyncLoader: Prioritize load job 'startup Ordinary database db_rand_shard': BackgrndStartup -> ForegroundLoad
2025.11.02 19:46:58.985345 [ 764 ] {7cae6010-a5b2-4bac-8207-9b684badf121} <Debug> AsyncLoader: Schedule load job 'startup Ordinary database db_rand_shard' into ForegroundLoad
2025.11.02 19:46:58.985375 [ 764 ] {7cae6010-a5b2-4bac-8207-9b684badf121} <Debug> AsyncLoader: Schedule load job 'startup Atomic database db_rand_shard' into ForegroundLoad
2025.11.02 19:46:58.985427 [ 764 ] {7cae6010-a5b2-4bac-8207-9b684badf121} <Debug> AsyncLoader: Change current priority: none -> 0
2025.11.02 19:46:58.985473 [ 764 ] {7cae6010-a5b2-4bac-8207-9b684badf121} <Debug> AsyncLoader: Spawn loader worker #1 in ForegroundLoad
2025.11.02 19:46:58.986418 [ 764 ] {7cae6010-a5b2-4bac-8207-9b684badf121} <Debug> AsyncLoader: Wait load job 'startup Atomic database db_rand_shard' in ForegroundLoad
2025.11.02 19:46:58.986479 [ 769 ] {} <Debug> AsyncLoader: Execute load job 'startup Ordinary database db_rand_shard' in ForegroundLoad
2025.11.02 19:46:58.986539 [ 769 ] {} <Debug> AsyncLoader: Finish load job 'startup Ordinary database db_rand_shard' with status OK
2025.11.02 19:46:58.986581 [ 769 ] {} <Debug> AsyncLoader: Spawn loader worker #2 in ForegroundLoad
2025.11.02 19:46:58.986758 [ 769 ] {} <Debug> AsyncLoader: Execute load job 'startup Atomic database db_rand_shard' in ForegroundLoad
2025.11.02 19:46:58.986873 [ 766 ] {} <Debug> AsyncLoader: Stop worker in ForegroundLoad
2025.11.02 19:46:58.986988 [ 769 ] {} <Debug> AsyncLoader: Finish load job 'startup Atomic database db_rand_shard' with status OK
2025.11.02 19:46:58.987104 [ 769 ] {} <Debug> AsyncLoader: Stop worker in ForegroundLoad
2025.11.02 19:46:58.987208 [ 769 ] {} <Debug> AsyncLoader: Change current priority: 0 -> none
2025.11.02 19:46:58.987302 [ 764 ] {7cae6010-a5b2-4bac-8207-9b684badf121} <Debug> DDLWorker: Executed query: /* ddl_entry=query-0000000000 */ CREATE DATABASE IF NOT EXISTS db_rand_shard UUID 'd6fe2a96-6775-4f13-82a7-79e137a66d33'
2025.11.02 19:46:58.989267 [ 764 ] {} <Debug> DDLWorker: Waiting for queue updates
2025.11.02 19:46:59.063429 [ 764 ] {} <Debug> DDLWorker: Scheduling tasks
2025.11.02 19:46:59.064001 [ 764 ] {} <Debug> DDLWorker: Will schedule 1 tasks starting from query-0000000001
2025.11.02 19:46:59.065226 [ 764 ] {} <Debug> DDLWorker: Processing task query-0000000001 (query: CREATE TABLE db_rand_shard.tbl_rand_shard_local UUID 'd7039b8c-7c46-4499-959e-b501b7d0925e' (`create_time` DateTime, `value` Nullable(String)) ENGINE = MergeTree ORDER BY create_time, backup restore: false)
2025.11.02 19:46:59.066756 [ 764 ] {} <Debug> DDLWorker: Executing query: CREATE TABLE db_rand_shard.tbl_rand_shard_local UUID 'd7039b8c-7c46-4499-959e-b501b7d0925e' (`create_time` DateTime, `value` Nullable(String)) ENGINE = MergeTree ORDER BY create_time
2025.11.02 19:46:59.066926 [ 764 ] {fbf9a41f-25ed-47ce-bf64-bdd2b7c69ca9} <Debug> executeQuery: (from 0.0.0.0:0, user: , initial_query_id: 5e9fd5a3-efde-4b84-8172-66e645b87968) /* ddl_entry=query-0000000001 */ CREATE TABLE db_rand_shard.tbl_rand_shard_local UUID 'd7039b8c-7c46-4499-959e-b501b7d0925e' (`create_time` DateTime, `value` Nullable(String)) ENGINE = MergeTree ORDER BY create_time (stage: Complete)
2025.11.02 19:46:59.071578 [ 764 ] {fbf9a41f-25ed-47ce-bf64-bdd2b7c69ca9} <Debug> db_rand_shard.tbl_rand_shard_local (d7039b8c-7c46-4499-959e-b501b7d0925e): Loading data parts
2025.11.02 19:46:59.077631 [ 764 ] {fbf9a41f-25ed-47ce-bf64-bdd2b7c69ca9} <Debug> db_rand_shard.tbl_rand_shard_local (d7039b8c-7c46-4499-959e-b501b7d0925e): There are no data parts
2025.11.02 19:46:59.078857 [ 764 ] {fbf9a41f-25ed-47ce-bf64-bdd2b7c69ca9} <Debug> DatabaseAtomic (db_rand_shard): There are 0 detached tables. Start searching non used tables.
2025.11.02 19:46:59.078922 [ 764 ] {fbf9a41f-25ed-47ce-bf64-bdd2b7c69ca9} <Debug> DatabaseAtomic (db_rand_shard): Found 0 non used tables in detached tables.
2025.11.02 19:46:59.079504 [ 764 ] {fbf9a41f-25ed-47ce-bf64-bdd2b7c69ca9} <Debug> DDLWorker: Executed query: /* ddl_entry=query-0000000001 */ CREATE TABLE db_rand_shard.tbl_rand_shard_local UUID 'd7039b8c-7c46-4499-959e-b501b7d0925e' (`create_time` DateTime, `value` Nullable(String)) ENGINE = MergeTree ORDER BY create_time
2025.11.02 19:46:59.081942 [ 764 ] {} <Debug> DDLWorker: Waiting for queue updates
2025.11.02 19:46:59.135973 [ 764 ] {} <Debug> DDLWorker: Scheduling tasks
2025.11.02 19:46:59.136655 [ 764 ] {} <Debug> DDLWorker: Will schedule 1 tasks starting from query-0000000002
2025.11.02 19:46:59.137580 [ 764 ] {} <Debug> DDLWorker: Processing task query-0000000002 (query: CREATE TABLE db_rand_shard.tbl_rand_shard UUID '37760a6b-976b-4155-8e4e-8c147c0bb6b0' (`create_time` DateTime, `value` Nullable(String)) ENGINE = Distributed(single_replica, 'db_rand_shard', 'tbl_rand_shard_local', rand()), backup restore: false)
2025.11.02 19:46:59.138374 [ 764 ] {} <Debug> DDLWorker: Executing query: CREATE TABLE db_rand_shard.tbl_rand_shard UUID '37760a6b-976b-4155-8e4e-8c147c0bb6b0' (`create_time` DateTime, `value` Nullable(String)) ENGINE = Distributed(single_replica, 'db_rand_shard', 'tbl_rand_shard_local', rand())
2025.11.02 19:46:59.138505 [ 764 ] {ead34a4b-ea37-4e6f-a718-8f69c88f5510} <Debug> executeQuery: (from 0.0.0.0:0, user: , initial_query_id: 7481099c-83d8-46ce-9205-f5d5433fcf95) /* ddl_entry=query-0000000002 */ CREATE TABLE db_rand_shard.tbl_rand_shard UUID '37760a6b-976b-4155-8e4e-8c147c0bb6b0' (`create_time` DateTime, `value` Nullable(String)) ENGINE = Distributed(single_replica, 'db_rand_shard', 'tbl_rand_shard_local', rand()) (stage: Complete)
2025.11.02 19:46:59.139365 [ 764 ] {ead34a4b-ea37-4e6f-a718-8f69c88f5510} <Debug> StorageDistributed (tbl_rand_shard): Auto-increment is 0
2025.11.02 19:46:59.140810 [ 764 ] {ead34a4b-ea37-4e6f-a718-8f69c88f5510} <Debug> DatabaseAtomic (db_rand_shard): There are 0 detached tables. Start searching non used tables.
2025.11.02 19:46:59.140860 [ 764 ] {ead34a4b-ea37-4e6f-a718-8f69c88f5510} <Debug> DatabaseAtomic (db_rand_shard): Found 0 non used tables in detached tables.
2025.11.02 19:46:59.141129 [ 764 ] {ead34a4b-ea37-4e6f-a718-8f69c88f5510} <Debug> DDLWorker: Executed query: /* ddl_entry=query-0000000002 */ CREATE TABLE db_rand_shard.tbl_rand_shard UUID '37760a6b-976b-4155-8e4e-8c147c0bb6b0' (`create_time` DateTime, `value` Nullable(String)) ENGINE = Distributed(single_replica, 'db_rand_shard', 'tbl_rand_shard_local', rand())
2025.11.02 19:46:59.142817 [ 764 ] {} <Debug> DDLWorker: Waiting for queue updates
2025.11.02 19:46:59.234081 [ 103 ] {} <Debug> TCPHandler: Connected ClickHouse server version 25.3.0, revision: 54476, user: default.
2025.11.02 19:46:59.234515 [ 103 ] {} <Debug> TCP-Session-460994c2-6106-4863-b9db-5c799c9fab63: Authenticating user 'default' from 172.19.0.5:39740
2025.11.02 19:46:59.234583 [ 103 ] {} <Debug> TCP-Session-460994c2-6106-4863-b9db-5c799c9fab63: 460994c2-6106-4863-b9db-5c799c9fab63 Authenticated with global context as user 94309d50-4f52-5250-31bd-74fecac179db
2025.11.02 19:46:59.234637 [ 103 ] {} <Debug> TCP-Session-460994c2-6106-4863-b9db-5c799c9fab63: Creating session context with user_id: 94309d50-4f52-5250-31bd-74fecac179db
2025.11.02 19:46:59.237247 [ 103 ] {e5a59f45-f645-4112-bac1-5c69b9e37781} <Debug> executeQuery: (from 172.19.0.5:39740, initial_query_id: 7a80713b-2a4c-4559-8098-f8a25252ba17) SELECT `__table1`.`create_time` AS `create_time`, `__table1`.`value` AS `value` FROM `db_rand_shard`.`tbl_rand_shard_local` AS `__table1` WHERE _CAST(0, 'UInt8') (stage: Complete)
2025.11.02 19:46:59.238079 [ 103 ] {e5a59f45-f645-4112-bac1-5c69b9e37781} <Debug> TCPHandler: Processed in 0.00105075 sec.
2025.11.02 19:46:59.416218 [ 103 ] {290735e4-e015-46f2-9f62-6e80e82af02d} <Debug> executeQuery: (from 172.19.0.5:39740, initial_query_id: caa10846-8d60-4cb8-ba2d-ec962fd31dee) SELECT `__table1`.`create_time` AS `create_time`, `__table1`.`value` AS `value` FROM `db_rand_shard`.`tbl_rand_shard_local` AS `__table1` WHERE _CAST(0, 'UInt8') (stage: Complete)
2025.11.02 19:46:59.416873 [ 103 ] {290735e4-e015-46f2-9f62-6e80e82af02d} <Debug> TCPHandler: Processed in 0.000918917 sec.
2025.11.02 19:46:59.451160 [ 105 ] {} <Debug> HTTP-Session-797495dc-a2a8-425d-b924-4d3d8bea1bfb: Authenticating user 'default' from 172.19.0.7:36416
2025.11.02 19:46:59.451224 [ 105 ] {} <Debug> HTTP-Session-797495dc-a2a8-425d-b924-4d3d8bea1bfb: 797495dc-a2a8-425d-b924-4d3d8bea1bfb Authenticated with global context as user 94309d50-4f52-5250-31bd-74fecac179db
2025.11.02 19:46:59.451263 [ 105 ] {} <Debug> HTTP-Session-797495dc-a2a8-425d-b924-4d3d8bea1bfb: Creating session context with user_id: 94309d50-4f52-5250-31bd-74fecac179db
2025.11.02 19:46:59.451505 [ 105 ] {1c4c439b-2c59-4372-a714-fe6b12e4c86a} <Debug> executeQuery: (from 172.19.0.7:36416) SELECT partition, -- String
 partition_id, -- String
 sum(rows) AS row_count, -- UInt64
 sum(bytes_on_disk) AS size_in_bytes -- UInt64
 FROM `system`.`parts` WHERE `database`='db_rand_shard' AND `table`='tbl_rand_shard_local' AND `active`=1 GROUP BY `partition`, `partition_id` ORDER BY `partition` ASC, partition_id ASC  (stage: Complete)
2025.11.02 19:46:59.454796 [ 105 ] {1c4c439b-2c59-4372-a714-fe6b12e4c86a} <Debug> DynamicQueryHandler: Done processing query
2025.11.02 19:46:59.454882 [ 105 ] {1c4c439b-2c59-4372-a714-fe6b12e4c86a} <Debug> MemoryTracker: Query peak memory usage: 3.04 MiB.
2025.11.02 19:46:59.454955 [ 105 ] {} <Debug> HTTP-Session-797495dc-a2a8-425d-b924-4d3d8bea1bfb: 797495dc-a2a8-425d-b924-4d3d8bea1bfb Logout, user_id: 94309d50-4f52-5250-31bd-74fecac179db
2025.11.02 19:46:59.478504 [ 105 ] {} <Debug> HTTP-Session-74610a16-8cc2-4052-a75f-251230672594: Authenticating user 'default' from 172.19.0.7:36424
2025.11.02 19:46:59.478568 [ 105 ] {} <Debug> HTTP-Session-74610a16-8cc2-4052-a75f-251230672594: 74610a16-8cc2-4052-a75f-251230672594 Authenticated with global context as user 94309d50-4f52-5250-31bd-74fecac179db
2025.11.02 19:46:59.478611 [ 105 ] {} <Debug> HTTP-Session-74610a16-8cc2-4052-a75f-251230672594: Creating session context with user_id: 94309d50-4f52-5250-31bd-74fecac179db
2025.11.02 19:46:59.478817 [ 105 ] {bb161de5-f7c3-4ae8-a366-50c80a8fd503} <Debug> executeQuery: (from 172.19.0.7:36424) SELECT partition, -- String
 partition_id, -- String
 sum(rows) AS row_count, -- UInt64
 sum(bytes_on_disk) AS size_in_bytes -- UInt64
 FROM `system`.`parts` WHERE `database`='db_rand_shard' AND `table`='tbl_rand_shard_local' AND `active`=1 GROUP BY `partition`, `partition_id` ORDER BY `partition` ASC, partition_id ASC  (stage: Complete)
2025.11.02 19:46:59.480927 [ 105 ] {bb161de5-f7c3-4ae8-a366-50c80a8fd503} <Debug> DynamicQueryHandler: Done processing query
2025.11.02 19:46:59.481004 [ 105 ] {bb161de5-f7c3-4ae8-a366-50c80a8fd503} <Debug> MemoryTracker: Query peak memory usage: 3.03 MiB.
2025.11.02 19:46:59.481129 [ 105 ] {} <Debug> HTTP-Session-74610a16-8cc2-4052-a75f-251230672594: 74610a16-8cc2-4052-a75f-251230672594 Logout, user_id: 94309d50-4f52-5250-31bd-74fecac179db
2025.11.02 19:46:59.514241 [ 105 ] {} <Debug> HTTP-Session-100f8a34-2cee-43de-b9df-832479fc339b: Authenticating user 'default' from 172.19.0.7:36440
2025.11.02 19:46:59.514323 [ 105 ] {} <Debug> HTTP-Session-100f8a34-2cee-43de-b9df-832479fc339b: 100f8a34-2cee-43de-b9df-832479fc339b Authenticated with global context as user 94309d50-4f52-5250-31bd-74fecac179db
2025.11.02 19:46:59.514364 [ 105 ] {} <Debug> HTTP-Session-100f8a34-2cee-43de-b9df-832479fc339b: Creating session context with user_id: 94309d50-4f52-5250-31bd-74fecac179db
2025.11.02 19:46:59.514512 [ 105 ] {6bec6f54-1119-41c6-a007-380fe9625093} <Debug> executeQuery: (from 172.19.0.7:36440) SELECT `create_time`, `value` FROM `db_rand_shard`.`tbl_rand_shard_local` WHERE (1=1) AND ((1=1) AND (1=1))  (stage: Complete)
2025.11.02 19:46:59.516145 [ 105 ] {6bec6f54-1119-41c6-a007-380fe9625093} <Debug> DynamicQueryHandler: Done processing query
2025.11.02 19:46:59.516226 [ 105 ] {6bec6f54-1119-41c6-a007-380fe9625093} <Debug> MemoryTracker: Query peak memory usage: 3.00 MiB.
2025.11.02 19:46:59.516370 [ 105 ] {} <Debug> HTTP-Session-100f8a34-2cee-43de-b9df-832479fc339b: 100f8a34-2cee-43de-b9df-832479fc339b Logout, user_id: 94309d50-4f52-5250-31bd-74fecac179db
2025.11.02 19:46:59.535605 [ 105 ] {} <Debug> HTTP-Session-3cb0d105-fda4-4e4e-a72e-135ad5ed527f: Authenticating user 'default' from 172.19.0.7:36442
2025.11.02 19:46:59.535673 [ 105 ] {} <Debug> HTTP-Session-3cb0d105-fda4-4e4e-a72e-135ad5ed527f: 3cb0d105-fda4-4e4e-a72e-135ad5ed527f Authenticated with global context as user 94309d50-4f52-5250-31bd-74fecac179db
2025.11.02 19:46:59.535706 [ 105 ] {} <Debug> HTTP-Session-3cb0d105-fda4-4e4e-a72e-135ad5ed527f: Creating session context with user_id: 94309d50-4f52-5250-31bd-74fecac179db
2025.11.02 19:46:59.535861 [ 105 ] {cb02e60c-48e0-49cf-8c6d-ee786639f735} <Debug> executeQuery: (from 172.19.0.7:36442) SELECT `create_time`, `value` FROM `db_rand_shard`.`tbl_rand_shard_local` WHERE (1=1) AND ((1=1) AND (1=1))  (stage: Complete)
2025.11.02 19:46:59.537426 [ 105 ] {cb02e60c-48e0-49cf-8c6d-ee786639f735} <Debug> DynamicQueryHandler: Done processing query
2025.11.02 19:46:59.537462 [ 105 ] {cb02e60c-48e0-49cf-8c6d-ee786639f735} <Debug> MemoryTracker: Query peak memory usage: 3.00 MiB.
2025.11.02 19:46:59.537552 [ 105 ] {} <Debug> HTTP-Session-3cb0d105-fda4-4e4e-a72e-135ad5ed527f: 3cb0d105-fda4-4e4e-a72e-135ad5ed527f Logout, user_id: 94309d50-4f52-5250-31bd-74fecac179db
2025.11.02 19:46:59.580286 [ 105 ] {} <Debug> HTTP-Session-f290abe1-0f2f-4feb-8b2e-f5579a540d82: Authenticating user 'default' from 172.19.0.7:36448
2025.11.02 19:46:59.580365 [ 105 ] {} <Debug> HTTP-Session-f290abe1-0f2f-4feb-8b2e-f5579a540d82: f290abe1-0f2f-4feb-8b2e-f5579a540d82 Authenticated with global context as user 94309d50-4f52-5250-31bd-74fecac179db
2025.11.02 19:46:59.580399 [ 105 ] {} <Debug> HTTP-Session-f290abe1-0f2f-4feb-8b2e-f5579a540d82: Creating session context with user_id: 94309d50-4f52-5250-31bd-74fecac179db
2025.11.02 19:46:59.580602 [ 105 ] {7a524ccd-9f69-4fb3-8013-ed4e78f0dc87} <Debug> executeQuery: (from 172.19.0.7:36448) SELECT `create_time`, `value` FROM `db_rand_shard`.`tbl_rand_shard_local` WHERE (1=1) AND ((1=1) AND (1=1))  (stage: Complete)
2025.11.02 19:46:59.581902 [ 105 ] {7a524ccd-9f69-4fb3-8013-ed4e78f0dc87} <Debug> DynamicQueryHandler: Done processing query
2025.11.02 19:46:59.581949 [ 105 ] {7a524ccd-9f69-4fb3-8013-ed4e78f0dc87} <Debug> MemoryTracker: Query peak memory usage: 3.00 MiB.
2025.11.02 19:46:59.582061 [ 105 ] {} <Debug> HTTP-Session-f290abe1-0f2f-4feb-8b2e-f5579a540d82: f290abe1-0f2f-4feb-8b2e-f5579a540d82 Logout, user_id: 94309d50-4f52-5250-31bd-74fecac179db
2025.11.02 19:46:59.600393 [ 105 ] {} <Debug> HTTP-Session-7f4ed3af-cc9e-468f-8294-0c899693fe78: Authenticating user 'default' from 172.19.0.7:36458
2025.11.02 19:46:59.600719 [ 105 ] {} <Debug> HTTP-Session-7f4ed3af-cc9e-468f-8294-0c899693fe78: 7f4ed3af-cc9e-468f-8294-0c899693fe78 Authenticated with global context as user 94309d50-4f52-5250-31bd-74fecac179db
2025.11.02 19:46:59.600863 [ 105 ] {} <Debug> HTTP-Session-7f4ed3af-cc9e-468f-8294-0c899693fe78: Creating session context with user_id: 94309d50-4f52-5250-31bd-74fecac179db
2025.11.02 19:46:59.601183 [ 105 ] {1313f323-de32-4446-b5dc-f2b1a0eb6cf2} <Debug> executeQuery: (from 172.19.0.7:36458) SELECT `create_time`, `value` FROM `db_rand_shard`.`tbl_rand_shard_local` WHERE (1=1) AND ((1=1) AND (1=1))  (stage: Complete)
2025.11.02 19:46:59.602514 [ 105 ] {1313f323-de32-4446-b5dc-f2b1a0eb6cf2} <Debug> DynamicQueryHandler: Done processing query
2025.11.02 19:46:59.602650 [ 105 ] {1313f323-de32-4446-b5dc-f2b1a0eb6cf2} <Debug> MemoryTracker: Query peak memory usage: 3.00 MiB.
2025.11.02 19:46:59.602917 [ 105 ] {} <Debug> HTTP-Session-7f4ed3af-cc9e-468f-8294-0c899693fe78: 7f4ed3af-cc9e-468f-8294-0c899693fe78 Logout, user_id: 94309d50-4f52-5250-31bd-74fecac179db
2025.11.02 19:46:59.629174 [ 764 ] {} <Debug> DDLWorker: Scheduling tasks
2025.11.02 19:46:59.629736 [ 764 ] {} <Debug> DDLWorker: Will schedule 1 tasks starting from query-0000000003
2025.11.02 19:46:59.631279 [ 764 ] {} <Debug> DDLWorker: Processing task query-0000000003 (query: DROP TABLE IF EXISTS db_rand_shard.tbl_rand_shard, backup restore: false)
2025.11.02 19:46:59.633172 [ 764 ] {} <Debug> DDLWorker: Executing query: DROP TABLE IF EXISTS db_rand_shard.tbl_rand_shard
2025.11.02 19:46:59.633352 [ 764 ] {ca5fb9d3-94e2-46e9-bd63-47905dae20cc} <Debug> executeQuery: (from 0.0.0.0:0, user: , initial_query_id: 9622da8f-7d02-4a0a-896c-88a6e6c4ead9) /* ddl_entry=query-0000000003 */ DROP TABLE IF EXISTS db_rand_shard.tbl_rand_shard (stage: Complete)
2025.11.02 19:46:59.633444 [ 764 ] {ca5fb9d3-94e2-46e9-bd63-47905dae20cc} <Information> StorageDistributed (tbl_rand_shard): Flushing pending INSERT blocks
2025.11.02 19:46:59.633567 [ 764 ] {ca5fb9d3-94e2-46e9-bd63-47905dae20cc} <Information> StorageDistributed (tbl_rand_shard): Pending INSERT blocks flushed, took 0 ms.
2025.11.02 19:46:59.633642 [ 764 ] {ca5fb9d3-94e2-46e9-bd63-47905dae20cc} <Debug> StorageDistributed (tbl_rand_shard): Joining background threads for async INSERT
2025.11.02 19:46:59.633707 [ 764 ] {ca5fb9d3-94e2-46e9-bd63-47905dae20cc} <Debug> StorageDistributed (tbl_rand_shard): Background threads for async INSERT joined
2025.11.02 19:46:59.634107 [ 764 ] {ca5fb9d3-94e2-46e9-bd63-47905dae20cc} <Debug> DDLWorker: Executed query: /* ddl_entry=query-0000000003 */ DROP TABLE IF EXISTS db_rand_shard.tbl_rand_shard
2025.11.02 19:46:59.635334 [ 764 ] {} <Debug> DDLWorker: Waiting for queue updates
2025.11.02 19:46:59.694281 [ 764 ] {} <Debug> DDLWorker: Scheduling tasks
2025.11.02 19:46:59.694626 [ 764 ] {} <Debug> DDLWorker: Will schedule 1 tasks starting from query-0000000004
2025.11.02 19:46:59.695633 [ 764 ] {} <Debug> DDLWorker: Processing task query-0000000004 (query: DROP TABLE IF EXISTS db_rand_shard.tbl_rand_shard_local, backup restore: false)
2025.11.02 19:46:59.696472 [ 764 ] {} <Debug> DDLWorker: Executing query: DROP TABLE IF EXISTS db_rand_shard.tbl_rand_shard_local
2025.11.02 19:46:59.696600 [ 764 ] {c54dee3b-5ba0-4f3f-9ee2-7604762993a5} <Debug> executeQuery: (from 0.0.0.0:0, user: , initial_query_id: cdb70ef8-04bb-4726-909d-a5b0628bc044) /* ddl_entry=query-0000000004 */ DROP TABLE IF EXISTS db_rand_shard.tbl_rand_shard_local (stage: Complete)
2025.11.02 19:46:59.696820 [ 764 ] {c54dee3b-5ba0-4f3f-9ee2-7604762993a5} <Debug> DDLWorker: Executed query: /* ddl_entry=query-0000000004 */ DROP TABLE IF EXISTS db_rand_shard.tbl_rand_shard_local
2025.11.02 19:46:59.698112 [ 764 ] {} <Debug> DDLWorker: Waiting for queue updates
2025.11.02 19:46:59.760456 [ 764 ] {} <Debug> DDLWorker: Scheduling tasks
2025.11.02 19:46:59.760826 [ 764 ] {} <Debug> DDLWorker: Will schedule 1 tasks starting from query-0000000005
2025.11.02 19:46:59.761690 [ 764 ] {} <Debug> DDLWorker: Processing task query-0000000005 (query: DROP DATABASE IF EXISTS db_rand_shard, backup restore: false)
2025.11.02 19:46:59.762481 [ 764 ] {} <Debug> DDLWorker: Executing query: DROP DATABASE IF EXISTS db_rand_shard
2025.11.02 19:46:59.762603 [ 764 ] {4ab82806-5531-4082-be69-bc87bc09ad42} <Debug> executeQuery: (from 0.0.0.0:0, user: , initial_query_id: 1317d454-c349-47c7-889e-977e248f6d36) /* ddl_entry=query-0000000005 */ DROP DATABASE IF EXISTS db_rand_shard (stage: Complete)
2025.11.02 19:46:59.762664 [ 764 ] {4ab82806-5531-4082-be69-bc87bc09ad42} <Debug> DatabaseAtomic (db_rand_shard): There are 0 detached tables. Start searching non used tables.
2025.11.02 19:46:59.762709 [ 764 ] {4ab82806-5531-4082-be69-bc87bc09ad42} <Debug> DatabaseAtomic (db_rand_shard): Found 0 non used tables in detached tables.
2025.11.02 19:46:59.763039 [ 764 ] {4ab82806-5531-4082-be69-bc87bc09ad42} <Debug> DDLWorker: Executed query: /* ddl_entry=query-0000000005 */ DROP DATABASE IF EXISTS db_rand_shard
2025.11.02 19:46:59.764058 [ 764 ] {} <Debug> DDLWorker: Waiting for queue updates
2025.11.02 19:47:00.452518 [ 101 ] {} <Information> Application: Received termination signal (Terminated)
2025.11.02 19:47:00.452641 [ 1 ] {} <Debug> Application: Received termination signal.
2025.11.02 19:47:00.453047 [ 1 ] {} <Debug> Application: Waiting for current connections to close.
2025.11.02 19:47:00.453721 [ 1 ] {} <Warning> Application: Closed all listening sockets. Waiting for 1 outstanding connections.
2025.11.02 19:47:00.584855 [ 103 ] {} <Debug> TCPHandler: Done processing connection.
2025.11.02 19:47:00.584982 [ 103 ] {} <Debug> TCP-Session-460994c2-6106-4863-b9db-5c799c9fab63: 460994c2-6106-4863-b9db-5c799c9fab63 Logout, user_id: 94309d50-4f52-5250-31bd-74fecac179db
2025.11.02 19:47:00.655279 [ 1 ] {} <Information> Application: Closed connections.
2025.11.02 19:47:00.655369 [ 1 ] {} <Information> Application: Stopping AsyncLoader.
2025.11.02 19:47:00.655462 [ 1 ] {} <Information> CgroupsMemoryUsageObserver: Stopped cgroup current memory usage observer thread
2025.11.02 19:47:00.655681 [ 1 ] {} <Information> Application: Shutting down storages.
2025.11.02 19:47:00.656437 [ 1 ] {} <Debug> Context: Shutting down dictionaries loader
2025.11.02 19:47:00.656549 [ 1 ] {} <Debug> Context: Shutting down UDFs loader
2025.11.02 19:47:00.656674 [ 1 ] {} <Debug> Context: Shutting down another UDFs storage
2025.11.02 19:47:00.656720 [ 1 ] {} <Debug> Context: Shutting down workload entity storage
2025.11.02 19:47:00.656773 [ 1 ] {} <Debug> Context: Shutting down system logs
2025.11.02 19:47:00.656929 [ 1 ] {} <Debug> SystemLogQueue (system.query_log): Requested flush up to offset 28
2025.11.02 19:47:00.656991 [ 752 ] {} <Debug> SystemLog (system.metric_log): Creating new table system.metric_log for MetricLog
2025.11.02 19:47:00.656956 [ 750 ] {} <Debug> SystemLog (system.query_log): Creating new table system.query_log for QueryLog
2025.11.02 19:47:00.660880 [ 750 ] {} <Debug> system.query_log (ff862906-fb42-4528-b809-1bcd22b7c57b): Loading data parts
2025.11.02 19:47:00.661064 [ 750 ] {} <Debug> system.query_log (ff862906-fb42-4528-b809-1bcd22b7c57b): There are no data parts
2025.11.02 19:47:00.662112 [ 750 ] {} <Debug> DatabaseAtomic (system): There are 0 detached tables. Start searching non used tables.
2025.11.02 19:47:00.662168 [ 750 ] {} <Debug> DatabaseAtomic (system): Found 0 non used tables in detached tables.
2025.11.02 19:47:00.665069 [ 1 ] {} <Debug> SystemLogQueue (system.query_thread_log): Requested flush up to offset 0
2025.11.02 19:47:00.665129 [ 1 ] {} <Debug> SystemLogQueue (system.metric_log): Requested flush up to offset 3
2025.11.02 19:47:00.668973 [ 752 ] {} <Debug> system.metric_log (7bc46e2f-9426-4610-8cf4-2786487ba464): Loading data parts
2025.11.02 19:47:00.669382 [ 752 ] {} <Debug> system.metric_log (7bc46e2f-9426-4610-8cf4-2786487ba464): There are no data parts
2025.11.02 19:47:00.671988 [ 752 ] {} <Debug> DatabaseAtomic (system): There are 0 detached tables. Start searching non used tables.
2025.11.02 19:47:00.672038 [ 752 ] {} <Debug> DatabaseAtomic (system): Found 0 non used tables in detached tables.
2025.11.02 19:47:03.434596 [ 1 ] {} <Information> SentryWriter: Sending crash reports is disabled
2025.11.02 19:47:03.479778 [ 1 ] {} <Information> Application: Starting ClickHouse 25.3.7.194 (revision: 54502, git hash: 36637934778b7d39b37f378d258359dd6ffdd110, build id: E09B0ADBF9AF0530703B179DBA02705D5DF508C0), PID 1
2025.11.02 19:47:03.479988 [ 1 ] {} <Information> Application: starting up
2025.11.02 19:47:03.480544 [ 1 ] {} <Information> Application: OS name: Linux, version: 6.10.14-linuxkit, architecture: aarch64
2025.11.02 19:47:03.480640 [ 1 ] {} <Information> Jemalloc: Value for background_thread set to true (from true)
2025.11.02 19:47:03.485834 [ 1 ] {} <Information> Application: Available RAM: 7.65 GiB; logical cores: 14; used cores: 14.
2025.11.02 19:47:03.497550 [ 1 ] {} <Information> CgroupsReader: Will create cgroup reader from '/sys/fs/cgroup/' (cgroups version: v2)
2025.11.02 19:47:03.502223 [ 1 ] {} <Warning> Application: Integrity check of the executable skipped because the reference checksum could not be read.
2025.11.02 19:47:03.502402 [ 1 ] {} <Information> Application: It looks like the process has no CAP_IPC_LOCK capability, binary mlock will be disabled. It could happen due to incorrect ClickHouse package installation. You could resolve the problem manually with 'sudo setcap cap_ipc_lock=+ep /usr/bin/clickhouse'. Note that it will not work on 'nosuid' mounted filesystems.
2025.11.02 19:47:03.502512 [ 1 ] {} <Information> MemoryWorker: Starting background memory thread with period of 50ms, using Cgroups as source
2025.11.02 19:47:03.502701 [ 1 ] {} <Information> BackgroundSchedulePool/BgSchPool: Create BackgroundSchedulePool with 512 threads
2025.11.02 19:47:03.575945 [ 84 ] {} <Information> MemoryTracker: Correcting the value of global memory tracker from 2.15 MiB to 260.88 MiB
2025.11.02 19:47:03.617719 [ 1 ] {} <Debug> Application: rlimit on number of file descriptors is 1048576
2025.11.02 19:47:03.617903 [ 1 ] {} <Debug> Application: rlimit on number of threads is 18446744073709551615
2025.11.02 19:47:03.618101 [ 1 ] {} <Debug> Application: Initializing DateLUT.
2025.11.02 19:47:03.618219 [ 1 ] {} <Debug> Context: Setting up /var/lib/clickhouse/tmp/ to store temporary data in it
2025.11.02 19:47:03.618602 [ 1 ] {} <Debug> Application: Initializing interserver credentials.
2025.11.02 19:47:03.618681 [ 1 ] {} <Information> Application: Lowered uncompressed cache size to 3.83 GiB because the system has limited RAM
2025.11.02 19:47:03.618752 [ 1 ] {} <Information> Application: Lowered mark cache size to 3.83 GiB because the system has limited RAM
2025.11.02 19:47:03.618817 [ 1 ] {} <Information> Application: Lowered primary index cache size to 3.83 GiB because the system has limited RAM
2025.11.02 19:47:03.618906 [ 1 ] {} <Information> Application: Lowered index mark cache size to 3.83 GiB because the system has limited RAM
2025.11.02 19:47:03.619061 [ 1 ] {} <Debug> FileCacheFactory: Will load 0 caches from default cache config
2025.11.02 19:47:03.623080 [ 1 ] {} <Debug> ConfigReloader: Loading config '/etc/clickhouse-server/config.xml'
2025.11.02 19:47:03.623187 [ 1 ] {} <Debug> ConfigProcessor: Processing configuration file '/etc/clickhouse-server/config.xml'.
2025.11.02 19:47:03.623803 [ 1 ] {} <Debug> ConfigProcessor: Merging configuration file '/etc/clickhouse-server/config.d/docker_related_config.xml'.
2025.11.02 19:47:03.623955 [ 1 ] {} <Debug> ConfigProcessor: Merging configuration file '/etc/clickhouse-server/config.d/interserver_http_host.xml'.
2025.11.02 19:47:03.624296 [ 1 ] {} <Debug> ConfigProcessor: Merging configuration file '/etc/clickhouse-server/config.d/macros.xml'.
2025.11.02 19:47:03.624657 [ 1 ] {} <Debug> ConfigProcessor: Merging configuration file '/etc/clickhouse-server/config.d/remote_servers.xml'.
2025.11.02 19:47:03.625109 [ 1 ] {} <Debug> ConfigProcessor: Merging configuration file '/etc/clickhouse-server/config.d/zookeeper.xml'.
2025.11.02 19:47:03.625785 [ 1 ] {} <Debug> ConfigProcessor: Saved preprocessed configuration to '/var/lib/clickhouse/preprocessed_configs/config.xml'.
2025.11.02 19:47:03.625973 [ 1 ] {} <Debug> ConfigReloader: Loaded config '/etc/clickhouse-server/config.xml', performing update on configuration
2025.11.02 19:47:03.626581 [ 1 ] {} <Information> Application: Changed setting 'max_server_memory_usage' to 6.89 GiB (7.65 GiB available memory * 0.90 max_server_memory_usage_to_ram_ratio)
2025.11.02 19:47:03.626656 [ 1 ] {} <Information> Application: Setting merges_mutations_memory_usage_soft_limit was set to 3.83 GiB (7.65 GiB available * 0.50 merges_mutations_memory_usage_to_ram_ratio)
2025.11.02 19:47:03.626702 [ 1 ] {} <Information> Application: Merges and mutations memory limit is set to 3.83 GiB
2025.11.02 19:47:03.627621 [ 1 ] {} <Information> Application: Setting max_remote_read_network_bandwidth_for_server was set to 0
2025.11.02 19:47:03.627656 [ 1 ] {} <Information> Application: Setting max_remote_write_network_bandwidth_for_server was set to 0
2025.11.02 19:47:03.627688 [ 1 ] {} <Information> Application: Setting max_local_read_bandwidth_for_server was set to 0
2025.11.02 19:47:03.627737 [ 1 ] {} <Information> Application: Setting max_local_write_bandwidth_for_server was set to 0
2025.11.02 19:47:03.627794 [ 1 ] {} <Information> Application: ConcurrencyControl limit is set to UNLIMITED CPU slots with 'round_robin' scheduler
2025.11.02 19:47:03.627858 [ 1 ] {} <Information> BackgroundSchedulePool/BgBufSchPool: Create BackgroundSchedulePool with 16 threads
2025.11.02 19:47:03.628808 [ 1 ] {} <Information> BackgroundSchedulePool/BgMBSchPool: Create BackgroundSchedulePool with 16 threads
2025.11.02 19:47:03.629631 [ 1 ] {} <Information> BackgroundSchedulePool/BgDistSchPool: Create BackgroundSchedulePool with 16 threads
2025.11.02 19:47:03.630858 [ 1 ] {} <Debug> ConfigReloader: Loaded config '/etc/clickhouse-server/config.xml', performed update on configuration
2025.11.02 19:47:03.631090 [ 1 ] {} <Warning> Application: Listen [::]:9009 failed: Poco::Exception. Code: 1000, e.code() = 0, DNS error: EAI: Address family for hostname not supported (version 25.3.7.194 (official build)). If it is an IPv6 or IPv4 address and your host has disabled IPv6 or IPv4, then consider to specify not disabled IPv4 or IPv6 address to listen in <listen_host> element of configuration file. Example for disabled IPv6: <listen_host>0.0.0.0</listen_host> . Example for disabled IPv4: <listen_host>::</listen_host>
2025.11.02 19:47:03.631541 [ 1 ] {} <Information> Application: Listening for replica communication (interserver): http://0.0.0.0:9009
2025.11.02 19:47:03.631670 [ 1 ] {} <Warning> Access(local_directory): File /var/lib/clickhouse/access/users.list doesn't exist
2025.11.02 19:47:03.631768 [ 1 ] {} <Warning> Access(local_directory): Recovering lists in directory /var/lib/clickhouse/access/
2025.11.02 19:47:03.631951 [ 1 ] {} <Debug> Access(user directories): Added local_directory access storage 'local_directory', path: /var/lib/clickhouse/access/
2025.11.02 19:47:03.634668 [ 1 ] {} <Debug> ConfigReloader: Loading config '/etc/clickhouse-server/users.xml'
2025.11.02 19:47:03.634727 [ 1 ] {} <Debug> ConfigProcessor: Processing configuration file '/etc/clickhouse-server/users.xml'.
2025.11.02 19:47:03.635124 [ 1 ] {} <Debug> ConfigProcessor: Merging configuration file '/etc/clickhouse-server/users.d/users.xml'.
2025.11.02 19:47:03.636093 [ 1 ] {} <Debug> ConfigProcessor: Saved preprocessed configuration to '/var/lib/clickhouse/preprocessed_configs/users.xml'.
2025.11.02 19:47:03.636158 [ 1 ] {} <Debug> ConfigReloader: Loaded config '/etc/clickhouse-server/users.xml', performing update on configuration
2025.11.02 19:47:03.636610 [ 1 ] {} <Debug> ConfigReloader: Loaded config '/etc/clickhouse-server/users.xml', performed update on configuration
2025.11.02 19:47:03.636751 [ 1 ] {} <Debug> Access(user directories): Added users_xml access storage 'users_xml', path: /etc/clickhouse-server/users.xml
2025.11.02 19:47:03.636947 [ 1 ] {} <Information> CgroupsMemoryUsageObserver: Started cgroup current memory usage observer thread
2025.11.02 19:47:03.637054 [ 661 ] {} <Information> CgroupsMemoryUsageObserver: Memory amount initially available to the process is 7.65 GiB
2025.11.02 19:47:03.638151 [ 1 ] {} <Information> Context: Initialized background executor for merges and mutations with num_threads=16, num_tasks=32, scheduling_policy=round_robin
2025.11.02 19:47:03.639304 [ 1 ] {} <Information> Context: Initialized background executor for move operations with num_threads=8, num_tasks=8
2025.11.02 19:47:03.640660 [ 1 ] {} <Information> Context: Initialized background executor for fetches with num_threads=16, num_tasks=16
2025.11.02 19:47:03.642576 [ 1 ] {} <Information> Context: Initialized background executor for common operations (e.g. clearing old parts) with num_threads=8, num_tasks=8
2025.11.02 19:47:03.644438 [ 1 ] {} <Warning> Context: Linux transparent hugepages are set to "always". Check /sys/kernel/mm/transparent_hugepage/enabled
2025.11.02 19:47:03.644886 [ 1 ] {} <Warning> Context: Delay accounting is not enabled, OSIOWaitMicroseconds will not be gathered. You can enable it using `echo 1 > /proc/sys/kernel/task_delayacct` or by using sysctl.
2025.11.02 19:47:03.645183 [ 1 ] {} <Information> DNSCacheUpdater: Update period 15 seconds
2025.11.02 19:47:03.645298 [ 1 ] {} <Information> Application: Loading metadata from /var/lib/clickhouse/
2025.11.02 19:47:03.645409 [ 1 ] {} <Information> Context: Database disk name: default
2025.11.02 19:47:03.645599 [ 1 ] {} <Information> Context: Database disk name: default, path: /var/lib/clickhouse/
2025.11.02 19:47:03.645406 [ 140 ] {} <Debug> DNSResolver: Updating DNS cache
2025.11.02 19:47:03.645776 [ 1 ] {} <Debug> loadSystemDatabase: metadata_file_path metadata/system.sql, existsFile false
2025.11.02 19:47:03.646883 [ 140 ] {} <Debug> DNSResolver: Updated DNS cache
2025.11.02 19:47:03.647461 [ 1 ] {} <Debug> loadSystemDatabase: metadata_file_path metadata/information_schema.sql, existsFile false
2025.11.02 19:47:03.648665 [ 1 ] {} <Debug> loadSystemDatabase: metadata_file_path metadata/INFORMATION_SCHEMA.sql, existsFile false
2025.11.02 19:47:03.650232 [ 1 ] {} <Information> DatabaseAtomic (system): Metadata processed, database system has 0 tables and 0 dictionaries in total.
2025.11.02 19:47:03.650433 [ 1 ] {} <Information> TablesLoader: Parsed metadata of 0 tables in 1 databases in 0.000218875 sec
2025.11.02 19:47:03.650529 [ 1 ] {} <Debug> AsyncLoader: Prioritize load job 'startup Atomic database system': BackgrndStartup -> ForegroundLoad
2025.11.02 19:47:03.650607 [ 1 ] {} <Debug> AsyncLoader: Prioritize load job 'startup Ordinary database system': BackgrndStartup -> ForegroundLoad
2025.11.02 19:47:03.650727 [ 1 ] {} <Debug> AsyncLoader: Schedule load job 'startup Ordinary database system' into ForegroundLoad
2025.11.02 19:47:03.650815 [ 1 ] {} <Debug> AsyncLoader: Schedule load job 'startup Atomic database system' into ForegroundLoad
2025.11.02 19:47:03.650925 [ 1 ] {} <Debug> AsyncLoader: Change current priority: none -> 0
2025.11.02 19:47:03.650993 [ 1 ] {} <Debug> AsyncLoader: Spawn loader worker #1 in ForegroundLoad
2025.11.02 19:47:03.651243 [ 1 ] {} <Debug> AsyncLoader: Wait load job 'startup Atomic database system' in ForegroundLoad
2025.11.02 19:47:03.651351 [ 726 ] {} <Debug> AsyncLoader: Execute load job 'startup Ordinary database system' in ForegroundLoad
2025.11.02 19:47:03.651480 [ 726 ] {} <Debug> AsyncLoader: Finish load job 'startup Ordinary database system' with status OK
2025.11.02 19:47:03.651581 [ 726 ] {} <Debug> AsyncLoader: Spawn loader worker #2 in ForegroundLoad
2025.11.02 19:47:03.651707 [ 726 ] {} <Debug> AsyncLoader: Execute load job 'startup Atomic database system' in ForegroundLoad
2025.11.02 19:47:03.651896 [ 727 ] {} <Debug> AsyncLoader: Stop worker in ForegroundLoad
2025.11.02 19:47:03.652458 [ 726 ] {} <Debug> AsyncLoader: Finish load job 'startup Atomic database system' with status OK
2025.11.02 19:47:03.652530 [ 726 ] {} <Debug> AsyncLoader: Stop worker in ForegroundLoad
2025.11.02 19:47:03.652603 [ 726 ] {} <Debug> AsyncLoader: Change current priority: 0 -> none
2025.11.02 19:47:03.652484 [ 1 ] {} <Debug> SystemLog: Creating system.query_log from query_log
2025.11.02 19:47:03.659079 [ 1 ] {} <Debug> SystemLog: Creating system.query_thread_log from query_thread_log
2025.11.02 19:47:03.659442 [ 1 ] {} <Debug> SystemLog: Not creating system.part_log since corresponding section 'part_log' is missing from config
2025.11.02 19:47:03.659608 [ 1 ] {} <Debug> SystemLog: Not creating system.trace_log since corresponding section 'trace_log' is missing from config
2025.11.02 19:47:03.659659 [ 1 ] {} <Debug> SystemLog: Not creating system.crash_log since corresponding section 'crash_log' is missing from config
2025.11.02 19:47:03.659723 [ 1 ] {} <Debug> SystemLog: Not creating system.text_log since corresponding section 'text_log' is missing from config
2025.11.02 19:47:03.659769 [ 1 ] {} <Debug> SystemLog: Creating system.metric_log from metric_log
2025.11.02 19:47:03.665460 [ 1 ] {} <Debug> SystemLog: Not creating system.latency_log since corresponding section 'latency_log' is missing from config
2025.11.02 19:47:03.665547 [ 1 ] {} <Debug> SystemLog: Not creating system.error_log since corresponding section 'error_log' is missing from config
2025.11.02 19:47:03.665599 [ 1 ] {} <Debug> SystemLog: Not creating system.filesystem_cache_log since corresponding section 'filesystem_cache_log' is missing from config
2025.11.02 19:47:03.665665 [ 1 ] {} <Debug> SystemLog: Not creating system.filesystem_read_prefetches_log since corresponding section 'filesystem_read_prefetches_log' is missing from config
2025.11.02 19:47:03.665710 [ 1 ] {} <Debug> SystemLog: Not creating system.s3queue_log since corresponding section 's3queue_log' is missing from config
2025.11.02 19:47:03.665782 [ 1 ] {} <Debug> SystemLog: Not creating system.azure_queue_log since corresponding section 'azure_queue_log' is missing from config
2025.11.02 19:47:03.665907 [ 1 ] {} <Debug> SystemLog: Not creating system.asynchronous_metric_log since corresponding section 'asynchronous_metric_log' is missing from config
2025.11.02 19:47:03.666049 [ 1 ] {} <Debug> SystemLog: Not creating system.opentelemetry_span_log since corresponding section 'opentelemetry_span_log' is missing from config
2025.11.02 19:47:03.666123 [ 1 ] {} <Debug> SystemLog: Not creating system.query_views_log since corresponding section 'query_views_log' is missing from config
2025.11.02 19:47:03.666182 [ 1 ] {} <Debug> SystemLog: Not creating system.zookeeper_log since corresponding section 'zookeeper_log' is missing from config
2025.11.02 19:47:03.666271 [ 1 ] {} <Debug> SystemLog: Not creating system.session_log since corresponding section 'session_log' is missing from config
2025.11.02 19:47:03.666325 [ 1 ] {} <Debug> SystemLog: Not creating system.transactions_info_log since corresponding section 'transactions_info_log' is missing from config
2025.11.02 19:47:03.666380 [ 1 ] {} <Debug> SystemLog: Not creating system.processors_profile_log since corresponding section 'processors_profile_log' is missing from config
2025.11.02 19:47:03.666440 [ 1 ] {} <Debug> SystemLog: Not creating system.asynchronous_insert_log since corresponding section 'asynchronous_insert_log' is missing from config
2025.11.02 19:47:03.666535 [ 1 ] {} <Debug> SystemLog: Not creating system.backup_log since corresponding section 'backup_log' is missing from config
2025.11.02 19:47:03.666578 [ 1 ] {} <Debug> SystemLog: Not creating system.blob_storage_log since corresponding section 'blob_storage_log' is missing from config
2025.11.02 19:47:03.666634 [ 1 ] {} <Debug> SystemLog: Not creating system.query_metric_log since corresponding section 'query_metric_log' is missing from config
2025.11.02 19:47:03.666986 [ 1 ] {} <Debug> DatabaseAtomic (system): There are 0 detached tables. Start searching non used tables.
2025.11.02 19:47:03.667067 [ 1 ] {} <Debug> DatabaseAtomic (system): Found 0 non used tables in detached tables.
2025.11.02 19:47:03.667720 [ 1 ] {} <Debug> DatabaseAtomic (system): There are 0 detached tables. Start searching non used tables.
2025.11.02 19:47:03.667773 [ 1 ] {} <Debug> DatabaseAtomic (system): Found 0 non used tables in detached tables.
2025.11.02 19:47:03.667873 [ 1 ] {} <Debug> DatabaseAtomic (system): There are 0 detached tables. Start searching non used tables.
2025.11.02 19:47:03.667919 [ 1 ] {} <Debug> DatabaseAtomic (system): Found 0 non used tables in detached tables.
2025.11.02 19:47:03.668022 [ 1 ] {} <Debug> DatabaseAtomic (system): There are 0 detached tables. Start searching non used tables.
2025.11.02 19:47:03.668077 [ 1 ] {} <Debug> DatabaseAtomic (system): Found 0 non used tables in detached tables.
2025.11.02 19:47:03.668168 [ 1 ] {} <Debug> DatabaseAtomic (system): There are 0 detached tables. Start searching non used tables.
2025.11.02 19:47:03.668228 [ 1 ] {} <Debug> DatabaseAtomic (system): Found 0 non used tables in detached tables.
2025.11.02 19:47:03.668310 [ 1 ] {} <Debug> DatabaseAtomic (system): There are 0 detached tables. Start searching non used tables.
2025.11.02 19:47:03.668368 [ 1 ] {} <Debug> DatabaseAtomic (system): Found 0 non used tables in detached tables.
2025.11.02 19:47:03.668473 [ 1 ] {} <Debug> DatabaseAtomic (system): There are 0 detached tables. Start searching non used tables.
2025.11.02 19:47:03.668512 [ 1 ] {} <Debug> DatabaseAtomic (system): Found 0 non used tables in detached tables.
2025.11.02 19:47:03.668579 [ 1 ] {} <Debug> DatabaseAtomic (system): There are 0 detached tables. Start searching non used tables.
2025.11.02 19:47:03.668637 [ 1 ] {} <Debug> DatabaseAtomic (system): Found 0 non used tables in detached tables.
2025.11.02 19:47:03.668728 [ 1 ] {} <Debug> DatabaseAtomic (system): There are 0 detached tables. Start searching non used tables.
2025.11.02 19:47:03.668768 [ 1 ] {} <Debug> DatabaseAtomic (system): Found 0 non used tables in detached tables.
2025.11.02 19:47:03.668833 [ 1 ] {} <Debug> DatabaseAtomic (system): There are 0 detached tables. Start searching non used tables.
2025.11.02 19:47:03.668893 [ 1 ] {} <Debug> DatabaseAtomic (system): Found 0 non used tables in detached tables.
2025.11.02 19:47:03.668987 [ 1 ] {} <Debug> DatabaseAtomic (system): There are 0 detached tables. Start searching non used tables.
2025.11.02 19:47:03.669152 [ 1 ] {} <Debug> DatabaseAtomic (system): Found 0 non used tables in detached tables.
2025.11.02 19:47:03.669351 [ 1 ] {} <Debug> DatabaseAtomic (system): There are 0 detached tables. Start searching non used tables.
2025.11.02 19:47:03.669409 [ 1 ] {} <Debug> DatabaseAtomic (system): Found 0 non used tables in detached tables.
2025.11.02 19:47:03.669510 [ 1 ] {} <Debug> DatabaseAtomic (system): There are 0 detached tables. Start searching non used tables.
2025.11.02 19:47:03.669560 [ 1 ] {} <Debug> DatabaseAtomic (system): Found 0 non used tables in detached tables.
2025.11.02 19:47:03.669642 [ 1 ] {} <Debug> DatabaseAtomic (system): There are 0 detached tables. Start searching non used tables.
2025.11.02 19:47:03.669698 [ 1 ] {} <Debug> DatabaseAtomic (system): Found 0 non used tables in detached tables.
2025.11.02 19:47:03.669776 [ 1 ] {} <Debug> DatabaseAtomic (system): There are 0 detached tables. Start searching non used tables.
2025.11.02 19:47:03.669828 [ 1 ] {} <Debug> DatabaseAtomic (system): Found 0 non used tables in detached tables.
2025.11.02 19:47:03.669894 [ 1 ] {} <Debug> DatabaseAtomic (system): There are 0 detached tables. Start searching non used tables.
2025.11.02 19:47:03.669948 [ 1 ] {} <Debug> DatabaseAtomic (system): Found 0 non used tables in detached tables.
2025.11.02 19:47:03.670022 [ 1 ] {} <Debug> DatabaseAtomic (system): There are 0 detached tables. Start searching non used tables.
2025.11.02 19:47:03.670089 [ 1 ] {} <Debug> DatabaseAtomic (system): Found 0 non used tables in detached tables.
2025.11.02 19:47:03.670151 [ 1 ] {} <Debug> DatabaseAtomic (system): There are 0 detached tables. Start searching non used tables.
2025.11.02 19:47:03.670207 [ 1 ] {} <Debug> DatabaseAtomic (system): Found 0 non used tables in detached tables.
2025.11.02 19:47:03.670282 [ 1 ] {} <Debug> DatabaseAtomic (system): There are 0 detached tables. Start searching non used tables.
2025.11.02 19:47:03.670374 [ 1 ] {} <Debug> DatabaseAtomic (system): Found 0 non used tables in detached tables.
2025.11.02 19:47:03.670448 [ 1 ] {} <Debug> DatabaseAtomic (system): There are 0 detached tables. Start searching non used tables.
2025.11.02 19:47:03.670487 [ 1 ] {} <Debug> DatabaseAtomic (system): Found 0 non used tables in detached tables.
2025.11.02 19:47:03.670562 [ 1 ] {} <Debug> DatabaseAtomic (system): There are 0 detached tables. Start searching non used tables.
2025.11.02 19:47:03.670598 [ 1 ] {} <Debug> DatabaseAtomic (system): Found 0 non used tables in detached tables.
2025.11.02 19:47:03.670637 [ 1 ] {} <Debug> DatabaseAtomic (system): There are 0 detached tables. Start searching non used tables.
2025.11.02 19:47:03.670673 [ 1 ] {} <Debug> DatabaseAtomic (system): Found 0 non used tables in detached tables.
2025.11.02 19:47:03.670743 [ 1 ] {} <Debug> DatabaseAtomic (system): There are 0 detached tables. Start searching non used tables.
2025.11.02 19:47:03.670793 [ 1 ] {} <Debug> DatabaseAtomic (system): Found 0 non used tables in detached tables.
2025.11.02 19:47:03.670869 [ 1 ] {} <Debug> DatabaseAtomic (system): There are 0 detached tables. Start searching non used tables.
2025.11.02 19:47:03.670939 [ 1 ] {} <Debug> DatabaseAtomic (system): Found 0 non used tables in detached tables.
2025.11.02 19:47:03.671026 [ 1 ] {} <Debug> DatabaseAtomic (system): There are 0 detached tables. Start searching non used tables.
2025.11.02 19:47:03.671078 [ 1 ] {} <Debug> DatabaseAtomic (system): Found 0 non used tables in detached tables.
2025.11.02 19:47:03.671161 [ 1 ] {} <Debug> DatabaseAtomic (system): There are 0 detached tables. Start searching non used tables.
2025.11.02 19:47:03.671206 [ 1 ] {} <Debug> DatabaseAtomic (system): Found 0 non used tables in detached tables.
2025.11.02 19:47:03.671278 [ 1 ] {} <Debug> DatabaseAtomic (system): There are 0 detached tables. Start searching non used tables.
2025.11.02 19:47:03.671313 [ 1 ] {} <Debug> DatabaseAtomic (system): Found 0 non used tables in detached tables.
2025.11.02 19:47:03.671436 [ 1 ] {} <Debug> DatabaseAtomic (system): There are 0 detached tables. Start searching non used tables.
2025.11.02 19:47:03.671473 [ 1 ] {} <Debug> DatabaseAtomic (system): Found 0 non used tables in detached tables.
2025.11.02 19:47:03.671540 [ 1 ] {} <Debug> DatabaseAtomic (system): There are 0 detached tables. Start searching non used tables.
2025.11.02 19:47:03.671592 [ 1 ] {} <Debug> DatabaseAtomic (system): Found 0 non used tables in detached tables.
2025.11.02 19:47:03.671679 [ 1 ] {} <Debug> DatabaseAtomic (system): There are 0 detached tables. Start searching non used tables.
2025.11.02 19:47:03.671727 [ 1 ] {} <Debug> DatabaseAtomic (system): Found 0 non used tables in detached tables.
2025.11.02 19:47:03.671805 [ 1 ] {} <Debug> DatabaseAtomic (system): There are 0 detached tables. Start searching non used tables.
2025.11.02 19:47:03.671855 [ 1 ] {} <Debug> DatabaseAtomic (system): Found 0 non used tables in detached tables.
2025.11.02 19:47:03.671928 [ 1 ] {} <Debug> DatabaseAtomic (system): There are 0 detached tables. Start searching non used tables.
2025.11.02 19:47:03.671984 [ 1 ] {} <Debug> DatabaseAtomic (system): Found 0 non used tables in detached tables.
2025.11.02 19:47:03.672101 [ 1 ] {} <Debug> DatabaseAtomic (system): There are 0 detached tables. Start searching non used tables.
2025.11.02 19:47:03.672150 [ 1 ] {} <Debug> DatabaseAtomic (system): Found 0 non used tables in detached tables.
2025.11.02 19:47:03.672207 [ 1 ] {} <Debug> DatabaseAtomic (system): There are 0 detached tables. Start searching non used tables.
2025.11.02 19:47:03.672234 [ 1 ] {} <Debug> DatabaseAtomic (system): Found 0 non used tables in detached tables.
2025.11.02 19:47:03.672286 [ 1 ] {} <Debug> DatabaseAtomic (system): There are 0 detached tables. Start searching non used tables.
2025.11.02 19:47:03.672312 [ 1 ] {} <Debug> DatabaseAtomic (system): Found 0 non used tables in detached tables.
2025.11.02 19:47:03.672367 [ 1 ] {} <Debug> DatabaseAtomic (system): There are 0 detached tables. Start searching non used tables.
2025.11.02 19:47:03.672423 [ 1 ] {} <Debug> DatabaseAtomic (system): Found 0 non used tables in detached tables.
2025.11.02 19:47:03.672486 [ 1 ] {} <Debug> DatabaseAtomic (system): There are 0 detached tables. Start searching non used tables.
2025.11.02 19:47:03.672519 [ 1 ] {} <Debug> DatabaseAtomic (system): Found 0 non used tables in detached tables.
2025.11.02 19:47:03.672617 [ 1 ] {} <Debug> DatabaseAtomic (system): There are 0 detached tables. Start searching non used tables.
2025.11.02 19:47:03.672670 [ 1 ] {} <Debug> DatabaseAtomic (system): Found 0 non used tables in detached tables.
2025.11.02 19:47:03.672771 [ 1 ] {} <Debug> DatabaseAtomic (system): There are 0 detached tables. Start searching non used tables.
2025.11.02 19:47:03.672831 [ 1 ] {} <Debug> DatabaseAtomic (system): Found 0 non used tables in detached tables.
2025.11.02 19:47:03.673006 [ 1 ] {} <Debug> DatabaseAtomic (system): There are 0 detached tables. Start searching non used tables.
2025.11.02 19:47:03.673063 [ 1 ] {} <Debug> DatabaseAtomic (system): Found 0 non used tables in detached tables.
2025.11.02 19:47:03.673123 [ 1 ] {} <Debug> DatabaseAtomic (system): There are 0 detached tables. Start searching non used tables.
2025.11.02 19:47:03.673169 [ 1 ] {} <Debug> DatabaseAtomic (system): Found 0 non used tables in detached tables.
2025.11.02 19:47:03.673234 [ 1 ] {} <Debug> DatabaseAtomic (system): There are 0 detached tables. Start searching non used tables.
2025.11.02 19:47:03.673284 [ 1 ] {} <Debug> DatabaseAtomic (system): Found 0 non used tables in detached tables.
2025.11.02 19:47:03.673348 [ 1 ] {} <Debug> DatabaseAtomic (system): There are 0 detached tables. Start searching non used tables.
2025.11.02 19:47:03.673379 [ 1 ] {} <Debug> DatabaseAtomic (system): Found 0 non used tables in detached tables.
2025.11.02 19:47:03.673422 [ 1 ] {} <Debug> DatabaseAtomic (system): There are 0 detached tables. Start searching non used tables.
2025.11.02 19:47:03.673458 [ 1 ] {} <Debug> DatabaseAtomic (system): Found 0 non used tables in detached tables.
2025.11.02 19:47:03.673507 [ 1 ] {} <Debug> DatabaseAtomic (system): There are 0 detached tables. Start searching non used tables.
2025.11.02 19:47:03.673548 [ 1 ] {} <Debug> DatabaseAtomic (system): Found 0 non used tables in detached tables.
2025.11.02 19:47:03.673588 [ 1 ] {} <Debug> DatabaseAtomic (system): There are 0 detached tables. Start searching non used tables.
2025.11.02 19:47:03.673620 [ 1 ] {} <Debug> DatabaseAtomic (system): Found 0 non used tables in detached tables.
2025.11.02 19:47:03.673687 [ 1 ] {} <Debug> DatabaseAtomic (system): There are 0 detached tables. Start searching non used tables.
2025.11.02 19:47:03.673729 [ 1 ] {} <Debug> DatabaseAtomic (system): Found 0 non used tables in detached tables.
2025.11.02 19:47:03.673780 [ 1 ] {} <Debug> DatabaseAtomic (system): There are 0 detached tables. Start searching non used tables.
2025.11.02 19:47:03.673838 [ 1 ] {} <Debug> DatabaseAtomic (system): Found 0 non used tables in detached tables.
2025.11.02 19:47:03.673892 [ 1 ] {} <Debug> DatabaseAtomic (system): There are 0 detached tables. Start searching non used tables.
2025.11.02 19:47:03.673921 [ 1 ] {} <Debug> DatabaseAtomic (system): Found 0 non used tables in detached tables.
2025.11.02 19:47:03.674055 [ 1 ] {} <Debug> DatabaseAtomic (system): There are 0 detached tables. Start searching non used tables.
2025.11.02 19:47:03.674126 [ 1 ] {} <Debug> DatabaseAtomic (system): Found 0 non used tables in detached tables.
2025.11.02 19:47:03.674239 [ 1 ] {} <Debug> DatabaseAtomic (system): There are 0 detached tables. Start searching non used tables.
2025.11.02 19:47:03.674283 [ 1 ] {} <Debug> DatabaseAtomic (system): Found 0 non used tables in detached tables.
2025.11.02 19:47:03.674353 [ 1 ] {} <Debug> DatabaseAtomic (system): There are 0 detached tables. Start searching non used tables.
2025.11.02 19:47:03.674407 [ 1 ] {} <Debug> DatabaseAtomic (system): Found 0 non used tables in detached tables.
2025.11.02 19:47:03.674456 [ 1 ] {} <Debug> DatabaseAtomic (system): There are 0 detached tables. Start searching non used tables.
2025.11.02 19:47:03.674519 [ 1 ] {} <Debug> DatabaseAtomic (system): Found 0 non used tables in detached tables.
2025.11.02 19:47:03.674600 [ 1 ] {} <Debug> DatabaseAtomic (system): There are 0 detached tables. Start searching non used tables.
2025.11.02 19:47:03.674663 [ 1 ] {} <Debug> DatabaseAtomic (system): Found 0 non used tables in detached tables.
2025.11.02 19:47:03.674749 [ 1 ] {} <Debug> DatabaseAtomic (system): There are 0 detached tables. Start searching non used tables.
2025.11.02 19:47:03.674806 [ 1 ] {} <Debug> DatabaseAtomic (system): Found 0 non used tables in detached tables.
2025.11.02 19:47:03.674885 [ 1 ] {} <Debug> DatabaseAtomic (system): There are 0 detached tables. Start searching non used tables.
2025.11.02 19:47:03.674939 [ 1 ] {} <Debug> DatabaseAtomic (system): Found 0 non used tables in detached tables.
2025.11.02 19:47:03.675006 [ 1 ] {} <Debug> DatabaseAtomic (system): There are 0 detached tables. Start searching non used tables.
2025.11.02 19:47:03.675058 [ 1 ] {} <Debug> DatabaseAtomic (system): Found 0 non used tables in detached tables.
2025.11.02 19:47:03.675212 [ 1 ] {} <Debug> DatabaseAtomic (system): There are 0 detached tables. Start searching non used tables.
2025.11.02 19:47:03.675269 [ 1 ] {} <Debug> DatabaseAtomic (system): Found 0 non used tables in detached tables.
2025.11.02 19:47:03.675403 [ 1 ] {} <Debug> DatabaseAtomic (system): There are 0 detached tables. Start searching non used tables.
2025.11.02 19:47:03.675441 [ 1 ] {} <Debug> DatabaseAtomic (system): Found 0 non used tables in detached tables.
2025.11.02 19:47:03.675508 [ 1 ] {} <Debug> DatabaseAtomic (system): There are 0 detached tables. Start searching non used tables.
2025.11.02 19:47:03.675573 [ 1 ] {} <Debug> DatabaseAtomic (system): Found 0 non used tables in detached tables.
2025.11.02 19:47:03.675689 [ 1 ] {} <Debug> DatabaseAtomic (system): There are 0 detached tables. Start searching non used tables.
2025.11.02 19:47:03.675726 [ 1 ] {} <Debug> DatabaseAtomic (system): Found 0 non used tables in detached tables.
2025.11.02 19:47:03.675839 [ 1 ] {} <Debug> DatabaseAtomic (system): There are 0 detached tables. Start searching non used tables.
2025.11.02 19:47:03.675891 [ 1 ] {} <Debug> DatabaseAtomic (system): Found 0 non used tables in detached tables.
2025.11.02 19:47:03.675970 [ 1 ] {} <Debug> DatabaseAtomic (system): There are 0 detached tables. Start searching non used tables.
2025.11.02 19:47:03.676002 [ 1 ] {} <Debug> DatabaseAtomic (system): Found 0 non used tables in detached tables.
2025.11.02 19:47:03.676050 [ 1 ] {} <Debug> DatabaseAtomic (system): There are 0 detached tables. Start searching non used tables.
2025.11.02 19:47:03.676077 [ 1 ] {} <Debug> DatabaseAtomic (system): Found 0 non used tables in detached tables.
2025.11.02 19:47:03.676191 [ 1 ] {} <Debug> DatabaseAtomic (system): There are 0 detached tables. Start searching non used tables.
2025.11.02 19:47:03.676238 [ 1 ] {} <Debug> DatabaseAtomic (system): Found 0 non used tables in detached tables.
2025.11.02 19:47:03.676314 [ 1 ] {} <Debug> DatabaseAtomic (system): There are 0 detached tables. Start searching non used tables.
2025.11.02 19:47:03.676346 [ 1 ] {} <Debug> DatabaseAtomic (system): Found 0 non used tables in detached tables.
2025.11.02 19:47:03.676392 [ 1 ] {} <Debug> DatabaseAtomic (system): There are 0 detached tables. Start searching non used tables.
2025.11.02 19:47:03.676419 [ 1 ] {} <Debug> DatabaseAtomic (system): Found 0 non used tables in detached tables.
2025.11.02 19:47:03.676471 [ 1 ] {} <Debug> DatabaseAtomic (system): There are 0 detached tables. Start searching non used tables.
2025.11.02 19:47:03.676497 [ 1 ] {} <Debug> DatabaseAtomic (system): Found 0 non used tables in detached tables.
2025.11.02 19:47:03.676536 [ 1 ] {} <Debug> DatabaseAtomic (system): There are 0 detached tables. Start searching non used tables.
2025.11.02 19:47:03.676561 [ 1 ] {} <Debug> DatabaseAtomic (system): Found 0 non used tables in detached tables.
2025.11.02 19:47:03.676630 [ 1 ] {} <Debug> DatabaseAtomic (system): There are 0 detached tables. Start searching non used tables.
2025.11.02 19:47:03.676655 [ 1 ] {} <Debug> DatabaseAtomic (system): Found 0 non used tables in detached tables.
2025.11.02 19:47:03.676762 [ 1 ] {} <Debug> DatabaseAtomic (system): There are 0 detached tables. Start searching non used tables.
2025.11.02 19:47:03.676798 [ 1 ] {} <Debug> DatabaseAtomic (system): Found 0 non used tables in detached tables.
2025.11.02 19:47:03.676863 [ 1 ] {} <Debug> DatabaseAtomic (system): There are 0 detached tables. Start searching non used tables.
2025.11.02 19:47:03.676891 [ 1 ] {} <Debug> DatabaseAtomic (system): Found 0 non used tables in detached tables.
2025.11.02 19:47:03.676949 [ 1 ] {} <Debug> DatabaseAtomic (system): There are 0 detached tables. Start searching non used tables.
2025.11.02 19:47:03.677000 [ 1 ] {} <Debug> DatabaseAtomic (system): Found 0 non used tables in detached tables.
2025.11.02 19:47:03.677054 [ 1 ] {} <Debug> DatabaseAtomic (system): There are 0 detached tables. Start searching non used tables.
2025.11.02 19:47:03.677081 [ 1 ] {} <Debug> DatabaseAtomic (system): Found 0 non used tables in detached tables.
2025.11.02 19:47:03.677146 [ 1 ] {} <Debug> DatabaseAtomic (system): There are 0 detached tables. Start searching non used tables.
2025.11.02 19:47:03.677174 [ 1 ] {} <Debug> DatabaseAtomic (system): Found 0 non used tables in detached tables.
2025.11.02 19:47:03.677217 [ 1 ] {} <Debug> DatabaseAtomic (system): There are 0 detached tables. Start searching non used tables.
2025.11.02 19:47:03.677244 [ 1 ] {} <Debug> DatabaseAtomic (system): Found 0 non used tables in detached tables.
2025.11.02 19:47:03.677300 [ 1 ] {} <Debug> DatabaseAtomic (system): There are 0 detached tables. Start searching non used tables.
2025.11.02 19:47:03.677328 [ 1 ] {} <Debug> DatabaseAtomic (system): Found 0 non used tables in detached tables.
2025.11.02 19:47:03.677372 [ 1 ] {} <Debug> DatabaseAtomic (system): There are 0 detached tables. Start searching non used tables.
2025.11.02 19:47:03.677398 [ 1 ] {} <Debug> DatabaseAtomic (system): Found 0 non used tables in detached tables.
2025.11.02 19:47:03.677434 [ 1 ] {} <Debug> DatabaseAtomic (system): There are 0 detached tables. Start searching non used tables.
2025.11.02 19:47:03.677459 [ 1 ] {} <Debug> DatabaseAtomic (system): Found 0 non used tables in detached tables.
2025.11.02 19:47:03.677501 [ 1 ] {} <Debug> DatabaseAtomic (system): There are 0 detached tables. Start searching non used tables.
2025.11.02 19:47:03.677525 [ 1 ] {} <Debug> DatabaseAtomic (system): Found 0 non used tables in detached tables.
2025.11.02 19:47:03.677564 [ 1 ] {} <Debug> DatabaseAtomic (system): There are 0 detached tables. Start searching non used tables.
2025.11.02 19:47:03.677589 [ 1 ] {} <Debug> DatabaseAtomic (system): Found 0 non used tables in detached tables.
2025.11.02 19:47:03.677627 [ 1 ] {} <Debug> DatabaseAtomic (system): There are 0 detached tables. Start searching non used tables.
2025.11.02 19:47:03.677652 [ 1 ] {} <Debug> DatabaseAtomic (system): Found 0 non used tables in detached tables.
2025.11.02 19:47:03.677693 [ 1 ] {} <Debug> DatabaseAtomic (system): There are 0 detached tables. Start searching non used tables.
2025.11.02 19:47:03.677719 [ 1 ] {} <Debug> DatabaseAtomic (system): Found 0 non used tables in detached tables.
2025.11.02 19:47:03.677774 [ 1 ] {} <Debug> DatabaseAtomic (system): There are 0 detached tables. Start searching non used tables.
2025.11.02 19:47:03.677799 [ 1 ] {} <Debug> DatabaseAtomic (system): Found 0 non used tables in detached tables.
2025.11.02 19:47:03.677835 [ 1 ] {} <Debug> DatabaseAtomic (system): There are 0 detached tables. Start searching non used tables.
2025.11.02 19:47:03.677860 [ 1 ] {} <Debug> DatabaseAtomic (system): Found 0 non used tables in detached tables.
2025.11.02 19:47:03.677896 [ 1 ] {} <Debug> DatabaseAtomic (system): There are 0 detached tables. Start searching non used tables.
2025.11.02 19:47:03.677921 [ 1 ] {} <Debug> DatabaseAtomic (system): Found 0 non used tables in detached tables.
2025.11.02 19:47:03.678014 [ 1 ] {} <Debug> DatabaseAtomic (system): There are 0 detached tables. Start searching non used tables.
2025.11.02 19:47:03.678093 [ 1 ] {} <Debug> DatabaseAtomic (system): Found 0 non used tables in detached tables.
2025.11.02 19:47:03.678150 [ 1 ] {} <Debug> DatabaseAtomic (system): There are 0 detached tables. Start searching non used tables.
2025.11.02 19:47:03.678177 [ 1 ] {} <Debug> DatabaseAtomic (system): Found 0 non used tables in detached tables.
2025.11.02 19:47:03.678217 [ 1 ] {} <Debug> DatabaseAtomic (system): There are 0 detached tables. Start searching non used tables.
2025.11.02 19:47:03.678243 [ 1 ] {} <Debug> DatabaseAtomic (system): Found 0 non used tables in detached tables.
2025.11.02 19:47:03.678295 [ 1 ] {} <Debug> DatabaseAtomic (system): There are 0 detached tables. Start searching non used tables.
2025.11.02 19:47:03.678322 [ 1 ] {} <Debug> DatabaseAtomic (system): Found 0 non used tables in detached tables.
2025.11.02 19:47:03.678379 [ 1 ] {} <Debug> DatabaseAtomic (system): There are 0 detached tables. Start searching non used tables.
2025.11.02 19:47:03.678404 [ 1 ] {} <Debug> DatabaseAtomic (system): Found 0 non used tables in detached tables.
2025.11.02 19:47:03.678456 [ 1 ] {} <Debug> DatabaseAtomic (system): There are 0 detached tables. Start searching non used tables.
2025.11.02 19:47:03.678492 [ 1 ] {} <Debug> DatabaseAtomic (system): Found 0 non used tables in detached tables.
2025.11.02 19:47:03.678544 [ 1 ] {} <Debug> DatabaseAtomic (system): There are 0 detached tables. Start searching non used tables.
2025.11.02 19:47:03.678578 [ 1 ] {} <Debug> DatabaseAtomic (system): Found 0 non used tables in detached tables.
2025.11.02 19:47:03.678632 [ 1 ] {} <Debug> DatabaseAtomic (system): There are 0 detached tables. Start searching non used tables.
2025.11.02 19:47:03.678695 [ 1 ] {} <Debug> DatabaseAtomic (system): Found 0 non used tables in detached tables.
2025.11.02 19:47:03.678787 [ 1 ] {} <Debug> DatabaseAtomic (system): There are 0 detached tables. Start searching non used tables.
2025.11.02 19:47:03.678842 [ 1 ] {} <Debug> DatabaseAtomic (system): Found 0 non used tables in detached tables.
2025.11.02 19:47:03.678897 [ 1 ] {} <Debug> DatabaseAtomic (system): There are 0 detached tables. Start searching non used tables.
2025.11.02 19:47:03.678932 [ 1 ] {} <Debug> DatabaseAtomic (system): Found 0 non used tables in detached tables.
2025.11.02 19:47:03.678987 [ 1 ] {} <Debug> DatabaseAtomic (system): There are 0 detached tables. Start searching non used tables.
2025.11.02 19:47:03.679030 [ 1 ] {} <Debug> DatabaseAtomic (system): Found 0 non used tables in detached tables.
2025.11.02 19:47:03.679096 [ 1 ] {} <Debug> DatabaseAtomic (system): There are 0 detached tables. Start searching non used tables.
2025.11.02 19:47:03.679131 [ 1 ] {} <Debug> DatabaseAtomic (system): Found 0 non used tables in detached tables.
2025.11.02 19:47:03.679183 [ 1 ] {} <Debug> DatabaseAtomic (system): There are 0 detached tables. Start searching non used tables.
2025.11.02 19:47:03.679218 [ 1 ] {} <Debug> DatabaseAtomic (system): Found 0 non used tables in detached tables.
2025.11.02 19:47:03.679269 [ 1 ] {} <Debug> DatabaseAtomic (system): There are 0 detached tables. Start searching non used tables.
2025.11.02 19:47:03.679297 [ 1 ] {} <Debug> DatabaseAtomic (system): Found 0 non used tables in detached tables.
2025.11.02 19:47:03.679342 [ 1 ] {} <Debug> DatabaseAtomic (system): There are 0 detached tables. Start searching non used tables.
2025.11.02 19:47:03.679368 [ 1 ] {} <Debug> DatabaseAtomic (system): Found 0 non used tables in detached tables.
2025.11.02 19:47:03.679423 [ 1 ] {} <Debug> DatabaseAtomic (system): There are 0 detached tables. Start searching non used tables.
2025.11.02 19:47:03.679452 [ 1 ] {} <Debug> DatabaseAtomic (system): Found 0 non used tables in detached tables.
2025.11.02 19:47:03.679520 [ 1 ] {} <Debug> DatabaseAtomic (system): There are 0 detached tables. Start searching non used tables.
2025.11.02 19:47:03.679580 [ 1 ] {} <Debug> DatabaseAtomic (system): Found 0 non used tables in detached tables.
2025.11.02 19:47:03.682507 [ 1 ] {} <Information> DatabaseCatalog: Found 0 partially dropped tables. Will load them and retry removal.
2025.11.02 19:47:03.683387 [ 1 ] {} <Information> DatabaseAtomic (default): Metadata processed, database default has 0 tables and 0 dictionaries in total.
2025.11.02 19:47:03.683446 [ 1 ] {} <Information> TablesLoader: Parsed metadata of 0 tables in 1 databases in 6.8167e-05 sec
2025.11.02 19:47:03.683500 [ 1 ] {} <Information> loadMetadata: Start asynchronous loading of databases
2025.11.02 19:47:03.683530 [ 1 ] {} <Debug> AsyncLoader: Schedule load job 'startup Ordinary database default' into BackgrndStartup
2025.11.02 19:47:03.683558 [ 1 ] {} <Debug> AsyncLoader: Schedule load job 'startup Atomic database default' into BackgrndStartup
2025.11.02 19:47:03.683592 [ 1 ] {} <Debug> AsyncLoader: Change current priority: none -> 2
2025.11.02 19:47:03.683623 [ 1 ] {} <Debug> AsyncLoader: Spawn loader worker #1 in BackgrndStartup
2025.11.02 19:47:03.683749 [ 1 ] {} <Information> UserDefinedSQLObjectsLoaderFromDisk: Loading user defined objects from /var/lib/clickhouse/user_defined/
2025.11.02 19:47:03.683811 [ 1 ] {} <Debug> UserDefinedSQLObjectsLoaderFromDisk: The directory for user defined objects (/var/lib/clickhouse/user_defined/) does not exist: nothing to load
2025.11.02 19:47:03.683876 [ 1 ] {} <Information> WorkloadEntityDiskStorage: Loading workload entities from /var/lib/clickhouse/workload/
2025.11.02 19:47:03.683927 [ 1 ] {} <Debug> WorkloadEntityDiskStorage: The directory for workload entities (/var/lib/clickhouse/workload/) does not exist: nothing to load
2025.11.02 19:47:03.683927 [ 730 ] {} <Debug> AsyncLoader: Execute load job 'startup Ordinary database default' in BackgrndStartup
2025.11.02 19:47:03.684080 [ 730 ] {} <Debug> AsyncLoader: Finish load job 'startup Ordinary database default' with status OK
2025.11.02 19:47:03.684143 [ 730 ] {} <Debug> AsyncLoader: Spawn loader worker #2 in BackgrndStartup
2025.11.02 19:47:03.684248 [ 730 ] {} <Debug> AsyncLoader: Execute load job 'startup Atomic database default' in BackgrndStartup
2025.11.02 19:47:03.684300 [ 730 ] {} <Debug> AsyncLoader: Finish load job 'startup Atomic database default' with status OK
2025.11.02 19:47:03.684351 [ 730 ] {} <Debug> AsyncLoader: Stop worker in BackgrndStartup
2025.11.02 19:47:03.684425 [ 731 ] {} <Debug> AsyncLoader: Stop worker in BackgrndStartup
2025.11.02 19:47:03.684494 [ 731 ] {} <Debug> AsyncLoader: Change current priority: 2 -> none
2025.11.02 19:47:03.685837 [ 1 ] {} <Information> ZooKeeperClient: Connected to ZooKeeper at 172.19.0.2:2181 with session_id 72057596994191363
2025.11.02 19:47:03.687462 [ 1 ] {} <Information> ZooKeeperClient: Keeper feature flag FILTERED_LIST: disabled
2025.11.02 19:47:03.687532 [ 1 ] {} <Information> ZooKeeperClient: Keeper feature flag MULTI_READ: disabled
2025.11.02 19:47:03.687573 [ 1 ] {} <Information> ZooKeeperClient: Keeper feature flag CHECK_NOT_EXISTS: disabled
2025.11.02 19:47:03.687618 [ 1 ] {} <Information> ZooKeeperClient: Keeper feature flag CREATE_IF_NOT_EXISTS: disabled
2025.11.02 19:47:03.687657 [ 1 ] {} <Information> ZooKeeperClient: Keeper feature flag REMOVE_RECURSIVE: disabled
2025.11.02 19:47:03.689721 [ 1 ] {} <Debug> Application: Loaded metadata.
2025.11.02 19:47:03.689781 [ 1 ] {} <Information> Application: Tasks stats provider: procfs
2025.11.02 19:47:03.689811 [ 1 ] {} <Information> Application: It looks like the process has no CAP_SYS_NICE capability, the setting 'os_thread_priority' will have no effect. It could happen due to incorrect ClickHouse package installation. You could resolve the problem manually with 'sudo setcap cap_sys_nice=+ep /usr/bin/clickhouse'. Note that it will not work on 'nosuid' mounted filesystems.
2025.11.02 19:47:03.689877 [ 1 ] {} <Debug> DatabaseAtomic (system): There are 0 detached tables. Start searching non used tables.
2025.11.02 19:47:03.689906 [ 1 ] {} <Debug> DatabaseAtomic (system): Found 0 non used tables in detached tables.
2025.11.02 19:47:03.690059 [ 1 ] {} <Warning> Application: Listen [::]:8123 failed: Poco::Exception. Code: 1000, e.code() = 0, DNS error: EAI: Address family for hostname not supported (version 25.3.7.194 (official build)). If it is an IPv6 or IPv4 address and your host has disabled IPv6 or IPv4, then consider to specify not disabled IPv4 or IPv6 address to listen in <listen_host> element of configuration file. Example for disabled IPv6: <listen_host>0.0.0.0</listen_host> . Example for disabled IPv4: <listen_host>::</listen_host>
2025.11.02 19:47:03.690150 [ 1 ] {} <Warning> Application: Listen [::]:9000 failed: Poco::Exception. Code: 1000, e.code() = 0, DNS error: EAI: Address family for hostname not supported (version 25.3.7.194 (official build)). If it is an IPv6 or IPv4 address and your host has disabled IPv6 or IPv4, then consider to specify not disabled IPv4 or IPv6 address to listen in <listen_host> element of configuration file. Example for disabled IPv6: <listen_host>0.0.0.0</listen_host> . Example for disabled IPv4: <listen_host>::</listen_host>
2025.11.02 19:47:03.690238 [ 1 ] {} <Warning> Application: Listen [::]:8001 failed: Poco::Exception. Code: 1000, e.code() = 0, DNS error: EAI: Address family for hostname not supported (version 25.3.7.194 (official build)). If it is an IPv6 or IPv4 address and your host has disabled IPv6 or IPv4, then consider to specify not disabled IPv4 or IPv6 address to listen in <listen_host> element of configuration file. Example for disabled IPv6: <listen_host>0.0.0.0</listen_host> . Example for disabled IPv4: <listen_host>::</listen_host>
2025.11.02 19:47:03.690357 [ 1 ] {} <Information> CertificateReloader: One of paths is empty. Cannot apply new configuration for certificates. Fill all paths and try again.
2025.11.02 19:47:03.690392 [ 1 ] {} <Information> CertificateReloader: One of paths is empty. Cannot apply new configuration for certificates. Fill all paths and try again.
2025.11.02 19:47:03.691790 [ 1 ] {} <Debug> AsyncLoader: Schedule load job 'startup ddl worker' into BackgrndStartup
2025.11.02 19:47:03.691841 [ 1 ] {} <Debug> AsyncLoader: Change current priority: none -> 2
2025.11.02 19:47:03.691868 [ 1 ] {} <Debug> AsyncLoader: Spawn loader worker #1 in BackgrndStartup
2025.11.02 19:47:03.691953 [ 1 ] {} <Information> Application: Listening for http://0.0.0.0:8123
2025.11.02 19:47:03.692142 [ 1 ] {} <Information> Application: Listening for native protocol (tcp): 0.0.0.0:9000
2025.11.02 19:47:03.692247 [ 1 ] {} <Information> Application: Listening for Prometheus: http://0.0.0.0:8001
2025.11.02 19:47:03.692296 [ 1 ] {} <Information> Application: Ready for connections.
2025.11.02 19:47:03.693184 [ 737 ] {} <Debug> AsyncLoader: Execute load job 'startup ddl worker' in BackgrndStartup
2025.11.02 19:47:03.693351 [ 738 ] {} <Debug> DDLWorker: Starting DDLWorker thread
2025.11.02 19:47:03.693407 [ 738 ] {} <Debug> DDLWorker: Initializing DDLWorker thread
2025.11.02 19:47:03.693405 [ 737 ] {} <Debug> AsyncLoader: Finish load job 'startup ddl worker' with status OK
2025.11.02 19:47:03.693534 [ 737 ] {} <Debug> AsyncLoader: Stop worker in BackgrndStartup
2025.11.02 19:47:03.693588 [ 737 ] {} <Debug> AsyncLoader: Change current priority: 2 -> none
2025.11.02 19:47:03.693434 [ 742 ] {} <Debug> DDLWorker: Started DDLWorker cleanup thread
2025.11.02 19:47:03.697260 [ 738 ] {} <Debug> DDLWorker: Initialized DDLWorker thread
2025.11.02 19:47:03.697338 [ 742 ] {} <Debug> DDLWorker: Cleaning queue
2025.11.02 19:47:03.698885 [ 738 ] {} <Debug> DDLWorker: Scheduling tasks
2025.11.02 19:47:03.699266 [ 738 ] {} <Debug> DDLWorker: No tasks to schedule
2025.11.02 19:47:03.699320 [ 738 ] {} <Debug> DDLWorker: Waiting for queue updates
2025.11.02 19:47:03.733969 [ 81 ] {} <Information> TCPHandler: Client has not sent any data.
2025.11.02 19:47:03.734218 [ 81 ] {} <Debug> TCPHandler: Done processing connection.
2025.11.02 19:47:04.057013 [ 738 ] {} <Debug> DDLWorker: Scheduling tasks
2025.11.02 19:47:04.058894 [ 738 ] {} <Debug> DDLWorker: Will schedule 1 tasks starting from query-0000000000
2025.11.02 19:47:04.060377 [ 738 ] {} <Debug> DDLWorker: Processing task query-0000000000 (query: CREATE DATABASE IF NOT EXISTS db_w UUID '593d77a3-bdd8-4bf3-b577-1262a156f505', backup restore: false)
2025.11.02 19:47:04.061753 [ 738 ] {} <Debug> DDLWorker: Executing query: CREATE DATABASE IF NOT EXISTS db_w UUID '593d77a3-bdd8-4bf3-b577-1262a156f505'
2025.11.02 19:47:04.062122 [ 738 ] {4fb97aef-4352-4da6-b6d3-0cced698d93e} <Debug> executeQuery: (from 0.0.0.0:0, user: , initial_query_id: db327c58-1dc1-4ea3-87fc-650068d20381) /* ddl_entry=query-0000000000 */ CREATE DATABASE IF NOT EXISTS db_w UUID '593d77a3-bdd8-4bf3-b577-1262a156f505' (stage: Complete)
2025.11.02 19:47:04.062768 [ 738 ] {4fb97aef-4352-4da6-b6d3-0cced698d93e} <Information> DatabaseAtomic (db_w): Metadata processed, database db_w has 0 tables and 0 dictionaries in total.
2025.11.02 19:47:04.062816 [ 738 ] {4fb97aef-4352-4da6-b6d3-0cced698d93e} <Information> TablesLoader: Parsed metadata of 0 tables in 1 databases in 5.5875e-05 sec
2025.11.02 19:47:04.062878 [ 738 ] {4fb97aef-4352-4da6-b6d3-0cced698d93e} <Debug> AsyncLoader: Prioritize load job 'startup Atomic database db_w': BackgrndStartup -> ForegroundLoad
2025.11.02 19:47:04.062926 [ 738 ] {4fb97aef-4352-4da6-b6d3-0cced698d93e} <Debug> AsyncLoader: Prioritize load job 'startup Ordinary database db_w': BackgrndStartup -> ForegroundLoad
2025.11.02 19:47:04.062975 [ 738 ] {4fb97aef-4352-4da6-b6d3-0cced698d93e} <Debug> AsyncLoader: Schedule load job 'startup Ordinary database db_w' into ForegroundLoad
2025.11.02 19:47:04.063063 [ 738 ] {4fb97aef-4352-4da6-b6d3-0cced698d93e} <Debug> AsyncLoader: Schedule load job 'startup Atomic database db_w' into ForegroundLoad
2025.11.02 19:47:04.063111 [ 738 ] {4fb97aef-4352-4da6-b6d3-0cced698d93e} <Debug> AsyncLoader: Change current priority: none -> 0
2025.11.02 19:47:04.063189 [ 738 ] {4fb97aef-4352-4da6-b6d3-0cced698d93e} <Debug> AsyncLoader: Spawn loader worker #1 in ForegroundLoad
2025.11.02 19:47:04.063281 [ 738 ] {4fb97aef-4352-4da6-b6d3-0cced698d93e} <Debug> AsyncLoader: Wait load job 'startup Atomic database db_w' in ForegroundLoad
2025.11.02 19:47:04.063319 [ 743 ] {} <Debug> AsyncLoader: Execute load job 'startup Ordinary database db_w' in ForegroundLoad
2025.11.02 19:47:04.063458 [ 743 ] {} <Debug> AsyncLoader: Finish load job 'startup Ordinary database db_w' with status OK
2025.11.02 19:47:04.063517 [ 743 ] {} <Debug> AsyncLoader: Spawn loader worker #2 in ForegroundLoad
2025.11.02 19:47:04.063696 [ 743 ] {} <Debug> AsyncLoader: Execute load job 'startup Atomic database db_w' in ForegroundLoad
2025.11.02 19:47:04.063781 [ 743 ] {} <Debug> AsyncLoader: Finish load job 'startup Atomic database db_w' with status OK
2025.11.02 19:47:04.063856 [ 743 ] {} <Debug> AsyncLoader: Stop worker in ForegroundLoad
2025.11.02 19:47:04.063931 [ 737 ] {} <Debug> AsyncLoader: Stop worker in ForegroundLoad
2025.11.02 19:47:04.064040 [ 737 ] {} <Debug> AsyncLoader: Change current priority: 0 -> none
2025.11.02 19:47:04.063933 [ 738 ] {4fb97aef-4352-4da6-b6d3-0cced698d93e} <Debug> DDLWorker: Executed query: /* ddl_entry=query-0000000000 */ CREATE DATABASE IF NOT EXISTS db_w UUID '593d77a3-bdd8-4bf3-b577-1262a156f505'
2025.11.02 19:47:04.066345 [ 738 ] {} <Debug> DDLWorker: Waiting for queue updates
2025.11.02 19:47:04.134083 [ 738 ] {} <Debug> DDLWorker: Scheduling tasks
2025.11.02 19:47:04.134932 [ 738 ] {} <Debug> DDLWorker: Will schedule 1 tasks starting from query-0000000001
2025.11.02 19:47:04.135893 [ 738 ] {} <Debug> DDLWorker: Processing task query-0000000001 (query: CREATE TABLE db_w.t_dist_local UUID '76342c53-abaf-40f2-89fb-5cd7dd6d0b17' (`create_time` DateTime, `y` Int32 COMMENT 'shard key', `m` Int32 COMMENT 'part key', `id` Int64 COMMENT 'sort key', `value` Nullable(String)) ENGINE = MergeTree PARTITION BY m ORDER BY id SETTINGS index_granularity = 8192, backup restore: false)
2025.11.02 19:47:04.136882 [ 738 ] {} <Debug> DDLWorker: Executing query: CREATE TABLE db_w.t_dist_local UUID '76342c53-abaf-40f2-89fb-5cd7dd6d0b17' (`create_time` DateTime, `y` Int32 COMMENT 'shard key', `m` Int32 COMMENT 'part key', `id` Int64 COMMENT 'sort key', `value` Nullable(String)) ENGINE = MergeTree PARTITION BY m ORDER BY id SETTINGS index_granularity = 8192
2025.11.02 19:47:04.137466 [ 738 ] {202080d1-2c56-4445-bb69-cdf56ccc4383} <Debug> executeQuery: (from 0.0.0.0:0, user: , initial_query_id: 7e3f2d2f-b4b4-436e-b188-c9587383c27c) /* ddl_entry=query-0000000001 */ CREATE TABLE db_w.t_dist_local UUID '76342c53-abaf-40f2-89fb-5cd7dd6d0b17' (`create_time` DateTime, `y` Int32 COMMENT 'shard key', `m` Int32 COMMENT 'part key', `id` Int64 COMMENT 'sort key', `value` Nullable(String)) ENGINE = MergeTree PARTITION BY m ORDER BY id SETTINGS index_granularity = 8192 (stage: Complete)
2025.11.02 19:47:04.138976 [ 738 ] {202080d1-2c56-4445-bb69-cdf56ccc4383} <Debug> db_w.t_dist_local (76342c53-abaf-40f2-89fb-5cd7dd6d0b17): Loading data parts
2025.11.02 19:47:04.139698 [ 738 ] {202080d1-2c56-4445-bb69-cdf56ccc4383} <Debug> db_w.t_dist_local (76342c53-abaf-40f2-89fb-5cd7dd6d0b17): There are no data parts
2025.11.02 19:47:04.140422 [ 738 ] {202080d1-2c56-4445-bb69-cdf56ccc4383} <Debug> DatabaseAtomic (db_w): There are 0 detached tables. Start searching non used tables.
2025.11.02 19:47:04.140486 [ 738 ] {202080d1-2c56-4445-bb69-cdf56ccc4383} <Debug> DatabaseAtomic (db_w): Found 0 non used tables in detached tables.
2025.11.02 19:47:04.140739 [ 738 ] {202080d1-2c56-4445-bb69-cdf56ccc4383} <Debug> DDLWorker: Executed query: /* ddl_entry=query-0000000001 */ CREATE TABLE db_w.t_dist_local UUID '76342c53-abaf-40f2-89fb-5cd7dd6d0b17' (`create_time` DateTime, `y` Int32 COMMENT 'shard key', `m` Int32 COMMENT 'part key', `id` Int64 COMMENT 'sort key', `value` Nullable(String)) ENGINE = MergeTree PARTITION BY m ORDER BY id SETTINGS index_granularity = 8192
2025.11.02 19:47:04.142749 [ 738 ] {} <Debug> DDLWorker: Waiting for queue updates
2025.11.02 19:47:04.197891 [ 738 ] {} <Debug> DDLWorker: Scheduling tasks
2025.11.02 19:47:04.198349 [ 738 ] {} <Debug> DDLWorker: Will schedule 1 tasks starting from query-0000000002
2025.11.02 19:47:04.199363 [ 738 ] {} <Debug> DDLWorker: Processing task query-0000000002 (query: CREATE TABLE db_w.t_dist UUID '7b6e73c0-0bdc-4cd3-8505-7d01311ca3f8' (`create_time` DateTime, `y` Int32 COMMENT 'shard key', `m` Int32 COMMENT 'part key', `id` Int64 COMMENT 'sort key', `value` Nullable(String)) ENGINE = Distributed(single_replica, 'db_w', 't_dist_local', y), backup restore: false)
2025.11.02 19:47:04.200792 [ 738 ] {} <Debug> DDLWorker: Executing query: CREATE TABLE db_w.t_dist UUID '7b6e73c0-0bdc-4cd3-8505-7d01311ca3f8' (`create_time` DateTime, `y` Int32 COMMENT 'shard key', `m` Int32 COMMENT 'part key', `id` Int64 COMMENT 'sort key', `value` Nullable(String)) ENGINE = Distributed(single_replica, 'db_w', 't_dist_local', y)
2025.11.02 19:47:04.200941 [ 738 ] {fcf630c1-963e-478b-8e47-16cd7d94223c} <Debug> executeQuery: (from 0.0.0.0:0, user: , initial_query_id: 98592e15-2e01-4898-84b8-66e622382a8c) /* ddl_entry=query-0000000002 */ CREATE TABLE db_w.t_dist UUID '7b6e73c0-0bdc-4cd3-8505-7d01311ca3f8' (`create_time` DateTime, `y` Int32 COMMENT 'shard key', `m` Int32 COMMENT 'part key', `id` Int64 COMMENT 'sort key', `value` Nullable(String)) ENGINE = Distributed(single_replica, 'db_w', 't_dist_local', y) (stage: Complete)
2025.11.02 19:47:04.201409 [ 738 ] {fcf630c1-963e-478b-8e47-16cd7d94223c} <Debug> StorageDistributed (t_dist): Auto-increment is 0
2025.11.02 19:47:04.202143 [ 738 ] {fcf630c1-963e-478b-8e47-16cd7d94223c} <Debug> DatabaseAtomic (db_w): There are 0 detached tables. Start searching non used tables.
2025.11.02 19:47:04.202170 [ 738 ] {fcf630c1-963e-478b-8e47-16cd7d94223c} <Debug> DatabaseAtomic (db_w): Found 0 non used tables in detached tables.
2025.11.02 19:47:04.202455 [ 738 ] {fcf630c1-963e-478b-8e47-16cd7d94223c} <Debug> DDLWorker: Executed query: /* ddl_entry=query-0000000002 */ CREATE TABLE db_w.t_dist UUID '7b6e73c0-0bdc-4cd3-8505-7d01311ca3f8' (`create_time` DateTime, `y` Int32 COMMENT 'shard key', `m` Int32 COMMENT 'part key', `id` Int64 COMMENT 'sort key', `value` Nullable(String)) ENGINE = Distributed(single_replica, 'db_w', 't_dist_local', y)
2025.11.02 19:47:04.204316 [ 738 ] {} <Debug> DDLWorker: Waiting for queue updates
2025.11.02 19:47:04.257365 [ 81 ] {} <Debug> TCPHandler: Connected ClickHouse server version 25.3.0, revision: 54476, user: default.
2025.11.02 19:47:04.258197 [ 81 ] {} <Debug> TCP-Session-6ec6a05d-10df-49e4-acda-fe3c27aca15f: Authenticating user 'default' from 172.19.0.3:36728
2025.11.02 19:47:04.258645 [ 81 ] {} <Debug> TCP-Session-6ec6a05d-10df-49e4-acda-fe3c27aca15f: 6ec6a05d-10df-49e4-acda-fe3c27aca15f Authenticated with global context as user 94309d50-4f52-5250-31bd-74fecac179db
2025.11.02 19:47:04.258744 [ 81 ] {} <Debug> TCP-Session-6ec6a05d-10df-49e4-acda-fe3c27aca15f: Creating session context with user_id: 94309d50-4f52-5250-31bd-74fecac179db
2025.11.02 19:47:04.261736 [ 81 ] {6f53612e-3d2a-422c-a58c-cc7028f9854a} <Debug> executeQuery: (from 172.19.0.3:36728, initial_query_id: a7941663-2b75-4002-af1d-0225b7456806) SELECT `__table1`.`create_time` AS `create_time`, `__table1`.`y` AS `y`, `__table1`.`m` AS `m`, `__table1`.`id` AS `id`, `__table1`.`value` AS `value` FROM `db_w`.`t_dist_local` AS `__table1` WHERE _CAST(0, 'UInt8') (stage: Complete)
2025.11.02 19:47:04.262645 [ 81 ] {6f53612e-3d2a-422c-a58c-cc7028f9854a} <Debug> TCPHandler: Processed in 0.001440625 sec.
2025.11.02 19:47:04.306581 [ 81 ] {4a8ddd49-7e3e-4566-b8d1-a20fe32c0530} <Debug> executeQuery: (from 172.19.0.3:36728, initial_query_id: 0e64d11e-6636-4123-8734-2f87fb1ec47f) SELECT `__table1`.`create_time` AS `create_time`, `__table1`.`y` AS `y`, `__table1`.`m` AS `m`, `__table1`.`id` AS `id`, `__table1`.`value` AS `value` FROM `db_w`.`t_dist_local` AS `__table1` WHERE _CAST(0, 'UInt8') (stage: Complete)
2025.11.02 19:47:04.307206 [ 81 ] {4a8ddd49-7e3e-4566-b8d1-a20fe32c0530} <Debug> TCPHandler: Processed in 0.000841625 sec.
2025.11.02 19:47:04.360074 [ 81 ] {4815f5ba-9f8a-4327-ba3c-f55748ab91dc} <Debug> executeQuery: (from 172.19.0.3:36728, initial_query_id: 7b3b105d-0cd6-4e5c-bfcb-b5a03bcf6626) SELECT `__table1`.`create_time` AS `create_time`, `__table1`.`y` AS `y`, `__table1`.`m` AS `m`, `__table1`.`id` AS `id`, `__table1`.`value` AS `value` FROM `db_w`.`t_dist_local` AS `__table1` WHERE _CAST(0, 'UInt8') (stage: Complete)
2025.11.02 19:47:04.360698 [ 81 ] {4815f5ba-9f8a-4327-ba3c-f55748ab91dc} <Debug> TCPHandler: Processed in 0.000822542 sec.
2025.11.02 19:47:04.510622 [ 83 ] {} <Debug> TCPHandler: Connected ClickHouse server version 25.3.0, revision: 54476, user: default.
2025.11.02 19:47:04.510704 [ 83 ] {} <Debug> TCP-Session-59fce1cc-fe30-48a0-8309-e972fb1681c6: Authenticating user 'default' from 172.19.0.5:58868
2025.11.02 19:47:04.510786 [ 83 ] {} <Debug> TCP-Session-59fce1cc-fe30-48a0-8309-e972fb1681c6: 59fce1cc-fe30-48a0-8309-e972fb1681c6 Authenticated with global context as user 94309d50-4f52-5250-31bd-74fecac179db
2025.11.02 19:47:04.510855 [ 83 ] {} <Debug> TCP-Session-59fce1cc-fe30-48a0-8309-e972fb1681c6: Creating session context with user_id: 94309d50-4f52-5250-31bd-74fecac179db
2025.11.02 19:47:04.514799 [ 83 ] {509c89dd-3f27-4390-8c81-c95b1c5fd778} <Debug> executeQuery: (from 172.19.0.5:58868, initial_query_id: dc537862-e6d0-446d-970d-c536aaf43abe) INSERT INTO db_w.t_dist_local (create_time, y, m, id, value) VALUES (stage: Complete)
2025.11.02 19:47:04.517617 [ 83 ] {509c89dd-3f27-4390-8c81-c95b1c5fd778} <Debug> executeQuery: Read 1 rows, 31.00 B in 0.00285 sec., 350.8771929824561 rows/sec., 10.62 KiB/sec.
2025.11.02 19:47:04.517787 [ 83 ] {509c89dd-3f27-4390-8c81-c95b1c5fd778} <Debug> MemoryTracker: Query peak memory usage: 4.30 MiB.
2025.11.02 19:47:04.517884 [ 83 ] {509c89dd-3f27-4390-8c81-c95b1c5fd778} <Debug> TCPHandler: Processed in 0.006463209 sec.
2025.11.02 19:47:04.581879 [ 81 ] {4edf0584-339d-45c7-ae4d-20031e4e26c4} <Debug> executeQuery: (from 172.19.0.3:36728, initial_query_id: d657e458-8f68-4277-8b93-a535fa74c3df) SELECT `__table1`.`create_time` AS `create_time`, `__table1`.`y` AS `y`, `__table1`.`m` AS `m`, `__table1`.`id` AS `id`, `__table1`.`value` AS `value` FROM `db_w`.`t_dist_local` AS `__table1` WHERE _CAST(0, 'UInt8') (stage: Complete)
2025.11.02 19:47:04.582274 [ 81 ] {4edf0584-339d-45c7-ae4d-20031e4e26c4} <Debug> db_w.t_dist_local (76342c53-abaf-40f2-89fb-5cd7dd6d0b17) (SelectExecutor): Selected 0/0 parts by partition key, 0 parts by primary key, 0/0 marks by primary key, 0 marks to read from 0 ranges
2025.11.02 19:47:04.582656 [ 81 ] {4edf0584-339d-45c7-ae4d-20031e4e26c4} <Debug> TCPHandler: Processed in 0.00094475 sec.
2025.11.02 19:47:04.595555 [ 81 ] {1fb9c87e-57c4-4d76-bf7a-d0e669f2aac6} <Debug> executeQuery: (from 172.19.0.3:36728, initial_query_id: faa1ab87-4085-4fc8-bc44-d562334e7824) SELECT `__table1`.`create_time` AS `create_time`, `__table1`.`y` AS `y`, `__table1`.`m` AS `m`, `__table1`.`id` AS `id`, `__table1`.`value` AS `value` FROM `db_w`.`t_dist_local` AS `__table1` WHERE _CAST(0, 'UInt8') (stage: Complete)
2025.11.02 19:47:04.595903 [ 81 ] {1fb9c87e-57c4-4d76-bf7a-d0e669f2aac6} <Debug> db_w.t_dist_local (76342c53-abaf-40f2-89fb-5cd7dd6d0b17) (SelectExecutor): Selected 0/0 parts by partition key, 0 parts by primary key, 0/0 marks by primary key, 0 marks to read from 0 ranges
2025.11.02 19:47:04.596386 [ 81 ] {1fb9c87e-57c4-4d76-bf7a-d0e669f2aac6} <Debug> TCPHandler: Processed in 0.001026708 sec.
2025.11.02 19:47:04.627731 [ 79 ] {} <Debug> HTTP-Session-3c3926b9-2f04-4492-b4c5-65c7c1c7f0dc: Authenticating user 'default' from 172.19.0.7:36146
2025.11.02 19:47:04.627802 [ 79 ] {} <Debug> HTTP-Session-3c3926b9-2f04-4492-b4c5-65c7c1c7f0dc: 3c3926b9-2f04-4492-b4c5-65c7c1c7f0dc Authenticated with global context as user 94309d50-4f52-5250-31bd-74fecac179db
2025.11.02 19:47:04.627854 [ 79 ] {} <Debug> HTTP-Session-3c3926b9-2f04-4492-b4c5-65c7c1c7f0dc: Creating session context with user_id: 94309d50-4f52-5250-31bd-74fecac179db
2025.11.02 19:47:04.628585 [ 79 ] {ec52dbe9-a6f7-41db-9021-e964f9bf712a} <Debug> executeQuery: (from 172.19.0.7:36146) SELECT partition, -- String
 partition_id, -- String
 sum(rows) AS row_count, -- UInt64
 sum(bytes_on_disk) AS size_in_bytes -- UInt64
 FROM `system`.`parts` WHERE `database`='db_w' AND `table`='t_dist_local' AND `active`=1 GROUP BY `partition`, `partition_id` ORDER BY `partition` ASC, partition_id ASC  (stage: Complete)
2025.11.02 19:47:04.635330 [ 79 ] {ec52dbe9-a6f7-41db-9021-e964f9bf712a} <Debug> executeQuery: Read 1 rows, 71.00 B in 0.006811 sec., 146.82131845543972 rows/sec., 10.18 KiB/sec.
2025.11.02 19:47:04.635917 [ 79 ] {ec52dbe9-a6f7-41db-9021-e964f9bf712a} <Debug> DynamicQueryHandler: Done processing query
2025.11.02 19:47:04.636009 [ 79 ] {ec52dbe9-a6f7-41db-9021-e964f9bf712a} <Debug> MemoryTracker: Query peak memory usage: 4.02 MiB.
2025.11.02 19:47:04.636172 [ 79 ] {} <Debug> HTTP-Session-3c3926b9-2f04-4492-b4c5-65c7c1c7f0dc: 3c3926b9-2f04-4492-b4c5-65c7c1c7f0dc Logout, user_id: 94309d50-4f52-5250-31bd-74fecac179db
2025.11.02 19:47:04.657833 [ 79 ] {} <Debug> HTTP-Session-fcdc261a-efaf-4355-a838-16e54d5af64d: Authenticating user 'default' from 172.19.0.7:36154
2025.11.02 19:47:04.657908 [ 79 ] {} <Debug> HTTP-Session-fcdc261a-efaf-4355-a838-16e54d5af64d: fcdc261a-efaf-4355-a838-16e54d5af64d Authenticated with global context as user 94309d50-4f52-5250-31bd-74fecac179db
2025.11.02 19:47:04.657956 [ 79 ] {} <Debug> HTTP-Session-fcdc261a-efaf-4355-a838-16e54d5af64d: Creating session context with user_id: 94309d50-4f52-5250-31bd-74fecac179db
2025.11.02 19:47:04.658236 [ 79 ] {a5291d7d-1860-4233-8b0e-7f2e2219ca4c} <Debug> executeQuery: (from 172.19.0.7:36154) SELECT partition, -- String
 partition_id, -- String
 sum(rows) AS row_count, -- UInt64
 sum(bytes_on_disk) AS size_in_bytes -- UInt64
 FROM `system`.`parts` WHERE `database`='db_w' AND `table`='t_dist_local' AND `active`=1 GROUP BY `partition`, `partition_id` ORDER BY `partition` ASC, partition_id ASC  (stage: Complete)
2025.11.02 19:47:04.660436 [ 79 ] {a5291d7d-1860-4233-8b0e-7f2e2219ca4c} <Debug> executeQuery: Read 1 rows, 71.00 B in 0.002277 sec., 439.1743522178305 rows/sec., 30.45 KiB/sec.
2025.11.02 19:47:04.660876 [ 79 ] {a5291d7d-1860-4233-8b0e-7f2e2219ca4c} <Debug> DynamicQueryHandler: Done processing query
2025.11.02 19:47:04.660943 [ 79 ] {a5291d7d-1860-4233-8b0e-7f2e2219ca4c} <Debug> MemoryTracker: Query peak memory usage: 4.02 MiB.
2025.11.02 19:47:04.661005 [ 79 ] {} <Debug> HTTP-Session-fcdc261a-efaf-4355-a838-16e54d5af64d: fcdc261a-efaf-4355-a838-16e54d5af64d Logout, user_id: 94309d50-4f52-5250-31bd-74fecac179db
2025.11.02 19:47:04.694471 [ 79 ] {} <Debug> HTTP-Session-ea4c2875-a108-4ce5-b337-cc43863d84d3: Authenticating user 'default' from 172.19.0.7:36156
2025.11.02 19:47:04.694557 [ 79 ] {} <Debug> HTTP-Session-ea4c2875-a108-4ce5-b337-cc43863d84d3: ea4c2875-a108-4ce5-b337-cc43863d84d3 Authenticated with global context as user 94309d50-4f52-5250-31bd-74fecac179db
2025.11.02 19:47:04.694605 [ 79 ] {} <Debug> HTTP-Session-ea4c2875-a108-4ce5-b337-cc43863d84d3: Creating session context with user_id: 94309d50-4f52-5250-31bd-74fecac179db
2025.11.02 19:47:04.694802 [ 79 ] {03b2a2fa-0521-48fc-ad44-180f7595ec33} <Debug> executeQuery: (from 172.19.0.7:36156) SELECT `create_time`, `y`, `m`, `id`, `value` FROM `db_w`.`t_dist_local` WHERE (_partition_id = '2') AND ((1=1) AND (1=1))  (stage: Complete)
2025.11.02 19:47:04.695279 [ 79 ] {03b2a2fa-0521-48fc-ad44-180f7595ec33} <Debug> db_w.t_dist_local (76342c53-abaf-40f2-89fb-5cd7dd6d0b17) (SelectExecutor): Key condition: unknown, true, and
2025.11.02 19:47:04.695364 [ 79 ] {03b2a2fa-0521-48fc-ad44-180f7595ec33} <Debug> db_w.t_dist_local (76342c53-abaf-40f2-89fb-5cd7dd6d0b17) (SelectExecutor): MinMax index condition: unknown, true, and
2025.11.02 19:47:04.695438 [ 79 ] {03b2a2fa-0521-48fc-ad44-180f7595ec33} <Debug> db_w.t_dist_local (76342c53-abaf-40f2-89fb-5cd7dd6d0b17) (SelectExecutor): PK index has dropped 0/1 granules, it took 0ms across 1 threads.
2025.11.02 19:47:04.695494 [ 79 ] {03b2a2fa-0521-48fc-ad44-180f7595ec33} <Debug> db_w.t_dist_local (76342c53-abaf-40f2-89fb-5cd7dd6d0b17) (SelectExecutor): Selected 1/1 parts by partition key, 1 parts by primary key, 1/1 marks by primary key, 1 marks to read from 1 ranges
2025.11.02 19:47:04.697639 [ 79 ] {03b2a2fa-0521-48fc-ad44-180f7595ec33} <Debug> executeQuery: Read 1 rows, 31.00 B in 0.002898 sec., 345.0655624568668 rows/sec., 10.45 KiB/sec.
2025.11.02 19:47:04.697902 [ 79 ] {03b2a2fa-0521-48fc-ad44-180f7595ec33} <Debug> DynamicQueryHandler: Done processing query
2025.11.02 19:47:04.697983 [ 79 ] {03b2a2fa-0521-48fc-ad44-180f7595ec33} <Debug> MemoryTracker: Query peak memory usage: 4.00 MiB.
2025.11.02 19:47:04.698095 [ 79 ] {} <Debug> HTTP-Session-ea4c2875-a108-4ce5-b337-cc43863d84d3: ea4c2875-a108-4ce5-b337-cc43863d84d3 Logout, user_id: 94309d50-4f52-5250-31bd-74fecac179db
2025.11.02 19:47:04.714612 [ 79 ] {} <Debug> HTTP-Session-2922b921-2a45-4870-b8ae-8c436270b1e5: Authenticating user 'default' from 172.19.0.7:36166
2025.11.02 19:47:04.714688 [ 79 ] {} <Debug> HTTP-Session-2922b921-2a45-4870-b8ae-8c436270b1e5: 2922b921-2a45-4870-b8ae-8c436270b1e5 Authenticated with global context as user 94309d50-4f52-5250-31bd-74fecac179db
2025.11.02 19:47:04.714746 [ 79 ] {} <Debug> HTTP-Session-2922b921-2a45-4870-b8ae-8c436270b1e5: Creating session context with user_id: 94309d50-4f52-5250-31bd-74fecac179db
2025.11.02 19:47:04.714940 [ 79 ] {2e25cac0-3b8c-4eb0-b21d-32704492c426} <Debug> executeQuery: (from 172.19.0.7:36166) SELECT `create_time`, `y`, `m`, `id`, `value` FROM `db_w`.`t_dist_local` WHERE (_partition_id = '2') AND ((1=1) AND (1=1))  (stage: Complete)
2025.11.02 19:47:04.715370 [ 79 ] {2e25cac0-3b8c-4eb0-b21d-32704492c426} <Debug> db_w.t_dist_local (76342c53-abaf-40f2-89fb-5cd7dd6d0b17) (SelectExecutor): Key condition: unknown, true, and
2025.11.02 19:47:04.715433 [ 79 ] {2e25cac0-3b8c-4eb0-b21d-32704492c426} <Debug> db_w.t_dist_local (76342c53-abaf-40f2-89fb-5cd7dd6d0b17) (SelectExecutor): MinMax index condition: unknown, true, and
2025.11.02 19:47:04.715520 [ 79 ] {2e25cac0-3b8c-4eb0-b21d-32704492c426} <Debug> db_w.t_dist_local (76342c53-abaf-40f2-89fb-5cd7dd6d0b17) (SelectExecutor): PK index has dropped 0/1 granules, it took 0ms across 1 threads.
2025.11.02 19:47:04.715623 [ 79 ] {2e25cac0-3b8c-4eb0-b21d-32704492c426} <Debug> db_w.t_dist_local (76342c53-abaf-40f2-89fb-5cd7dd6d0b17) (SelectExecutor): Selected 1/1 parts by partition key, 1 parts by primary key, 1/1 marks by primary key, 1 marks to read from 1 ranges
2025.11.02 19:47:04.716185 [ 79 ] {2e25cac0-3b8c-4eb0-b21d-32704492c426} <Debug> executeQuery: Read 1 rows, 31.00 B in 0.001305 sec., 766.2835249042146 rows/sec., 23.20 KiB/sec.
2025.11.02 19:47:04.716516 [ 79 ] {2e25cac0-3b8c-4eb0-b21d-32704492c426} <Debug> DynamicQueryHandler: Done processing query
2025.11.02 19:47:04.716610 [ 79 ] {2e25cac0-3b8c-4eb0-b21d-32704492c426} <Debug> MemoryTracker: Query peak memory usage: 4.00 MiB.
2025.11.02 19:47:04.716691 [ 79 ] {} <Debug> HTTP-Session-2922b921-2a45-4870-b8ae-8c436270b1e5: 2922b921-2a45-4870-b8ae-8c436270b1e5 Logout, user_id: 94309d50-4f52-5250-31bd-74fecac179db
2025.11.02 19:47:04.882015 [ 79 ] {} <Debug> HTTP-Session-35bdf751-d4ce-441c-b51e-f0890936c34d: Authenticating user 'default' from 172.19.0.7:36176
2025.11.02 19:47:04.882095 [ 79 ] {} <Debug> HTTP-Session-35bdf751-d4ce-441c-b51e-f0890936c34d: 35bdf751-d4ce-441c-b51e-f0890936c34d Authenticated with global context as user 94309d50-4f52-5250-31bd-74fecac179db
2025.11.02 19:47:04.882145 [ 79 ] {} <Debug> HTTP-Session-35bdf751-d4ce-441c-b51e-f0890936c34d: Creating session context with user_id: 94309d50-4f52-5250-31bd-74fecac179db
2025.11.02 19:47:04.882298 [ 79 ] {d8ac920f-1e44-4684-9817-f50e3604c962} <Debug> executeQuery: (from 172.19.0.7:36176) SELECT 1 (stage: Complete)
2025.11.02 19:47:04.883111 [ 79 ] {d8ac920f-1e44-4684-9817-f50e3604c962} <Debug> executeQuery: Read 1 rows, 1.00 B in 0.000825 sec., 1212.1212121212122 rows/sec., 1.18 KiB/sec.
2025.11.02 19:47:04.883415 [ 79 ] {d8ac920f-1e44-4684-9817-f50e3604c962} <Debug> DynamicQueryHandler: Done processing query
2025.11.02 19:47:04.883505 [ 79 ] {d8ac920f-1e44-4684-9817-f50e3604c962} <Debug> MemoryTracker: Query peak memory usage: 4.00 MiB.
2025.11.02 19:47:04.883598 [ 79 ] {} <Debug> HTTP-Session-35bdf751-d4ce-441c-b51e-f0890936c34d: 35bdf751-d4ce-441c-b51e-f0890936c34d Logout, user_id: 94309d50-4f52-5250-31bd-74fecac179db
2025.11.02 19:47:04.884222 [ 79 ] {} <Debug> HTTP-Session-936ccdb0-f586-4247-bd23-90f99e6ec6cf: Authenticating user 'default' from 172.19.0.7:36176
2025.11.02 19:47:04.884303 [ 79 ] {} <Debug> HTTP-Session-936ccdb0-f586-4247-bd23-90f99e6ec6cf: 936ccdb0-f586-4247-bd23-90f99e6ec6cf Authenticated with global context as user 94309d50-4f52-5250-31bd-74fecac179db
2025.11.02 19:47:04.884354 [ 79 ] {} <Debug> HTTP-Session-936ccdb0-f586-4247-bd23-90f99e6ec6cf: Creating session context with user_id: 94309d50-4f52-5250-31bd-74fecac179db
2025.11.02 19:47:04.884491 [ 79 ] {dd8266ea-b62d-4c35-b021-ada99b04309d} <Debug> executeQuery: (from 172.19.0.7:36176) SELECT timezone() AS tz (stage: Complete)
2025.11.02 19:47:04.885181 [ 79 ] {dd8266ea-b62d-4c35-b021-ada99b04309d} <Debug> executeQuery: Read 1 rows, 1.00 B in 0.000716 sec., 1396.6480446927376 rows/sec., 1.36 KiB/sec.
2025.11.02 19:47:04.885446 [ 79 ] {dd8266ea-b62d-4c35-b021-ada99b04309d} <Debug> DynamicQueryHandler: Done processing query
2025.11.02 19:47:04.885520 [ 79 ] {dd8266ea-b62d-4c35-b021-ada99b04309d} <Debug> MemoryTracker: Query peak memory usage: 4.00 MiB.
2025.11.02 19:47:04.885631 [ 79 ] {} <Debug> HTTP-Session-936ccdb0-f586-4247-bd23-90f99e6ec6cf: 936ccdb0-f586-4247-bd23-90f99e6ec6cf Logout, user_id: 94309d50-4f52-5250-31bd-74fecac179db
2025.11.02 19:47:04.886241 [ 79 ] {} <Debug> HTTP-Session-39934e97-c2c3-44d8-b02c-3ffb70ea9bd1: Authenticating user 'default' from 172.19.0.7:36176
2025.11.02 19:47:04.886318 [ 79 ] {} <Debug> HTTP-Session-39934e97-c2c3-44d8-b02c-3ffb70ea9bd1: 39934e97-c2c3-44d8-b02c-3ffb70ea9bd1 Authenticated with global context as user 94309d50-4f52-5250-31bd-74fecac179db
2025.11.02 19:47:04.886371 [ 79 ] {} <Debug> HTTP-Session-39934e97-c2c3-44d8-b02c-3ffb70ea9bd1: Creating session context with user_id: 94309d50-4f52-5250-31bd-74fecac179db
2025.11.02 19:47:04.886514 [ 79 ] {2cda7a7b-67c0-4059-ab34-baeb58197bbb} <Debug> executeQuery: (from 172.19.0.7:36176)  SELECT `cluster`, -- String
 `shard_num`, -- UInt32
 `shard_weight`, -- UInt32
 `replica_num`, -- UInt32
 `host_name`, -- String
 `host_address`, -- String
 `port`, -- UInt16
 `is_local`, -- UInt8
 `user`, -- String
 `default_database`, -- String
 `errors_count`, -- UInt32
 `estimated_recovery_time` -- UInt32
 FROM `system`.`clusters`  (stage: Complete)
2025.11.02 19:47:04.887553 [ 79 ] {2cda7a7b-67c0-4059-ab34-baeb58197bbb} <Debug> executeQuery: Read 8 rows, 884.00 B in 0.001082 sec., 7393.715341959334 rows/sec., 797.86 KiB/sec.
2025.11.02 19:47:04.887759 [ 79 ] {2cda7a7b-67c0-4059-ab34-baeb58197bbb} <Debug> DynamicQueryHandler: Done processing query
2025.11.02 19:47:04.887824 [ 79 ] {2cda7a7b-67c0-4059-ab34-baeb58197bbb} <Debug> MemoryTracker: Query peak memory usage: 3.96 MiB.
2025.11.02 19:47:04.887882 [ 79 ] {} <Debug> HTTP-Session-39934e97-c2c3-44d8-b02c-3ffb70ea9bd1: 39934e97-c2c3-44d8-b02c-3ffb70ea9bd1 Logout, user_id: 94309d50-4f52-5250-31bd-74fecac179db
2025.11.02 19:47:04.888489 [ 79 ] {} <Debug> HTTP-Session-7d2840b6-a5d4-4025-afa6-949f99660d98: Authenticating user 'default' from 172.19.0.7:36176
2025.11.02 19:47:04.888546 [ 79 ] {} <Debug> HTTP-Session-7d2840b6-a5d4-4025-afa6-949f99660d98: 7d2840b6-a5d4-4025-afa6-949f99660d98 Authenticated with global context as user 94309d50-4f52-5250-31bd-74fecac179db
2025.11.02 19:47:04.888593 [ 79 ] {} <Debug> HTTP-Session-7d2840b6-a5d4-4025-afa6-949f99660d98: Creating session context with user_id: 94309d50-4f52-5250-31bd-74fecac179db
2025.11.02 19:47:04.888702 [ 79 ] {8926df51-11f5-482b-924c-ad08f689fbe3} <Debug> executeQuery: (from 172.19.0.7:36176) SELECT * FROM `db_w`.`t_dist_local` WHERE 1=0 (stage: Complete)
2025.11.02 19:47:04.888989 [ 79 ] {8926df51-11f5-482b-924c-ad08f689fbe3} <Debug> db_w.t_dist_local (76342c53-abaf-40f2-89fb-5cd7dd6d0b17) (SelectExecutor): Selected 0/0 parts by partition key, 0 parts by primary key, 0/0 marks by primary key, 0 marks to read from 0 ranges
2025.11.02 19:47:04.889446 [ 79 ] {8926df51-11f5-482b-924c-ad08f689fbe3} <Debug> DynamicQueryHandler: Done processing query
2025.11.02 19:47:04.889526 [ 79 ] {8926df51-11f5-482b-924c-ad08f689fbe3} <Debug> MemoryTracker: Query peak memory usage: 3.00 MiB.
2025.11.02 19:47:04.889590 [ 79 ] {} <Debug> HTTP-Session-7d2840b6-a5d4-4025-afa6-949f99660d98: 7d2840b6-a5d4-4025-afa6-949f99660d98 Logout, user_id: 94309d50-4f52-5250-31bd-74fecac179db
2025.11.02 19:47:04.890043 [ 79 ] {} <Debug> HTTP-Session-5a302047-fb99-4ae2-b5c1-5c9ca307723d: Authenticating user 'default' from 172.19.0.7:36176
2025.11.02 19:47:04.890100 [ 79 ] {} <Debug> HTTP-Session-5a302047-fb99-4ae2-b5c1-5c9ca307723d: 5a302047-fb99-4ae2-b5c1-5c9ca307723d Authenticated with global context as user 94309d50-4f52-5250-31bd-74fecac179db
2025.11.02 19:47:04.890164 [ 79 ] {} <Debug> HTTP-Session-5a302047-fb99-4ae2-b5c1-5c9ca307723d: Creating session context with user_id: 94309d50-4f52-5250-31bd-74fecac179db
2025.11.02 19:47:04.890338 [ 79 ] {16752a8b-1c8e-4d5b-8703-bbafe9c0cc66} <Debug> executeQuery: (from 172.19.0.7:36176) SELECT `database`, -- String
 `name`, -- String
 `uuid`, -- UUID
 `engine`, -- String
 `is_temporary`, -- UInt8
 `data_paths`, -- Array(String)
 `metadata_path`, -- String
 `metadata_modification_time`, -- DateTime
 `dependencies_database`, -- Array(String)
 `dependencies_table`, -- Array(String)
 `create_table_query`, -- String
 `engine_full`, -- String
 `partition_key`, -- String
 `sorting_key`, -- String
 `primary_key`, -- String
 `sampling_key`, -- String
 `storage_policy`, -- String
 `total_rows`, -- Nullable(UInt64)
 `total_bytes`, -- Nullable(UInt64)
 `lifetime_rows`, -- Nullable(UInt64)
 `lifetime_bytes` -- Nullable(UInt64)
 FROM `system`.`tables` WHERE `database`='db_w' AND `name`='t_dist_local'  (stage: Complete)
2025.11.02 19:47:04.891691 [ 79 ] {16752a8b-1c8e-4d5b-8703-bbafe9c0cc66} <Debug> executeQuery: Read 1 rows, 679.00 B in 0.001417 sec., 705.7163020465772 rows/sec., 467.95 KiB/sec.
2025.11.02 19:47:04.891949 [ 79 ] {16752a8b-1c8e-4d5b-8703-bbafe9c0cc66} <Debug> DynamicQueryHandler: Done processing query
2025.11.02 19:47:04.892113 [ 79 ] {16752a8b-1c8e-4d5b-8703-bbafe9c0cc66} <Debug> MemoryTracker: Query peak memory usage: 3.90 MiB.
2025.11.02 19:47:04.892203 [ 79 ] {} <Debug> HTTP-Session-5a302047-fb99-4ae2-b5c1-5c9ca307723d: 5a302047-fb99-4ae2-b5c1-5c9ca307723d Logout, user_id: 94309d50-4f52-5250-31bd-74fecac179db
2025.11.02 19:47:04.894584 [ 776 ] {} <Debug> HTTP-Session-dbbb27ce-9d21-4f9b-8a96-44262895e33d: Authenticating user 'default' from 172.19.0.7:36180
2025.11.02 19:47:04.894656 [ 776 ] {} <Debug> HTTP-Session-dbbb27ce-9d21-4f9b-8a96-44262895e33d: dbbb27ce-9d21-4f9b-8a96-44262895e33d Authenticated with global context as user 94309d50-4f52-5250-31bd-74fecac179db
2025.11.02 19:47:04.894711 [ 776 ] {} <Debug> HTTP-Session-dbbb27ce-9d21-4f9b-8a96-44262895e33d: Creating session context with user_id: 94309d50-4f52-5250-31bd-74fecac179db
2025.11.02 19:47:04.895384 [ 776 ] {1e211a1b-9c41-431e-8368-56c81c06d658} <Debug> executeQuery: (from 172.19.0.7:36180) SELECT `database`, -- String
 `table`, -- String
 `name`, -- String
 `type`, -- String
 `position`, -- UInt64
 `default_kind`, -- String
 `default_expression`, -- String
 `data_compressed_bytes`, -- UInt64
 `data_uncompressed_bytes`, -- UInt64
 `marks_bytes`, -- UInt64
 `comment`, -- String
 `is_in_partition_key`, -- UInt8
 `is_in_sorting_key`, -- UInt8
 `is_in_primary_key`, -- UInt8
 `is_in_sampling_key`, -- UInt8
 `compression_codec` -- String
 FROM `system`.`columns` WHERE `database`='db_w' AND `table`='t_dist_local' ORDER BY `position` ASC  (stage: Complete)
2025.11.02 19:47:04.896666 [ 776 ] {1e211a1b-9c41-431e-8368-56c81c06d658} <Debug> executeQuery: Read 5 rows, 704.00 B in 0.00139 sec., 3597.1223021582737 rows/sec., 494.60 KiB/sec.
2025.11.02 19:47:04.897035 [ 776 ] {1e211a1b-9c41-431e-8368-56c81c06d658} <Debug> DynamicQueryHandler: Done processing query
2025.11.02 19:47:04.897107 [ 776 ] {1e211a1b-9c41-431e-8368-56c81c06d658} <Debug> MemoryTracker: Query peak memory usage: 3.93 MiB.
2025.11.02 19:47:04.897194 [ 776 ] {} <Debug> HTTP-Session-dbbb27ce-9d21-4f9b-8a96-44262895e33d: dbbb27ce-9d21-4f9b-8a96-44262895e33d Logout, user_id: 94309d50-4f52-5250-31bd-74fecac179db
2025.11.02 19:47:04.901169 [ 776 ] {} <Debug> HTTP-Session-3e65e1d9-2f10-49a4-8e93-71eb0465512a: Authenticating user 'default' from 172.19.0.7:36188
2025.11.02 19:47:04.901258 [ 776 ] {} <Debug> HTTP-Session-3e65e1d9-2f10-49a4-8e93-71eb0465512a: 3e65e1d9-2f10-49a4-8e93-71eb0465512a Authenticated with global context as user 94309d50-4f52-5250-31bd-74fecac179db
2025.11.02 19:47:04.901317 [ 776 ] {} <Debug> HTTP-Session-3e65e1d9-2f10-49a4-8e93-71eb0465512a: Creating session context with user_id: 94309d50-4f52-5250-31bd-74fecac179db
2025.11.02 19:47:04.901522 [ 776 ] {0de7ee27-cf23-4db8-a052-50ca777a09dd} <Debug> executeQuery: (from 172.19.0.7:36188) SELECT partition, -- String
 partition_id, -- String
 sum(rows) AS row_count, -- UInt64
 sum(bytes_on_disk) AS size_in_bytes -- UInt64
 FROM `system`.`parts` WHERE `database`='db_w' AND `table`='t_dist_local' AND `active`=1 GROUP BY `partition`, `partition_id` ORDER BY `partition` ASC, partition_id ASC  (stage: Complete)
2025.11.02 19:47:04.903259 [ 776 ] {0de7ee27-cf23-4db8-a052-50ca777a09dd} <Debug> executeQuery: Read 1 rows, 71.00 B in 0.001824 sec., 548.2456140350877 rows/sec., 38.01 KiB/sec.
2025.11.02 19:47:04.903545 [ 776 ] {0de7ee27-cf23-4db8-a052-50ca777a09dd} <Debug> DynamicQueryHandler: Done processing query
2025.11.02 19:47:04.903596 [ 776 ] {0de7ee27-cf23-4db8-a052-50ca777a09dd} <Debug> MemoryTracker: Query peak memory usage: 4.02 MiB.
2025.11.02 19:47:04.903690 [ 776 ] {} <Debug> HTTP-Session-3e65e1d9-2f10-49a4-8e93-71eb0465512a: 3e65e1d9-2f10-49a4-8e93-71eb0465512a Logout, user_id: 94309d50-4f52-5250-31bd-74fecac179db
2025.11.02 19:47:04.908080 [ 776 ] {} <Debug> HTTP-Session-3c46f0fa-8ae1-44bf-ba1b-f9390b9f64c7: Authenticating user 'default' from 172.19.0.7:36190
2025.11.02 19:47:04.908168 [ 776 ] {} <Debug> HTTP-Session-3c46f0fa-8ae1-44bf-ba1b-f9390b9f64c7: 3c46f0fa-8ae1-44bf-ba1b-f9390b9f64c7 Authenticated with global context as user 94309d50-4f52-5250-31bd-74fecac179db
2025.11.02 19:47:04.908269 [ 776 ] {} <Debug> HTTP-Session-3c46f0fa-8ae1-44bf-ba1b-f9390b9f64c7: Creating session context with user_id: 94309d50-4f52-5250-31bd-74fecac179db
2025.11.02 19:47:04.908512 [ 776 ] {ef67e21a-4aba-4732-bbc1-9ce72481f8d7} <Debug> executeQuery: (from 172.19.0.7:36190) SELECT partition, -- String
 partition_id, -- String
 sum(rows) AS row_count, -- UInt64
 sum(bytes_on_disk) AS size_in_bytes -- UInt64
 FROM `system`.`parts` WHERE `database`='db_w' AND `table`='t_dist_local' AND `active`=1 GROUP BY `partition`, `partition_id` ORDER BY `partition` ASC, partition_id ASC  (stage: Complete)
2025.11.02 19:47:04.918947 [ 776 ] {ef67e21a-4aba-4732-bbc1-9ce72481f8d7} <Debug> executeQuery: Read 1 rows, 71.00 B in 0.01052 sec., 95.05703422053232 rows/sec., 6.59 KiB/sec.
2025.11.02 19:47:04.919432 [ 776 ] {ef67e21a-4aba-4732-bbc1-9ce72481f8d7} <Debug> DynamicQueryHandler: Done processing query
2025.11.02 19:47:04.919505 [ 776 ] {ef67e21a-4aba-4732-bbc1-9ce72481f8d7} <Debug> MemoryTracker: Query peak memory usage: 4.02 MiB.
2025.11.02 19:47:04.919614 [ 776 ] {} <Debug> HTTP-Session-3c46f0fa-8ae1-44bf-ba1b-f9390b9f64c7: 3c46f0fa-8ae1-44bf-ba1b-f9390b9f64c7 Logout, user_id: 94309d50-4f52-5250-31bd-74fecac179db
2025.11.02 19:47:04.930219 [ 776 ] {} <Debug> HTTP-Session-5da536e5-5362-4216-a5ad-0167f0aa4eb0: Authenticating user 'default' from 172.19.0.7:36194
2025.11.02 19:47:04.930313 [ 776 ] {} <Debug> HTTP-Session-5da536e5-5362-4216-a5ad-0167f0aa4eb0: 5da536e5-5362-4216-a5ad-0167f0aa4eb0 Authenticated with global context as user 94309d50-4f52-5250-31bd-74fecac179db
2025.11.02 19:47:04.930365 [ 776 ] {} <Debug> HTTP-Session-5da536e5-5362-4216-a5ad-0167f0aa4eb0: Creating session context with user_id: 94309d50-4f52-5250-31bd-74fecac179db
2025.11.02 19:47:04.930580 [ 776 ] {0032ab68-116a-4c88-8b5f-92b6fed49e26} <Debug> executeQuery: (from 172.19.0.7:36194) SELECT `create_time`, `y`, `m`, `id`, `value` FROM `db_w`.`t_dist_local` WHERE (_partition_id = '2') AND ((1=1) AND (1=1))  (stage: Complete)
2025.11.02 19:47:04.931072 [ 776 ] {0032ab68-116a-4c88-8b5f-92b6fed49e26} <Debug> db_w.t_dist_local (76342c53-abaf-40f2-89fb-5cd7dd6d0b17) (SelectExecutor): Key condition: unknown, true, and
2025.11.02 19:47:04.931145 [ 776 ] {0032ab68-116a-4c88-8b5f-92b6fed49e26} <Debug> db_w.t_dist_local (76342c53-abaf-40f2-89fb-5cd7dd6d0b17) (SelectExecutor): MinMax index condition: unknown, true, and
2025.11.02 19:47:04.931197 [ 776 ] {0032ab68-116a-4c88-8b5f-92b6fed49e26} <Debug> db_w.t_dist_local (76342c53-abaf-40f2-89fb-5cd7dd6d0b17) (SelectExecutor): PK index has dropped 0/1 granules, it took 0ms across 1 threads.
2025.11.02 19:47:04.931264 [ 776 ] {0032ab68-116a-4c88-8b5f-92b6fed49e26} <Debug> db_w.t_dist_local (76342c53-abaf-40f2-89fb-5cd7dd6d0b17) (SelectExecutor): Selected 1/1 parts by partition key, 1 parts by primary key, 1/1 marks by primary key, 1 marks to read from 1 ranges
2025.11.02 19:47:04.931807 [ 776 ] {0032ab68-116a-4c88-8b5f-92b6fed49e26} <Debug> executeQuery: Read 1 rows, 31.00 B in 0.001307 sec., 765.1109410864575 rows/sec., 23.16 KiB/sec.
2025.11.02 19:47:04.932251 [ 776 ] {0032ab68-116a-4c88-8b5f-92b6fed49e26} <Debug> DynamicQueryHandler: Done processing query
2025.11.02 19:47:04.932339 [ 776 ] {0032ab68-116a-4c88-8b5f-92b6fed49e26} <Debug> MemoryTracker: Query peak memory usage: 4.00 MiB.
2025.11.02 19:47:04.932410 [ 776 ] {} <Debug> HTTP-Session-5da536e5-5362-4216-a5ad-0167f0aa4eb0: 5da536e5-5362-4216-a5ad-0167f0aa4eb0 Logout, user_id: 94309d50-4f52-5250-31bd-74fecac179db
2025.11.02 19:47:04.942619 [ 776 ] {} <Debug> HTTP-Session-6c516fe3-b9d3-47ba-82a0-3a1c699a5ae4: Authenticating user 'default' from 172.19.0.7:36202
2025.11.02 19:47:04.942699 [ 776 ] {} <Debug> HTTP-Session-6c516fe3-b9d3-47ba-82a0-3a1c699a5ae4: 6c516fe3-b9d3-47ba-82a0-3a1c699a5ae4 Authenticated with global context as user 94309d50-4f52-5250-31bd-74fecac179db
2025.11.02 19:47:04.942745 [ 776 ] {} <Debug> HTTP-Session-6c516fe3-b9d3-47ba-82a0-3a1c699a5ae4: Creating session context with user_id: 94309d50-4f52-5250-31bd-74fecac179db
2025.11.02 19:47:04.943067 [ 776 ] {47e2fa74-3717-45a6-abcf-36f743a06d1b} <Debug> executeQuery: (from 172.19.0.7:36202) SELECT `create_time`, `y`, `m`, `id`, `value` FROM `db_w`.`t_dist_local` WHERE (_partition_id = '2') AND ((1=1) AND (1=1))  (stage: Complete)
2025.11.02 19:47:04.943538 [ 776 ] {47e2fa74-3717-45a6-abcf-36f743a06d1b} <Debug> db_w.t_dist_local (76342c53-abaf-40f2-89fb-5cd7dd6d0b17) (SelectExecutor): Key condition: unknown, true, and
2025.11.02 19:47:04.943606 [ 776 ] {47e2fa74-3717-45a6-abcf-36f743a06d1b} <Debug> db_w.t_dist_local (76342c53-abaf-40f2-89fb-5cd7dd6d0b17) (SelectExecutor): MinMax index condition: unknown, true, and
2025.11.02 19:47:04.943674 [ 776 ] {47e2fa74-3717-45a6-abcf-36f743a06d1b} <Debug> db_w.t_dist_local (76342c53-abaf-40f2-89fb-5cd7dd6d0b17) (SelectExecutor): PK index has dropped 0/1 granules, it took 0ms across 1 threads.
2025.11.02 19:47:04.943732 [ 776 ] {47e2fa74-3717-45a6-abcf-36f743a06d1b} <Debug> db_w.t_dist_local (76342c53-abaf-40f2-89fb-5cd7dd6d0b17) (SelectExecutor): Selected 1/1 parts by partition key, 1 parts by primary key, 1/1 marks by primary key, 1 marks to read from 1 ranges
2025.11.02 19:47:04.944459 [ 776 ] {47e2fa74-3717-45a6-abcf-36f743a06d1b} <Debug> executeQuery: Read 1 rows, 31.00 B in 0.001494 sec., 669.3440428380187 rows/sec., 20.26 KiB/sec.
2025.11.02 19:47:04.945111 [ 776 ] {47e2fa74-3717-45a6-abcf-36f743a06d1b} <Debug> DynamicQueryHandler: Done processing query
2025.11.02 19:47:04.945368 [ 776 ] {47e2fa74-3717-45a6-abcf-36f743a06d1b} <Debug> MemoryTracker: Query peak memory usage: 4.00 MiB.
2025.11.02 19:47:04.945545 [ 776 ] {} <Debug> HTTP-Session-6c516fe3-b9d3-47ba-82a0-3a1c699a5ae4: 6c516fe3-b9d3-47ba-82a0-3a1c699a5ae4 Logout, user_id: 94309d50-4f52-5250-31bd-74fecac179db
2025.11.02 19:47:05.035914 [ 738 ] {} <Debug> DDLWorker: Scheduling tasks
2025.11.02 19:47:05.036636 [ 738 ] {} <Debug> DDLWorker: Will schedule 1 tasks starting from query-0000000003
2025.11.02 19:47:05.037519 [ 738 ] {} <Debug> DDLWorker: Processing task query-0000000003 (query: DROP TABLE IF EXISTS db_w.t_dist, backup restore: false)
2025.11.02 19:47:05.038508 [ 738 ] {} <Debug> DDLWorker: Executing query: DROP TABLE IF EXISTS db_w.t_dist
2025.11.02 19:47:05.038610 [ 738 ] {d54d3963-7326-4af5-a018-dc481f3a6e2e} <Debug> executeQuery: (from 0.0.0.0:0, user: , initial_query_id: ae9b36da-f6f1-42c7-98c1-aee4150edb45) /* ddl_entry=query-0000000003 */ DROP TABLE IF EXISTS db_w.t_dist (stage: Complete)
2025.11.02 19:47:05.038675 [ 738 ] {d54d3963-7326-4af5-a018-dc481f3a6e2e} <Information> StorageDistributed (t_dist): Flushing pending INSERT blocks
2025.11.02 19:47:05.038718 [ 738 ] {d54d3963-7326-4af5-a018-dc481f3a6e2e} <Information> StorageDistributed (t_dist): Pending INSERT blocks flushed, took 0 ms.
2025.11.02 19:47:05.038754 [ 738 ] {d54d3963-7326-4af5-a018-dc481f3a6e2e} <Debug> StorageDistributed (t_dist): Joining background threads for async INSERT
2025.11.02 19:47:05.038803 [ 738 ] {d54d3963-7326-4af5-a018-dc481f3a6e2e} <Debug> StorageDistributed (t_dist): Background threads for async INSERT joined
2025.11.02 19:47:05.039001 [ 738 ] {d54d3963-7326-4af5-a018-dc481f3a6e2e} <Debug> DDLWorker: Executed query: /* ddl_entry=query-0000000003 */ DROP TABLE IF EXISTS db_w.t_dist
2025.11.02 19:47:05.041045 [ 738 ] {} <Debug> DDLWorker: Waiting for queue updates
2025.11.02 19:47:05.100627 [ 738 ] {} <Debug> DDLWorker: Scheduling tasks
2025.11.02 19:47:05.101123 [ 738 ] {} <Debug> DDLWorker: Will schedule 1 tasks starting from query-0000000004
2025.11.02 19:47:05.102047 [ 738 ] {} <Debug> DDLWorker: Processing task query-0000000004 (query: DROP TABLE IF EXISTS db_w.t_dist_local, backup restore: false)
2025.11.02 19:47:05.102841 [ 738 ] {} <Debug> DDLWorker: Executing query: DROP TABLE IF EXISTS db_w.t_dist_local
2025.11.02 19:47:05.102985 [ 738 ] {b11dc5e1-1865-482d-af2d-aba2c6e63709} <Debug> executeQuery: (from 0.0.0.0:0, user: , initial_query_id: af01ad63-46b4-46a9-96d6-2c5f8cc96036) /* ddl_entry=query-0000000004 */ DROP TABLE IF EXISTS db_w.t_dist_local (stage: Complete)
2025.11.02 19:47:05.103239 [ 738 ] {b11dc5e1-1865-482d-af2d-aba2c6e63709} <Debug> DDLWorker: Executed query: /* ddl_entry=query-0000000004 */ DROP TABLE IF EXISTS db_w.t_dist_local
2025.11.02 19:47:05.104209 [ 738 ] {} <Debug> DDLWorker: Waiting for queue updates
2025.11.02 19:47:05.164394 [ 738 ] {} <Debug> DDLWorker: Scheduling tasks
2025.11.02 19:47:05.164906 [ 738 ] {} <Debug> DDLWorker: Will schedule 1 tasks starting from query-0000000005
2025.11.02 19:47:05.165593 [ 738 ] {} <Debug> DDLWorker: Processing task query-0000000005 (query: DROP DATABASE IF EXISTS db_w, backup restore: false)
2025.11.02 19:47:05.166399 [ 738 ] {} <Debug> DDLWorker: Executing query: DROP DATABASE IF EXISTS db_w
2025.11.02 19:47:05.166519 [ 738 ] {5dede807-6665-444e-9d40-5993af904736} <Debug> executeQuery: (from 0.0.0.0:0, user: , initial_query_id: 649d8e5e-b33d-47f6-97e4-f3054db548cc) /* ddl_entry=query-0000000005 */ DROP DATABASE IF EXISTS db_w (stage: Complete)
2025.11.02 19:47:05.166572 [ 738 ] {5dede807-6665-444e-9d40-5993af904736} <Debug> DatabaseAtomic (db_w): There are 0 detached tables. Start searching non used tables.
2025.11.02 19:47:05.166608 [ 738 ] {5dede807-6665-444e-9d40-5993af904736} <Debug> DatabaseAtomic (db_w): Found 0 non used tables in detached tables.
2025.11.02 19:47:05.166864 [ 738 ] {5dede807-6665-444e-9d40-5993af904736} <Debug> DDLWorker: Executed query: /* ddl_entry=query-0000000005 */ DROP DATABASE IF EXISTS db_w
2025.11.02 19:47:05.167543 [ 738 ] {} <Debug> DDLWorker: Waiting for queue updates
2025.11.02 19:47:05.864412 [ 78 ] {} <Information> Application: Received termination signal (Terminated)
2025.11.02 19:47:05.864696 [ 1 ] {} <Debug> Application: Received termination signal.
2025.11.02 19:47:05.865122 [ 1 ] {} <Debug> Application: Waiting for current connections to close.
2025.11.02 19:47:05.865718 [ 1 ] {} <Warning> Application: Closed all listening sockets. Waiting for 2 outstanding connections.
2025.11.02 19:47:06.561477 [ 81 ] {} <Debug> TCPHandler: Done processing connection.
2025.11.02 19:47:06.561694 [ 81 ] {} <Debug> TCP-Session-6ec6a05d-10df-49e4-acda-fe3c27aca15f: 6ec6a05d-10df-49e4-acda-fe3c27aca15f Logout, user_id: 94309d50-4f52-5250-31bd-74fecac179db
2025.11.02 19:47:06.628928 [ 83 ] {} <Debug> TCPHandler: Done processing connection.
2025.11.02 19:47:06.629142 [ 83 ] {} <Debug> TCP-Session-59fce1cc-fe30-48a0-8309-e972fb1681c6: 59fce1cc-fe30-48a0-8309-e972fb1681c6 Logout, user_id: 94309d50-4f52-5250-31bd-74fecac179db
2025.11.02 19:47:06.672004 [ 1 ] {} <Information> Application: Closed connections.
2025.11.02 19:47:06.672082 [ 1 ] {} <Information> Application: Stopping AsyncLoader.
2025.11.02 19:47:06.672165 [ 1 ] {} <Information> CgroupsMemoryUsageObserver: Stopped cgroup current memory usage observer thread
2025.11.02 19:47:06.672290 [ 1 ] {} <Information> Application: Shutting down storages.
2025.11.02 19:47:06.672648 [ 1 ] {} <Debug> Context: Shutting down dictionaries loader
2025.11.02 19:47:06.672700 [ 1 ] {} <Debug> Context: Shutting down UDFs loader
2025.11.02 19:47:06.672745 [ 1 ] {} <Debug> Context: Shutting down another UDFs storage
2025.11.02 19:47:06.672774 [ 1 ] {} <Debug> Context: Shutting down workload entity storage
2025.11.02 19:47:06.672814 [ 1 ] {} <Debug> Context: Shutting down system logs
2025.11.02 19:47:06.672841 [ 1 ] {} <Debug> SystemLogQueue (system.query_log): Requested flush up to offset 52
2025.11.02 19:47:06.672862 [ 727 ] {} <Debug> SystemLog (system.query_log): Creating new table system.query_log for QueryLog
2025.11.02 19:47:06.672868 [ 726 ] {} <Debug> SystemLog (system.metric_log): Creating new table system.metric_log for MetricLog
2025.11.02 19:47:06.675539 [ 727 ] {} <Debug> system.query_log (aaa6993c-a2bd-4bfd-8706-b5b949a76a83): Loading data parts
2025.11.02 19:47:06.675720 [ 727 ] {} <Debug> system.query_log (aaa6993c-a2bd-4bfd-8706-b5b949a76a83): There are no data parts
2025.11.02 19:47:06.678144 [ 727 ] {} <Debug> DatabaseAtomic (system): There are 0 detached tables. Start searching non used tables.
2025.11.02 19:47:06.678211 [ 727 ] {} <Debug> DatabaseAtomic (system): Found 0 non used tables in detached tables.
2025.11.02 19:47:06.681343 [ 1 ] {} <Debug> SystemLogQueue (system.query_thread_log): Requested flush up to offset 0
2025.11.02 19:47:06.681381 [ 1 ] {} <Debug> SystemLogQueue (system.metric_log): Requested flush up to offset 4
2025.11.02 19:47:06.683232 [ 726 ] {} <Debug> system.metric_log (fc21e9c5-540d-4b87-9552-cfaba346c0df): Loading data parts
2025.11.02 19:47:06.683621 [ 726 ] {} <Debug> system.metric_log (fc21e9c5-540d-4b87-9552-cfaba346c0df): There are no data parts
2025.11.02 19:47:06.685691 [ 726 ] {} <Debug> DatabaseAtomic (system): There are 0 detached tables. Start searching non used tables.
2025.11.02 19:47:06.685750 [ 726 ] {} <Debug> DatabaseAtomic (system): Found 0 non used tables in detached tables.
2025.11.02 19:47:17.118145 [ 1 ] {} <Information> SentryWriter: Sending crash reports is disabled
2025.11.02 19:47:17.147277 [ 1 ] {} <Information> Application: Starting ClickHouse 25.3.7.194 (revision: 54502, git hash: 36637934778b7d39b37f378d258359dd6ffdd110, build id: E09B0ADBF9AF0530703B179DBA02705D5DF508C0), PID 1
2025.11.02 19:47:17.147357 [ 1 ] {} <Information> Application: starting up
2025.11.02 19:47:17.147386 [ 1 ] {} <Information> Application: OS name: Linux, version: 6.10.14-linuxkit, architecture: aarch64
2025.11.02 19:47:17.147445 [ 1 ] {} <Information> Jemalloc: Value for background_thread set to true (from true)
2025.11.02 19:47:17.148776 [ 1 ] {} <Information> Application: Available RAM: 7.65 GiB; logical cores: 14; used cores: 14.
2025.11.02 19:47:17.149226 [ 1 ] {} <Information> CgroupsReader: Will create cgroup reader from '/sys/fs/cgroup/' (cgroups version: v2)
2025.11.02 19:47:17.151173 [ 1 ] {} <Warning> Application: Integrity check of the executable skipped because the reference checksum could not be read.
2025.11.02 19:47:17.151286 [ 1 ] {} <Information> Application: It looks like the process has no CAP_IPC_LOCK capability, binary mlock will be disabled. It could happen due to incorrect ClickHouse package installation. You could resolve the problem manually with 'sudo setcap cap_ipc_lock=+ep /usr/bin/clickhouse'. Note that it will not work on 'nosuid' mounted filesystems.
2025.11.02 19:47:17.151352 [ 1 ] {} <Information> MemoryWorker: Starting background memory thread with period of 50ms, using Cgroups as source
2025.11.02 19:47:17.151444 [ 1 ] {} <Information> BackgroundSchedulePool/BgSchPool: Create BackgroundSchedulePool with 512 threads
2025.11.02 19:47:17.172338 [ 1 ] {} <Debug> Application: rlimit on number of file descriptors is 1048576
2025.11.02 19:47:17.172407 [ 1 ] {} <Debug> Application: rlimit on number of threads is 18446744073709551615
2025.11.02 19:47:17.172459 [ 1 ] {} <Debug> Application: Initializing DateLUT.
2025.11.02 19:47:17.172539 [ 1 ] {} <Debug> Context: Setting up /var/lib/clickhouse/tmp/ to store temporary data in it
2025.11.02 19:47:17.172764 [ 1 ] {} <Debug> Application: Initializing interserver credentials.
2025.11.02 19:47:17.172848 [ 1 ] {} <Information> Application: Lowered uncompressed cache size to 3.83 GiB because the system has limited RAM
2025.11.02 19:47:17.172923 [ 1 ] {} <Information> Application: Lowered mark cache size to 3.83 GiB because the system has limited RAM
2025.11.02 19:47:17.172982 [ 1 ] {} <Information> Application: Lowered primary index cache size to 3.83 GiB because the system has limited RAM
2025.11.02 19:47:17.173217 [ 1 ] {} <Information> Application: Lowered index mark cache size to 3.83 GiB because the system has limited RAM
2025.11.02 19:47:17.173346 [ 1 ] {} <Debug> FileCacheFactory: Will load 0 caches from default cache config
2025.11.02 19:47:17.173948 [ 1 ] {} <Debug> ConfigReloader: Loading config '/etc/clickhouse-server/config.xml'
2025.11.02 19:47:17.176214 [ 1 ] {} <Debug> ConfigProcessor: Processing configuration file '/etc/clickhouse-server/config.xml'.
2025.11.02 19:47:17.176852 [ 1 ] {} <Debug> ConfigProcessor: Merging configuration file '/etc/clickhouse-server/config.d/docker_related_config.xml'.
2025.11.02 19:47:17.177035 [ 1 ] {} <Debug> ConfigProcessor: Merging configuration file '/etc/clickhouse-server/config.d/interserver_http_host.xml'.
2025.11.02 19:47:17.177438 [ 1 ] {} <Debug> ConfigProcessor: Merging configuration file '/etc/clickhouse-server/config.d/macros.xml'.
2025.11.02 19:47:17.177789 [ 1 ] {} <Debug> ConfigProcessor: Merging configuration file '/etc/clickhouse-server/config.d/remote_servers.xml'.
2025.11.02 19:47:17.178480 [ 1 ] {} <Debug> ConfigProcessor: Merging configuration file '/etc/clickhouse-server/config.d/zookeeper.xml'.
2025.11.02 19:47:17.179212 [ 1 ] {} <Debug> ConfigProcessor: Saved preprocessed configuration to '/var/lib/clickhouse/preprocessed_configs/config.xml'.
2025.11.02 19:47:17.179526 [ 1 ] {} <Debug> ConfigReloader: Loaded config '/etc/clickhouse-server/config.xml', performing update on configuration
2025.11.02 19:47:17.180335 [ 1 ] {} <Information> Application: Changed setting 'max_server_memory_usage' to 6.89 GiB (7.65 GiB available memory * 0.90 max_server_memory_usage_to_ram_ratio)
2025.11.02 19:47:17.180467 [ 1 ] {} <Information> Application: Setting merges_mutations_memory_usage_soft_limit was set to 3.83 GiB (7.65 GiB available * 0.50 merges_mutations_memory_usage_to_ram_ratio)
2025.11.02 19:47:17.180544 [ 1 ] {} <Information> Application: Merges and mutations memory limit is set to 3.83 GiB
2025.11.02 19:47:17.181488 [ 1 ] {} <Information> Application: Setting max_remote_read_network_bandwidth_for_server was set to 0
2025.11.02 19:47:17.181607 [ 1 ] {} <Information> Application: Setting max_remote_write_network_bandwidth_for_server was set to 0
2025.11.02 19:47:17.181663 [ 1 ] {} <Information> Application: Setting max_local_read_bandwidth_for_server was set to 0
2025.11.02 19:47:17.181728 [ 1 ] {} <Information> Application: Setting max_local_write_bandwidth_for_server was set to 0
2025.11.02 19:47:17.181788 [ 1 ] {} <Information> Application: ConcurrencyControl limit is set to UNLIMITED CPU slots with 'round_robin' scheduler
2025.11.02 19:47:17.181834 [ 1 ] {} <Information> BackgroundSchedulePool/BgBufSchPool: Create BackgroundSchedulePool with 16 threads
2025.11.02 19:47:17.182855 [ 1 ] {} <Information> BackgroundSchedulePool/BgMBSchPool: Create BackgroundSchedulePool with 16 threads
2025.11.02 19:47:17.183616 [ 1 ] {} <Information> BackgroundSchedulePool/BgDistSchPool: Create BackgroundSchedulePool with 16 threads
2025.11.02 19:47:17.184495 [ 1 ] {} <Debug> ConfigReloader: Loaded config '/etc/clickhouse-server/config.xml', performed update on configuration
2025.11.02 19:47:17.184732 [ 1 ] {} <Warning> Application: Listen [::]:9009 failed: Poco::Exception. Code: 1000, e.code() = 0, DNS error: EAI: Address family for hostname not supported (version 25.3.7.194 (official build)). If it is an IPv6 or IPv4 address and your host has disabled IPv6 or IPv4, then consider to specify not disabled IPv4 or IPv6 address to listen in <listen_host> element of configuration file. Example for disabled IPv6: <listen_host>0.0.0.0</listen_host> . Example for disabled IPv4: <listen_host>::</listen_host>
2025.11.02 19:47:17.184948 [ 1 ] {} <Information> Application: Listening for replica communication (interserver): http://0.0.0.0:9009
2025.11.02 19:47:17.185071 [ 1 ] {} <Warning> Access(local_directory): File /var/lib/clickhouse/access/users.list doesn't exist
2025.11.02 19:47:17.185195 [ 1 ] {} <Warning> Access(local_directory): Recovering lists in directory /var/lib/clickhouse/access/
2025.11.02 19:47:17.185352 [ 1 ] {} <Debug> Access(user directories): Added local_directory access storage 'local_directory', path: /var/lib/clickhouse/access/
2025.11.02 19:47:17.185765 [ 1 ] {} <Debug> ConfigReloader: Loading config '/etc/clickhouse-server/users.xml'
2025.11.02 19:47:17.185843 [ 1 ] {} <Debug> ConfigProcessor: Processing configuration file '/etc/clickhouse-server/users.xml'.
2025.11.02 19:47:17.186064 [ 1 ] {} <Debug> ConfigProcessor: Merging configuration file '/etc/clickhouse-server/users.d/users.xml'.
2025.11.02 19:47:17.186930 [ 1 ] {} <Debug> ConfigProcessor: Saved preprocessed configuration to '/var/lib/clickhouse/preprocessed_configs/users.xml'.
2025.11.02 19:47:17.187270 [ 1 ] {} <Debug> ConfigReloader: Loaded config '/etc/clickhouse-server/users.xml', performing update on configuration
2025.11.02 19:47:17.188244 [ 1 ] {} <Debug> ConfigReloader: Loaded config '/etc/clickhouse-server/users.xml', performed update on configuration
2025.11.02 19:47:17.188439 [ 1 ] {} <Debug> Access(user directories): Added users_xml access storage 'users_xml', path: /etc/clickhouse-server/users.xml
2025.11.02 19:47:17.188692 [ 1 ] {} <Information> CgroupsMemoryUsageObserver: Started cgroup current memory usage observer thread
2025.11.02 19:47:17.188776 [ 651 ] {} <Information> CgroupsMemoryUsageObserver: Memory amount initially available to the process is 7.65 GiB
2025.11.02 19:47:17.190105 [ 1 ] {} <Information> Context: Initialized background executor for merges and mutations with num_threads=16, num_tasks=32, scheduling_policy=round_robin
2025.11.02 19:47:17.190511 [ 1 ] {} <Information> Context: Initialized background executor for move operations with num_threads=8, num_tasks=8
2025.11.02 19:47:17.191353 [ 1 ] {} <Information> Context: Initialized background executor for fetches with num_threads=16, num_tasks=16
2025.11.02 19:47:17.191943 [ 1 ] {} <Information> Context: Initialized background executor for common operations (e.g. clearing old parts) with num_threads=8, num_tasks=8
2025.11.02 19:47:17.196226 [ 1 ] {} <Warning> Context: Linux transparent hugepages are set to "always". Check /sys/kernel/mm/transparent_hugepage/enabled
2025.11.02 19:47:17.196692 [ 1 ] {} <Warning> Context: Delay accounting is not enabled, OSIOWaitMicroseconds will not be gathered. You can enable it using `echo 1 > /proc/sys/kernel/task_delayacct` or by using sysctl.
2025.11.02 19:47:17.196898 [ 1 ] {} <Information> DNSCacheUpdater: Update period 15 seconds
2025.11.02 19:47:17.196980 [ 1 ] {} <Information> Application: Loading metadata from /var/lib/clickhouse/
2025.11.02 19:47:17.196994 [ 86 ] {} <Debug> DNSResolver: Updating DNS cache
2025.11.02 19:47:17.197054 [ 1 ] {} <Information> Context: Database disk name: default
2025.11.02 19:47:17.197240 [ 1 ] {} <Information> Context: Database disk name: default, path: /var/lib/clickhouse/
2025.11.02 19:47:17.197320 [ 1 ] {} <Debug> loadSystemDatabase: metadata_file_path metadata/system.sql, existsFile false
2025.11.02 19:47:17.197606 [ 86 ] {} <Debug> DNSResolver: Updated DNS cache
2025.11.02 19:47:17.198318 [ 1 ] {} <Debug> loadSystemDatabase: metadata_file_path metadata/information_schema.sql, existsFile false
2025.11.02 19:47:17.200139 [ 1 ] {} <Debug> loadSystemDatabase: metadata_file_path metadata/INFORMATION_SCHEMA.sql, existsFile false
2025.11.02 19:47:17.201429 [ 1 ] {} <Information> DatabaseAtomic (system): Metadata processed, database system has 0 tables and 0 dictionaries in total.
2025.11.02 19:47:17.201471 [ 1 ] {} <Information> TablesLoader: Parsed metadata of 0 tables in 1 databases in 5.0958e-05 sec
2025.11.02 19:47:17.201520 [ 1 ] {} <Debug> AsyncLoader: Prioritize load job 'startup Atomic database system': BackgrndStartup -> ForegroundLoad
2025.11.02 19:47:17.205001 [ 1 ] {} <Debug> AsyncLoader: Prioritize load job 'startup Ordinary database system': BackgrndStartup -> ForegroundLoad
2025.11.02 19:47:17.205034 [ 1 ] {} <Debug> AsyncLoader: Schedule load job 'startup Ordinary database system' into ForegroundLoad
2025.11.02 19:47:17.205067 [ 1 ] {} <Debug> AsyncLoader: Schedule load job 'startup Atomic database system' into ForegroundLoad
2025.11.02 19:47:17.205096 [ 1 ] {} <Debug> AsyncLoader: Change current priority: none -> 0
2025.11.02 19:47:17.205117 [ 1 ] {} <Debug> AsyncLoader: Spawn loader worker #1 in ForegroundLoad
2025.11.02 19:47:17.202466 [ 84 ] {} <Information> MemoryTracker: Correcting the value of global memory tracker from 16.35 MiB to 423.87 MiB
2025.11.02 19:47:17.205191 [ 1 ] {} <Debug> AsyncLoader: Wait load job 'startup Atomic database system' in ForegroundLoad
2025.11.02 19:47:17.205244 [ 716 ] {} <Debug> AsyncLoader: Execute load job 'startup Ordinary database system' in ForegroundLoad
2025.11.02 19:47:17.205370 [ 716 ] {} <Debug> AsyncLoader: Finish load job 'startup Ordinary database system' with status OK
2025.11.02 19:47:17.205395 [ 716 ] {} <Debug> AsyncLoader: Spawn loader worker #2 in ForegroundLoad
2025.11.02 19:47:17.205455 [ 716 ] {} <Debug> AsyncLoader: Execute load job 'startup Atomic database system' in ForegroundLoad
2025.11.02 19:47:17.205490 [ 717 ] {} <Debug> AsyncLoader: Stop worker in ForegroundLoad
2025.11.02 19:47:17.205535 [ 716 ] {} <Debug> AsyncLoader: Finish load job 'startup Atomic database system' with status OK
2025.11.02 19:47:17.205564 [ 716 ] {} <Debug> AsyncLoader: Stop worker in ForegroundLoad
2025.11.02 19:47:17.205591 [ 716 ] {} <Debug> AsyncLoader: Change current priority: 0 -> none
2025.11.02 19:47:17.205553 [ 1 ] {} <Debug> SystemLog: Creating system.query_log from query_log
2025.11.02 19:47:17.210247 [ 1 ] {} <Debug> SystemLog: Creating system.query_thread_log from query_thread_log
2025.11.02 19:47:17.210439 [ 1 ] {} <Debug> SystemLog: Not creating system.part_log since corresponding section 'part_log' is missing from config
2025.11.02 19:47:17.210475 [ 1 ] {} <Debug> SystemLog: Not creating system.trace_log since corresponding section 'trace_log' is missing from config
2025.11.02 19:47:17.210518 [ 1 ] {} <Debug> SystemLog: Not creating system.crash_log since corresponding section 'crash_log' is missing from config
2025.11.02 19:47:17.210555 [ 1 ] {} <Debug> SystemLog: Not creating system.text_log since corresponding section 'text_log' is missing from config
2025.11.02 19:47:17.210591 [ 1 ] {} <Debug> SystemLog: Creating system.metric_log from metric_log
2025.11.02 19:47:17.213197 [ 1 ] {} <Debug> SystemLog: Not creating system.latency_log since corresponding section 'latency_log' is missing from config
2025.11.02 19:47:17.213250 [ 1 ] {} <Debug> SystemLog: Not creating system.error_log since corresponding section 'error_log' is missing from config
2025.11.02 19:47:17.213289 [ 1 ] {} <Debug> SystemLog: Not creating system.filesystem_cache_log since corresponding section 'filesystem_cache_log' is missing from config
2025.11.02 19:47:17.213325 [ 1 ] {} <Debug> SystemLog: Not creating system.filesystem_read_prefetches_log since corresponding section 'filesystem_read_prefetches_log' is missing from config
2025.11.02 19:47:17.213366 [ 1 ] {} <Debug> SystemLog: Not creating system.s3queue_log since corresponding section 's3queue_log' is missing from config
2025.11.02 19:47:17.213399 [ 1 ] {} <Debug> SystemLog: Not creating system.azure_queue_log since corresponding section 'azure_queue_log' is missing from config
2025.11.02 19:47:17.213444 [ 1 ] {} <Debug> SystemLog: Not creating system.asynchronous_metric_log since corresponding section 'asynchronous_metric_log' is missing from config
2025.11.02 19:47:17.213507 [ 1 ] {} <Debug> SystemLog: Not creating system.opentelemetry_span_log since corresponding section 'opentelemetry_span_log' is missing from config
2025.11.02 19:47:17.213543 [ 1 ] {} <Debug> SystemLog: Not creating system.query_views_log since corresponding section 'query_views_log' is missing from config
2025.11.02 19:47:17.213580 [ 1 ] {} <Debug> SystemLog: Not creating system.zookeeper_log since corresponding section 'zookeeper_log' is missing from config
2025.11.02 19:47:17.213603 [ 1 ] {} <Debug> SystemLog: Not creating system.session_log since corresponding section 'session_log' is missing from config
2025.11.02 19:47:17.213644 [ 1 ] {} <Debug> SystemLog: Not creating system.transactions_info_log since corresponding section 'transactions_info_log' is missing from config
2025.11.02 19:47:17.213666 [ 1 ] {} <Debug> SystemLog: Not creating system.processors_profile_log since corresponding section 'processors_profile_log' is missing from config
2025.11.02 19:47:17.213693 [ 1 ] {} <Debug> SystemLog: Not creating system.asynchronous_insert_log since corresponding section 'asynchronous_insert_log' is missing from config
2025.11.02 19:47:17.213723 [ 1 ] {} <Debug> SystemLog: Not creating system.backup_log since corresponding section 'backup_log' is missing from config
2025.11.02 19:47:17.213819 [ 1 ] {} <Debug> SystemLog: Not creating system.blob_storage_log since corresponding section 'blob_storage_log' is missing from config
2025.11.02 19:47:17.213895 [ 1 ] {} <Debug> SystemLog: Not creating system.query_metric_log since corresponding section 'query_metric_log' is missing from config
2025.11.02 19:47:17.214152 [ 1 ] {} <Debug> DatabaseAtomic (system): There are 0 detached tables. Start searching non used tables.
2025.11.02 19:47:17.214212 [ 1 ] {} <Debug> DatabaseAtomic (system): Found 0 non used tables in detached tables.
2025.11.02 19:47:17.214772 [ 1 ] {} <Debug> DatabaseAtomic (system): There are 0 detached tables. Start searching non used tables.
2025.11.02 19:47:17.214819 [ 1 ] {} <Debug> DatabaseAtomic (system): Found 0 non used tables in detached tables.
2025.11.02 19:47:17.214921 [ 1 ] {} <Debug> DatabaseAtomic (system): There are 0 detached tables. Start searching non used tables.
2025.11.02 19:47:17.215021 [ 1 ] {} <Debug> DatabaseAtomic (system): Found 0 non used tables in detached tables.
2025.11.02 19:47:17.215120 [ 1 ] {} <Debug> DatabaseAtomic (system): There are 0 detached tables. Start searching non used tables.
2025.11.02 19:47:17.215177 [ 1 ] {} <Debug> DatabaseAtomic (system): Found 0 non used tables in detached tables.
2025.11.02 19:47:17.215274 [ 1 ] {} <Debug> DatabaseAtomic (system): There are 0 detached tables. Start searching non used tables.
2025.11.02 19:47:17.215341 [ 1 ] {} <Debug> DatabaseAtomic (system): Found 0 non used tables in detached tables.
2025.11.02 19:47:17.215458 [ 1 ] {} <Debug> DatabaseAtomic (system): There are 0 detached tables. Start searching non used tables.
2025.11.02 19:47:17.215509 [ 1 ] {} <Debug> DatabaseAtomic (system): Found 0 non used tables in detached tables.
2025.11.02 19:47:17.215649 [ 1 ] {} <Debug> DatabaseAtomic (system): There are 0 detached tables. Start searching non used tables.
2025.11.02 19:47:17.215698 [ 1 ] {} <Debug> DatabaseAtomic (system): Found 0 non used tables in detached tables.
2025.11.02 19:47:17.215773 [ 1 ] {} <Debug> DatabaseAtomic (system): There are 0 detached tables. Start searching non used tables.
2025.11.02 19:47:17.215848 [ 1 ] {} <Debug> DatabaseAtomic (system): Found 0 non used tables in detached tables.
2025.11.02 19:47:17.215911 [ 1 ] {} <Debug> DatabaseAtomic (system): There are 0 detached tables. Start searching non used tables.
2025.11.02 19:47:17.215949 [ 1 ] {} <Debug> DatabaseAtomic (system): Found 0 non used tables in detached tables.
2025.11.02 19:47:17.216011 [ 1 ] {} <Debug> DatabaseAtomic (system): There are 0 detached tables. Start searching non used tables.
2025.11.02 19:47:17.216052 [ 1 ] {} <Debug> DatabaseAtomic (system): Found 0 non used tables in detached tables.
2025.11.02 19:47:17.216105 [ 1 ] {} <Debug> DatabaseAtomic (system): There are 0 detached tables. Start searching non used tables.
2025.11.02 19:47:17.216171 [ 1 ] {} <Debug> DatabaseAtomic (system): Found 0 non used tables in detached tables.
2025.11.02 19:47:17.216268 [ 1 ] {} <Debug> DatabaseAtomic (system): There are 0 detached tables. Start searching non used tables.
2025.11.02 19:47:17.216314 [ 1 ] {} <Debug> DatabaseAtomic (system): Found 0 non used tables in detached tables.
2025.11.02 19:47:17.216390 [ 1 ] {} <Debug> DatabaseAtomic (system): There are 0 detached tables. Start searching non used tables.
2025.11.02 19:47:17.216429 [ 1 ] {} <Debug> DatabaseAtomic (system): Found 0 non used tables in detached tables.
2025.11.02 19:47:17.216469 [ 1 ] {} <Debug> DatabaseAtomic (system): There are 0 detached tables. Start searching non used tables.
2025.11.02 19:47:17.216497 [ 1 ] {} <Debug> DatabaseAtomic (system): Found 0 non used tables in detached tables.
2025.11.02 19:47:17.216541 [ 1 ] {} <Debug> DatabaseAtomic (system): There are 0 detached tables. Start searching non used tables.
2025.11.02 19:47:17.216570 [ 1 ] {} <Debug> DatabaseAtomic (system): Found 0 non used tables in detached tables.
2025.11.02 19:47:17.216650 [ 1 ] {} <Debug> DatabaseAtomic (system): There are 0 detached tables. Start searching non used tables.
2025.11.02 19:47:17.216705 [ 1 ] {} <Debug> DatabaseAtomic (system): Found 0 non used tables in detached tables.
2025.11.02 19:47:17.216763 [ 1 ] {} <Debug> DatabaseAtomic (system): There are 0 detached tables. Start searching non used tables.
2025.11.02 19:47:17.216839 [ 1 ] {} <Debug> DatabaseAtomic (system): Found 0 non used tables in detached tables.
2025.11.02 19:47:17.217037 [ 1 ] {} <Debug> DatabaseAtomic (system): There are 0 detached tables. Start searching non used tables.
2025.11.02 19:47:17.217090 [ 1 ] {} <Debug> DatabaseAtomic (system): Found 0 non used tables in detached tables.
2025.11.02 19:47:17.217183 [ 1 ] {} <Debug> DatabaseAtomic (system): There are 0 detached tables. Start searching non used tables.
2025.11.02 19:47:17.217243 [ 1 ] {} <Debug> DatabaseAtomic (system): Found 0 non used tables in detached tables.
2025.11.02 19:47:17.217330 [ 1 ] {} <Debug> DatabaseAtomic (system): There are 0 detached tables. Start searching non used tables.
2025.11.02 19:47:17.217369 [ 1 ] {} <Debug> DatabaseAtomic (system): Found 0 non used tables in detached tables.
2025.11.02 19:47:17.217444 [ 1 ] {} <Debug> DatabaseAtomic (system): There are 0 detached tables. Start searching non used tables.
2025.11.02 19:47:17.217482 [ 1 ] {} <Debug> DatabaseAtomic (system): Found 0 non used tables in detached tables.
2025.11.02 19:47:17.217564 [ 1 ] {} <Debug> DatabaseAtomic (system): There are 0 detached tables. Start searching non used tables.
2025.11.02 19:47:17.217599 [ 1 ] {} <Debug> DatabaseAtomic (system): Found 0 non used tables in detached tables.
2025.11.02 19:47:17.217683 [ 1 ] {} <Debug> DatabaseAtomic (system): There are 0 detached tables. Start searching non used tables.
2025.11.02 19:47:17.217727 [ 1 ] {} <Debug> DatabaseAtomic (system): Found 0 non used tables in detached tables.
2025.11.02 19:47:17.217800 [ 1 ] {} <Debug> DatabaseAtomic (system): There are 0 detached tables. Start searching non used tables.
2025.11.02 19:47:17.217858 [ 1 ] {} <Debug> DatabaseAtomic (system): Found 0 non used tables in detached tables.
2025.11.02 19:47:17.217892 [ 1 ] {} <Debug> DatabaseAtomic (system): There are 0 detached tables. Start searching non used tables.
2025.11.02 19:47:17.217932 [ 1 ] {} <Debug> DatabaseAtomic (system): Found 0 non used tables in detached tables.
2025.11.02 19:47:17.217994 [ 1 ] {} <Debug> DatabaseAtomic (system): There are 0 detached tables. Start searching non used tables.
2025.11.02 19:47:17.218024 [ 1 ] {} <Debug> DatabaseAtomic (system): Found 0 non used tables in detached tables.
2025.11.02 19:47:17.218072 [ 1 ] {} <Debug> DatabaseAtomic (system): There are 0 detached tables. Start searching non used tables.
2025.11.02 19:47:17.218132 [ 1 ] {} <Debug> DatabaseAtomic (system): Found 0 non used tables in detached tables.
2025.11.02 19:47:17.218233 [ 1 ] {} <Debug> DatabaseAtomic (system): There are 0 detached tables. Start searching non used tables.
2025.11.02 19:47:17.218273 [ 1 ] {} <Debug> DatabaseAtomic (system): Found 0 non used tables in detached tables.
2025.11.02 19:47:17.218313 [ 1 ] {} <Debug> DatabaseAtomic (system): There are 0 detached tables. Start searching non used tables.
2025.11.02 19:47:17.218362 [ 1 ] {} <Debug> DatabaseAtomic (system): Found 0 non used tables in detached tables.
2025.11.02 19:47:17.218419 [ 1 ] {} <Debug> DatabaseAtomic (system): There are 0 detached tables. Start searching non used tables.
2025.11.02 19:47:17.218460 [ 1 ] {} <Debug> DatabaseAtomic (system): Found 0 non used tables in detached tables.
2025.11.02 19:47:17.218529 [ 1 ] {} <Debug> DatabaseAtomic (system): There are 0 detached tables. Start searching non used tables.
2025.11.02 19:47:17.218567 [ 1 ] {} <Debug> DatabaseAtomic (system): Found 0 non used tables in detached tables.
2025.11.02 19:47:17.218626 [ 1 ] {} <Debug> DatabaseAtomic (system): There are 0 detached tables. Start searching non used tables.
2025.11.02 19:47:17.218665 [ 1 ] {} <Debug> DatabaseAtomic (system): Found 0 non used tables in detached tables.
2025.11.02 19:47:17.218794 [ 1 ] {} <Debug> DatabaseAtomic (system): There are 0 detached tables. Start searching non used tables.
2025.11.02 19:47:17.218846 [ 1 ] {} <Debug> DatabaseAtomic (system): Found 0 non used tables in detached tables.
2025.11.02 19:47:17.218916 [ 1 ] {} <Debug> DatabaseAtomic (system): There are 0 detached tables. Start searching non used tables.
2025.11.02 19:47:17.218944 [ 1 ] {} <Debug> DatabaseAtomic (system): Found 0 non used tables in detached tables.
2025.11.02 19:47:17.218989 [ 1 ] {} <Debug> DatabaseAtomic (system): There are 0 detached tables. Start searching non used tables.
2025.11.02 19:47:17.219075 [ 1 ] {} <Debug> DatabaseAtomic (system): Found 0 non used tables in detached tables.
2025.11.02 19:47:17.219226 [ 1 ] {} <Debug> DatabaseAtomic (system): There are 0 detached tables. Start searching non used tables.
2025.11.02 19:47:17.219262 [ 1 ] {} <Debug> DatabaseAtomic (system): Found 0 non used tables in detached tables.
2025.11.02 19:47:17.219378 [ 1 ] {} <Debug> DatabaseAtomic (system): There are 0 detached tables. Start searching non used tables.
2025.11.02 19:47:17.219399 [ 1 ] {} <Debug> DatabaseAtomic (system): Found 0 non used tables in detached tables.
2025.11.02 19:47:17.219467 [ 1 ] {} <Debug> DatabaseAtomic (system): There are 0 detached tables. Start searching non used tables.
2025.11.02 19:47:17.219503 [ 1 ] {} <Debug> DatabaseAtomic (system): Found 0 non used tables in detached tables.
2025.11.02 19:47:17.219578 [ 1 ] {} <Debug> DatabaseAtomic (system): There are 0 detached tables. Start searching non used tables.
2025.11.02 19:47:17.219647 [ 1 ] {} <Debug> DatabaseAtomic (system): Found 0 non used tables in detached tables.
2025.11.02 19:47:17.219737 [ 1 ] {} <Debug> DatabaseAtomic (system): There are 0 detached tables. Start searching non used tables.
2025.11.02 19:47:17.219784 [ 1 ] {} <Debug> DatabaseAtomic (system): Found 0 non used tables in detached tables.
2025.11.02 19:47:17.219840 [ 1 ] {} <Debug> DatabaseAtomic (system): There are 0 detached tables. Start searching non used tables.
2025.11.02 19:47:17.219907 [ 1 ] {} <Debug> DatabaseAtomic (system): Found 0 non used tables in detached tables.
2025.11.02 19:47:17.219953 [ 1 ] {} <Debug> DatabaseAtomic (system): There are 0 detached tables. Start searching non used tables.
2025.11.02 19:47:17.220096 [ 1 ] {} <Debug> DatabaseAtomic (system): Found 0 non used tables in detached tables.
2025.11.02 19:47:17.220148 [ 1 ] {} <Debug> DatabaseAtomic (system): There are 0 detached tables. Start searching non used tables.
2025.11.02 19:47:17.220186 [ 1 ] {} <Debug> DatabaseAtomic (system): Found 0 non used tables in detached tables.
2025.11.02 19:47:17.220247 [ 1 ] {} <Debug> DatabaseAtomic (system): There are 0 detached tables. Start searching non used tables.
2025.11.02 19:47:17.220326 [ 1 ] {} <Debug> DatabaseAtomic (system): Found 0 non used tables in detached tables.
2025.11.02 19:47:17.220371 [ 1 ] {} <Debug> DatabaseAtomic (system): There are 0 detached tables. Start searching non used tables.
2025.11.02 19:47:17.220398 [ 1 ] {} <Debug> DatabaseAtomic (system): Found 0 non used tables in detached tables.
2025.11.02 19:47:17.220493 [ 1 ] {} <Debug> DatabaseAtomic (system): There are 0 detached tables. Start searching non used tables.
2025.11.02 19:47:17.220524 [ 1 ] {} <Debug> DatabaseAtomic (system): Found 0 non used tables in detached tables.
2025.11.02 19:47:17.220585 [ 1 ] {} <Debug> DatabaseAtomic (system): There are 0 detached tables. Start searching non used tables.
2025.11.02 19:47:17.220632 [ 1 ] {} <Debug> DatabaseAtomic (system): Found 0 non used tables in detached tables.
2025.11.02 19:47:17.220711 [ 1 ] {} <Debug> DatabaseAtomic (system): There are 0 detached tables. Start searching non used tables.
2025.11.02 19:47:17.220741 [ 1 ] {} <Debug> DatabaseAtomic (system): Found 0 non used tables in detached tables.
2025.11.02 19:47:17.220866 [ 1 ] {} <Debug> DatabaseAtomic (system): There are 0 detached tables. Start searching non used tables.
2025.11.02 19:47:17.220897 [ 1 ] {} <Debug> DatabaseAtomic (system): Found 0 non used tables in detached tables.
2025.11.02 19:47:17.221113 [ 1 ] {} <Debug> DatabaseAtomic (system): There are 0 detached tables. Start searching non used tables.
2025.11.02 19:47:17.221157 [ 1 ] {} <Debug> DatabaseAtomic (system): Found 0 non used tables in detached tables.
2025.11.02 19:47:17.221227 [ 1 ] {} <Debug> DatabaseAtomic (system): There are 0 detached tables. Start searching non used tables.
2025.11.02 19:47:17.221265 [ 1 ] {} <Debug> DatabaseAtomic (system): Found 0 non used tables in detached tables.
2025.11.02 19:47:17.221313 [ 1 ] {} <Debug> DatabaseAtomic (system): There are 0 detached tables. Start searching non used tables.
2025.11.02 19:47:17.221342 [ 1 ] {} <Debug> DatabaseAtomic (system): Found 0 non used tables in detached tables.
2025.11.02 19:47:17.221378 [ 1 ] {} <Debug> DatabaseAtomic (system): There are 0 detached tables. Start searching non used tables.
2025.11.02 19:47:17.221424 [ 1 ] {} <Debug> DatabaseAtomic (system): Found 0 non used tables in detached tables.
2025.11.02 19:47:17.221468 [ 1 ] {} <Debug> DatabaseAtomic (system): There are 0 detached tables. Start searching non used tables.
2025.11.02 19:47:17.221510 [ 1 ] {} <Debug> DatabaseAtomic (system): Found 0 non used tables in detached tables.
2025.11.02 19:47:17.221592 [ 1 ] {} <Debug> DatabaseAtomic (system): There are 0 detached tables. Start searching non used tables.
2025.11.02 19:47:17.221676 [ 1 ] {} <Debug> DatabaseAtomic (system): Found 0 non used tables in detached tables.
2025.11.02 19:47:17.221749 [ 1 ] {} <Debug> DatabaseAtomic (system): There are 0 detached tables. Start searching non used tables.
2025.11.02 19:47:17.221811 [ 1 ] {} <Debug> DatabaseAtomic (system): Found 0 non used tables in detached tables.
2025.11.02 19:47:17.221869 [ 1 ] {} <Debug> DatabaseAtomic (system): There are 0 detached tables. Start searching non used tables.
2025.11.02 19:47:17.221922 [ 1 ] {} <Debug> DatabaseAtomic (system): Found 0 non used tables in detached tables.
2025.11.02 19:47:17.222051 [ 1 ] {} <Debug> DatabaseAtomic (system): There are 0 detached tables. Start searching non used tables.
2025.11.02 19:47:17.222124 [ 1 ] {} <Debug> DatabaseAtomic (system): Found 0 non used tables in detached tables.
2025.11.02 19:47:17.222308 [ 1 ] {} <Debug> DatabaseAtomic (system): There are 0 detached tables. Start searching non used tables.
2025.11.02 19:47:17.222374 [ 1 ] {} <Debug> DatabaseAtomic (system): Found 0 non used tables in detached tables.
2025.11.02 19:47:17.222440 [ 1 ] {} <Debug> DatabaseAtomic (system): There are 0 detached tables. Start searching non used tables.
2025.11.02 19:47:17.222487 [ 1 ] {} <Debug> DatabaseAtomic (system): Found 0 non used tables in detached tables.
2025.11.02 19:47:17.222583 [ 1 ] {} <Debug> DatabaseAtomic (system): There are 0 detached tables. Start searching non used tables.
2025.11.02 19:47:17.222626 [ 1 ] {} <Debug> DatabaseAtomic (system): Found 0 non used tables in detached tables.
2025.11.02 19:47:17.222762 [ 1 ] {} <Debug> DatabaseAtomic (system): There are 0 detached tables. Start searching non used tables.
2025.11.02 19:47:17.222837 [ 1 ] {} <Debug> DatabaseAtomic (system): Found 0 non used tables in detached tables.
2025.11.02 19:47:17.222922 [ 1 ] {} <Debug> DatabaseAtomic (system): There are 0 detached tables. Start searching non used tables.
2025.11.02 19:47:17.222981 [ 1 ] {} <Debug> DatabaseAtomic (system): Found 0 non used tables in detached tables.
2025.11.02 19:47:17.223072 [ 1 ] {} <Debug> DatabaseAtomic (system): There are 0 detached tables. Start searching non used tables.
2025.11.02 19:47:17.223113 [ 1 ] {} <Debug> DatabaseAtomic (system): Found 0 non used tables in detached tables.
2025.11.02 19:47:17.223236 [ 1 ] {} <Debug> DatabaseAtomic (system): There are 0 detached tables. Start searching non used tables.
2025.11.02 19:47:17.223293 [ 1 ] {} <Debug> DatabaseAtomic (system): Found 0 non used tables in detached tables.
2025.11.02 19:47:17.223353 [ 1 ] {} <Debug> DatabaseAtomic (system): There are 0 detached tables. Start searching non used tables.
2025.11.02 19:47:17.223441 [ 1 ] {} <Debug> DatabaseAtomic (system): Found 0 non used tables in detached tables.
2025.11.02 19:47:17.223546 [ 1 ] {} <Debug> DatabaseAtomic (system): There are 0 detached tables. Start searching non used tables.
2025.11.02 19:47:17.223595 [ 1 ] {} <Debug> DatabaseAtomic (system): Found 0 non used tables in detached tables.
2025.11.02 19:47:17.223675 [ 1 ] {} <Debug> DatabaseAtomic (system): There are 0 detached tables. Start searching non used tables.
2025.11.02 19:47:17.223726 [ 1 ] {} <Debug> DatabaseAtomic (system): Found 0 non used tables in detached tables.
2025.11.02 19:47:17.223793 [ 1 ] {} <Debug> DatabaseAtomic (system): There are 0 detached tables. Start searching non used tables.
2025.11.02 19:47:17.223831 [ 1 ] {} <Debug> DatabaseAtomic (system): Found 0 non used tables in detached tables.
2025.11.02 19:47:17.223913 [ 1 ] {} <Debug> DatabaseAtomic (system): There are 0 detached tables. Start searching non used tables.
2025.11.02 19:47:17.223977 [ 1 ] {} <Debug> DatabaseAtomic (system): Found 0 non used tables in detached tables.
2025.11.02 19:47:17.224130 [ 1 ] {} <Debug> DatabaseAtomic (system): There are 0 detached tables. Start searching non used tables.
2025.11.02 19:47:17.224176 [ 1 ] {} <Debug> DatabaseAtomic (system): Found 0 non used tables in detached tables.
2025.11.02 19:47:17.224243 [ 1 ] {} <Debug> DatabaseAtomic (system): There are 0 detached tables. Start searching non used tables.
2025.11.02 19:47:17.224302 [ 1 ] {} <Debug> DatabaseAtomic (system): Found 0 non used tables in detached tables.
2025.11.02 19:47:17.224404 [ 1 ] {} <Debug> DatabaseAtomic (system): There are 0 detached tables. Start searching non used tables.
2025.11.02 19:47:17.224452 [ 1 ] {} <Debug> DatabaseAtomic (system): Found 0 non used tables in detached tables.
2025.11.02 19:47:17.224531 [ 1 ] {} <Debug> DatabaseAtomic (system): There are 0 detached tables. Start searching non used tables.
2025.11.02 19:47:17.224575 [ 1 ] {} <Debug> DatabaseAtomic (system): Found 0 non used tables in detached tables.
2025.11.02 19:47:17.224656 [ 1 ] {} <Debug> DatabaseAtomic (system): There are 0 detached tables. Start searching non used tables.
2025.11.02 19:47:17.224690 [ 1 ] {} <Debug> DatabaseAtomic (system): Found 0 non used tables in detached tables.
2025.11.02 19:47:17.224772 [ 1 ] {} <Debug> DatabaseAtomic (system): There are 0 detached tables. Start searching non used tables.
2025.11.02 19:47:17.224812 [ 1 ] {} <Debug> DatabaseAtomic (system): Found 0 non used tables in detached tables.
2025.11.02 19:47:17.224900 [ 1 ] {} <Debug> DatabaseAtomic (system): There are 0 detached tables. Start searching non used tables.
2025.11.02 19:47:17.224935 [ 1 ] {} <Debug> DatabaseAtomic (system): Found 0 non used tables in detached tables.
2025.11.02 19:47:17.224989 [ 1 ] {} <Debug> DatabaseAtomic (system): There are 0 detached tables. Start searching non used tables.
2025.11.02 19:47:17.225072 [ 1 ] {} <Debug> DatabaseAtomic (system): Found 0 non used tables in detached tables.
2025.11.02 19:47:17.225142 [ 1 ] {} <Debug> DatabaseAtomic (system): There are 0 detached tables. Start searching non used tables.
2025.11.02 19:47:17.225182 [ 1 ] {} <Debug> DatabaseAtomic (system): Found 0 non used tables in detached tables.
2025.11.02 19:47:17.225277 [ 1 ] {} <Debug> DatabaseAtomic (system): There are 0 detached tables. Start searching non used tables.
2025.11.02 19:47:17.225337 [ 1 ] {} <Debug> DatabaseAtomic (system): Found 0 non used tables in detached tables.
2025.11.02 19:47:17.225500 [ 1 ] {} <Debug> DatabaseAtomic (system): There are 0 detached tables. Start searching non used tables.
2025.11.02 19:47:17.225545 [ 1 ] {} <Debug> DatabaseAtomic (system): Found 0 non used tables in detached tables.
2025.11.02 19:47:17.225631 [ 1 ] {} <Debug> DatabaseAtomic (system): There are 0 detached tables. Start searching non used tables.
2025.11.02 19:47:17.225986 [ 1 ] {} <Debug> DatabaseAtomic (system): Found 0 non used tables in detached tables.
2025.11.02 19:47:17.226060 [ 1 ] {} <Debug> DatabaseAtomic (system): There are 0 detached tables. Start searching non used tables.
2025.11.02 19:47:17.227492 [ 1 ] {} <Debug> DatabaseAtomic (system): Found 0 non used tables in detached tables.
2025.11.02 19:47:17.227582 [ 1 ] {} <Debug> DatabaseAtomic (system): There are 0 detached tables. Start searching non used tables.
2025.11.02 19:47:17.227625 [ 1 ] {} <Debug> DatabaseAtomic (system): Found 0 non used tables in detached tables.
2025.11.02 19:47:17.227699 [ 1 ] {} <Debug> DatabaseAtomic (system): There are 0 detached tables. Start searching non used tables.
2025.11.02 19:47:17.227760 [ 1 ] {} <Debug> DatabaseAtomic (system): Found 0 non used tables in detached tables.
2025.11.02 19:47:17.227819 [ 1 ] {} <Debug> DatabaseAtomic (system): There are 0 detached tables. Start searching non used tables.
2025.11.02 19:47:17.227865 [ 1 ] {} <Debug> DatabaseAtomic (system): Found 0 non used tables in detached tables.
2025.11.02 19:47:17.227935 [ 1 ] {} <Debug> DatabaseAtomic (system): There are 0 detached tables. Start searching non used tables.
2025.11.02 19:47:17.228034 [ 1 ] {} <Debug> DatabaseAtomic (system): Found 0 non used tables in detached tables.
2025.11.02 19:47:17.228099 [ 1 ] {} <Debug> DatabaseAtomic (system): There are 0 detached tables. Start searching non used tables.
2025.11.02 19:47:17.228129 [ 1 ] {} <Debug> DatabaseAtomic (system): Found 0 non used tables in detached tables.
2025.11.02 19:47:17.228186 [ 1 ] {} <Debug> DatabaseAtomic (system): There are 0 detached tables. Start searching non used tables.
2025.11.02 19:47:17.228215 [ 1 ] {} <Debug> DatabaseAtomic (system): Found 0 non used tables in detached tables.
2025.11.02 19:47:17.228306 [ 1 ] {} <Debug> DatabaseAtomic (system): There are 0 detached tables. Start searching non used tables.
2025.11.02 19:47:17.228379 [ 1 ] {} <Debug> DatabaseAtomic (system): Found 0 non used tables in detached tables.
2025.11.02 19:47:17.228495 [ 1 ] {} <Debug> DatabaseAtomic (system): There are 0 detached tables. Start searching non used tables.
2025.11.02 19:47:17.228540 [ 1 ] {} <Debug> DatabaseAtomic (system): Found 0 non used tables in detached tables.
2025.11.02 19:47:17.228608 [ 1 ] {} <Debug> DatabaseAtomic (system): There are 0 detached tables. Start searching non used tables.
2025.11.02 19:47:17.228638 [ 1 ] {} <Debug> DatabaseAtomic (system): Found 0 non used tables in detached tables.
2025.11.02 19:47:17.228692 [ 1 ] {} <Debug> DatabaseAtomic (system): There are 0 detached tables. Start searching non used tables.
2025.11.02 19:47:17.228731 [ 1 ] {} <Debug> DatabaseAtomic (system): Found 0 non used tables in detached tables.
2025.11.02 19:47:17.228820 [ 1 ] {} <Debug> DatabaseAtomic (system): There are 0 detached tables. Start searching non used tables.
2025.11.02 19:47:17.228869 [ 1 ] {} <Debug> DatabaseAtomic (system): Found 0 non used tables in detached tables.
2025.11.02 19:47:17.228938 [ 1 ] {} <Debug> DatabaseAtomic (system): There are 0 detached tables. Start searching non used tables.
2025.11.02 19:47:17.228978 [ 1 ] {} <Debug> DatabaseAtomic (system): Found 0 non used tables in detached tables.
2025.11.02 19:47:17.229039 [ 1 ] {} <Debug> DatabaseAtomic (system): There are 0 detached tables. Start searching non used tables.
2025.11.02 19:47:17.229085 [ 1 ] {} <Debug> DatabaseAtomic (system): Found 0 non used tables in detached tables.
2025.11.02 19:47:17.229140 [ 1 ] {} <Debug> DatabaseAtomic (system): There are 0 detached tables. Start searching non used tables.
2025.11.02 19:47:17.229188 [ 1 ] {} <Debug> DatabaseAtomic (system): Found 0 non used tables in detached tables.
2025.11.02 19:47:17.229267 [ 1 ] {} <Debug> DatabaseAtomic (system): There are 0 detached tables. Start searching non used tables.
2025.11.02 19:47:17.229323 [ 1 ] {} <Debug> DatabaseAtomic (system): Found 0 non used tables in detached tables.
2025.11.02 19:47:17.229427 [ 1 ] {} <Debug> DatabaseAtomic (system): There are 0 detached tables. Start searching non used tables.
2025.11.02 19:47:17.229475 [ 1 ] {} <Debug> DatabaseAtomic (system): Found 0 non used tables in detached tables.
2025.11.02 19:47:17.229571 [ 1 ] {} <Debug> DatabaseAtomic (system): There are 0 detached tables. Start searching non used tables.
2025.11.02 19:47:17.229607 [ 1 ] {} <Debug> DatabaseAtomic (system): Found 0 non used tables in detached tables.
2025.11.02 19:47:17.229660 [ 1 ] {} <Debug> DatabaseAtomic (system): There are 0 detached tables. Start searching non used tables.
2025.11.02 19:47:17.229693 [ 1 ] {} <Debug> DatabaseAtomic (system): Found 0 non used tables in detached tables.
2025.11.02 19:47:17.229762 [ 1 ] {} <Debug> DatabaseAtomic (system): There are 0 detached tables. Start searching non used tables.
2025.11.02 19:47:17.229804 [ 1 ] {} <Debug> DatabaseAtomic (system): Found 0 non used tables in detached tables.
2025.11.02 19:47:17.229893 [ 1 ] {} <Debug> DatabaseAtomic (system): There are 0 detached tables. Start searching non used tables.
2025.11.02 19:47:17.229931 [ 1 ] {} <Debug> DatabaseAtomic (system): Found 0 non used tables in detached tables.
2025.11.02 19:47:17.233626 [ 1 ] {} <Information> DatabaseCatalog: Found 0 partially dropped tables. Will load them and retry removal.
2025.11.02 19:47:17.234772 [ 1 ] {} <Information> DatabaseAtomic (default): Metadata processed, database default has 0 tables and 0 dictionaries in total.
2025.11.02 19:47:17.235007 [ 1 ] {} <Information> TablesLoader: Parsed metadata of 0 tables in 1 databases in 0.000239167 sec
2025.11.02 19:47:17.235119 [ 1 ] {} <Information> loadMetadata: Start asynchronous loading of databases
2025.11.02 19:47:17.235198 [ 1 ] {} <Debug> AsyncLoader: Schedule load job 'startup Ordinary database default' into BackgrndStartup
2025.11.02 19:47:17.235409 [ 1 ] {} <Debug> AsyncLoader: Schedule load job 'startup Atomic database default' into BackgrndStartup
2025.11.02 19:47:17.235601 [ 1 ] {} <Debug> AsyncLoader: Change current priority: none -> 2
2025.11.02 19:47:17.235664 [ 1 ] {} <Debug> AsyncLoader: Spawn loader worker #1 in BackgrndStartup
2025.11.02 19:47:17.235848 [ 1 ] {} <Information> UserDefinedSQLObjectsLoaderFromDisk: Loading user defined objects from /var/lib/clickhouse/user_defined/
2025.11.02 19:47:17.235910 [ 1 ] {} <Debug> UserDefinedSQLObjectsLoaderFromDisk: The directory for user defined objects (/var/lib/clickhouse/user_defined/) does not exist: nothing to load
2025.11.02 19:47:17.235848 [ 721 ] {} <Debug> AsyncLoader: Execute load job 'startup Ordinary database default' in BackgrndStartup
2025.11.02 19:47:17.236044 [ 1 ] {} <Information> WorkloadEntityDiskStorage: Loading workload entities from /var/lib/clickhouse/workload/
2025.11.02 19:47:17.236251 [ 1 ] {} <Debug> WorkloadEntityDiskStorage: The directory for workload entities (/var/lib/clickhouse/workload/) does not exist: nothing to load
2025.11.02 19:47:17.236095 [ 721 ] {} <Debug> AsyncLoader: Finish load job 'startup Ordinary database default' with status OK
2025.11.02 19:47:17.236402 [ 721 ] {} <Debug> AsyncLoader: Spawn loader worker #2 in BackgrndStartup
2025.11.02 19:47:17.236533 [ 721 ] {} <Debug> AsyncLoader: Execute load job 'startup Atomic database default' in BackgrndStartup
2025.11.02 19:47:17.236645 [ 721 ] {} <Debug> AsyncLoader: Finish load job 'startup Atomic database default' with status OK
2025.11.02 19:47:17.236698 [ 721 ] {} <Debug> AsyncLoader: Stop worker in BackgrndStartup
2025.11.02 19:47:17.236753 [ 722 ] {} <Debug> AsyncLoader: Stop worker in BackgrndStartup
2025.11.02 19:47:17.236820 [ 722 ] {} <Debug> AsyncLoader: Change current priority: 2 -> none
2025.11.02 19:47:17.238907 [ 1 ] {} <Information> ZooKeeperClient: Connected to ZooKeeper at 172.19.0.2:2181 with session_id 72057597892886530
2025.11.02 19:47:17.242617 [ 1 ] {} <Information> ZooKeeperClient: Keeper feature flag FILTERED_LIST: disabled
2025.11.02 19:47:17.242683 [ 1 ] {} <Information> ZooKeeperClient: Keeper feature flag MULTI_READ: disabled
2025.11.02 19:47:17.242759 [ 1 ] {} <Information> ZooKeeperClient: Keeper feature flag CHECK_NOT_EXISTS: disabled
2025.11.02 19:47:17.242823 [ 1 ] {} <Information> ZooKeeperClient: Keeper feature flag CREATE_IF_NOT_EXISTS: disabled
2025.11.02 19:47:17.243088 [ 1 ] {} <Information> ZooKeeperClient: Keeper feature flag REMOVE_RECURSIVE: disabled
2025.11.02 19:47:17.248394 [ 1 ] {} <Debug> Application: Loaded metadata.
2025.11.02 19:47:17.249210 [ 1 ] {} <Information> Application: Tasks stats provider: procfs
2025.11.02 19:47:17.249276 [ 1 ] {} <Information> Application: It looks like the process has no CAP_SYS_NICE capability, the setting 'os_thread_priority' will have no effect. It could happen due to incorrect ClickHouse package installation. You could resolve the problem manually with 'sudo setcap cap_sys_nice=+ep /usr/bin/clickhouse'. Note that it will not work on 'nosuid' mounted filesystems.
2025.11.02 19:47:17.249389 [ 1 ] {} <Debug> DatabaseAtomic (system): There are 0 detached tables. Start searching non used tables.
2025.11.02 19:47:17.249445 [ 1 ] {} <Debug> DatabaseAtomic (system): Found 0 non used tables in detached tables.
2025.11.02 19:47:17.249569 [ 1 ] {} <Warning> Application: Listen [::]:8123 failed: Poco::Exception. Code: 1000, e.code() = 0, DNS error: EAI: Address family for hostname not supported (version 25.3.7.194 (official build)). If it is an IPv6 or IPv4 address and your host has disabled IPv6 or IPv4, then consider to specify not disabled IPv4 or IPv6 address to listen in <listen_host> element of configuration file. Example for disabled IPv6: <listen_host>0.0.0.0</listen_host> . Example for disabled IPv4: <listen_host>::</listen_host>
2025.11.02 19:47:17.249855 [ 1 ] {} <Warning> Application: Listen [::]:9000 failed: Poco::Exception. Code: 1000, e.code() = 0, DNS error: EAI: Address family for hostname not supported (version 25.3.7.194 (official build)). If it is an IPv6 or IPv4 address and your host has disabled IPv6 or IPv4, then consider to specify not disabled IPv4 or IPv6 address to listen in <listen_host> element of configuration file. Example for disabled IPv6: <listen_host>0.0.0.0</listen_host> . Example for disabled IPv4: <listen_host>::</listen_host>
2025.11.02 19:47:17.250143 [ 1 ] {} <Warning> Application: Listen [::]:8001 failed: Poco::Exception. Code: 1000, e.code() = 0, DNS error: EAI: Address family for hostname not supported (version 25.3.7.194 (official build)). If it is an IPv6 or IPv4 address and your host has disabled IPv6 or IPv4, then consider to specify not disabled IPv4 or IPv6 address to listen in <listen_host> element of configuration file. Example for disabled IPv6: <listen_host>0.0.0.0</listen_host> . Example for disabled IPv4: <listen_host>::</listen_host>
2025.11.02 19:47:17.250403 [ 1 ] {} <Information> CertificateReloader: One of paths is empty. Cannot apply new configuration for certificates. Fill all paths and try again.
2025.11.02 19:47:17.250520 [ 1 ] {} <Information> CertificateReloader: One of paths is empty. Cannot apply new configuration for certificates. Fill all paths and try again.
2025.11.02 19:47:17.252072 [ 1 ] {} <Debug> AsyncLoader: Schedule load job 'startup ddl worker' into BackgrndStartup
2025.11.02 19:47:17.252159 [ 1 ] {} <Debug> AsyncLoader: Change current priority: none -> 2
2025.11.02 19:47:17.252231 [ 1 ] {} <Debug> AsyncLoader: Spawn loader worker #1 in BackgrndStartup
2025.11.02 19:47:17.252392 [ 1 ] {} <Information> Application: Listening for http://0.0.0.0:8123
2025.11.02 19:47:17.252417 [ 728 ] {} <Debug> AsyncLoader: Execute load job 'startup ddl worker' in BackgrndStartup
2025.11.02 19:47:17.252480 [ 1 ] {} <Information> Application: Listening for native protocol (tcp): 0.0.0.0:9000
2025.11.02 19:47:17.252606 [ 724 ] {} <Debug> DDLWorker: Starting DDLWorker thread
2025.11.02 19:47:17.252701 [ 724 ] {} <Debug> DDLWorker: Initializing DDLWorker thread
2025.11.02 19:47:17.252673 [ 1 ] {} <Information> Application: Listening for Prometheus: http://0.0.0.0:8001
2025.11.02 19:47:17.252852 [ 1 ] {} <Information> Application: Ready for connections.
2025.11.02 19:47:17.252623 [ 728 ] {} <Debug> AsyncLoader: Finish load job 'startup ddl worker' with status OK
2025.11.02 19:47:17.253025 [ 728 ] {} <Debug> AsyncLoader: Stop worker in BackgrndStartup
2025.11.02 19:47:17.253088 [ 728 ] {} <Debug> AsyncLoader: Change current priority: 2 -> none
2025.11.02 19:47:17.252948 [ 731 ] {} <Debug> DDLWorker: Started DDLWorker cleanup thread
2025.11.02 19:47:17.258977 [ 724 ] {} <Debug> DDLWorker: Initialized DDLWorker thread
2025.11.02 19:47:17.259056 [ 731 ] {} <Debug> DDLWorker: Cleaning queue
2025.11.02 19:47:17.261249 [ 724 ] {} <Debug> DDLWorker: Scheduling tasks
2025.11.02 19:47:17.262471 [ 724 ] {} <Debug> DDLWorker: No tasks to schedule
2025.11.02 19:47:17.262571 [ 724 ] {} <Debug> DDLWorker: Waiting for queue updates
2025.11.02 19:47:17.279947 [ 80 ] {} <Information> TCPHandler: Client has not sent any data.
2025.11.02 19:47:17.280124 [ 80 ] {} <Debug> TCPHandler: Done processing connection.
2025.11.02 19:47:20.884450 [ 79 ] {} <Information> Application: Received termination signal (Terminated)
2025.11.02 19:47:20.884716 [ 1 ] {} <Debug> Application: Received termination signal.
2025.11.02 19:47:20.885120 [ 1 ] {} <Debug> Application: Waiting for current connections to close.
2025.11.02 19:47:20.885585 [ 1 ] {} <Information> Application: Closed all listening sockets.
2025.11.02 19:47:20.885643 [ 1 ] {} <Information> Application: Closed connections.
2025.11.02 19:47:20.885723 [ 1 ] {} <Information> Application: Stopping AsyncLoader.
2025.11.02 19:47:20.885799 [ 1 ] {} <Information> CgroupsMemoryUsageObserver: Stopped cgroup current memory usage observer thread
2025.11.02 19:47:20.886003 [ 1 ] {} <Information> Application: Shutting down storages.
2025.11.02 19:47:20.886590 [ 1 ] {} <Debug> Context: Shutting down dictionaries loader
2025.11.02 19:47:20.886679 [ 1 ] {} <Debug> Context: Shutting down UDFs loader
2025.11.02 19:47:20.886768 [ 1 ] {} <Debug> Context: Shutting down another UDFs storage
2025.11.02 19:47:20.886816 [ 1 ] {} <Debug> Context: Shutting down workload entity storage
2025.11.02 19:47:20.886854 [ 1 ] {} <Debug> Context: Shutting down system logs
2025.11.02 19:47:20.886932 [ 1 ] {} <Debug> SystemLogQueue (system.query_log): Requested flush up to offset 0
2025.11.02 19:47:20.886976 [ 718 ] {} <Debug> SystemLog (system.metric_log): Creating new table system.metric_log for MetricLog
2025.11.02 19:47:20.886989 [ 1 ] {} <Debug> SystemLogQueue (system.query_thread_log): Requested flush up to offset 0
2025.11.02 19:47:20.887090 [ 1 ] {} <Debug> SystemLogQueue (system.metric_log): Requested flush up to offset 4
2025.11.02 19:47:20.898759 [ 718 ] {} <Debug> system.metric_log (430e6337-7c4f-4eff-912f-c27afd10e827): Loading data parts
2025.11.02 19:47:20.899217 [ 718 ] {} <Debug> system.metric_log (430e6337-7c4f-4eff-912f-c27afd10e827): There are no data parts
2025.11.02 19:47:20.903116 [ 718 ] {} <Debug> DatabaseAtomic (system): There are 0 detached tables. Start searching non used tables.
2025.11.02 19:47:20.903149 [ 718 ] {} <Debug> DatabaseAtomic (system): Found 0 non used tables in detached tables.
2025.11.02 19:47:21.216228 [ 1 ] {} <Debug> Context: Shutting down merges executor
2025.11.02 19:47:21.216774 [ 1 ] {} <Debug> Context: Shutting down fetches executor
2025.11.02 19:47:21.217162 [ 1 ] {} <Debug> Context: Shutting down moves executor
2025.11.02 19:47:21.217320 [ 1 ] {} <Debug> Context: Shutting down common executor
2025.11.02 19:47:21.219206 [ 1 ] {} <Information> Context: Shutdown disk default
2025.11.02 19:47:21.219299 [ 1 ] {} <Information> ZooKeeperClient: Finalizing session 72057597892886530. finalization_started: false, queue_finished: false, reason: 'Destructor called'
2025.11.02 19:47:21.224285 [ 1 ] {} <Debug> Application: Shut down storages.
2025.11.02 19:47:21.224392 [ 1 ] {} <Debug> Application: Waiting for current connections to servers for tables to finish.
2025.11.02 19:47:21.224522 [ 1 ] {} <Information> Application: Closed all listening sockets.
2025.11.02 19:47:21.224576 [ 1 ] {} <Information> Application: Closed connections to servers for tables.
2025.11.02 19:47:21.225579 [ 1 ] {} <Debug> Application: Destroyed global context.
2025.11.02 19:47:21.225891 [ 1 ] {} <Information> Application: Waiting for background threads
2025.11.02 19:47:21.253926 [ 1 ] {} <Information> Application: Background threads finished in 28 ms
2025.11.02 19:47:21.256673 [ 1 ] {} <Information> Application: shutting down
2025.11.02 19:47:21.256702 [ 1 ] {} <Debug> Application: Uninitializing subsystem: Logging Subsystem
2025.11.02 19:47:21.256944 [ 79 ] {} <Information> BaseDaemon: Stop SignalListener thread
2025.11.02 19:47:23.305798 [ 1 ] {} <Information> SentryWriter: Sending crash reports is disabled
2025.11.02 19:47:23.334646 [ 1 ] {} <Information> Application: Starting ClickHouse 25.3.7.194 (revision: 54502, git hash: 36637934778b7d39b37f378d258359dd6ffdd110, build id: E09B0ADBF9AF0530703B179DBA02705D5DF508C0), PID 1
2025.11.02 19:47:23.335960 [ 1 ] {} <Information> Application: starting up
2025.11.02 19:47:23.336035 [ 1 ] {} <Information> Application: OS name: Linux, version: 6.10.14-linuxkit, architecture: aarch64
2025.11.02 19:47:23.336134 [ 1 ] {} <Information> Jemalloc: Value for background_thread set to true (from true)
2025.11.02 19:47:23.337627 [ 1 ] {} <Information> Application: Available RAM: 7.65 GiB; logical cores: 14; used cores: 14.
2025.11.02 19:47:23.338867 [ 1 ] {} <Information> CgroupsReader: Will create cgroup reader from '/sys/fs/cgroup/' (cgroups version: v2)
2025.11.02 19:47:23.340561 [ 1 ] {} <Warning> Application: Integrity check of the executable skipped because the reference checksum could not be read.
2025.11.02 19:47:23.340656 [ 1 ] {} <Information> Application: It looks like the process has no CAP_IPC_LOCK capability, binary mlock will be disabled. It could happen due to incorrect ClickHouse package installation. You could resolve the problem manually with 'sudo setcap cap_ipc_lock=+ep /usr/bin/clickhouse'. Note that it will not work on 'nosuid' mounted filesystems.
2025.11.02 19:47:23.340694 [ 1 ] {} <Information> MemoryWorker: Starting background memory thread with period of 50ms, using Cgroups as source
2025.11.02 19:47:23.340792 [ 1 ] {} <Information> BackgroundSchedulePool/BgSchPool: Create BackgroundSchedulePool with 512 threads
2025.11.02 19:47:23.360729 [ 1 ] {} <Debug> Application: rlimit on number of file descriptors is 1048576
2025.11.02 19:47:23.362935 [ 1 ] {} <Debug> Application: rlimit on number of threads is 18446744073709551615
2025.11.02 19:47:23.363107 [ 1 ] {} <Debug> Application: Initializing DateLUT.
2025.11.02 19:47:23.364108 [ 1 ] {} <Debug> Context: Setting up /var/lib/clickhouse/tmp/ to store temporary data in it
2025.11.02 19:47:23.364650 [ 1 ] {} <Debug> Application: Initializing interserver credentials.
2025.11.02 19:47:23.364722 [ 1 ] {} <Information> Application: Lowered uncompressed cache size to 3.83 GiB because the system has limited RAM
2025.11.02 19:47:23.364868 [ 1 ] {} <Information> Application: Lowered mark cache size to 3.83 GiB because the system has limited RAM
2025.11.02 19:47:23.364980 [ 1 ] {} <Information> Application: Lowered primary index cache size to 3.83 GiB because the system has limited RAM
2025.11.02 19:47:23.365084 [ 1 ] {} <Information> Application: Lowered index mark cache size to 3.83 GiB because the system has limited RAM
2025.11.02 19:47:23.365705 [ 1 ] {} <Debug> FileCacheFactory: Will load 0 caches from default cache config
2025.11.02 19:47:23.366098 [ 1 ] {} <Debug> ConfigReloader: Loading config '/etc/clickhouse-server/config.xml'
2025.11.02 19:47:23.366137 [ 1 ] {} <Debug> ConfigProcessor: Processing configuration file '/etc/clickhouse-server/config.xml'.
2025.11.02 19:47:23.366619 [ 1 ] {} <Debug> ConfigProcessor: Merging configuration file '/etc/clickhouse-server/config.d/docker_related_config.xml'.
2025.11.02 19:47:23.366676 [ 1 ] {} <Debug> ConfigProcessor: Merging configuration file '/etc/clickhouse-server/config.d/interserver_http_host.xml'.
2025.11.02 19:47:23.368305 [ 1 ] {} <Debug> ConfigProcessor: Merging configuration file '/etc/clickhouse-server/config.d/macros.xml'.
2025.11.02 19:47:23.368976 [ 1 ] {} <Debug> ConfigProcessor: Merging configuration file '/etc/clickhouse-server/config.d/remote_servers.xml'.
2025.11.02 19:47:23.369495 [ 1 ] {} <Debug> ConfigProcessor: Merging configuration file '/etc/clickhouse-server/config.d/zookeeper.xml'.
2025.11.02 19:47:23.370240 [ 1 ] {} <Debug> ConfigProcessor: Saved preprocessed configuration to '/var/lib/clickhouse/preprocessed_configs/config.xml'.
2025.11.02 19:47:23.370474 [ 1 ] {} <Debug> ConfigReloader: Loaded config '/etc/clickhouse-server/config.xml', performing update on configuration
2025.11.02 19:47:23.371240 [ 1 ] {} <Information> Application: Changed setting 'max_server_memory_usage' to 6.89 GiB (7.65 GiB available memory * 0.90 max_server_memory_usage_to_ram_ratio)
2025.11.02 19:47:23.371301 [ 1 ] {} <Information> Application: Setting merges_mutations_memory_usage_soft_limit was set to 3.83 GiB (7.65 GiB available * 0.50 merges_mutations_memory_usage_to_ram_ratio)
2025.11.02 19:47:23.371361 [ 1 ] {} <Information> Application: Merges and mutations memory limit is set to 3.83 GiB
2025.11.02 19:47:23.372190 [ 1 ] {} <Information> Application: Setting max_remote_read_network_bandwidth_for_server was set to 0
2025.11.02 19:47:23.372266 [ 1 ] {} <Information> Application: Setting max_remote_write_network_bandwidth_for_server was set to 0
2025.11.02 19:47:23.372339 [ 1 ] {} <Information> Application: Setting max_local_read_bandwidth_for_server was set to 0
2025.11.02 19:47:23.372388 [ 1 ] {} <Information> Application: Setting max_local_write_bandwidth_for_server was set to 0
2025.11.02 19:47:23.372431 [ 1 ] {} <Information> Application: ConcurrencyControl limit is set to UNLIMITED CPU slots with 'round_robin' scheduler
2025.11.02 19:47:23.372542 [ 1 ] {} <Information> BackgroundSchedulePool/BgBufSchPool: Create BackgroundSchedulePool with 16 threads
2025.11.02 19:47:23.373593 [ 1 ] {} <Information> BackgroundSchedulePool/BgMBSchPool: Create BackgroundSchedulePool with 16 threads
2025.11.02 19:47:23.374463 [ 1 ] {} <Information> BackgroundSchedulePool/BgDistSchPool: Create BackgroundSchedulePool with 16 threads
2025.11.02 19:47:23.375822 [ 1 ] {} <Debug> ConfigReloader: Loaded config '/etc/clickhouse-server/config.xml', performed update on configuration
2025.11.02 19:47:23.376258 [ 1 ] {} <Warning> Application: Listen [::]:9009 failed: Poco::Exception. Code: 1000, e.code() = 0, DNS error: EAI: Address family for hostname not supported (version 25.3.7.194 (official build)). If it is an IPv6 or IPv4 address and your host has disabled IPv6 or IPv4, then consider to specify not disabled IPv4 or IPv6 address to listen in <listen_host> element of configuration file. Example for disabled IPv6: <listen_host>0.0.0.0</listen_host> . Example for disabled IPv4: <listen_host>::</listen_host>
2025.11.02 19:47:23.376612 [ 1 ] {} <Information> Application: Listening for replica communication (interserver): http://0.0.0.0:9009
2025.11.02 19:47:23.376748 [ 1 ] {} <Warning> Access(local_directory): File /var/lib/clickhouse/access/users.list doesn't exist
2025.11.02 19:47:23.376955 [ 1 ] {} <Warning> Access(local_directory): Recovering lists in directory /var/lib/clickhouse/access/
2025.11.02 19:47:23.377233 [ 1 ] {} <Debug> Access(user directories): Added local_directory access storage 'local_directory', path: /var/lib/clickhouse/access/
2025.11.02 19:47:23.377665 [ 1 ] {} <Debug> ConfigReloader: Loading config '/etc/clickhouse-server/users.xml'
2025.11.02 19:47:23.377798 [ 1 ] {} <Debug> ConfigProcessor: Processing configuration file '/etc/clickhouse-server/users.xml'.
2025.11.02 19:47:23.377968 [ 1 ] {} <Debug> ConfigProcessor: Merging configuration file '/etc/clickhouse-server/users.d/users.xml'.
2025.11.02 19:47:23.378978 [ 1 ] {} <Debug> ConfigProcessor: Saved preprocessed configuration to '/var/lib/clickhouse/preprocessed_configs/users.xml'.
2025.11.02 19:47:23.379182 [ 1 ] {} <Debug> ConfigReloader: Loaded config '/etc/clickhouse-server/users.xml', performing update on configuration
2025.11.02 19:47:23.379589 [ 1 ] {} <Debug> ConfigReloader: Loaded config '/etc/clickhouse-server/users.xml', performed update on configuration
2025.11.02 19:47:23.380253 [ 1 ] {} <Debug> Access(user directories): Added users_xml access storage 'users_xml', path: /etc/clickhouse-server/users.xml
2025.11.02 19:47:23.380622 [ 1 ] {} <Information> CgroupsMemoryUsageObserver: Started cgroup current memory usage observer thread
2025.11.02 19:47:23.380676 [ 653 ] {} <Information> CgroupsMemoryUsageObserver: Memory amount initially available to the process is 7.65 GiB
2025.11.02 19:47:23.381524 [ 1 ] {} <Information> Context: Initialized background executor for merges and mutations with num_threads=16, num_tasks=32, scheduling_policy=round_robin
2025.11.02 19:47:23.382496 [ 1 ] {} <Information> Context: Initialized background executor for move operations with num_threads=8, num_tasks=8
2025.11.02 19:47:23.383713 [ 1 ] {} <Information> Context: Initialized background executor for fetches with num_threads=16, num_tasks=16
2025.11.02 19:47:23.384137 [ 1 ] {} <Information> Context: Initialized background executor for common operations (e.g. clearing old parts) with num_threads=8, num_tasks=8
2025.11.02 19:47:23.385486 [ 1 ] {} <Warning> Context: Linux transparent hugepages are set to "always". Check /sys/kernel/mm/transparent_hugepage/enabled
2025.11.02 19:47:23.385746 [ 1 ] {} <Warning> Context: Delay accounting is not enabled, OSIOWaitMicroseconds will not be gathered. You can enable it using `echo 1 > /proc/sys/kernel/task_delayacct` or by using sysctl.
2025.11.02 19:47:23.386234 [ 1 ] {} <Information> DNSCacheUpdater: Update period 15 seconds
2025.11.02 19:47:23.386509 [ 1 ] {} <Information> Application: Loading metadata from /var/lib/clickhouse/
2025.11.02 19:47:23.386558 [ 90 ] {} <Debug> DNSResolver: Updating DNS cache
2025.11.02 19:47:23.386612 [ 1 ] {} <Information> Context: Database disk name: default
2025.11.02 19:47:23.387543 [ 90 ] {} <Debug> DNSResolver: Updated DNS cache
2025.11.02 19:47:23.387780 [ 1 ] {} <Information> Context: Database disk name: default, path: /var/lib/clickhouse/
2025.11.02 19:47:23.388251 [ 1 ] {} <Debug> loadSystemDatabase: metadata_file_path metadata/system.sql, existsFile false
2025.11.02 19:47:23.390519 [ 1 ] {} <Debug> loadSystemDatabase: metadata_file_path metadata/information_schema.sql, existsFile false
2025.11.02 19:47:23.391897 [ 1 ] {} <Debug> loadSystemDatabase: metadata_file_path metadata/INFORMATION_SCHEMA.sql, existsFile false
2025.11.02 19:47:23.391941 [ 86 ] {} <Information> MemoryTracker: Correcting the value of global memory tracker from 16.35 MiB to 435.05 MiB
2025.11.02 19:47:23.396669 [ 1 ] {} <Information> DatabaseAtomic (system): Metadata processed, database system has 0 tables and 0 dictionaries in total.
2025.11.02 19:47:23.396747 [ 1 ] {} <Information> TablesLoader: Parsed metadata of 0 tables in 1 databases in 9.0084e-05 sec
2025.11.02 19:47:23.396821 [ 1 ] {} <Debug> AsyncLoader: Prioritize load job 'startup Atomic database system': BackgrndStartup -> ForegroundLoad
2025.11.02 19:47:23.396880 [ 1 ] {} <Debug> AsyncLoader: Prioritize load job 'startup Ordinary database system': BackgrndStartup -> ForegroundLoad
2025.11.02 19:47:23.396941 [ 1 ] {} <Debug> AsyncLoader: Schedule load job 'startup Ordinary database system' into ForegroundLoad
2025.11.02 19:47:23.396995 [ 1 ] {} <Debug> AsyncLoader: Schedule load job 'startup Atomic database system' into ForegroundLoad
2025.11.02 19:47:23.397040 [ 1 ] {} <Debug> AsyncLoader: Change current priority: none -> 0
2025.11.02 19:47:23.397107 [ 1 ] {} <Debug> AsyncLoader: Spawn loader worker #1 in ForegroundLoad
2025.11.02 19:47:23.397221 [ 1 ] {} <Debug> AsyncLoader: Wait load job 'startup Atomic database system' in ForegroundLoad
2025.11.02 19:47:23.397286 [ 718 ] {} <Debug> AsyncLoader: Execute load job 'startup Ordinary database system' in ForegroundLoad
2025.11.02 19:47:23.397480 [ 718 ] {} <Debug> AsyncLoader: Finish load job 'startup Ordinary database system' with status OK
2025.11.02 19:47:23.397556 [ 718 ] {} <Debug> AsyncLoader: Spawn loader worker #2 in ForegroundLoad
2025.11.02 19:47:23.397647 [ 718 ] {} <Debug> AsyncLoader: Execute load job 'startup Atomic database system' in ForegroundLoad
2025.11.02 19:47:23.397734 [ 719 ] {} <Debug> AsyncLoader: Stop worker in ForegroundLoad
2025.11.02 19:47:23.397816 [ 718 ] {} <Debug> AsyncLoader: Finish load job 'startup Atomic database system' with status OK
2025.11.02 19:47:23.397902 [ 718 ] {} <Debug> AsyncLoader: Stop worker in ForegroundLoad
2025.11.02 19:47:23.397946 [ 718 ] {} <Debug> AsyncLoader: Change current priority: 0 -> none
2025.11.02 19:47:23.397841 [ 1 ] {} <Debug> SystemLog: Creating system.query_log from query_log
2025.11.02 19:47:23.402737 [ 1 ] {} <Debug> SystemLog: Creating system.query_thread_log from query_thread_log
2025.11.02 19:47:23.402998 [ 1 ] {} <Debug> SystemLog: Not creating system.part_log since corresponding section 'part_log' is missing from config
2025.11.02 19:47:23.403074 [ 1 ] {} <Debug> SystemLog: Not creating system.trace_log since corresponding section 'trace_log' is missing from config
2025.11.02 19:47:23.403151 [ 1 ] {} <Debug> SystemLog: Not creating system.crash_log since corresponding section 'crash_log' is missing from config
2025.11.02 19:47:23.403263 [ 1 ] {} <Debug> SystemLog: Not creating system.text_log since corresponding section 'text_log' is missing from config
2025.11.02 19:47:23.403334 [ 1 ] {} <Debug> SystemLog: Creating system.metric_log from metric_log
2025.11.02 19:47:23.405394 [ 1 ] {} <Debug> SystemLog: Not creating system.latency_log since corresponding section 'latency_log' is missing from config
2025.11.02 19:47:23.405459 [ 1 ] {} <Debug> SystemLog: Not creating system.error_log since corresponding section 'error_log' is missing from config
2025.11.02 19:47:23.406029 [ 1 ] {} <Debug> SystemLog: Not creating system.filesystem_cache_log since corresponding section 'filesystem_cache_log' is missing from config
2025.11.02 19:47:23.406061 [ 1 ] {} <Debug> SystemLog: Not creating system.filesystem_read_prefetches_log since corresponding section 'filesystem_read_prefetches_log' is missing from config
2025.11.02 19:47:23.406087 [ 1 ] {} <Debug> SystemLog: Not creating system.s3queue_log since corresponding section 's3queue_log' is missing from config
2025.11.02 19:47:23.406133 [ 1 ] {} <Debug> SystemLog: Not creating system.azure_queue_log since corresponding section 'azure_queue_log' is missing from config
2025.11.02 19:47:23.406171 [ 1 ] {} <Debug> SystemLog: Not creating system.asynchronous_metric_log since corresponding section 'asynchronous_metric_log' is missing from config
2025.11.02 19:47:23.406201 [ 1 ] {} <Debug> SystemLog: Not creating system.opentelemetry_span_log since corresponding section 'opentelemetry_span_log' is missing from config
2025.11.02 19:47:23.406235 [ 1 ] {} <Debug> SystemLog: Not creating system.query_views_log since corresponding section 'query_views_log' is missing from config
2025.11.02 19:47:23.406261 [ 1 ] {} <Debug> SystemLog: Not creating system.zookeeper_log since corresponding section 'zookeeper_log' is missing from config
2025.11.02 19:47:23.406287 [ 1 ] {} <Debug> SystemLog: Not creating system.session_log since corresponding section 'session_log' is missing from config
2025.11.02 19:47:23.406330 [ 1 ] {} <Debug> SystemLog: Not creating system.transactions_info_log since corresponding section 'transactions_info_log' is missing from config
2025.11.02 19:47:23.406357 [ 1 ] {} <Debug> SystemLog: Not creating system.processors_profile_log since corresponding section 'processors_profile_log' is missing from config
2025.11.02 19:47:23.406384 [ 1 ] {} <Debug> SystemLog: Not creating system.asynchronous_insert_log since corresponding section 'asynchronous_insert_log' is missing from config
2025.11.02 19:47:23.406411 [ 1 ] {} <Debug> SystemLog: Not creating system.backup_log since corresponding section 'backup_log' is missing from config
2025.11.02 19:47:23.406435 [ 1 ] {} <Debug> SystemLog: Not creating system.blob_storage_log since corresponding section 'blob_storage_log' is missing from config
2025.11.02 19:47:23.406463 [ 1 ] {} <Debug> SystemLog: Not creating system.query_metric_log since corresponding section 'query_metric_log' is missing from config
2025.11.02 19:47:23.406669 [ 1 ] {} <Debug> DatabaseAtomic (system): There are 0 detached tables. Start searching non used tables.
2025.11.02 19:47:23.406913 [ 1 ] {} <Debug> DatabaseAtomic (system): Found 0 non used tables in detached tables.
2025.11.02 19:47:23.408148 [ 1 ] {} <Debug> DatabaseAtomic (system): There are 0 detached tables. Start searching non used tables.
2025.11.02 19:47:23.408208 [ 1 ] {} <Debug> DatabaseAtomic (system): Found 0 non used tables in detached tables.
2025.11.02 19:47:23.408279 [ 1 ] {} <Debug> DatabaseAtomic (system): There are 0 detached tables. Start searching non used tables.
2025.11.02 19:47:23.408394 [ 1 ] {} <Debug> DatabaseAtomic (system): Found 0 non used tables in detached tables.
2025.11.02 19:47:23.408440 [ 1 ] {} <Debug> DatabaseAtomic (system): There are 0 detached tables. Start searching non used tables.
2025.11.02 19:47:23.408490 [ 1 ] {} <Debug> DatabaseAtomic (system): Found 0 non used tables in detached tables.
2025.11.02 19:47:23.408539 [ 1 ] {} <Debug> DatabaseAtomic (system): There are 0 detached tables. Start searching non used tables.
2025.11.02 19:47:23.408628 [ 1 ] {} <Debug> DatabaseAtomic (system): Found 0 non used tables in detached tables.
2025.11.02 19:47:23.408683 [ 1 ] {} <Debug> DatabaseAtomic (system): There are 0 detached tables. Start searching non used tables.
2025.11.02 19:47:23.408733 [ 1 ] {} <Debug> DatabaseAtomic (system): Found 0 non used tables in detached tables.
2025.11.02 19:47:23.408913 [ 1 ] {} <Debug> DatabaseAtomic (system): There are 0 detached tables. Start searching non used tables.
2025.11.02 19:47:23.408967 [ 1 ] {} <Debug> DatabaseAtomic (system): Found 0 non used tables in detached tables.
2025.11.02 19:47:23.409049 [ 1 ] {} <Debug> DatabaseAtomic (system): There are 0 detached tables. Start searching non used tables.
2025.11.02 19:47:23.409119 [ 1 ] {} <Debug> DatabaseAtomic (system): Found 0 non used tables in detached tables.
2025.11.02 19:47:23.409366 [ 1 ] {} <Debug> DatabaseAtomic (system): There are 0 detached tables. Start searching non used tables.
2025.11.02 19:47:23.409421 [ 1 ] {} <Debug> DatabaseAtomic (system): Found 0 non used tables in detached tables.
2025.11.02 19:47:23.409482 [ 1 ] {} <Debug> DatabaseAtomic (system): There are 0 detached tables. Start searching non used tables.
2025.11.02 19:47:23.409510 [ 1 ] {} <Debug> DatabaseAtomic (system): Found 0 non used tables in detached tables.
2025.11.02 19:47:23.409549 [ 1 ] {} <Debug> DatabaseAtomic (system): There are 0 detached tables. Start searching non used tables.
2025.11.02 19:47:23.409581 [ 1 ] {} <Debug> DatabaseAtomic (system): Found 0 non used tables in detached tables.
2025.11.02 19:47:23.409624 [ 1 ] {} <Debug> DatabaseAtomic (system): There are 0 detached tables. Start searching non used tables.
2025.11.02 19:47:23.409659 [ 1 ] {} <Debug> DatabaseAtomic (system): Found 0 non used tables in detached tables.
2025.11.02 19:47:23.409788 [ 1 ] {} <Debug> DatabaseAtomic (system): There are 0 detached tables. Start searching non used tables.
2025.11.02 19:47:23.409818 [ 1 ] {} <Debug> DatabaseAtomic (system): Found 0 non used tables in detached tables.
2025.11.02 19:47:23.410013 [ 1 ] {} <Debug> DatabaseAtomic (system): There are 0 detached tables. Start searching non used tables.
2025.11.02 19:47:23.410127 [ 1 ] {} <Debug> DatabaseAtomic (system): Found 0 non used tables in detached tables.
2025.11.02 19:47:23.410263 [ 1 ] {} <Debug> DatabaseAtomic (system): There are 0 detached tables. Start searching non used tables.
2025.11.02 19:47:23.410303 [ 1 ] {} <Debug> DatabaseAtomic (system): Found 0 non used tables in detached tables.
2025.11.02 19:47:23.410374 [ 1 ] {} <Debug> DatabaseAtomic (system): There are 0 detached tables. Start searching non used tables.
2025.11.02 19:47:23.410420 [ 1 ] {} <Debug> DatabaseAtomic (system): Found 0 non used tables in detached tables.
2025.11.02 19:47:23.410507 [ 1 ] {} <Debug> DatabaseAtomic (system): There are 0 detached tables. Start searching non used tables.
2025.11.02 19:47:23.410547 [ 1 ] {} <Debug> DatabaseAtomic (system): Found 0 non used tables in detached tables.
2025.11.02 19:47:23.410613 [ 1 ] {} <Debug> DatabaseAtomic (system): There are 0 detached tables. Start searching non used tables.
2025.11.02 19:47:23.410991 [ 1 ] {} <Debug> DatabaseAtomic (system): Found 0 non used tables in detached tables.
2025.11.02 19:47:23.411192 [ 1 ] {} <Debug> DatabaseAtomic (system): There are 0 detached tables. Start searching non used tables.
2025.11.02 19:47:23.411232 [ 1 ] {} <Debug> DatabaseAtomic (system): Found 0 non used tables in detached tables.
2025.11.02 19:47:23.411329 [ 1 ] {} <Debug> DatabaseAtomic (system): There are 0 detached tables. Start searching non used tables.
2025.11.02 19:47:23.411380 [ 1 ] {} <Debug> DatabaseAtomic (system): Found 0 non used tables in detached tables.
2025.11.02 19:47:23.411443 [ 1 ] {} <Debug> DatabaseAtomic (system): There are 0 detached tables. Start searching non used tables.
2025.11.02 19:47:23.411478 [ 1 ] {} <Debug> DatabaseAtomic (system): Found 0 non used tables in detached tables.
2025.11.02 19:47:23.411570 [ 1 ] {} <Debug> DatabaseAtomic (system): There are 0 detached tables. Start searching non used tables.
2025.11.02 19:47:23.411621 [ 1 ] {} <Debug> DatabaseAtomic (system): Found 0 non used tables in detached tables.
2025.11.02 19:47:23.411680 [ 1 ] {} <Debug> DatabaseAtomic (system): There are 0 detached tables. Start searching non used tables.
2025.11.02 19:47:23.411722 [ 1 ] {} <Debug> DatabaseAtomic (system): Found 0 non used tables in detached tables.
2025.11.02 19:47:23.411799 [ 1 ] {} <Debug> DatabaseAtomic (system): There are 0 detached tables. Start searching non used tables.
2025.11.02 19:47:23.411876 [ 1 ] {} <Debug> DatabaseAtomic (system): Found 0 non used tables in detached tables.
2025.11.02 19:47:23.411955 [ 1 ] {} <Debug> DatabaseAtomic (system): There are 0 detached tables. Start searching non used tables.
2025.11.02 19:47:23.412036 [ 1 ] {} <Debug> DatabaseAtomic (system): Found 0 non used tables in detached tables.
2025.11.02 19:47:23.412135 [ 1 ] {} <Debug> DatabaseAtomic (system): There are 0 detached tables. Start searching non used tables.
2025.11.02 19:47:23.412206 [ 1 ] {} <Debug> DatabaseAtomic (system): Found 0 non used tables in detached tables.
2025.11.02 19:47:23.412267 [ 1 ] {} <Debug> DatabaseAtomic (system): There are 0 detached tables. Start searching non used tables.
2025.11.02 19:47:23.412334 [ 1 ] {} <Debug> DatabaseAtomic (system): Found 0 non used tables in detached tables.
2025.11.02 19:47:23.412700 [ 1 ] {} <Debug> DatabaseAtomic (system): There are 0 detached tables. Start searching non used tables.
2025.11.02 19:47:23.412747 [ 1 ] {} <Debug> DatabaseAtomic (system): Found 0 non used tables in detached tables.
2025.11.02 19:47:23.412838 [ 1 ] {} <Debug> DatabaseAtomic (system): There are 0 detached tables. Start searching non used tables.
2025.11.02 19:47:23.412878 [ 1 ] {} <Debug> DatabaseAtomic (system): Found 0 non used tables in detached tables.
2025.11.02 19:47:23.412936 [ 1 ] {} <Debug> DatabaseAtomic (system): There are 0 detached tables. Start searching non used tables.
2025.11.02 19:47:23.413027 [ 1 ] {} <Debug> DatabaseAtomic (system): Found 0 non used tables in detached tables.
2025.11.02 19:47:23.413084 [ 1 ] {} <Debug> DatabaseAtomic (system): There are 0 detached tables. Start searching non used tables.
2025.11.02 19:47:23.413132 [ 1 ] {} <Debug> DatabaseAtomic (system): Found 0 non used tables in detached tables.
2025.11.02 19:47:23.413209 [ 1 ] {} <Debug> DatabaseAtomic (system): There are 0 detached tables. Start searching non used tables.
2025.11.02 19:47:23.413243 [ 1 ] {} <Debug> DatabaseAtomic (system): Found 0 non used tables in detached tables.
2025.11.02 19:47:23.413305 [ 1 ] {} <Debug> DatabaseAtomic (system): There are 0 detached tables. Start searching non used tables.
2025.11.02 19:47:23.413399 [ 1 ] {} <Debug> DatabaseAtomic (system): Found 0 non used tables in detached tables.
2025.11.02 19:47:23.413495 [ 1 ] {} <Debug> DatabaseAtomic (system): There are 0 detached tables. Start searching non used tables.
2025.11.02 19:47:23.413521 [ 1 ] {} <Debug> DatabaseAtomic (system): Found 0 non used tables in detached tables.
2025.11.02 19:47:23.413626 [ 1 ] {} <Debug> DatabaseAtomic (system): There are 0 detached tables. Start searching non used tables.
2025.11.02 19:47:23.413729 [ 1 ] {} <Debug> DatabaseAtomic (system): Found 0 non used tables in detached tables.
2025.11.02 19:47:23.413820 [ 1 ] {} <Debug> DatabaseAtomic (system): There are 0 detached tables. Start searching non used tables.
2025.11.02 19:47:23.414032 [ 1 ] {} <Debug> DatabaseAtomic (system): Found 0 non used tables in detached tables.
2025.11.02 19:47:23.414162 [ 1 ] {} <Debug> DatabaseAtomic (system): There are 0 detached tables. Start searching non used tables.
2025.11.02 19:47:23.414216 [ 1 ] {} <Debug> DatabaseAtomic (system): Found 0 non used tables in detached tables.
2025.11.02 19:47:23.414279 [ 1 ] {} <Debug> DatabaseAtomic (system): There are 0 detached tables. Start searching non used tables.
2025.11.02 19:47:23.414328 [ 1 ] {} <Debug> DatabaseAtomic (system): Found 0 non used tables in detached tables.
2025.11.02 19:47:23.414391 [ 1 ] {} <Debug> DatabaseAtomic (system): There are 0 detached tables. Start searching non used tables.
2025.11.02 19:47:23.414429 [ 1 ] {} <Debug> DatabaseAtomic (system): Found 0 non used tables in detached tables.
2025.11.02 19:47:23.414533 [ 1 ] {} <Debug> DatabaseAtomic (system): There are 0 detached tables. Start searching non used tables.
2025.11.02 19:47:23.414625 [ 1 ] {} <Debug> DatabaseAtomic (system): Found 0 non used tables in detached tables.
2025.11.02 19:47:23.414704 [ 1 ] {} <Debug> DatabaseAtomic (system): There are 0 detached tables. Start searching non used tables.
2025.11.02 19:47:23.414732 [ 1 ] {} <Debug> DatabaseAtomic (system): Found 0 non used tables in detached tables.
2025.11.02 19:47:23.414790 [ 1 ] {} <Debug> DatabaseAtomic (system): There are 0 detached tables. Start searching non used tables.
2025.11.02 19:47:23.414850 [ 1 ] {} <Debug> DatabaseAtomic (system): Found 0 non used tables in detached tables.
2025.11.02 19:47:23.414896 [ 1 ] {} <Debug> DatabaseAtomic (system): There are 0 detached tables. Start searching non used tables.
2025.11.02 19:47:23.414915 [ 1 ] {} <Debug> DatabaseAtomic (system): Found 0 non used tables in detached tables.
2025.11.02 19:47:23.414982 [ 1 ] {} <Debug> DatabaseAtomic (system): There are 0 detached tables. Start searching non used tables.
2025.11.02 19:47:23.415360 [ 1 ] {} <Debug> DatabaseAtomic (system): Found 0 non used tables in detached tables.
2025.11.02 19:47:23.415456 [ 1 ] {} <Debug> DatabaseAtomic (system): There are 0 detached tables. Start searching non used tables.
2025.11.02 19:47:23.415525 [ 1 ] {} <Debug> DatabaseAtomic (system): Found 0 non used tables in detached tables.
2025.11.02 19:47:23.415702 [ 1 ] {} <Debug> DatabaseAtomic (system): There are 0 detached tables. Start searching non used tables.
2025.11.02 19:47:23.415769 [ 1 ] {} <Debug> DatabaseAtomic (system): Found 0 non used tables in detached tables.
2025.11.02 19:47:23.415884 [ 1 ] {} <Debug> DatabaseAtomic (system): There are 0 detached tables. Start searching non used tables.
2025.11.02 19:47:23.415958 [ 1 ] {} <Debug> DatabaseAtomic (system): Found 0 non used tables in detached tables.
2025.11.02 19:47:23.416087 [ 1 ] {} <Debug> DatabaseAtomic (system): There are 0 detached tables. Start searching non used tables.
2025.11.02 19:47:23.416143 [ 1 ] {} <Debug> DatabaseAtomic (system): Found 0 non used tables in detached tables.
2025.11.02 19:47:23.416188 [ 1 ] {} <Debug> DatabaseAtomic (system): There are 0 detached tables. Start searching non used tables.
2025.11.02 19:47:23.416246 [ 1 ] {} <Debug> DatabaseAtomic (system): Found 0 non used tables in detached tables.
2025.11.02 19:47:23.416536 [ 1 ] {} <Debug> DatabaseAtomic (system): There are 0 detached tables. Start searching non used tables.
2025.11.02 19:47:23.416574 [ 1 ] {} <Debug> DatabaseAtomic (system): Found 0 non used tables in detached tables.
2025.11.02 19:47:23.416693 [ 1 ] {} <Debug> DatabaseAtomic (system): There are 0 detached tables. Start searching non used tables.
2025.11.02 19:47:23.416733 [ 1 ] {} <Debug> DatabaseAtomic (system): Found 0 non used tables in detached tables.
2025.11.02 19:47:23.416923 [ 1 ] {} <Debug> DatabaseAtomic (system): There are 0 detached tables. Start searching non used tables.
2025.11.02 19:47:23.416992 [ 1 ] {} <Debug> DatabaseAtomic (system): Found 0 non used tables in detached tables.
2025.11.02 19:47:23.417049 [ 1 ] {} <Debug> DatabaseAtomic (system): There are 0 detached tables. Start searching non used tables.
2025.11.02 19:47:23.417098 [ 1 ] {} <Debug> DatabaseAtomic (system): Found 0 non used tables in detached tables.
2025.11.02 19:47:23.417196 [ 1 ] {} <Debug> DatabaseAtomic (system): There are 0 detached tables. Start searching non used tables.
2025.11.02 19:47:23.417230 [ 1 ] {} <Debug> DatabaseAtomic (system): Found 0 non used tables in detached tables.
2025.11.02 19:47:23.417307 [ 1 ] {} <Debug> DatabaseAtomic (system): There are 0 detached tables. Start searching non used tables.
2025.11.02 19:47:23.417357 [ 1 ] {} <Debug> DatabaseAtomic (system): Found 0 non used tables in detached tables.
2025.11.02 19:47:23.417425 [ 1 ] {} <Debug> DatabaseAtomic (system): There are 0 detached tables. Start searching non used tables.
2025.11.02 19:47:23.417478 [ 1 ] {} <Debug> DatabaseAtomic (system): Found 0 non used tables in detached tables.
2025.11.02 19:47:23.417533 [ 1 ] {} <Debug> DatabaseAtomic (system): There are 0 detached tables. Start searching non used tables.
2025.11.02 19:47:23.417576 [ 1 ] {} <Debug> DatabaseAtomic (system): Found 0 non used tables in detached tables.
2025.11.02 19:47:23.417693 [ 1 ] {} <Debug> DatabaseAtomic (system): There are 0 detached tables. Start searching non used tables.
2025.11.02 19:47:23.417720 [ 1 ] {} <Debug> DatabaseAtomic (system): Found 0 non used tables in detached tables.
2025.11.02 19:47:23.417825 [ 1 ] {} <Debug> DatabaseAtomic (system): There are 0 detached tables. Start searching non used tables.
2025.11.02 19:47:23.417900 [ 1 ] {} <Debug> DatabaseAtomic (system): Found 0 non used tables in detached tables.
2025.11.02 19:47:23.417982 [ 1 ] {} <Debug> DatabaseAtomic (system): There are 0 detached tables. Start searching non used tables.
2025.11.02 19:47:23.418039 [ 1 ] {} <Debug> DatabaseAtomic (system): Found 0 non used tables in detached tables.
2025.11.02 19:47:23.418180 [ 1 ] {} <Debug> DatabaseAtomic (system): There are 0 detached tables. Start searching non used tables.
2025.11.02 19:47:23.418205 [ 1 ] {} <Debug> DatabaseAtomic (system): Found 0 non used tables in detached tables.
2025.11.02 19:47:23.418286 [ 1 ] {} <Debug> DatabaseAtomic (system): There are 0 detached tables. Start searching non used tables.
2025.11.02 19:47:23.418311 [ 1 ] {} <Debug> DatabaseAtomic (system): Found 0 non used tables in detached tables.
2025.11.02 19:47:23.418368 [ 1 ] {} <Debug> DatabaseAtomic (system): There are 0 detached tables. Start searching non used tables.
2025.11.02 19:47:23.418389 [ 1 ] {} <Debug> DatabaseAtomic (system): Found 0 non used tables in detached tables.
2025.11.02 19:47:23.418434 [ 1 ] {} <Debug> DatabaseAtomic (system): There are 0 detached tables. Start searching non used tables.
2025.11.02 19:47:23.418451 [ 1 ] {} <Debug> DatabaseAtomic (system): Found 0 non used tables in detached tables.
2025.11.02 19:47:23.418567 [ 1 ] {} <Debug> DatabaseAtomic (system): There are 0 detached tables. Start searching non used tables.
2025.11.02 19:47:23.418596 [ 1 ] {} <Debug> DatabaseAtomic (system): Found 0 non used tables in detached tables.
2025.11.02 19:47:23.418672 [ 1 ] {} <Debug> DatabaseAtomic (system): There are 0 detached tables. Start searching non used tables.
2025.11.02 19:47:23.418707 [ 1 ] {} <Debug> DatabaseAtomic (system): Found 0 non used tables in detached tables.
2025.11.02 19:47:23.418763 [ 1 ] {} <Debug> DatabaseAtomic (system): There are 0 detached tables. Start searching non used tables.
2025.11.02 19:47:23.418789 [ 1 ] {} <Debug> DatabaseAtomic (system): Found 0 non used tables in detached tables.
2025.11.02 19:47:23.418831 [ 1 ] {} <Debug> DatabaseAtomic (system): There are 0 detached tables. Start searching non used tables.
2025.11.02 19:47:23.418850 [ 1 ] {} <Debug> DatabaseAtomic (system): Found 0 non used tables in detached tables.
2025.11.02 19:47:23.418972 [ 1 ] {} <Debug> DatabaseAtomic (system): There are 0 detached tables. Start searching non used tables.
2025.11.02 19:47:23.419011 [ 1 ] {} <Debug> DatabaseAtomic (system): Found 0 non used tables in detached tables.
2025.11.02 19:47:23.419063 [ 1 ] {} <Debug> DatabaseAtomic (system): There are 0 detached tables. Start searching non used tables.
2025.11.02 19:47:23.419080 [ 1 ] {} <Debug> DatabaseAtomic (system): Found 0 non used tables in detached tables.
2025.11.02 19:47:23.419167 [ 1 ] {} <Debug> DatabaseAtomic (system): There are 0 detached tables. Start searching non used tables.
2025.11.02 19:47:23.419189 [ 1 ] {} <Debug> DatabaseAtomic (system): Found 0 non used tables in detached tables.
2025.11.02 19:47:23.419232 [ 1 ] {} <Debug> DatabaseAtomic (system): There are 0 detached tables. Start searching non used tables.
2025.11.02 19:47:23.419252 [ 1 ] {} <Debug> DatabaseAtomic (system): Found 0 non used tables in detached tables.
2025.11.02 19:47:23.419296 [ 1 ] {} <Debug> DatabaseAtomic (system): There are 0 detached tables. Start searching non used tables.
2025.11.02 19:47:23.419314 [ 1 ] {} <Debug> DatabaseAtomic (system): Found 0 non used tables in detached tables.
2025.11.02 19:47:23.419347 [ 1 ] {} <Debug> DatabaseAtomic (system): There are 0 detached tables. Start searching non used tables.
2025.11.02 19:47:23.419365 [ 1 ] {} <Debug> DatabaseAtomic (system): Found 0 non used tables in detached tables.
2025.11.02 19:47:23.419409 [ 1 ] {} <Debug> DatabaseAtomic (system): There are 0 detached tables. Start searching non used tables.
2025.11.02 19:47:23.419427 [ 1 ] {} <Debug> DatabaseAtomic (system): Found 0 non used tables in detached tables.
2025.11.02 19:47:23.419487 [ 1 ] {} <Debug> DatabaseAtomic (system): There are 0 detached tables. Start searching non used tables.
2025.11.02 19:47:23.419555 [ 1 ] {} <Debug> DatabaseAtomic (system): Found 0 non used tables in detached tables.
2025.11.02 19:47:23.419654 [ 1 ] {} <Debug> DatabaseAtomic (system): There are 0 detached tables. Start searching non used tables.
2025.11.02 19:47:23.419677 [ 1 ] {} <Debug> DatabaseAtomic (system): Found 0 non used tables in detached tables.
2025.11.02 19:47:23.419713 [ 1 ] {} <Debug> DatabaseAtomic (system): There are 0 detached tables. Start searching non used tables.
2025.11.02 19:47:23.419732 [ 1 ] {} <Debug> DatabaseAtomic (system): Found 0 non used tables in detached tables.
2025.11.02 19:47:23.419760 [ 1 ] {} <Debug> DatabaseAtomic (system): There are 0 detached tables. Start searching non used tables.
2025.11.02 19:47:23.419777 [ 1 ] {} <Debug> DatabaseAtomic (system): Found 0 non used tables in detached tables.
2025.11.02 19:47:23.419809 [ 1 ] {} <Debug> DatabaseAtomic (system): There are 0 detached tables. Start searching non used tables.
2025.11.02 19:47:23.419827 [ 1 ] {} <Debug> DatabaseAtomic (system): Found 0 non used tables in detached tables.
2025.11.02 19:47:23.419872 [ 1 ] {} <Debug> DatabaseAtomic (system): There are 0 detached tables. Start searching non used tables.
2025.11.02 19:47:23.419892 [ 1 ] {} <Debug> DatabaseAtomic (system): Found 0 non used tables in detached tables.
2025.11.02 19:47:23.419926 [ 1 ] {} <Debug> DatabaseAtomic (system): There are 0 detached tables. Start searching non used tables.
2025.11.02 19:47:23.419967 [ 1 ] {} <Debug> DatabaseAtomic (system): Found 0 non used tables in detached tables.
2025.11.02 19:47:23.420022 [ 1 ] {} <Debug> DatabaseAtomic (system): There are 0 detached tables. Start searching non used tables.
2025.11.02 19:47:23.420041 [ 1 ] {} <Debug> DatabaseAtomic (system): Found 0 non used tables in detached tables.
2025.11.02 19:47:23.420090 [ 1 ] {} <Debug> DatabaseAtomic (system): There are 0 detached tables. Start searching non used tables.
2025.11.02 19:47:23.420116 [ 1 ] {} <Debug> DatabaseAtomic (system): Found 0 non used tables in detached tables.
2025.11.02 19:47:23.420154 [ 1 ] {} <Debug> DatabaseAtomic (system): There are 0 detached tables. Start searching non used tables.
2025.11.02 19:47:23.420191 [ 1 ] {} <Debug> DatabaseAtomic (system): Found 0 non used tables in detached tables.
2025.11.02 19:47:23.420223 [ 1 ] {} <Debug> DatabaseAtomic (system): There are 0 detached tables. Start searching non used tables.
2025.11.02 19:47:23.420241 [ 1 ] {} <Debug> DatabaseAtomic (system): Found 0 non used tables in detached tables.
2025.11.02 19:47:23.420272 [ 1 ] {} <Debug> DatabaseAtomic (system): There are 0 detached tables. Start searching non used tables.
2025.11.02 19:47:23.420289 [ 1 ] {} <Debug> DatabaseAtomic (system): Found 0 non used tables in detached tables.
2025.11.02 19:47:23.420324 [ 1 ] {} <Debug> DatabaseAtomic (system): There are 0 detached tables. Start searching non used tables.
2025.11.02 19:47:23.420341 [ 1 ] {} <Debug> DatabaseAtomic (system): Found 0 non used tables in detached tables.
2025.11.02 19:47:23.420375 [ 1 ] {} <Debug> DatabaseAtomic (system): There are 0 detached tables. Start searching non used tables.
2025.11.02 19:47:23.420393 [ 1 ] {} <Debug> DatabaseAtomic (system): Found 0 non used tables in detached tables.
2025.11.02 19:47:23.420436 [ 1 ] {} <Debug> DatabaseAtomic (system): There are 0 detached tables. Start searching non used tables.
2025.11.02 19:47:23.420454 [ 1 ] {} <Debug> DatabaseAtomic (system): Found 0 non used tables in detached tables.
2025.11.02 19:47:23.420504 [ 1 ] {} <Debug> DatabaseAtomic (system): There are 0 detached tables. Start searching non used tables.
2025.11.02 19:47:23.420530 [ 1 ] {} <Debug> DatabaseAtomic (system): Found 0 non used tables in detached tables.
2025.11.02 19:47:23.420569 [ 1 ] {} <Debug> DatabaseAtomic (system): There are 0 detached tables. Start searching non used tables.
2025.11.02 19:47:23.420589 [ 1 ] {} <Debug> DatabaseAtomic (system): Found 0 non used tables in detached tables.
2025.11.02 19:47:23.420620 [ 1 ] {} <Debug> DatabaseAtomic (system): There are 0 detached tables. Start searching non used tables.
2025.11.02 19:47:23.420638 [ 1 ] {} <Debug> DatabaseAtomic (system): Found 0 non used tables in detached tables.
2025.11.02 19:47:23.420668 [ 1 ] {} <Debug> DatabaseAtomic (system): There are 0 detached tables. Start searching non used tables.
2025.11.02 19:47:23.420686 [ 1 ] {} <Debug> DatabaseAtomic (system): Found 0 non used tables in detached tables.
2025.11.02 19:47:23.420714 [ 1 ] {} <Debug> DatabaseAtomic (system): There are 0 detached tables. Start searching non used tables.
2025.11.02 19:47:23.420731 [ 1 ] {} <Debug> DatabaseAtomic (system): Found 0 non used tables in detached tables.
2025.11.02 19:47:23.420759 [ 1 ] {} <Debug> DatabaseAtomic (system): There are 0 detached tables. Start searching non used tables.
2025.11.02 19:47:23.420776 [ 1 ] {} <Debug> DatabaseAtomic (system): Found 0 non used tables in detached tables.
2025.11.02 19:47:23.420810 [ 1 ] {} <Debug> DatabaseAtomic (system): There are 0 detached tables. Start searching non used tables.
2025.11.02 19:47:23.420827 [ 1 ] {} <Debug> DatabaseAtomic (system): Found 0 non used tables in detached tables.
2025.11.02 19:47:23.420890 [ 1 ] {} <Debug> DatabaseAtomic (system): There are 0 detached tables. Start searching non used tables.
2025.11.02 19:47:23.420919 [ 1 ] {} <Debug> DatabaseAtomic (system): Found 0 non used tables in detached tables.
2025.11.02 19:47:23.420988 [ 1 ] {} <Debug> DatabaseAtomic (system): There are 0 detached tables. Start searching non used tables.
2025.11.02 19:47:23.421023 [ 1 ] {} <Debug> DatabaseAtomic (system): Found 0 non used tables in detached tables.
2025.11.02 19:47:23.421083 [ 1 ] {} <Debug> DatabaseAtomic (system): There are 0 detached tables. Start searching non used tables.
2025.11.02 19:47:23.421107 [ 1 ] {} <Debug> DatabaseAtomic (system): Found 0 non used tables in detached tables.
2025.11.02 19:47:23.421188 [ 1 ] {} <Debug> DatabaseAtomic (system): There are 0 detached tables. Start searching non used tables.
2025.11.02 19:47:23.421209 [ 1 ] {} <Debug> DatabaseAtomic (system): Found 0 non used tables in detached tables.
2025.11.02 19:47:23.421248 [ 1 ] {} <Debug> DatabaseAtomic (system): There are 0 detached tables. Start searching non used tables.
2025.11.02 19:47:23.421327 [ 1 ] {} <Debug> DatabaseAtomic (system): Found 0 non used tables in detached tables.
2025.11.02 19:47:23.421393 [ 1 ] {} <Debug> DatabaseAtomic (system): There are 0 detached tables. Start searching non used tables.
2025.11.02 19:47:23.421522 [ 1 ] {} <Debug> DatabaseAtomic (system): Found 0 non used tables in detached tables.
2025.11.02 19:47:23.426143 [ 1 ] {} <Information> DatabaseCatalog: Found 0 partially dropped tables. Will load them and retry removal.
2025.11.02 19:47:23.428096 [ 1 ] {} <Information> DatabaseAtomic (default): Metadata processed, database default has 0 tables and 0 dictionaries in total.
2025.11.02 19:47:23.428138 [ 1 ] {} <Information> TablesLoader: Parsed metadata of 0 tables in 1 databases in 4.975e-05 sec
2025.11.02 19:47:23.428187 [ 1 ] {} <Information> loadMetadata: Start asynchronous loading of databases
2025.11.02 19:47:23.428236 [ 1 ] {} <Debug> AsyncLoader: Schedule load job 'startup Ordinary database default' into BackgrndStartup
2025.11.02 19:47:23.428277 [ 1 ] {} <Debug> AsyncLoader: Schedule load job 'startup Atomic database default' into BackgrndStartup
2025.11.02 19:47:23.428298 [ 1 ] {} <Debug> AsyncLoader: Change current priority: none -> 2
2025.11.02 19:47:23.428317 [ 1 ] {} <Debug> AsyncLoader: Spawn loader worker #1 in BackgrndStartup
2025.11.02 19:47:23.428457 [ 723 ] {} <Debug> AsyncLoader: Execute load job 'startup Ordinary database default' in BackgrndStartup
2025.11.02 19:47:23.428557 [ 723 ] {} <Debug> AsyncLoader: Finish load job 'startup Ordinary database default' with status OK
2025.11.02 19:47:23.428605 [ 723 ] {} <Debug> AsyncLoader: Spawn loader worker #2 in BackgrndStartup
2025.11.02 19:47:23.428460 [ 1 ] {} <Information> UserDefinedSQLObjectsLoaderFromDisk: Loading user defined objects from /var/lib/clickhouse/user_defined/
2025.11.02 19:47:23.428694 [ 1 ] {} <Debug> UserDefinedSQLObjectsLoaderFromDisk: The directory for user defined objects (/var/lib/clickhouse/user_defined/) does not exist: nothing to load
2025.11.02 19:47:23.428685 [ 723 ] {} <Debug> AsyncLoader: Execute load job 'startup Atomic database default' in BackgrndStartup
2025.11.02 19:47:23.428757 [ 1 ] {} <Information> WorkloadEntityDiskStorage: Loading workload entities from /var/lib/clickhouse/workload/
2025.11.02 19:47:23.428824 [ 1 ] {} <Debug> WorkloadEntityDiskStorage: The directory for workload entities (/var/lib/clickhouse/workload/) does not exist: nothing to load
2025.11.02 19:47:23.428794 [ 723 ] {} <Debug> AsyncLoader: Finish load job 'startup Atomic database default' with status OK
2025.11.02 19:47:23.428980 [ 723 ] {} <Debug> AsyncLoader: Stop worker in BackgrndStartup
2025.11.02 19:47:23.429081 [ 720 ] {} <Debug> AsyncLoader: Stop worker in BackgrndStartup
2025.11.02 19:47:23.429130 [ 720 ] {} <Debug> AsyncLoader: Change current priority: 2 -> none
2025.11.02 19:47:23.438905 [ 1 ] {} <Information> ZooKeeperClient: Connected to ZooKeeper at 172.19.0.2:2181 with session_id 72057598300389376
2025.11.02 19:47:23.442226 [ 1 ] {} <Information> ZooKeeperClient: Keeper feature flag FILTERED_LIST: disabled
2025.11.02 19:47:23.442514 [ 1 ] {} <Information> ZooKeeperClient: Keeper feature flag MULTI_READ: disabled
2025.11.02 19:47:23.442688 [ 1 ] {} <Information> ZooKeeperClient: Keeper feature flag CHECK_NOT_EXISTS: disabled
2025.11.02 19:47:23.442843 [ 1 ] {} <Information> ZooKeeperClient: Keeper feature flag CREATE_IF_NOT_EXISTS: disabled
2025.11.02 19:47:23.442903 [ 1 ] {} <Information> ZooKeeperClient: Keeper feature flag REMOVE_RECURSIVE: disabled
2025.11.02 19:47:23.456689 [ 1 ] {} <Debug> Application: Loaded metadata.
2025.11.02 19:47:23.456738 [ 1 ] {} <Information> Application: Tasks stats provider: procfs
2025.11.02 19:47:23.456776 [ 1 ] {} <Information> Application: It looks like the process has no CAP_SYS_NICE capability, the setting 'os_thread_priority' will have no effect. It could happen due to incorrect ClickHouse package installation. You could resolve the problem manually with 'sudo setcap cap_sys_nice=+ep /usr/bin/clickhouse'. Note that it will not work on 'nosuid' mounted filesystems.
2025.11.02 19:47:23.456962 [ 1 ] {} <Debug> DatabaseAtomic (system): There are 0 detached tables. Start searching non used tables.
2025.11.02 19:47:23.457003 [ 1 ] {} <Debug> DatabaseAtomic (system): Found 0 non used tables in detached tables.
2025.11.02 19:47:23.457159 [ 1 ] {} <Warning> Application: Listen [::]:8123 failed: Poco::Exception. Code: 1000, e.code() = 0, DNS error: EAI: Address family for hostname not supported (version 25.3.7.194 (official build)). If it is an IPv6 or IPv4 address and your host has disabled IPv6 or IPv4, then consider to specify not disabled IPv4 or IPv6 address to listen in <listen_host> element of configuration file. Example for disabled IPv6: <listen_host>0.0.0.0</listen_host> . Example for disabled IPv4: <listen_host>::</listen_host>
2025.11.02 19:47:23.457377 [ 1 ] {} <Warning> Application: Listen [::]:9000 failed: Poco::Exception. Code: 1000, e.code() = 0, DNS error: EAI: Address family for hostname not supported (version 25.3.7.194 (official build)). If it is an IPv6 or IPv4 address and your host has disabled IPv6 or IPv4, then consider to specify not disabled IPv4 or IPv6 address to listen in <listen_host> element of configuration file. Example for disabled IPv6: <listen_host>0.0.0.0</listen_host> . Example for disabled IPv4: <listen_host>::</listen_host>
2025.11.02 19:47:23.457595 [ 1 ] {} <Warning> Application: Listen [::]:8001 failed: Poco::Exception. Code: 1000, e.code() = 0, DNS error: EAI: Address family for hostname not supported (version 25.3.7.194 (official build)). If it is an IPv6 or IPv4 address and your host has disabled IPv6 or IPv4, then consider to specify not disabled IPv4 or IPv6 address to listen in <listen_host> element of configuration file. Example for disabled IPv6: <listen_host>0.0.0.0</listen_host> . Example for disabled IPv4: <listen_host>::</listen_host>
2025.11.02 19:47:23.457813 [ 1 ] {} <Information> CertificateReloader: One of paths is empty. Cannot apply new configuration for certificates. Fill all paths and try again.
2025.11.02 19:47:23.457846 [ 1 ] {} <Information> CertificateReloader: One of paths is empty. Cannot apply new configuration for certificates. Fill all paths and try again.
2025.11.02 19:47:23.459319 [ 1 ] {} <Debug> AsyncLoader: Schedule load job 'startup ddl worker' into BackgrndStartup
2025.11.02 19:47:23.459372 [ 1 ] {} <Debug> AsyncLoader: Change current priority: none -> 2
2025.11.02 19:47:23.459400 [ 1 ] {} <Debug> AsyncLoader: Spawn loader worker #1 in BackgrndStartup
2025.11.02 19:47:23.459506 [ 1 ] {} <Information> Application: Listening for http://0.0.0.0:8123
2025.11.02 19:47:23.459514 [ 736 ] {} <Debug> AsyncLoader: Execute load job 'startup ddl worker' in BackgrndStartup
2025.11.02 19:47:23.459638 [ 1 ] {} <Information> Application: Listening for native protocol (tcp): 0.0.0.0:9000
2025.11.02 19:47:23.459782 [ 739 ] {} <Debug> DDLWorker: Starting DDLWorker thread
2025.11.02 19:47:23.459818 [ 739 ] {} <Debug> DDLWorker: Initializing DDLWorker thread
2025.11.02 19:47:23.459781 [ 736 ] {} <Debug> AsyncLoader: Finish load job 'startup ddl worker' with status OK
2025.11.02 19:47:23.459957 [ 736 ] {} <Debug> AsyncLoader: Stop worker in BackgrndStartup
2025.11.02 19:47:23.460017 [ 736 ] {} <Debug> AsyncLoader: Change current priority: 2 -> none
2025.11.02 19:47:23.459831 [ 1 ] {} <Information> Application: Listening for Prometheus: http://0.0.0.0:8001
2025.11.02 19:47:23.460100 [ 1 ] {} <Information> Application: Ready for connections.
2025.11.02 19:47:23.459871 [ 734 ] {} <Debug> DDLWorker: Started DDLWorker cleanup thread
2025.11.02 19:47:23.467127 [ 739 ] {} <Debug> DDLWorker: Initialized DDLWorker thread
2025.11.02 19:47:23.467192 [ 734 ] {} <Debug> DDLWorker: Cleaning queue
2025.11.02 19:47:23.470204 [ 739 ] {} <Debug> DDLWorker: Scheduling tasks
2025.11.02 19:47:23.471307 [ 739 ] {} <Debug> DDLWorker: No tasks to schedule
2025.11.02 19:47:23.471363 [ 739 ] {} <Debug> DDLWorker: Waiting for queue updates
2025.11.02 19:47:23.481567 [ 82 ] {} <Information> TCPHandler: Client has not sent any data.
2025.11.02 19:47:23.481925 [ 82 ] {} <Debug> TCPHandler: Done processing connection.
2025.11.02 19:47:23.798213 [ 739 ] {} <Debug> DDLWorker: Scheduling tasks
2025.11.02 19:47:23.800245 [ 739 ] {} <Debug> DDLWorker: Will schedule 1 tasks starting from query-0000000000
2025.11.02 19:47:23.801452 [ 739 ] {} <Debug> DDLWorker: Processing task query-0000000000 (query: CREATE DATABASE IF NOT EXISTS db_w UUID '03f22486-b39b-41f9-9a0c-3f2b3b5f3353', backup restore: false)
2025.11.02 19:47:23.802379 [ 739 ] {} <Debug> DDLWorker: Executing query: CREATE DATABASE IF NOT EXISTS db_w UUID '03f22486-b39b-41f9-9a0c-3f2b3b5f3353'
2025.11.02 19:47:23.802506 [ 739 ] {faca6220-4138-4f16-a382-56ad789fd84c} <Debug> executeQuery: (from 0.0.0.0:0, user: , initial_query_id: 3bd34938-5f02-4685-ba0f-4a05cdd0a1e8) /* ddl_entry=query-0000000000 */ CREATE DATABASE IF NOT EXISTS db_w UUID '03f22486-b39b-41f9-9a0c-3f2b3b5f3353' (stage: Complete)
2025.11.02 19:47:23.803271 [ 739 ] {faca6220-4138-4f16-a382-56ad789fd84c} <Information> DatabaseAtomic (db_w): Metadata processed, database db_w has 0 tables and 0 dictionaries in total.
2025.11.02 19:47:23.803320 [ 739 ] {faca6220-4138-4f16-a382-56ad789fd84c} <Information> TablesLoader: Parsed metadata of 0 tables in 1 databases in 5.7834e-05 sec
2025.11.02 19:47:23.803365 [ 739 ] {faca6220-4138-4f16-a382-56ad789fd84c} <Debug> AsyncLoader: Prioritize load job 'startup Atomic database db_w': BackgrndStartup -> ForegroundLoad
2025.11.02 19:47:23.803393 [ 739 ] {faca6220-4138-4f16-a382-56ad789fd84c} <Debug> AsyncLoader: Prioritize load job 'startup Ordinary database db_w': BackgrndStartup -> ForegroundLoad
2025.11.02 19:47:23.803426 [ 739 ] {faca6220-4138-4f16-a382-56ad789fd84c} <Debug> AsyncLoader: Schedule load job 'startup Ordinary database db_w' into ForegroundLoad
2025.11.02 19:47:23.803483 [ 739 ] {faca6220-4138-4f16-a382-56ad789fd84c} <Debug> AsyncLoader: Schedule load job 'startup Atomic database db_w' into ForegroundLoad
2025.11.02 19:47:23.803538 [ 739 ] {faca6220-4138-4f16-a382-56ad789fd84c} <Debug> AsyncLoader: Change current priority: none -> 0
2025.11.02 19:47:23.803583 [ 739 ] {faca6220-4138-4f16-a382-56ad789fd84c} <Debug> AsyncLoader: Spawn loader worker #1 in ForegroundLoad
2025.11.02 19:47:23.803671 [ 739 ] {faca6220-4138-4f16-a382-56ad789fd84c} <Debug> AsyncLoader: Wait load job 'startup Atomic database db_w' in ForegroundLoad
2025.11.02 19:47:23.803720 [ 740 ] {} <Debug> AsyncLoader: Execute load job 'startup Ordinary database db_w' in ForegroundLoad
2025.11.02 19:47:23.803751 [ 740 ] {} <Debug> AsyncLoader: Finish load job 'startup Ordinary database db_w' with status OK
2025.11.02 19:47:23.803779 [ 740 ] {} <Debug> AsyncLoader: Spawn loader worker #2 in ForegroundLoad
2025.11.02 19:47:23.803959 [ 740 ] {} <Debug> AsyncLoader: Execute load job 'startup Atomic database db_w' in ForegroundLoad
2025.11.02 19:47:23.804027 [ 740 ] {} <Debug> AsyncLoader: Finish load job 'startup Atomic database db_w' with status OK
2025.11.02 19:47:23.804071 [ 740 ] {} <Debug> AsyncLoader: Stop worker in ForegroundLoad
2025.11.02 19:47:23.804126 [ 756 ] {} <Debug> AsyncLoader: Stop worker in ForegroundLoad
2025.11.02 19:47:23.804184 [ 756 ] {} <Debug> AsyncLoader: Change current priority: 0 -> none
2025.11.02 19:47:23.804205 [ 739 ] {faca6220-4138-4f16-a382-56ad789fd84c} <Debug> DDLWorker: Executed query: /* ddl_entry=query-0000000000 */ CREATE DATABASE IF NOT EXISTS db_w UUID '03f22486-b39b-41f9-9a0c-3f2b3b5f3353'
2025.11.02 19:47:23.805944 [ 739 ] {} <Debug> DDLWorker: Waiting for queue updates
2025.11.02 19:47:23.865669 [ 739 ] {} <Debug> DDLWorker: Scheduling tasks
2025.11.02 19:47:23.866779 [ 739 ] {} <Debug> DDLWorker: Will schedule 1 tasks starting from query-0000000001
2025.11.02 19:47:23.867763 [ 739 ] {} <Debug> DDLWorker: Processing task query-0000000001 (query: CREATE TABLE db_w.t_dist_local UUID 'c3567450-b476-4cbc-8378-1c8baeadaa8a' (`create_time` DateTime, `y` Int32 COMMENT 'shard key', `m` Int32 COMMENT 'part key', `id` Int64 COMMENT 'sort key', `value` Nullable(String)) ENGINE = MergeTree PARTITION BY m ORDER BY id SETTINGS index_granularity = 8192, backup restore: false)
2025.11.02 19:47:23.869058 [ 739 ] {} <Debug> DDLWorker: Executing query: CREATE TABLE db_w.t_dist_local UUID 'c3567450-b476-4cbc-8378-1c8baeadaa8a' (`create_time` DateTime, `y` Int32 COMMENT 'shard key', `m` Int32 COMMENT 'part key', `id` Int64 COMMENT 'sort key', `value` Nullable(String)) ENGINE = MergeTree PARTITION BY m ORDER BY id SETTINGS index_granularity = 8192
2025.11.02 19:47:23.869264 [ 739 ] {21fcc9ca-0e76-40c3-8dfb-3dd619c57d02} <Debug> executeQuery: (from 0.0.0.0:0, user: , initial_query_id: 72773e7e-a223-4926-9413-fdd0cb4a883d) /* ddl_entry=query-0000000001 */ CREATE TABLE db_w.t_dist_local UUID 'c3567450-b476-4cbc-8378-1c8baeadaa8a' (`create_time` DateTime, `y` Int32 COMMENT 'shard key', `m` Int32 COMMENT 'part key', `id` Int64 COMMENT 'sort key', `value` Nullable(String)) ENGINE = MergeTree PARTITION BY m ORDER BY id SETTINGS index_granularity = 8192 (stage: Complete)
2025.11.02 19:47:23.871865 [ 739 ] {21fcc9ca-0e76-40c3-8dfb-3dd619c57d02} <Debug> db_w.t_dist_local (c3567450-b476-4cbc-8378-1c8baeadaa8a): Loading data parts
2025.11.02 19:47:23.872227 [ 739 ] {21fcc9ca-0e76-40c3-8dfb-3dd619c57d02} <Debug> db_w.t_dist_local (c3567450-b476-4cbc-8378-1c8baeadaa8a): There are no data parts
2025.11.02 19:47:23.873188 [ 739 ] {21fcc9ca-0e76-40c3-8dfb-3dd619c57d02} <Debug> DatabaseAtomic (db_w): There are 0 detached tables. Start searching non used tables.
2025.11.02 19:47:23.873226 [ 739 ] {21fcc9ca-0e76-40c3-8dfb-3dd619c57d02} <Debug> DatabaseAtomic (db_w): Found 0 non used tables in detached tables.
2025.11.02 19:47:23.873365 [ 739 ] {21fcc9ca-0e76-40c3-8dfb-3dd619c57d02} <Debug> DDLWorker: Executed query: /* ddl_entry=query-0000000001 */ CREATE TABLE db_w.t_dist_local UUID 'c3567450-b476-4cbc-8378-1c8baeadaa8a' (`create_time` DateTime, `y` Int32 COMMENT 'shard key', `m` Int32 COMMENT 'part key', `id` Int64 COMMENT 'sort key', `value` Nullable(String)) ENGINE = MergeTree PARTITION BY m ORDER BY id SETTINGS index_granularity = 8192
2025.11.02 19:47:23.874890 [ 739 ] {} <Debug> DDLWorker: Waiting for queue updates
2025.11.02 19:47:23.928708 [ 739 ] {} <Debug> DDLWorker: Scheduling tasks
2025.11.02 19:47:23.929346 [ 739 ] {} <Debug> DDLWorker: Will schedule 1 tasks starting from query-0000000002
2025.11.02 19:47:23.930166 [ 739 ] {} <Debug> DDLWorker: Processing task query-0000000002 (query: CREATE TABLE db_w.t_dist UUID '04a5ff5e-21fd-4dd6-b00e-2ee69d53c1cd' (`create_time` DateTime, `y` Int32 COMMENT 'shard key', `m` Int32 COMMENT 'part key', `id` Int64 COMMENT 'sort key', `value` Nullable(String)) ENGINE = Distributed(single_replica, 'db_w', 't_dist_local', y), backup restore: false)
2025.11.02 19:47:23.931427 [ 739 ] {} <Debug> DDLWorker: Executing query: CREATE TABLE db_w.t_dist UUID '04a5ff5e-21fd-4dd6-b00e-2ee69d53c1cd' (`create_time` DateTime, `y` Int32 COMMENT 'shard key', `m` Int32 COMMENT 'part key', `id` Int64 COMMENT 'sort key', `value` Nullable(String)) ENGINE = Distributed(single_replica, 'db_w', 't_dist_local', y)
2025.11.02 19:47:23.931589 [ 739 ] {b0145eec-63c9-4d71-9e16-b4665097047b} <Debug> executeQuery: (from 0.0.0.0:0, user: , initial_query_id: 393b6966-a4d3-47f2-8c25-6d2c5034a490) /* ddl_entry=query-0000000002 */ CREATE TABLE db_w.t_dist UUID '04a5ff5e-21fd-4dd6-b00e-2ee69d53c1cd' (`create_time` DateTime, `y` Int32 COMMENT 'shard key', `m` Int32 COMMENT 'part key', `id` Int64 COMMENT 'sort key', `value` Nullable(String)) ENGINE = Distributed(single_replica, 'db_w', 't_dist_local', y) (stage: Complete)
2025.11.02 19:47:23.932166 [ 739 ] {b0145eec-63c9-4d71-9e16-b4665097047b} <Debug> StorageDistributed (t_dist): Auto-increment is 0
2025.11.02 19:47:23.933176 [ 739 ] {b0145eec-63c9-4d71-9e16-b4665097047b} <Debug> DatabaseAtomic (db_w): There are 0 detached tables. Start searching non used tables.
2025.11.02 19:47:23.933221 [ 739 ] {b0145eec-63c9-4d71-9e16-b4665097047b} <Debug> DatabaseAtomic (db_w): Found 0 non used tables in detached tables.
2025.11.02 19:47:23.933538 [ 739 ] {b0145eec-63c9-4d71-9e16-b4665097047b} <Debug> DDLWorker: Executed query: /* ddl_entry=query-0000000002 */ CREATE TABLE db_w.t_dist UUID '04a5ff5e-21fd-4dd6-b00e-2ee69d53c1cd' (`create_time` DateTime, `y` Int32 COMMENT 'shard key', `m` Int32 COMMENT 'part key', `id` Int64 COMMENT 'sort key', `value` Nullable(String)) ENGINE = Distributed(single_replica, 'db_w', 't_dist_local', y)
2025.11.02 19:47:23.935395 [ 739 ] {} <Debug> DDLWorker: Waiting for queue updates
2025.11.02 19:47:23.985281 [ 82 ] {} <Debug> TCPHandler: Connected ClickHouse server version 25.3.0, revision: 54476, user: default.
2025.11.02 19:47:23.985362 [ 82 ] {} <Debug> TCP-Session-dcd4792b-6c0a-4a16-b054-754b3af9c3f4: Authenticating user 'default' from 172.19.0.3:46706
2025.11.02 19:47:23.985460 [ 82 ] {} <Debug> TCP-Session-dcd4792b-6c0a-4a16-b054-754b3af9c3f4: dcd4792b-6c0a-4a16-b054-754b3af9c3f4 Authenticated with global context as user 94309d50-4f52-5250-31bd-74fecac179db
2025.11.02 19:47:23.985517 [ 82 ] {} <Debug> TCP-Session-dcd4792b-6c0a-4a16-b054-754b3af9c3f4: Creating session context with user_id: 94309d50-4f52-5250-31bd-74fecac179db
2025.11.02 19:47:23.986496 [ 82 ] {c5d0b6da-49b0-4894-b45e-9b85888269aa} <Debug> executeQuery: (from 172.19.0.3:46706, initial_query_id: 5d7571b4-dd33-4794-a58b-cb74cb8b6da2) SELECT `__table1`.`create_time` AS `create_time`, `__table1`.`y` AS `y`, `__table1`.`m` AS `m`, `__table1`.`id` AS `id`, `__table1`.`value` AS `value` FROM `db_w`.`t_dist_local` AS `__table1` WHERE _CAST(0, 'UInt8') (stage: Complete)
2025.11.02 19:47:23.987384 [ 82 ] {c5d0b6da-49b0-4894-b45e-9b85888269aa} <Debug> TCPHandler: Processed in 0.001091792 sec.
2025.11.02 19:47:24.028709 [ 82 ] {1d372530-4985-4a89-86e9-c3a42eebaf03} <Debug> executeQuery: (from 172.19.0.3:46706, initial_query_id: 54a501cf-0fc1-4909-96b9-357d10fb401d) SELECT `__table1`.`create_time` AS `create_time`, `__table1`.`y` AS `y`, `__table1`.`m` AS `m`, `__table1`.`id` AS `id`, `__table1`.`value` AS `value` FROM `db_w`.`t_dist_local` AS `__table1` WHERE _CAST(0, 'UInt8') (stage: Complete)
2025.11.02 19:47:24.029370 [ 82 ] {1d372530-4985-4a89-86e9-c3a42eebaf03} <Debug> TCPHandler: Processed in 0.0009045 sec.
2025.11.02 19:47:24.061201 [ 82 ] {0d42af75-a1d7-49d2-a5e3-40fb1992987e} <Debug> executeQuery: (from 172.19.0.3:46706, initial_query_id: 99bedf4a-912d-473e-89cd-56b9ff034bf6) SELECT `__table1`.`create_time` AS `create_time`, `__table1`.`y` AS `y`, `__table1`.`m` AS `m`, `__table1`.`id` AS `id`, `__table1`.`value` AS `value` FROM `db_w`.`t_dist_local` AS `__table1` WHERE _CAST(0, 'UInt8') (stage: Complete)
2025.11.02 19:47:24.061982 [ 82 ] {0d42af75-a1d7-49d2-a5e3-40fb1992987e} <Debug> TCPHandler: Processed in 0.00097175 sec.
2025.11.02 19:47:24.179489 [ 83 ] {} <Debug> HTTP-Session-79eeba7b-3ed7-49c7-a633-f9437deac89e: Authenticating user 'default' from 172.19.0.7:36402
2025.11.02 19:47:24.179568 [ 83 ] {} <Debug> HTTP-Session-79eeba7b-3ed7-49c7-a633-f9437deac89e: 79eeba7b-3ed7-49c7-a633-f9437deac89e Authenticated with global context as user 94309d50-4f52-5250-31bd-74fecac179db
2025.11.02 19:47:24.179625 [ 83 ] {} <Debug> HTTP-Session-79eeba7b-3ed7-49c7-a633-f9437deac89e: Creating session context with user_id: 94309d50-4f52-5250-31bd-74fecac179db
2025.11.02 19:47:24.179892 [ 83 ] {48672e73-547a-4bbb-93b0-debfa06d5a01} <Debug> executeQuery: (from 172.19.0.7:36402) INSERT INTO `db_w`.`t_dist_local` FORMAT ArrowStream  (stage: Complete)
2025.11.02 19:47:24.234581 [ 756 ] {9f6d28a4-0e9a-4f4f-b131-825edd929c1a} <Debug> AsynchronousInsertQueue: Flushed 1 rows, 31 bytes for query 'INSERT INTO db_w.t_dist_local (create_time, y, m, id, value) FORMAT ArrowStream'
2025.11.02 19:47:24.234795 [ 756 ] {9f6d28a4-0e9a-4f4f-b131-825edd929c1a} <Debug> MemoryTracker: Query peak memory usage: 3.27 MiB.
2025.11.02 19:47:24.235063 [ 83 ] {48672e73-547a-4bbb-93b0-debfa06d5a01} <Debug> DynamicQueryHandler: Done processing query
2025.11.02 19:47:24.235160 [ 83 ] {} <Debug> HTTP-Session-79eeba7b-3ed7-49c7-a633-f9437deac89e: 79eeba7b-3ed7-49c7-a633-f9437deac89e Logout, user_id: 94309d50-4f52-5250-31bd-74fecac179db
2025.11.02 19:47:24.368510 [ 82 ] {033636a0-292e-4e8c-9d84-db51e3cb7756} <Debug> executeQuery: (from 172.19.0.3:46706, initial_query_id: f5748b21-c08d-4e9d-afde-859788bbef43) SELECT `__table1`.`create_time` AS `create_time`, `__table1`.`y` AS `y`, `__table1`.`m` AS `m`, `__table1`.`id` AS `id`, `__table1`.`value` AS `value` FROM `db_w`.`t_dist_local` AS `__table1` WHERE _CAST(0, 'UInt8') (stage: Complete)
2025.11.02 19:47:24.369490 [ 82 ] {033636a0-292e-4e8c-9d84-db51e3cb7756} <Debug> db_w.t_dist_local (c3567450-b476-4cbc-8378-1c8baeadaa8a) (SelectExecutor): Selected 0/0 parts by partition key, 0 parts by primary key, 0/0 marks by primary key, 0 marks to read from 0 ranges
2025.11.02 19:47:24.370440 [ 82 ] {033636a0-292e-4e8c-9d84-db51e3cb7756} <Debug> TCPHandler: Processed in 0.002253167 sec.
2025.11.02 19:47:24.382723 [ 82 ] {455e2816-b9ff-4523-8f9f-58d0ffc32943} <Debug> executeQuery: (from 172.19.0.3:46706, initial_query_id: 767c4258-5fe8-4ca3-9b74-d7202dd8df99) SELECT `__table1`.`create_time` AS `create_time`, `__table1`.`y` AS `y`, `__table1`.`m` AS `m`, `__table1`.`id` AS `id`, `__table1`.`value` AS `value` FROM `db_w`.`t_dist_local` AS `__table1` WHERE _CAST(0, 'UInt8') (stage: Complete)
2025.11.02 19:47:24.383074 [ 82 ] {455e2816-b9ff-4523-8f9f-58d0ffc32943} <Debug> db_w.t_dist_local (c3567450-b476-4cbc-8378-1c8baeadaa8a) (SelectExecutor): Selected 0/0 parts by partition key, 0 parts by primary key, 0/0 marks by primary key, 0 marks to read from 0 ranges
2025.11.02 19:47:24.383514 [ 82 ] {455e2816-b9ff-4523-8f9f-58d0ffc32943} <Debug> TCPHandler: Processed in 0.000960375 sec.
2025.11.02 19:47:24.407350 [ 83 ] {} <Debug> HTTP-Session-67a7b994-5848-4add-9f63-9e27cf2c9dd9: Authenticating user 'default' from 172.19.0.7:36410
2025.11.02 19:47:24.407419 [ 83 ] {} <Debug> HTTP-Session-67a7b994-5848-4add-9f63-9e27cf2c9dd9: 67a7b994-5848-4add-9f63-9e27cf2c9dd9 Authenticated with global context as user 94309d50-4f52-5250-31bd-74fecac179db
2025.11.02 19:47:24.407467 [ 83 ] {} <Debug> HTTP-Session-67a7b994-5848-4add-9f63-9e27cf2c9dd9: Creating session context with user_id: 94309d50-4f52-5250-31bd-74fecac179db
2025.11.02 19:47:24.407654 [ 83 ] {ede6177d-6b1d-4e66-960a-cd942c045831} <Debug> executeQuery: (from 172.19.0.7:36410) SELECT partition, -- String
 partition_id, -- String
 sum(rows) AS row_count, -- UInt64
 sum(bytes_on_disk) AS size_in_bytes -- UInt64
 FROM `system`.`parts` WHERE `database`='db_w' AND `table`='t_dist_local' AND `active`=1 GROUP BY `partition`, `partition_id` ORDER BY `partition` ASC, partition_id ASC  (stage: Complete)
2025.11.02 19:47:24.409717 [ 83 ] {ede6177d-6b1d-4e66-960a-cd942c045831} <Debug> executeQuery: Read 1 rows, 71.00 B in 0.002133 sec., 468.82325363338026 rows/sec., 32.51 KiB/sec.
2025.11.02 19:47:24.410077 [ 83 ] {ede6177d-6b1d-4e66-960a-cd942c045831} <Debug> DynamicQueryHandler: Done processing query
2025.11.02 19:47:24.410155 [ 83 ] {ede6177d-6b1d-4e66-960a-cd942c045831} <Debug> MemoryTracker: Query peak memory usage: 4.01 MiB.
2025.11.02 19:47:24.410267 [ 83 ] {} <Debug> HTTP-Session-67a7b994-5848-4add-9f63-9e27cf2c9dd9: 67a7b994-5848-4add-9f63-9e27cf2c9dd9 Logout, user_id: 94309d50-4f52-5250-31bd-74fecac179db
2025.11.02 19:47:24.425855 [ 83 ] {} <Debug> HTTP-Session-9c52add0-f684-4ed9-b471-c6ee60ca1e91: Authenticating user 'default' from 172.19.0.7:36422
2025.11.02 19:47:24.425961 [ 83 ] {} <Debug> HTTP-Session-9c52add0-f684-4ed9-b471-c6ee60ca1e91: 9c52add0-f684-4ed9-b471-c6ee60ca1e91 Authenticated with global context as user 94309d50-4f52-5250-31bd-74fecac179db
2025.11.02 19:47:24.426023 [ 83 ] {} <Debug> HTTP-Session-9c52add0-f684-4ed9-b471-c6ee60ca1e91: Creating session context with user_id: 94309d50-4f52-5250-31bd-74fecac179db
2025.11.02 19:47:24.426225 [ 83 ] {473e1624-20d5-405f-a82d-29e887546d63} <Debug> executeQuery: (from 172.19.0.7:36422) SELECT partition, -- String
 partition_id, -- String
 sum(rows) AS row_count, -- UInt64
 sum(bytes_on_disk) AS size_in_bytes -- UInt64
 FROM `system`.`parts` WHERE `database`='db_w' AND `table`='t_dist_local' AND `active`=1 GROUP BY `partition`, `partition_id` ORDER BY `partition` ASC, partition_id ASC  (stage: Complete)
2025.11.02 19:47:24.427723 [ 83 ] {473e1624-20d5-405f-a82d-29e887546d63} <Debug> executeQuery: Read 1 rows, 71.00 B in 0.001568 sec., 637.7551020408164 rows/sec., 44.22 KiB/sec.
2025.11.02 19:47:24.428092 [ 83 ] {473e1624-20d5-405f-a82d-29e887546d63} <Debug> DynamicQueryHandler: Done processing query
2025.11.02 19:47:24.428170 [ 83 ] {473e1624-20d5-405f-a82d-29e887546d63} <Debug> MemoryTracker: Query peak memory usage: 4.01 MiB.
2025.11.02 19:47:24.428238 [ 83 ] {} <Debug> HTTP-Session-9c52add0-f684-4ed9-b471-c6ee60ca1e91: 9c52add0-f684-4ed9-b471-c6ee60ca1e91 Logout, user_id: 94309d50-4f52-5250-31bd-74fecac179db
2025.11.02 19:47:24.452395 [ 83 ] {} <Debug> HTTP-Session-2f86035f-16b6-4160-8308-8d0f5c7f54bc: Authenticating user 'default' from 172.19.0.7:36426
2025.11.02 19:47:24.452492 [ 83 ] {} <Debug> HTTP-Session-2f86035f-16b6-4160-8308-8d0f5c7f54bc: 2f86035f-16b6-4160-8308-8d0f5c7f54bc Authenticated with global context as user 94309d50-4f52-5250-31bd-74fecac179db
2025.11.02 19:47:24.452547 [ 83 ] {} <Debug> HTTP-Session-2f86035f-16b6-4160-8308-8d0f5c7f54bc: Creating session context with user_id: 94309d50-4f52-5250-31bd-74fecac179db
2025.11.02 19:47:24.452739 [ 83 ] {91e8da6e-8fb0-4a9d-8523-bf4b0f98839d} <Debug> executeQuery: (from 172.19.0.7:36426) SELECT `create_time`, `y`, `m`, `id`, `value` FROM `db_w`.`t_dist_local` WHERE (_partition_id = '2') AND ((1=1) AND (1=1))  (stage: Complete)
2025.11.02 19:47:24.453138 [ 83 ] {91e8da6e-8fb0-4a9d-8523-bf4b0f98839d} <Debug> db_w.t_dist_local (c3567450-b476-4cbc-8378-1c8baeadaa8a) (SelectExecutor): Key condition: unknown, true, and
2025.11.02 19:47:24.453207 [ 83 ] {91e8da6e-8fb0-4a9d-8523-bf4b0f98839d} <Debug> db_w.t_dist_local (c3567450-b476-4cbc-8378-1c8baeadaa8a) (SelectExecutor): MinMax index condition: unknown, true, and
2025.11.02 19:47:24.453268 [ 83 ] {91e8da6e-8fb0-4a9d-8523-bf4b0f98839d} <Debug> db_w.t_dist_local (c3567450-b476-4cbc-8378-1c8baeadaa8a) (SelectExecutor): PK index has dropped 0/1 granules, it took 0ms across 1 threads.
2025.11.02 19:47:24.453321 [ 83 ] {91e8da6e-8fb0-4a9d-8523-bf4b0f98839d} <Debug> db_w.t_dist_local (c3567450-b476-4cbc-8378-1c8baeadaa8a) (SelectExecutor): Selected 1/1 parts by partition key, 1 parts by primary key, 1/1 marks by primary key, 1 marks to read from 1 ranges
2025.11.02 19:47:24.453938 [ 83 ] {91e8da6e-8fb0-4a9d-8523-bf4b0f98839d} <Debug> executeQuery: Read 1 rows, 31.00 B in 0.001255 sec., 796.8127490039841 rows/sec., 24.12 KiB/sec.
2025.11.02 19:47:24.454290 [ 83 ] {91e8da6e-8fb0-4a9d-8523-bf4b0f98839d} <Debug> DynamicQueryHandler: Done processing query
2025.11.02 19:47:24.454360 [ 83 ] {91e8da6e-8fb0-4a9d-8523-bf4b0f98839d} <Debug> MemoryTracker: Query peak memory usage: 4.00 MiB.
2025.11.02 19:47:24.454468 [ 83 ] {} <Debug> HTTP-Session-2f86035f-16b6-4160-8308-8d0f5c7f54bc: 2f86035f-16b6-4160-8308-8d0f5c7f54bc Logout, user_id: 94309d50-4f52-5250-31bd-74fecac179db
2025.11.02 19:47:24.469600 [ 83 ] {} <Debug> HTTP-Session-048a18b3-83c7-4d7f-bfa9-cbec15836b6c: Authenticating user 'default' from 172.19.0.7:36440
2025.11.02 19:47:24.469676 [ 83 ] {} <Debug> HTTP-Session-048a18b3-83c7-4d7f-bfa9-cbec15836b6c: 048a18b3-83c7-4d7f-bfa9-cbec15836b6c Authenticated with global context as user 94309d50-4f52-5250-31bd-74fecac179db
2025.11.02 19:47:24.469732 [ 83 ] {} <Debug> HTTP-Session-048a18b3-83c7-4d7f-bfa9-cbec15836b6c: Creating session context with user_id: 94309d50-4f52-5250-31bd-74fecac179db
2025.11.02 19:47:24.469930 [ 83 ] {c46dab8d-9aae-44ae-ab85-32e88cef5418} <Debug> executeQuery: (from 172.19.0.7:36440) SELECT `create_time`, `y`, `m`, `id`, `value` FROM `db_w`.`t_dist_local` WHERE (_partition_id = '2') AND ((1=1) AND (1=1))  (stage: Complete)
2025.11.02 19:47:24.470336 [ 83 ] {c46dab8d-9aae-44ae-ab85-32e88cef5418} <Debug> db_w.t_dist_local (c3567450-b476-4cbc-8378-1c8baeadaa8a) (SelectExecutor): Key condition: unknown, true, and
2025.11.02 19:47:24.470399 [ 83 ] {c46dab8d-9aae-44ae-ab85-32e88cef5418} <Debug> db_w.t_dist_local (c3567450-b476-4cbc-8378-1c8baeadaa8a) (SelectExecutor): MinMax index condition: unknown, true, and
2025.11.02 19:47:24.470504 [ 83 ] {c46dab8d-9aae-44ae-ab85-32e88cef5418} <Debug> db_w.t_dist_local (c3567450-b476-4cbc-8378-1c8baeadaa8a) (SelectExecutor): PK index has dropped 0/1 granules, it took 0ms across 1 threads.
2025.11.02 19:47:24.470562 [ 83 ] {c46dab8d-9aae-44ae-ab85-32e88cef5418} <Debug> db_w.t_dist_local (c3567450-b476-4cbc-8378-1c8baeadaa8a) (SelectExecutor): Selected 1/1 parts by partition key, 1 parts by primary key, 1/1 marks by primary key, 1 marks to read from 1 ranges
2025.11.02 19:47:24.471166 [ 83 ] {c46dab8d-9aae-44ae-ab85-32e88cef5418} <Debug> executeQuery: Read 1 rows, 31.00 B in 0.001309 sec., 763.9419404125287 rows/sec., 23.13 KiB/sec.
2025.11.02 19:47:24.471374 [ 83 ] {c46dab8d-9aae-44ae-ab85-32e88cef5418} <Debug> DynamicQueryHandler: Done processing query
2025.11.02 19:47:24.471452 [ 83 ] {c46dab8d-9aae-44ae-ab85-32e88cef5418} <Debug> MemoryTracker: Query peak memory usage: 4.00 MiB.
2025.11.02 19:47:24.471547 [ 83 ] {} <Debug> HTTP-Session-048a18b3-83c7-4d7f-bfa9-cbec15836b6c: 048a18b3-83c7-4d7f-bfa9-cbec15836b6c Logout, user_id: 94309d50-4f52-5250-31bd-74fecac179db
2025.11.02 19:47:24.585700 [ 83 ] {} <Debug> HTTP-Session-0721e747-ac63-4e15-88c7-1e438fa12b4e: Authenticating user 'default' from 172.19.0.7:36448
2025.11.02 19:47:24.585774 [ 83 ] {} <Debug> HTTP-Session-0721e747-ac63-4e15-88c7-1e438fa12b4e: 0721e747-ac63-4e15-88c7-1e438fa12b4e Authenticated with global context as user 94309d50-4f52-5250-31bd-74fecac179db
2025.11.02 19:47:24.585824 [ 83 ] {} <Debug> HTTP-Session-0721e747-ac63-4e15-88c7-1e438fa12b4e: Creating session context with user_id: 94309d50-4f52-5250-31bd-74fecac179db
2025.11.02 19:47:24.585975 [ 83 ] {99029b39-33ad-4798-ab47-1d6958101785} <Debug> executeQuery: (from 172.19.0.7:36448) SELECT 1 (stage: Complete)
2025.11.02 19:47:24.586479 [ 83 ] {99029b39-33ad-4798-ab47-1d6958101785} <Debug> executeQuery: Read 1 rows, 1.00 B in 0.000512 sec., 1953.125 rows/sec., 1.91 KiB/sec.
2025.11.02 19:47:24.586772 [ 83 ] {99029b39-33ad-4798-ab47-1d6958101785} <Debug> DynamicQueryHandler: Done processing query
2025.11.02 19:47:24.586878 [ 83 ] {99029b39-33ad-4798-ab47-1d6958101785} <Debug> MemoryTracker: Query peak memory usage: 4.00 MiB.
2025.11.02 19:47:24.586986 [ 83 ] {} <Debug> HTTP-Session-0721e747-ac63-4e15-88c7-1e438fa12b4e: 0721e747-ac63-4e15-88c7-1e438fa12b4e Logout, user_id: 94309d50-4f52-5250-31bd-74fecac179db
2025.11.02 19:47:24.587328 [ 83 ] {} <Debug> HTTP-Session-051110e5-e298-456e-9079-415359a53bef: Authenticating user 'default' from 172.19.0.7:36448
2025.11.02 19:47:24.587386 [ 83 ] {} <Debug> HTTP-Session-051110e5-e298-456e-9079-415359a53bef: 051110e5-e298-456e-9079-415359a53bef Authenticated with global context as user 94309d50-4f52-5250-31bd-74fecac179db
2025.11.02 19:47:24.587434 [ 83 ] {} <Debug> HTTP-Session-051110e5-e298-456e-9079-415359a53bef: Creating session context with user_id: 94309d50-4f52-5250-31bd-74fecac179db
2025.11.02 19:47:24.587538 [ 83 ] {1a8b7518-82d0-41b4-9d96-78f752e81d94} <Debug> executeQuery: (from 172.19.0.7:36448) SELECT timezone() AS tz (stage: Complete)
2025.11.02 19:47:24.587999 [ 83 ] {1a8b7518-82d0-41b4-9d96-78f752e81d94} <Debug> executeQuery: Read 1 rows, 1.00 B in 0.000473 sec., 2114.164904862579 rows/sec., 2.06 KiB/sec.
2025.11.02 19:47:24.588215 [ 83 ] {1a8b7518-82d0-41b4-9d96-78f752e81d94} <Debug> DynamicQueryHandler: Done processing query
2025.11.02 19:47:24.588277 [ 83 ] {1a8b7518-82d0-41b4-9d96-78f752e81d94} <Debug> MemoryTracker: Query peak memory usage: 4.00 MiB.
2025.11.02 19:47:24.588341 [ 83 ] {} <Debug> HTTP-Session-051110e5-e298-456e-9079-415359a53bef: 051110e5-e298-456e-9079-415359a53bef Logout, user_id: 94309d50-4f52-5250-31bd-74fecac179db
2025.11.02 19:47:24.588660 [ 83 ] {} <Debug> HTTP-Session-6f4b997e-95ba-4faa-9503-4e8afb092962: Authenticating user 'default' from 172.19.0.7:36448
2025.11.02 19:47:24.588722 [ 83 ] {} <Debug> HTTP-Session-6f4b997e-95ba-4faa-9503-4e8afb092962: 6f4b997e-95ba-4faa-9503-4e8afb092962 Authenticated with global context as user 94309d50-4f52-5250-31bd-74fecac179db
2025.11.02 19:47:24.588833 [ 83 ] {} <Debug> HTTP-Session-6f4b997e-95ba-4faa-9503-4e8afb092962: Creating session context with user_id: 94309d50-4f52-5250-31bd-74fecac179db
2025.11.02 19:47:24.588959 [ 83 ] {a4b222a4-7e58-4510-b741-7134f63c6438} <Debug> executeQuery: (from 172.19.0.7:36448)  SELECT `cluster`, -- String
 `shard_num`, -- UInt32
 `shard_weight`, -- UInt32
 `replica_num`, -- UInt32
 `host_name`, -- String
 `host_address`, -- String
 `port`, -- UInt16
 `is_local`, -- UInt8
 `user`, -- String
 `default_database`, -- String
 `errors_count`, -- UInt32
 `estimated_recovery_time` -- UInt32
 FROM `system`.`clusters`  (stage: Complete)
2025.11.02 19:47:24.589529 [ 83 ] {a4b222a4-7e58-4510-b741-7134f63c6438} <Debug> executeQuery: Read 8 rows, 884.00 B in 0.000615 sec., 13008.130081300813 rows/sec., 1.37 MiB/sec.
2025.11.02 19:47:24.589708 [ 83 ] {a4b222a4-7e58-4510-b741-7134f63c6438} <Debug> DynamicQueryHandler: Done processing query
2025.11.02 19:47:24.589770 [ 83 ] {a4b222a4-7e58-4510-b741-7134f63c6438} <Debug> MemoryTracker: Query peak memory usage: 3.96 MiB.
2025.11.02 19:47:24.589818 [ 83 ] {} <Debug> HTTP-Session-6f4b997e-95ba-4faa-9503-4e8afb092962: 6f4b997e-95ba-4faa-9503-4e8afb092962 Logout, user_id: 94309d50-4f52-5250-31bd-74fecac179db
2025.11.02 19:47:24.590245 [ 83 ] {} <Debug> HTTP-Session-af9ba08c-3847-496c-8775-313da9b5f072: Authenticating user 'default' from 172.19.0.7:36448
2025.11.02 19:47:24.590296 [ 83 ] {} <Debug> HTTP-Session-af9ba08c-3847-496c-8775-313da9b5f072: af9ba08c-3847-496c-8775-313da9b5f072 Authenticated with global context as user 94309d50-4f52-5250-31bd-74fecac179db
2025.11.02 19:47:24.590349 [ 83 ] {} <Debug> HTTP-Session-af9ba08c-3847-496c-8775-313da9b5f072: Creating session context with user_id: 94309d50-4f52-5250-31bd-74fecac179db
2025.11.02 19:47:24.590461 [ 83 ] {d0a93a5b-dc8f-4443-8b54-44ee90c2547f} <Debug> executeQuery: (from 172.19.0.7:36448) SELECT * FROM `db_w`.`t_dist_local` WHERE 1=0 (stage: Complete)
2025.11.02 19:47:24.590705 [ 83 ] {d0a93a5b-dc8f-4443-8b54-44ee90c2547f} <Debug> db_w.t_dist_local (c3567450-b476-4cbc-8378-1c8baeadaa8a) (SelectExecutor): Selected 0/0 parts by partition key, 0 parts by primary key, 0/0 marks by primary key, 0 marks to read from 0 ranges
2025.11.02 19:47:24.591237 [ 83 ] {d0a93a5b-dc8f-4443-8b54-44ee90c2547f} <Debug> DynamicQueryHandler: Done processing query
2025.11.02 19:47:24.591344 [ 83 ] {d0a93a5b-dc8f-4443-8b54-44ee90c2547f} <Debug> MemoryTracker: Query peak memory usage: 3.00 MiB.
2025.11.02 19:47:24.591404 [ 83 ] {} <Debug> HTTP-Session-af9ba08c-3847-496c-8775-313da9b5f072: af9ba08c-3847-496c-8775-313da9b5f072 Logout, user_id: 94309d50-4f52-5250-31bd-74fecac179db
2025.11.02 19:47:24.591714 [ 83 ] {} <Debug> HTTP-Session-f3a57f33-0486-4a1c-9f91-40d020191568: Authenticating user 'default' from 172.19.0.7:36448
2025.11.02 19:47:24.591793 [ 83 ] {} <Debug> HTTP-Session-f3a57f33-0486-4a1c-9f91-40d020191568: f3a57f33-0486-4a1c-9f91-40d020191568 Authenticated with global context as user 94309d50-4f52-5250-31bd-74fecac179db
2025.11.02 19:47:24.591872 [ 83 ] {} <Debug> HTTP-Session-f3a57f33-0486-4a1c-9f91-40d020191568: Creating session context with user_id: 94309d50-4f52-5250-31bd-74fecac179db
2025.11.02 19:47:24.592046 [ 83 ] {0f1efa18-047d-4027-aecc-1cd382186bf3} <Debug> executeQuery: (from 172.19.0.7:36448) SELECT `database`, -- String
 `name`, -- String
 `uuid`, -- UUID
 `engine`, -- String
 `is_temporary`, -- UInt8
 `data_paths`, -- Array(String)
 `metadata_path`, -- String
 `metadata_modification_time`, -- DateTime
 `dependencies_database`, -- Array(String)
 `dependencies_table`, -- Array(String)
 `create_table_query`, -- String
 `engine_full`, -- String
 `partition_key`, -- String
 `sorting_key`, -- String
 `primary_key`, -- String
 `sampling_key`, -- String
 `storage_policy`, -- String
 `total_rows`, -- Nullable(UInt64)
 `total_bytes`, -- Nullable(UInt64)
 `lifetime_rows`, -- Nullable(UInt64)
 `lifetime_bytes` -- Nullable(UInt64)
 FROM `system`.`tables` WHERE `database`='db_w' AND `name`='t_dist_local'  (stage: Complete)
2025.11.02 19:47:24.593175 [ 83 ] {0f1efa18-047d-4027-aecc-1cd382186bf3} <Debug> executeQuery: Read 1 rows, 679.00 B in 0.001198 sec., 834.7245409015025 rows/sec., 553.49 KiB/sec.
2025.11.02 19:47:24.593438 [ 83 ] {0f1efa18-047d-4027-aecc-1cd382186bf3} <Debug> DynamicQueryHandler: Done processing query
2025.11.02 19:47:24.593514 [ 83 ] {0f1efa18-047d-4027-aecc-1cd382186bf3} <Debug> MemoryTracker: Query peak memory usage: 3.90 MiB.
2025.11.02 19:47:24.593613 [ 83 ] {} <Debug> HTTP-Session-f3a57f33-0486-4a1c-9f91-40d020191568: f3a57f33-0486-4a1c-9f91-40d020191568 Logout, user_id: 94309d50-4f52-5250-31bd-74fecac179db
2025.11.02 19:47:24.595558 [ 84 ] {} <Debug> HTTP-Session-3033af63-32fd-4d8c-be7f-59ecb4238c75: Authenticating user 'default' from 172.19.0.7:36462
2025.11.02 19:47:24.595644 [ 84 ] {} <Debug> HTTP-Session-3033af63-32fd-4d8c-be7f-59ecb4238c75: 3033af63-32fd-4d8c-be7f-59ecb4238c75 Authenticated with global context as user 94309d50-4f52-5250-31bd-74fecac179db
2025.11.02 19:47:24.595712 [ 84 ] {} <Debug> HTTP-Session-3033af63-32fd-4d8c-be7f-59ecb4238c75: Creating session context with user_id: 94309d50-4f52-5250-31bd-74fecac179db
2025.11.02 19:47:24.595949 [ 84 ] {eead7f3d-b5e4-4944-8177-94cfd74f980a} <Debug> executeQuery: (from 172.19.0.7:36462) SELECT `database`, -- String
 `table`, -- String
 `name`, -- String
 `type`, -- String
 `position`, -- UInt64
 `default_kind`, -- String
 `default_expression`, -- String
 `data_compressed_bytes`, -- UInt64
 `data_uncompressed_bytes`, -- UInt64
 `marks_bytes`, -- UInt64
 `comment`, -- String
 `is_in_partition_key`, -- UInt8
 `is_in_sorting_key`, -- UInt8
 `is_in_primary_key`, -- UInt8
 `is_in_sampling_key`, -- UInt8
 `compression_codec` -- String
 FROM `system`.`columns` WHERE `database`='db_w' AND `table`='t_dist_local' ORDER BY `position` ASC  (stage: Complete)
2025.11.02 19:47:24.597191 [ 84 ] {eead7f3d-b5e4-4944-8177-94cfd74f980a} <Debug> executeQuery: Read 5 rows, 704.00 B in 0.001346 sec., 3714.7102526002973 rows/sec., 510.77 KiB/sec.
2025.11.02 19:47:24.597462 [ 84 ] {eead7f3d-b5e4-4944-8177-94cfd74f980a} <Debug> DynamicQueryHandler: Done processing query
2025.11.02 19:47:24.597521 [ 84 ] {eead7f3d-b5e4-4944-8177-94cfd74f980a} <Debug> MemoryTracker: Query peak memory usage: 3.93 MiB.
2025.11.02 19:47:24.597609 [ 84 ] {} <Debug> HTTP-Session-3033af63-32fd-4d8c-be7f-59ecb4238c75: 3033af63-32fd-4d8c-be7f-59ecb4238c75 Logout, user_id: 94309d50-4f52-5250-31bd-74fecac179db
2025.11.02 19:47:24.600638 [ 84 ] {} <Debug> HTTP-Session-cc3f5692-fb6a-4967-a006-53bf515bcfd9: Authenticating user 'default' from 172.19.0.7:36470
2025.11.02 19:47:24.600708 [ 84 ] {} <Debug> HTTP-Session-cc3f5692-fb6a-4967-a006-53bf515bcfd9: cc3f5692-fb6a-4967-a006-53bf515bcfd9 Authenticated with global context as user 94309d50-4f52-5250-31bd-74fecac179db
2025.11.02 19:47:24.600762 [ 84 ] {} <Debug> HTTP-Session-cc3f5692-fb6a-4967-a006-53bf515bcfd9: Creating session context with user_id: 94309d50-4f52-5250-31bd-74fecac179db
2025.11.02 19:47:24.600946 [ 84 ] {aef71836-d4c6-4d53-b258-2c96cccbd370} <Debug> executeQuery: (from 172.19.0.7:36470) SELECT partition, -- String
 partition_id, -- String
 sum(rows) AS row_count, -- UInt64
 sum(bytes_on_disk) AS size_in_bytes -- UInt64
 FROM `system`.`parts` WHERE `database`='db_w' AND `table`='t_dist_local' AND `active`=1 GROUP BY `partition`, `partition_id` ORDER BY `partition` ASC, partition_id ASC  (stage: Complete)
2025.11.02 19:47:24.602486 [ 84 ] {aef71836-d4c6-4d53-b258-2c96cccbd370} <Debug> executeQuery: Read 1 rows, 71.00 B in 0.00161 sec., 621.1180124223602 rows/sec., 43.07 KiB/sec.
2025.11.02 19:47:24.602767 [ 84 ] {aef71836-d4c6-4d53-b258-2c96cccbd370} <Debug> DynamicQueryHandler: Done processing query
2025.11.02 19:47:24.602831 [ 84 ] {aef71836-d4c6-4d53-b258-2c96cccbd370} <Debug> MemoryTracker: Query peak memory usage: 4.02 MiB.
2025.11.02 19:47:24.602914 [ 84 ] {} <Debug> HTTP-Session-cc3f5692-fb6a-4967-a006-53bf515bcfd9: cc3f5692-fb6a-4967-a006-53bf515bcfd9 Logout, user_id: 94309d50-4f52-5250-31bd-74fecac179db
2025.11.02 19:47:24.605930 [ 84 ] {} <Debug> HTTP-Session-e12fb1e1-fc61-49ff-8419-97b97a2873d1: Authenticating user 'default' from 172.19.0.7:36480
2025.11.02 19:47:24.606001 [ 84 ] {} <Debug> HTTP-Session-e12fb1e1-fc61-49ff-8419-97b97a2873d1: e12fb1e1-fc61-49ff-8419-97b97a2873d1 Authenticated with global context as user 94309d50-4f52-5250-31bd-74fecac179db
2025.11.02 19:47:24.606057 [ 84 ] {} <Debug> HTTP-Session-e12fb1e1-fc61-49ff-8419-97b97a2873d1: Creating session context with user_id: 94309d50-4f52-5250-31bd-74fecac179db
2025.11.02 19:47:24.606249 [ 84 ] {34ce704d-fe3c-4e1a-a2de-173b083f4d06} <Debug> executeQuery: (from 172.19.0.7:36480) SELECT partition, -- String
 partition_id, -- String
 sum(rows) AS row_count, -- UInt64
 sum(bytes_on_disk) AS size_in_bytes -- UInt64
 FROM `system`.`parts` WHERE `database`='db_w' AND `table`='t_dist_local' AND `active`=1 GROUP BY `partition`, `partition_id` ORDER BY `partition` ASC, partition_id ASC  (stage: Complete)
2025.11.02 19:47:24.614378 [ 84 ] {34ce704d-fe3c-4e1a-a2de-173b083f4d06} <Debug> executeQuery: Read 1 rows, 71.00 B in 0.008196 sec., 122.01073694485115 rows/sec., 8.46 KiB/sec.
2025.11.02 19:47:24.614730 [ 84 ] {34ce704d-fe3c-4e1a-a2de-173b083f4d06} <Debug> DynamicQueryHandler: Done processing query
2025.11.02 19:47:24.614797 [ 84 ] {34ce704d-fe3c-4e1a-a2de-173b083f4d06} <Debug> MemoryTracker: Query peak memory usage: 4.01 MiB.
2025.11.02 19:47:24.614911 [ 84 ] {} <Debug> HTTP-Session-e12fb1e1-fc61-49ff-8419-97b97a2873d1: e12fb1e1-fc61-49ff-8419-97b97a2873d1 Logout, user_id: 94309d50-4f52-5250-31bd-74fecac179db
2025.11.02 19:47:24.624011 [ 84 ] {} <Debug> HTTP-Session-4a1ab287-caad-42b1-882b-fa1a7d2a6451: Authenticating user 'default' from 172.19.0.7:36496
2025.11.02 19:47:24.624103 [ 84 ] {} <Debug> HTTP-Session-4a1ab287-caad-42b1-882b-fa1a7d2a6451: 4a1ab287-caad-42b1-882b-fa1a7d2a6451 Authenticated with global context as user 94309d50-4f52-5250-31bd-74fecac179db
2025.11.02 19:47:24.624161 [ 84 ] {} <Debug> HTTP-Session-4a1ab287-caad-42b1-882b-fa1a7d2a6451: Creating session context with user_id: 94309d50-4f52-5250-31bd-74fecac179db
2025.11.02 19:47:24.624369 [ 84 ] {c934c547-2485-4731-ae00-c695fd090106} <Debug> executeQuery: (from 172.19.0.7:36496) SELECT `create_time`, `y`, `m`, `id`, `value` FROM `db_w`.`t_dist_local` WHERE (_partition_id = '2') AND ((1=1) AND (1=1))  (stage: Complete)
2025.11.02 19:47:24.624841 [ 84 ] {c934c547-2485-4731-ae00-c695fd090106} <Debug> db_w.t_dist_local (c3567450-b476-4cbc-8378-1c8baeadaa8a) (SelectExecutor): Key condition: unknown, true, and
2025.11.02 19:47:24.624909 [ 84 ] {c934c547-2485-4731-ae00-c695fd090106} <Debug> db_w.t_dist_local (c3567450-b476-4cbc-8378-1c8baeadaa8a) (SelectExecutor): MinMax index condition: unknown, true, and
2025.11.02 19:47:24.624971 [ 84 ] {c934c547-2485-4731-ae00-c695fd090106} <Debug> db_w.t_dist_local (c3567450-b476-4cbc-8378-1c8baeadaa8a) (SelectExecutor): PK index has dropped 0/1 granules, it took 0ms across 1 threads.
2025.11.02 19:47:24.625029 [ 84 ] {c934c547-2485-4731-ae00-c695fd090106} <Debug> db_w.t_dist_local (c3567450-b476-4cbc-8378-1c8baeadaa8a) (SelectExecutor): Selected 1/1 parts by partition key, 1 parts by primary key, 1/1 marks by primary key, 1 marks to read from 1 ranges
2025.11.02 19:47:24.625747 [ 84 ] {c934c547-2485-4731-ae00-c695fd090106} <Debug> executeQuery: Read 1 rows, 31.00 B in 0.001446 sec., 691.5629322268327 rows/sec., 20.94 KiB/sec.
2025.11.02 19:47:24.626128 [ 84 ] {c934c547-2485-4731-ae00-c695fd090106} <Debug> DynamicQueryHandler: Done processing query
2025.11.02 19:47:24.626207 [ 84 ] {c934c547-2485-4731-ae00-c695fd090106} <Debug> MemoryTracker: Query peak memory usage: 4.00 MiB.
2025.11.02 19:47:24.626294 [ 84 ] {} <Debug> HTTP-Session-4a1ab287-caad-42b1-882b-fa1a7d2a6451: 4a1ab287-caad-42b1-882b-fa1a7d2a6451 Logout, user_id: 94309d50-4f52-5250-31bd-74fecac179db
2025.11.02 19:47:24.635535 [ 84 ] {} <Debug> HTTP-Session-32fa0e87-1733-474f-95d1-4511cad9eb84: Authenticating user 'default' from 172.19.0.7:36498
2025.11.02 19:47:24.635668 [ 84 ] {} <Debug> HTTP-Session-32fa0e87-1733-474f-95d1-4511cad9eb84: 32fa0e87-1733-474f-95d1-4511cad9eb84 Authenticated with global context as user 94309d50-4f52-5250-31bd-74fecac179db
2025.11.02 19:47:24.635720 [ 84 ] {} <Debug> HTTP-Session-32fa0e87-1733-474f-95d1-4511cad9eb84: Creating session context with user_id: 94309d50-4f52-5250-31bd-74fecac179db
2025.11.02 19:47:24.635940 [ 84 ] {1786fdb6-8e04-4597-ab87-7988db5dd432} <Debug> executeQuery: (from 172.19.0.7:36498) SELECT `create_time`, `y`, `m`, `id`, `value` FROM `db_w`.`t_dist_local` WHERE (_partition_id = '2') AND ((1=1) AND (1=1))  (stage: Complete)
2025.11.02 19:47:24.636400 [ 84 ] {1786fdb6-8e04-4597-ab87-7988db5dd432} <Debug> db_w.t_dist_local (c3567450-b476-4cbc-8378-1c8baeadaa8a) (SelectExecutor): Key condition: unknown, true, and
2025.11.02 19:47:24.636459 [ 84 ] {1786fdb6-8e04-4597-ab87-7988db5dd432} <Debug> db_w.t_dist_local (c3567450-b476-4cbc-8378-1c8baeadaa8a) (SelectExecutor): MinMax index condition: unknown, true, and
2025.11.02 19:47:24.636517 [ 84 ] {1786fdb6-8e04-4597-ab87-7988db5dd432} <Debug> db_w.t_dist_local (c3567450-b476-4cbc-8378-1c8baeadaa8a) (SelectExecutor): PK index has dropped 0/1 granules, it took 0ms across 1 threads.
2025.11.02 19:47:24.636568 [ 84 ] {1786fdb6-8e04-4597-ab87-7988db5dd432} <Debug> db_w.t_dist_local (c3567450-b476-4cbc-8378-1c8baeadaa8a) (SelectExecutor): Selected 1/1 parts by partition key, 1 parts by primary key, 1/1 marks by primary key, 1 marks to read from 1 ranges
2025.11.02 19:47:24.637104 [ 84 ] {1786fdb6-8e04-4597-ab87-7988db5dd432} <Debug> executeQuery: Read 1 rows, 31.00 B in 0.00125 sec., 800 rows/sec., 24.22 KiB/sec.
2025.11.02 19:47:24.637431 [ 84 ] {1786fdb6-8e04-4597-ab87-7988db5dd432} <Debug> DynamicQueryHandler: Done processing query
2025.11.02 19:47:24.637503 [ 84 ] {1786fdb6-8e04-4597-ab87-7988db5dd432} <Debug> MemoryTracker: Query peak memory usage: 4.00 MiB.
2025.11.02 19:47:24.637560 [ 84 ] {} <Debug> HTTP-Session-32fa0e87-1733-474f-95d1-4511cad9eb84: 32fa0e87-1733-474f-95d1-4511cad9eb84 Logout, user_id: 94309d50-4f52-5250-31bd-74fecac179db
2025.11.02 19:47:24.701593 [ 739 ] {} <Debug> DDLWorker: Scheduling tasks
2025.11.02 19:47:24.702224 [ 739 ] {} <Debug> DDLWorker: Will schedule 1 tasks starting from query-0000000003
2025.11.02 19:47:24.703122 [ 739 ] {} <Debug> DDLWorker: Processing task query-0000000003 (query: DROP TABLE IF EXISTS db_w.t_dist, backup restore: false)
2025.11.02 19:47:24.704295 [ 739 ] {} <Debug> DDLWorker: Executing query: DROP TABLE IF EXISTS db_w.t_dist
2025.11.02 19:47:24.704412 [ 739 ] {8a122d21-7bc9-4382-b0d5-d5c5455de186} <Debug> executeQuery: (from 0.0.0.0:0, user: , initial_query_id: 18d821dc-7cb7-4b3e-b4a5-56c9a05758c0) /* ddl_entry=query-0000000003 */ DROP TABLE IF EXISTS db_w.t_dist (stage: Complete)
2025.11.02 19:47:24.704465 [ 739 ] {8a122d21-7bc9-4382-b0d5-d5c5455de186} <Information> StorageDistributed (t_dist): Flushing pending INSERT blocks
2025.11.02 19:47:24.704511 [ 739 ] {8a122d21-7bc9-4382-b0d5-d5c5455de186} <Information> StorageDistributed (t_dist): Pending INSERT blocks flushed, took 0 ms.
2025.11.02 19:47:24.704560 [ 739 ] {8a122d21-7bc9-4382-b0d5-d5c5455de186} <Debug> StorageDistributed (t_dist): Joining background threads for async INSERT
2025.11.02 19:47:24.704616 [ 739 ] {8a122d21-7bc9-4382-b0d5-d5c5455de186} <Debug> StorageDistributed (t_dist): Background threads for async INSERT joined
2025.11.02 19:47:24.704791 [ 739 ] {8a122d21-7bc9-4382-b0d5-d5c5455de186} <Debug> DDLWorker: Executed query: /* ddl_entry=query-0000000003 */ DROP TABLE IF EXISTS db_w.t_dist
2025.11.02 19:47:24.706864 [ 739 ] {} <Debug> DDLWorker: Waiting for queue updates
2025.11.02 19:47:24.765021 [ 739 ] {} <Debug> DDLWorker: Scheduling tasks
2025.11.02 19:47:24.765536 [ 739 ] {} <Debug> DDLWorker: Will schedule 1 tasks starting from query-0000000004
2025.11.02 19:47:24.766519 [ 739 ] {} <Debug> DDLWorker: Processing task query-0000000004 (query: DROP TABLE IF EXISTS db_w.t_dist_local, backup restore: false)
2025.11.02 19:47:24.767196 [ 739 ] {} <Debug> DDLWorker: Executing query: DROP TABLE IF EXISTS db_w.t_dist_local
2025.11.02 19:47:24.767426 [ 739 ] {e995e70a-9e6b-43a8-b070-a1f59536ae7a} <Debug> executeQuery: (from 0.0.0.0:0, user: , initial_query_id: b6f0ccd4-a435-47fe-a858-32b7d295607a) /* ddl_entry=query-0000000004 */ DROP TABLE IF EXISTS db_w.t_dist_local (stage: Complete)
2025.11.02 19:47:24.767658 [ 739 ] {e995e70a-9e6b-43a8-b070-a1f59536ae7a} <Debug> DDLWorker: Executed query: /* ddl_entry=query-0000000004 */ DROP TABLE IF EXISTS db_w.t_dist_local
2025.11.02 19:47:24.768693 [ 739 ] {} <Debug> DDLWorker: Waiting for queue updates
2025.11.02 19:47:24.829333 [ 739 ] {} <Debug> DDLWorker: Scheduling tasks
2025.11.02 19:47:24.829791 [ 739 ] {} <Debug> DDLWorker: Will schedule 1 tasks starting from query-0000000005
2025.11.02 19:47:24.830692 [ 739 ] {} <Debug> DDLWorker: Processing task query-0000000005 (query: DROP DATABASE IF EXISTS db_w, backup restore: false)
2025.11.02 19:47:24.831441 [ 739 ] {} <Debug> DDLWorker: Executing query: DROP DATABASE IF EXISTS db_w
2025.11.02 19:47:24.831534 [ 739 ] {5659d93f-9db4-4653-bd98-3cc91c84e4af} <Debug> executeQuery: (from 0.0.0.0:0, user: , initial_query_id: d417bc2c-a2c9-42a3-bd74-d76de88ac03d) /* ddl_entry=query-0000000005 */ DROP DATABASE IF EXISTS db_w (stage: Complete)
2025.11.02 19:47:24.831585 [ 739 ] {5659d93f-9db4-4653-bd98-3cc91c84e4af} <Debug> DatabaseAtomic (db_w): There are 0 detached tables. Start searching non used tables.
2025.11.02 19:47:24.831629 [ 739 ] {5659d93f-9db4-4653-bd98-3cc91c84e4af} <Debug> DatabaseAtomic (db_w): Found 0 non used tables in detached tables.
2025.11.02 19:47:24.831898 [ 739 ] {5659d93f-9db4-4653-bd98-3cc91c84e4af} <Debug> DDLWorker: Executed query: /* ddl_entry=query-0000000005 */ DROP DATABASE IF EXISTS db_w
2025.11.02 19:47:24.832519 [ 739 ] {} <Debug> DDLWorker: Waiting for queue updates
2025.11.02 19:47:25.574983 [ 81 ] {} <Information> Application: Received termination signal (Terminated)
2025.11.02 19:47:25.575181 [ 1 ] {} <Debug> Application: Received termination signal.
2025.11.02 19:47:25.575511 [ 1 ] {} <Debug> Application: Waiting for current connections to close.
2025.11.02 19:47:25.576328 [ 1 ] {} <Warning> Application: Closed all listening sockets. Waiting for 1 outstanding connections.
2025.11.02 19:47:26.449016 [ 82 ] {} <Debug> TCPHandler: Done processing connection.
2025.11.02 19:47:26.449079 [ 82 ] {} <Debug> TCP-Session-dcd4792b-6c0a-4a16-b054-754b3af9c3f4: dcd4792b-6c0a-4a16-b054-754b3af9c3f4 Logout, user_id: 94309d50-4f52-5250-31bd-74fecac179db
2025.11.02 19:47:26.483081 [ 1 ] {} <Information> Application: Closed connections.
2025.11.02 19:47:26.483166 [ 1 ] {} <Information> Application: Stopping AsyncLoader.
2025.11.02 19:47:26.483233 [ 1 ] {} <Information> CgroupsMemoryUsageObserver: Stopped cgroup current memory usage observer thread
2025.11.02 19:47:26.483343 [ 1 ] {} <Information> Application: Shutting down storages.
2025.11.02 19:47:26.483745 [ 1 ] {} <Debug> Context: Shutting down dictionaries loader
2025.11.02 19:47:26.483812 [ 1 ] {} <Debug> Context: Shutting down UDFs loader
2025.11.02 19:47:26.483882 [ 1 ] {} <Debug> Context: Shutting down another UDFs storage
2025.11.02 19:47:26.483910 [ 1 ] {} <Debug> Context: Shutting down workload entity storage
2025.11.02 19:47:26.483944 [ 1 ] {} <Debug> Context: Shutting down system logs
2025.11.02 19:47:26.483983 [ 1 ] {} <Debug> SystemLogQueue (system.query_log): Requested flush up to offset 54
2025.11.02 19:47:26.484025 [ 721 ] {} <Debug> SystemLog (system.metric_log): Creating new table system.metric_log for MetricLog
2025.11.02 19:47:26.484007 [ 719 ] {} <Debug> SystemLog (system.query_log): Creating new table system.query_log for QueryLog
2025.11.02 19:47:26.486410 [ 719 ] {} <Debug> system.query_log (7e15f23e-b1ae-4b99-a131-dd68500f81cc): Loading data parts
2025.11.02 19:47:26.486552 [ 719 ] {} <Debug> system.query_log (7e15f23e-b1ae-4b99-a131-dd68500f81cc): There are no data parts
2025.11.02 19:47:26.487608 [ 719 ] {} <Debug> DatabaseAtomic (system): There are 0 detached tables. Start searching non used tables.
2025.11.02 19:47:26.487680 [ 719 ] {} <Debug> DatabaseAtomic (system): Found 0 non used tables in detached tables.
2025.11.02 19:47:26.490328 [ 1 ] {} <Debug> SystemLogQueue (system.query_thread_log): Requested flush up to offset 0
2025.11.02 19:47:26.490372 [ 1 ] {} <Debug> SystemLogQueue (system.metric_log): Requested flush up to offset 4
2025.11.02 19:47:26.492787 [ 721 ] {} <Debug> system.metric_log (ac084de9-3b0f-474c-aa5f-bf3eddac67b3): Loading data parts
2025.11.02 19:47:26.493114 [ 721 ] {} <Debug> system.metric_log (ac084de9-3b0f-474c-aa5f-bf3eddac67b3): There are no data parts
2025.11.02 19:47:26.494980 [ 721 ] {} <Debug> DatabaseAtomic (system): There are 0 detached tables. Start searching non used tables.
2025.11.02 19:47:26.495019 [ 721 ] {} <Debug> DatabaseAtomic (system): Found 0 non used tables in detached tables.
2025.11.02 19:47:28.489381 [ 1 ] {} <Information> SentryWriter: Sending crash reports is disabled
2025.11.02 19:47:28.518208 [ 1 ] {} <Information> Application: Starting ClickHouse 25.3.7.194 (revision: 54502, git hash: 36637934778b7d39b37f378d258359dd6ffdd110, build id: E09B0ADBF9AF0530703B179DBA02705D5DF508C0), PID 1
2025.11.02 19:47:28.518273 [ 1 ] {} <Information> Application: starting up
2025.11.02 19:47:28.518303 [ 1 ] {} <Information> Application: OS name: Linux, version: 6.10.14-linuxkit, architecture: aarch64
2025.11.02 19:47:28.518361 [ 1 ] {} <Information> Jemalloc: Value for background_thread set to true (from true)
2025.11.02 19:47:28.520070 [ 1 ] {} <Information> Application: Available RAM: 7.65 GiB; logical cores: 14; used cores: 14.
2025.11.02 19:47:28.520844 [ 1 ] {} <Information> CgroupsReader: Will create cgroup reader from '/sys/fs/cgroup/' (cgroups version: v2)
2025.11.02 19:47:28.524388 [ 1 ] {} <Warning> Application: Integrity check of the executable skipped because the reference checksum could not be read.
2025.11.02 19:47:28.524541 [ 1 ] {} <Information> Application: It looks like the process has no CAP_IPC_LOCK capability, binary mlock will be disabled. It could happen due to incorrect ClickHouse package installation. You could resolve the problem manually with 'sudo setcap cap_ipc_lock=+ep /usr/bin/clickhouse'. Note that it will not work on 'nosuid' mounted filesystems.
2025.11.02 19:47:28.524592 [ 1 ] {} <Information> MemoryWorker: Starting background memory thread with period of 50ms, using Cgroups as source
2025.11.02 19:47:28.524656 [ 1 ] {} <Information> BackgroundSchedulePool/BgSchPool: Create BackgroundSchedulePool with 512 threads
2025.11.02 19:47:28.561394 [ 1 ] {} <Debug> Application: rlimit on number of file descriptors is 1048576
2025.11.02 19:47:28.561516 [ 1 ] {} <Debug> Application: rlimit on number of threads is 18446744073709551615
2025.11.02 19:47:28.561580 [ 1 ] {} <Debug> Application: Initializing DateLUT.
2025.11.02 19:47:28.561643 [ 1 ] {} <Debug> Context: Setting up /var/lib/clickhouse/tmp/ to store temporary data in it
2025.11.02 19:47:28.562690 [ 1 ] {} <Debug> Application: Initializing interserver credentials.
2025.11.02 19:47:28.562735 [ 1 ] {} <Information> Application: Lowered uncompressed cache size to 3.83 GiB because the system has limited RAM
2025.11.02 19:47:28.562760 [ 1 ] {} <Information> Application: Lowered mark cache size to 3.83 GiB because the system has limited RAM
2025.11.02 19:47:28.562932 [ 1 ] {} <Information> Application: Lowered primary index cache size to 3.83 GiB because the system has limited RAM
2025.11.02 19:47:28.563017 [ 1 ] {} <Information> Application: Lowered index mark cache size to 3.83 GiB because the system has limited RAM
2025.11.02 19:47:28.563105 [ 1 ] {} <Debug> FileCacheFactory: Will load 0 caches from default cache config
2025.11.02 19:47:28.563782 [ 1 ] {} <Debug> ConfigReloader: Loading config '/etc/clickhouse-server/config.xml'
2025.11.02 19:47:28.564332 [ 1 ] {} <Debug> ConfigProcessor: Processing configuration file '/etc/clickhouse-server/config.xml'.
2025.11.02 19:47:28.565537 [ 1 ] {} <Debug> ConfigProcessor: Merging configuration file '/etc/clickhouse-server/config.d/docker_related_config.xml'.
2025.11.02 19:47:28.565677 [ 1 ] {} <Debug> ConfigProcessor: Merging configuration file '/etc/clickhouse-server/config.d/interserver_http_host.xml'.
2025.11.02 19:47:28.566001 [ 1 ] {} <Debug> ConfigProcessor: Merging configuration file '/etc/clickhouse-server/config.d/macros.xml'.
2025.11.02 19:47:28.567105 [ 1 ] {} <Debug> ConfigProcessor: Merging configuration file '/etc/clickhouse-server/config.d/remote_servers.xml'.
2025.11.02 19:47:28.567475 [ 1 ] {} <Debug> ConfigProcessor: Merging configuration file '/etc/clickhouse-server/config.d/zookeeper.xml'.
2025.11.02 19:47:28.568040 [ 1 ] {} <Debug> ConfigProcessor: Saved preprocessed configuration to '/var/lib/clickhouse/preprocessed_configs/config.xml'.
2025.11.02 19:47:28.568106 [ 1 ] {} <Debug> ConfigReloader: Loaded config '/etc/clickhouse-server/config.xml', performing update on configuration
2025.11.02 19:47:28.568797 [ 1 ] {} <Information> Application: Changed setting 'max_server_memory_usage' to 6.89 GiB (7.65 GiB available memory * 0.90 max_server_memory_usage_to_ram_ratio)
2025.11.02 19:47:28.568851 [ 1 ] {} <Information> Application: Setting merges_mutations_memory_usage_soft_limit was set to 3.83 GiB (7.65 GiB available * 0.50 merges_mutations_memory_usage_to_ram_ratio)
2025.11.02 19:47:28.568914 [ 1 ] {} <Information> Application: Merges and mutations memory limit is set to 3.83 GiB
2025.11.02 19:47:28.569700 [ 1 ] {} <Information> Application: Setting max_remote_read_network_bandwidth_for_server was set to 0
2025.11.02 19:47:28.569756 [ 1 ] {} <Information> Application: Setting max_remote_write_network_bandwidth_for_server was set to 0
2025.11.02 19:47:28.569815 [ 1 ] {} <Information> Application: Setting max_local_read_bandwidth_for_server was set to 0
2025.11.02 19:47:28.569879 [ 1 ] {} <Information> Application: Setting max_local_write_bandwidth_for_server was set to 0
2025.11.02 19:47:28.569941 [ 1 ] {} <Information> Application: ConcurrencyControl limit is set to UNLIMITED CPU slots with 'round_robin' scheduler
2025.11.02 19:47:28.570034 [ 1 ] {} <Information> BackgroundSchedulePool/BgBufSchPool: Create BackgroundSchedulePool with 16 threads
2025.11.02 19:47:28.570765 [ 1 ] {} <Information> BackgroundSchedulePool/BgMBSchPool: Create BackgroundSchedulePool with 16 threads
2025.11.02 19:47:28.571583 [ 1 ] {} <Information> BackgroundSchedulePool/BgDistSchPool: Create BackgroundSchedulePool with 16 threads
2025.11.02 19:47:28.572416 [ 1 ] {} <Debug> ConfigReloader: Loaded config '/etc/clickhouse-server/config.xml', performed update on configuration
2025.11.02 19:47:28.572594 [ 1 ] {} <Warning> Application: Listen [::]:9009 failed: Poco::Exception. Code: 1000, e.code() = 0, DNS error: EAI: Address family for hostname not supported (version 25.3.7.194 (official build)). If it is an IPv6 or IPv4 address and your host has disabled IPv6 or IPv4, then consider to specify not disabled IPv4 or IPv6 address to listen in <listen_host> element of configuration file. Example for disabled IPv6: <listen_host>0.0.0.0</listen_host> . Example for disabled IPv4: <listen_host>::</listen_host>
2025.11.02 19:47:28.572832 [ 1 ] {} <Information> Application: Listening for replica communication (interserver): http://0.0.0.0:9009
2025.11.02 19:47:28.572954 [ 1 ] {} <Warning> Access(local_directory): File /var/lib/clickhouse/access/users.list doesn't exist
2025.11.02 19:47:28.573124 [ 1 ] {} <Warning> Access(local_directory): Recovering lists in directory /var/lib/clickhouse/access/
2025.11.02 19:47:28.573272 [ 1 ] {} <Debug> Access(user directories): Added local_directory access storage 'local_directory', path: /var/lib/clickhouse/access/
2025.11.02 19:47:28.573501 [ 1 ] {} <Debug> ConfigReloader: Loading config '/etc/clickhouse-server/users.xml'
2025.11.02 19:47:28.573538 [ 1 ] {} <Debug> ConfigProcessor: Processing configuration file '/etc/clickhouse-server/users.xml'.
2025.11.02 19:47:28.573613 [ 1 ] {} <Debug> ConfigProcessor: Merging configuration file '/etc/clickhouse-server/users.d/users.xml'.
2025.11.02 19:47:28.574191 [ 1 ] {} <Debug> ConfigProcessor: Saved preprocessed configuration to '/var/lib/clickhouse/preprocessed_configs/users.xml'.
2025.11.02 19:47:28.574292 [ 1 ] {} <Debug> ConfigReloader: Loaded config '/etc/clickhouse-server/users.xml', performing update on configuration
2025.11.02 19:47:28.574592 [ 1 ] {} <Debug> ConfigReloader: Loaded config '/etc/clickhouse-server/users.xml', performed update on configuration
2025.11.02 19:47:28.574681 [ 1 ] {} <Debug> Access(user directories): Added users_xml access storage 'users_xml', path: /etc/clickhouse-server/users.xml
2025.11.02 19:47:28.574756 [ 1 ] {} <Information> CgroupsMemoryUsageObserver: Started cgroup current memory usage observer thread
2025.11.02 19:47:28.574831 [ 651 ] {} <Information> CgroupsMemoryUsageObserver: Memory amount initially available to the process is 7.65 GiB
2025.11.02 19:47:28.575013 [ 84 ] {} <Information> MemoryTracker: Correcting the value of global memory tracker from 15.92 MiB to 405.98 MiB
2025.11.02 19:47:28.575569 [ 1 ] {} <Information> Context: Initialized background executor for merges and mutations with num_threads=16, num_tasks=32, scheduling_policy=round_robin
2025.11.02 19:47:28.575895 [ 1 ] {} <Information> Context: Initialized background executor for move operations with num_threads=8, num_tasks=8
2025.11.02 19:47:28.576467 [ 1 ] {} <Information> Context: Initialized background executor for fetches with num_threads=16, num_tasks=16
2025.11.02 19:47:28.576721 [ 1 ] {} <Information> Context: Initialized background executor for common operations (e.g. clearing old parts) with num_threads=8, num_tasks=8
2025.11.02 19:47:28.577530 [ 1 ] {} <Warning> Context: Linux transparent hugepages are set to "always". Check /sys/kernel/mm/transparent_hugepage/enabled
2025.11.02 19:47:28.577684 [ 1 ] {} <Warning> Context: Delay accounting is not enabled, OSIOWaitMicroseconds will not be gathered. You can enable it using `echo 1 > /proc/sys/kernel/task_delayacct` or by using sysctl.
2025.11.02 19:47:28.577843 [ 1 ] {} <Information> DNSCacheUpdater: Update period 15 seconds
2025.11.02 19:47:28.577923 [ 1 ] {} <Information> Application: Loading metadata from /var/lib/clickhouse/
2025.11.02 19:47:28.577934 [ 87 ] {} <Debug> DNSResolver: Updating DNS cache
2025.11.02 19:47:28.577990 [ 1 ] {} <Information> Context: Database disk name: default
2025.11.02 19:47:28.578111 [ 1 ] {} <Information> Context: Database disk name: default, path: /var/lib/clickhouse/
2025.11.02 19:47:28.578181 [ 1 ] {} <Debug> loadSystemDatabase: metadata_file_path metadata/system.sql, existsFile false
2025.11.02 19:47:28.578518 [ 87 ] {} <Debug> DNSResolver: Updated DNS cache
2025.11.02 19:47:28.579266 [ 1 ] {} <Debug> loadSystemDatabase: metadata_file_path metadata/information_schema.sql, existsFile false
2025.11.02 19:47:28.580088 [ 1 ] {} <Debug> loadSystemDatabase: metadata_file_path metadata/INFORMATION_SCHEMA.sql, existsFile false
2025.11.02 19:47:28.580638 [ 1 ] {} <Information> DatabaseAtomic (system): Metadata processed, database system has 0 tables and 0 dictionaries in total.
2025.11.02 19:47:28.580689 [ 1 ] {} <Information> TablesLoader: Parsed metadata of 0 tables in 1 databases in 5.6625e-05 sec
2025.11.02 19:47:28.580764 [ 1 ] {} <Debug> AsyncLoader: Prioritize load job 'startup Atomic database system': BackgrndStartup -> ForegroundLoad
2025.11.02 19:47:28.580806 [ 1 ] {} <Debug> AsyncLoader: Prioritize load job 'startup Ordinary database system': BackgrndStartup -> ForegroundLoad
2025.11.02 19:47:28.580871 [ 1 ] {} <Debug> AsyncLoader: Schedule load job 'startup Ordinary database system' into ForegroundLoad
2025.11.02 19:47:28.580910 [ 1 ] {} <Debug> AsyncLoader: Schedule load job 'startup Atomic database system' into ForegroundLoad
2025.11.02 19:47:28.580944 [ 1 ] {} <Debug> AsyncLoader: Change current priority: none -> 0
2025.11.02 19:47:28.580982 [ 1 ] {} <Debug> AsyncLoader: Spawn loader worker #1 in ForegroundLoad
2025.11.02 19:47:28.581033 [ 1 ] {} <Debug> AsyncLoader: Wait load job 'startup Atomic database system' in ForegroundLoad
2025.11.02 19:47:28.581058 [ 716 ] {} <Debug> AsyncLoader: Execute load job 'startup Ordinary database system' in ForegroundLoad
2025.11.02 19:47:28.581177 [ 716 ] {} <Debug> AsyncLoader: Finish load job 'startup Ordinary database system' with status OK
2025.11.02 19:47:28.581215 [ 716 ] {} <Debug> AsyncLoader: Spawn loader worker #2 in ForegroundLoad
2025.11.02 19:47:28.581357 [ 716 ] {} <Debug> AsyncLoader: Execute load job 'startup Atomic database system' in ForegroundLoad
2025.11.02 19:47:28.581415 [ 717 ] {} <Debug> AsyncLoader: Stop worker in ForegroundLoad
2025.11.02 19:47:28.581482 [ 716 ] {} <Debug> AsyncLoader: Finish load job 'startup Atomic database system' with status OK
2025.11.02 19:47:28.581529 [ 716 ] {} <Debug> AsyncLoader: Stop worker in ForegroundLoad
2025.11.02 19:47:28.581579 [ 716 ] {} <Debug> AsyncLoader: Change current priority: 0 -> none
2025.11.02 19:47:28.581502 [ 1 ] {} <Debug> SystemLog: Creating system.query_log from query_log
2025.11.02 19:47:28.586247 [ 1 ] {} <Debug> SystemLog: Creating system.query_thread_log from query_thread_log
2025.11.02 19:47:28.586483 [ 1 ] {} <Debug> SystemLog: Not creating system.part_log since corresponding section 'part_log' is missing from config
2025.11.02 19:47:28.586539 [ 1 ] {} <Debug> SystemLog: Not creating system.trace_log since corresponding section 'trace_log' is missing from config
2025.11.02 19:47:28.586608 [ 1 ] {} <Debug> SystemLog: Not creating system.crash_log since corresponding section 'crash_log' is missing from config
2025.11.02 19:47:28.586657 [ 1 ] {} <Debug> SystemLog: Not creating system.text_log since corresponding section 'text_log' is missing from config
2025.11.02 19:47:28.586698 [ 1 ] {} <Debug> SystemLog: Creating system.metric_log from metric_log
2025.11.02 19:47:28.588647 [ 1 ] {} <Debug> SystemLog: Not creating system.latency_log since corresponding section 'latency_log' is missing from config
2025.11.02 19:47:28.588724 [ 1 ] {} <Debug> SystemLog: Not creating system.error_log since corresponding section 'error_log' is missing from config
2025.11.02 19:47:28.588800 [ 1 ] {} <Debug> SystemLog: Not creating system.filesystem_cache_log since corresponding section 'filesystem_cache_log' is missing from config
2025.11.02 19:47:28.588848 [ 1 ] {} <Debug> SystemLog: Not creating system.filesystem_read_prefetches_log since corresponding section 'filesystem_read_prefetches_log' is missing from config
2025.11.02 19:47:28.588928 [ 1 ] {} <Debug> SystemLog: Not creating system.s3queue_log since corresponding section 's3queue_log' is missing from config
2025.11.02 19:47:28.589009 [ 1 ] {} <Debug> SystemLog: Not creating system.azure_queue_log since corresponding section 'azure_queue_log' is missing from config
2025.11.02 19:47:28.589073 [ 1 ] {} <Debug> SystemLog: Not creating system.asynchronous_metric_log since corresponding section 'asynchronous_metric_log' is missing from config
2025.11.02 19:47:28.589107 [ 1 ] {} <Debug> SystemLog: Not creating system.opentelemetry_span_log since corresponding section 'opentelemetry_span_log' is missing from config
2025.11.02 19:47:28.589136 [ 1 ] {} <Debug> SystemLog: Not creating system.query_views_log since corresponding section 'query_views_log' is missing from config
2025.11.02 19:47:28.589164 [ 1 ] {} <Debug> SystemLog: Not creating system.zookeeper_log since corresponding section 'zookeeper_log' is missing from config
2025.11.02 19:47:28.589367 [ 1 ] {} <Debug> SystemLog: Not creating system.session_log since corresponding section 'session_log' is missing from config
2025.11.02 19:47:28.589475 [ 1 ] {} <Debug> SystemLog: Not creating system.transactions_info_log since corresponding section 'transactions_info_log' is missing from config
2025.11.02 19:47:28.590270 [ 1 ] {} <Debug> SystemLog: Not creating system.processors_profile_log since corresponding section 'processors_profile_log' is missing from config
2025.11.02 19:47:28.590319 [ 1 ] {} <Debug> SystemLog: Not creating system.asynchronous_insert_log since corresponding section 'asynchronous_insert_log' is missing from config
2025.11.02 19:47:28.590362 [ 1 ] {} <Debug> SystemLog: Not creating system.backup_log since corresponding section 'backup_log' is missing from config
2025.11.02 19:47:28.590449 [ 1 ] {} <Debug> SystemLog: Not creating system.blob_storage_log since corresponding section 'blob_storage_log' is missing from config
2025.11.02 19:47:28.590493 [ 1 ] {} <Debug> SystemLog: Not creating system.query_metric_log since corresponding section 'query_metric_log' is missing from config
2025.11.02 19:47:28.590793 [ 1 ] {} <Debug> DatabaseAtomic (system): There are 0 detached tables. Start searching non used tables.
2025.11.02 19:47:28.590938 [ 1 ] {} <Debug> DatabaseAtomic (system): Found 0 non used tables in detached tables.
2025.11.02 19:47:28.591634 [ 1 ] {} <Debug> DatabaseAtomic (system): There are 0 detached tables. Start searching non used tables.
2025.11.02 19:47:28.591853 [ 1 ] {} <Debug> DatabaseAtomic (system): Found 0 non used tables in detached tables.
2025.11.02 19:47:28.592212 [ 1 ] {} <Debug> DatabaseAtomic (system): There are 0 detached tables. Start searching non used tables.
2025.11.02 19:47:28.592499 [ 1 ] {} <Debug> DatabaseAtomic (system): Found 0 non used tables in detached tables.
2025.11.02 19:47:28.592698 [ 1 ] {} <Debug> DatabaseAtomic (system): There are 0 detached tables. Start searching non used tables.
2025.11.02 19:47:28.592865 [ 1 ] {} <Debug> DatabaseAtomic (system): Found 0 non used tables in detached tables.
2025.11.02 19:47:28.593198 [ 1 ] {} <Debug> DatabaseAtomic (system): There are 0 detached tables. Start searching non used tables.
2025.11.02 19:47:28.593255 [ 1 ] {} <Debug> DatabaseAtomic (system): Found 0 non used tables in detached tables.
2025.11.02 19:47:28.593562 [ 1 ] {} <Debug> DatabaseAtomic (system): There are 0 detached tables. Start searching non used tables.
2025.11.02 19:47:28.593757 [ 1 ] {} <Debug> DatabaseAtomic (system): Found 0 non used tables in detached tables.
2025.11.02 19:47:28.593961 [ 1 ] {} <Debug> DatabaseAtomic (system): There are 0 detached tables. Start searching non used tables.
2025.11.02 19:47:28.594342 [ 1 ] {} <Debug> DatabaseAtomic (system): Found 0 non used tables in detached tables.
2025.11.02 19:47:28.594505 [ 1 ] {} <Debug> DatabaseAtomic (system): There are 0 detached tables. Start searching non used tables.
2025.11.02 19:47:28.594550 [ 1 ] {} <Debug> DatabaseAtomic (system): Found 0 non used tables in detached tables.
2025.11.02 19:47:28.594612 [ 1 ] {} <Debug> DatabaseAtomic (system): There are 0 detached tables. Start searching non used tables.
2025.11.02 19:47:28.594647 [ 1 ] {} <Debug> DatabaseAtomic (system): Found 0 non used tables in detached tables.
2025.11.02 19:47:28.594808 [ 1 ] {} <Debug> DatabaseAtomic (system): There are 0 detached tables. Start searching non used tables.
2025.11.02 19:47:28.594923 [ 1 ] {} <Debug> DatabaseAtomic (system): Found 0 non used tables in detached tables.
2025.11.02 19:47:28.595171 [ 1 ] {} <Debug> DatabaseAtomic (system): There are 0 detached tables. Start searching non used tables.
2025.11.02 19:47:28.595304 [ 1 ] {} <Debug> DatabaseAtomic (system): Found 0 non used tables in detached tables.
2025.11.02 19:47:28.595384 [ 1 ] {} <Debug> DatabaseAtomic (system): There are 0 detached tables. Start searching non used tables.
2025.11.02 19:47:28.595423 [ 1 ] {} <Debug> DatabaseAtomic (system): Found 0 non used tables in detached tables.
2025.11.02 19:47:28.595519 [ 1 ] {} <Debug> DatabaseAtomic (system): There are 0 detached tables. Start searching non used tables.
2025.11.02 19:47:28.595785 [ 1 ] {} <Debug> DatabaseAtomic (system): Found 0 non used tables in detached tables.
2025.11.02 19:47:28.595884 [ 1 ] {} <Debug> DatabaseAtomic (system): There are 0 detached tables. Start searching non used tables.
2025.11.02 19:47:28.595955 [ 1 ] {} <Debug> DatabaseAtomic (system): Found 0 non used tables in detached tables.
2025.11.02 19:47:28.596064 [ 1 ] {} <Debug> DatabaseAtomic (system): There are 0 detached tables. Start searching non used tables.
2025.11.02 19:47:28.596147 [ 1 ] {} <Debug> DatabaseAtomic (system): Found 0 non used tables in detached tables.
2025.11.02 19:47:28.596212 [ 1 ] {} <Debug> DatabaseAtomic (system): There are 0 detached tables. Start searching non used tables.
2025.11.02 19:47:28.596460 [ 1 ] {} <Debug> DatabaseAtomic (system): Found 0 non used tables in detached tables.
2025.11.02 19:47:28.596583 [ 1 ] {} <Debug> DatabaseAtomic (system): There are 0 detached tables. Start searching non used tables.
2025.11.02 19:47:28.596687 [ 1 ] {} <Debug> DatabaseAtomic (system): Found 0 non used tables in detached tables.
2025.11.02 19:47:28.596777 [ 1 ] {} <Debug> DatabaseAtomic (system): There are 0 detached tables. Start searching non used tables.
2025.11.02 19:47:28.596812 [ 1 ] {} <Debug> DatabaseAtomic (system): Found 0 non used tables in detached tables.
2025.11.02 19:47:28.596897 [ 1 ] {} <Debug> DatabaseAtomic (system): There are 0 detached tables. Start searching non used tables.
2025.11.02 19:47:28.596995 [ 1 ] {} <Debug> DatabaseAtomic (system): Found 0 non used tables in detached tables.
2025.11.02 19:47:28.597222 [ 1 ] {} <Debug> DatabaseAtomic (system): There are 0 detached tables. Start searching non used tables.
2025.11.02 19:47:28.597286 [ 1 ] {} <Debug> DatabaseAtomic (system): Found 0 non used tables in detached tables.
2025.11.02 19:47:28.597366 [ 1 ] {} <Debug> DatabaseAtomic (system): There are 0 detached tables. Start searching non used tables.
2025.11.02 19:47:28.597447 [ 1 ] {} <Debug> DatabaseAtomic (system): Found 0 non used tables in detached tables.
2025.11.02 19:47:28.597541 [ 1 ] {} <Debug> DatabaseAtomic (system): There are 0 detached tables. Start searching non used tables.
2025.11.02 19:47:28.597599 [ 1 ] {} <Debug> DatabaseAtomic (system): Found 0 non used tables in detached tables.
2025.11.02 19:47:28.597642 [ 1 ] {} <Debug> DatabaseAtomic (system): There are 0 detached tables. Start searching non used tables.
2025.11.02 19:47:28.597695 [ 1 ] {} <Debug> DatabaseAtomic (system): Found 0 non used tables in detached tables.
2025.11.02 19:47:28.597741 [ 1 ] {} <Debug> DatabaseAtomic (system): There are 0 detached tables. Start searching non used tables.
2025.11.02 19:47:28.597787 [ 1 ] {} <Debug> DatabaseAtomic (system): Found 0 non used tables in detached tables.
2025.11.02 19:47:28.597879 [ 1 ] {} <Debug> DatabaseAtomic (system): There are 0 detached tables. Start searching non used tables.
2025.11.02 19:47:28.597926 [ 1 ] {} <Debug> DatabaseAtomic (system): Found 0 non used tables in detached tables.
2025.11.02 19:47:28.598071 [ 1 ] {} <Debug> DatabaseAtomic (system): There are 0 detached tables. Start searching non used tables.
2025.11.02 19:47:28.598152 [ 1 ] {} <Debug> DatabaseAtomic (system): Found 0 non used tables in detached tables.
2025.11.02 19:47:28.598222 [ 1 ] {} <Debug> DatabaseAtomic (system): There are 0 detached tables. Start searching non used tables.
2025.11.02 19:47:28.598302 [ 1 ] {} <Debug> DatabaseAtomic (system): Found 0 non used tables in detached tables.
2025.11.02 19:47:28.598440 [ 1 ] {} <Debug> DatabaseAtomic (system): There are 0 detached tables. Start searching non used tables.
2025.11.02 19:47:28.598483 [ 1 ] {} <Debug> DatabaseAtomic (system): Found 0 non used tables in detached tables.
2025.11.02 19:47:28.598578 [ 1 ] {} <Debug> DatabaseAtomic (system): There are 0 detached tables. Start searching non used tables.
2025.11.02 19:47:28.598653 [ 1 ] {} <Debug> DatabaseAtomic (system): Found 0 non used tables in detached tables.
2025.11.02 19:47:28.598709 [ 1 ] {} <Debug> DatabaseAtomic (system): There are 0 detached tables. Start searching non used tables.
2025.11.02 19:47:28.598782 [ 1 ] {} <Debug> DatabaseAtomic (system): Found 0 non used tables in detached tables.
2025.11.02 19:47:28.598855 [ 1 ] {} <Debug> DatabaseAtomic (system): There are 0 detached tables. Start searching non used tables.
2025.11.02 19:47:28.598985 [ 1 ] {} <Debug> DatabaseAtomic (system): Found 0 non used tables in detached tables.
2025.11.02 19:47:28.599118 [ 1 ] {} <Debug> DatabaseAtomic (system): There are 0 detached tables. Start searching non used tables.
2025.11.02 19:47:28.599191 [ 1 ] {} <Debug> DatabaseAtomic (system): Found 0 non used tables in detached tables.
2025.11.02 19:47:28.599377 [ 1 ] {} <Debug> DatabaseAtomic (system): There are 0 detached tables. Start searching non used tables.
2025.11.02 19:47:28.599478 [ 1 ] {} <Debug> DatabaseAtomic (system): Found 0 non used tables in detached tables.
2025.11.02 19:47:28.599733 [ 1 ] {} <Debug> DatabaseAtomic (system): There are 0 detached tables. Start searching non used tables.
2025.11.02 19:47:28.599804 [ 1 ] {} <Debug> DatabaseAtomic (system): Found 0 non used tables in detached tables.
2025.11.02 19:47:28.599949 [ 1 ] {} <Debug> DatabaseAtomic (system): There are 0 detached tables. Start searching non used tables.
2025.11.02 19:47:28.600019 [ 1 ] {} <Debug> DatabaseAtomic (system): Found 0 non used tables in detached tables.
2025.11.02 19:47:28.600116 [ 1 ] {} <Debug> DatabaseAtomic (system): There are 0 detached tables. Start searching non used tables.
2025.11.02 19:47:28.600178 [ 1 ] {} <Debug> DatabaseAtomic (system): Found 0 non used tables in detached tables.
2025.11.02 19:47:28.600290 [ 1 ] {} <Debug> DatabaseAtomic (system): There are 0 detached tables. Start searching non used tables.
2025.11.02 19:47:28.600327 [ 1 ] {} <Debug> DatabaseAtomic (system): Found 0 non used tables in detached tables.
2025.11.02 19:47:28.600432 [ 1 ] {} <Debug> DatabaseAtomic (system): There are 0 detached tables. Start searching non used tables.
2025.11.02 19:47:28.600475 [ 1 ] {} <Debug> DatabaseAtomic (system): Found 0 non used tables in detached tables.
2025.11.02 19:47:28.600553 [ 1 ] {} <Debug> DatabaseAtomic (system): There are 0 detached tables. Start searching non used tables.
2025.11.02 19:47:28.600658 [ 1 ] {} <Debug> DatabaseAtomic (system): Found 0 non used tables in detached tables.
2025.11.02 19:47:28.600819 [ 1 ] {} <Debug> DatabaseAtomic (system): There are 0 detached tables. Start searching non used tables.
2025.11.02 19:47:28.600916 [ 1 ] {} <Debug> DatabaseAtomic (system): Found 0 non used tables in detached tables.
2025.11.02 19:47:28.601048 [ 1 ] {} <Debug> DatabaseAtomic (system): There are 0 detached tables. Start searching non used tables.
2025.11.02 19:47:28.601113 [ 1 ] {} <Debug> DatabaseAtomic (system): Found 0 non used tables in detached tables.
2025.11.02 19:47:28.601252 [ 1 ] {} <Debug> DatabaseAtomic (system): There are 0 detached tables. Start searching non used tables.
2025.11.02 19:47:28.601300 [ 1 ] {} <Debug> DatabaseAtomic (system): Found 0 non used tables in detached tables.
2025.11.02 19:47:28.601377 [ 1 ] {} <Debug> DatabaseAtomic (system): There are 0 detached tables. Start searching non used tables.
2025.11.02 19:47:28.601469 [ 1 ] {} <Debug> DatabaseAtomic (system): Found 0 non used tables in detached tables.
2025.11.02 19:47:28.601570 [ 1 ] {} <Debug> DatabaseAtomic (system): There are 0 detached tables. Start searching non used tables.
2025.11.02 19:47:28.601629 [ 1 ] {} <Debug> DatabaseAtomic (system): Found 0 non used tables in detached tables.
2025.11.02 19:47:28.601676 [ 1 ] {} <Debug> DatabaseAtomic (system): There are 0 detached tables. Start searching non used tables.
2025.11.02 19:47:28.601756 [ 1 ] {} <Debug> DatabaseAtomic (system): Found 0 non used tables in detached tables.
2025.11.02 19:47:28.601814 [ 1 ] {} <Debug> DatabaseAtomic (system): There are 0 detached tables. Start searching non used tables.
2025.11.02 19:47:28.601903 [ 1 ] {} <Debug> DatabaseAtomic (system): Found 0 non used tables in detached tables.
2025.11.02 19:47:28.602023 [ 1 ] {} <Debug> DatabaseAtomic (system): There are 0 detached tables. Start searching non used tables.
2025.11.02 19:47:28.602174 [ 1 ] {} <Debug> DatabaseAtomic (system): Found 0 non used tables in detached tables.
2025.11.02 19:47:28.602327 [ 1 ] {} <Debug> DatabaseAtomic (system): There are 0 detached tables. Start searching non used tables.
2025.11.02 19:47:28.602396 [ 1 ] {} <Debug> DatabaseAtomic (system): Found 0 non used tables in detached tables.
2025.11.02 19:47:28.602501 [ 1 ] {} <Debug> DatabaseAtomic (system): There are 0 detached tables. Start searching non used tables.
2025.11.02 19:47:28.602593 [ 1 ] {} <Debug> DatabaseAtomic (system): Found 0 non used tables in detached tables.
2025.11.02 19:47:28.602787 [ 1 ] {} <Debug> DatabaseAtomic (system): There are 0 detached tables. Start searching non used tables.
2025.11.02 19:47:28.602847 [ 1 ] {} <Debug> DatabaseAtomic (system): Found 0 non used tables in detached tables.
2025.11.02 19:47:28.602949 [ 1 ] {} <Debug> DatabaseAtomic (system): There are 0 detached tables. Start searching non used tables.
2025.11.02 19:47:28.603029 [ 1 ] {} <Debug> DatabaseAtomic (system): Found 0 non used tables in detached tables.
2025.11.02 19:47:28.603104 [ 1 ] {} <Debug> DatabaseAtomic (system): There are 0 detached tables. Start searching non used tables.
2025.11.02 19:47:28.603191 [ 1 ] {} <Debug> DatabaseAtomic (system): Found 0 non used tables in detached tables.
2025.11.02 19:47:28.603263 [ 1 ] {} <Debug> DatabaseAtomic (system): There are 0 detached tables. Start searching non used tables.
2025.11.02 19:47:28.603333 [ 1 ] {} <Debug> DatabaseAtomic (system): Found 0 non used tables in detached tables.
2025.11.02 19:47:28.603422 [ 1 ] {} <Debug> DatabaseAtomic (system): There are 0 detached tables. Start searching non used tables.
2025.11.02 19:47:28.603488 [ 1 ] {} <Debug> DatabaseAtomic (system): Found 0 non used tables in detached tables.
2025.11.02 19:47:28.603644 [ 1 ] {} <Debug> DatabaseAtomic (system): There are 0 detached tables. Start searching non used tables.
2025.11.02 19:47:28.603740 [ 1 ] {} <Debug> DatabaseAtomic (system): Found 0 non used tables in detached tables.
2025.11.02 19:47:28.603919 [ 1 ] {} <Debug> DatabaseAtomic (system): There are 0 detached tables. Start searching non used tables.
2025.11.02 19:47:28.603993 [ 1 ] {} <Debug> DatabaseAtomic (system): Found 0 non used tables in detached tables.
2025.11.02 19:47:28.604123 [ 1 ] {} <Debug> DatabaseAtomic (system): There are 0 detached tables. Start searching non used tables.
2025.11.02 19:47:28.604226 [ 1 ] {} <Debug> DatabaseAtomic (system): Found 0 non used tables in detached tables.
2025.11.02 19:47:28.604354 [ 1 ] {} <Debug> DatabaseAtomic (system): There are 0 detached tables. Start searching non used tables.
2025.11.02 19:47:28.604432 [ 1 ] {} <Debug> DatabaseAtomic (system): Found 0 non used tables in detached tables.
2025.11.02 19:47:28.604613 [ 1 ] {} <Debug> DatabaseAtomic (system): There are 0 detached tables. Start searching non used tables.
2025.11.02 19:47:28.604670 [ 1 ] {} <Debug> DatabaseAtomic (system): Found 0 non used tables in detached tables.
2025.11.02 19:47:28.604774 [ 1 ] {} <Debug> DatabaseAtomic (system): There are 0 detached tables. Start searching non used tables.
2025.11.02 19:47:28.604814 [ 1 ] {} <Debug> DatabaseAtomic (system): Found 0 non used tables in detached tables.
2025.11.02 19:47:28.604931 [ 1 ] {} <Debug> DatabaseAtomic (system): There are 0 detached tables. Start searching non used tables.
2025.11.02 19:47:28.604985 [ 1 ] {} <Debug> DatabaseAtomic (system): Found 0 non used tables in detached tables.
2025.11.02 19:47:28.605106 [ 1 ] {} <Debug> DatabaseAtomic (system): There are 0 detached tables. Start searching non used tables.
2025.11.02 19:47:28.605156 [ 1 ] {} <Debug> DatabaseAtomic (system): Found 0 non used tables in detached tables.
2025.11.02 19:47:28.605248 [ 1 ] {} <Debug> DatabaseAtomic (system): There are 0 detached tables. Start searching non used tables.
2025.11.02 19:47:28.605301 [ 1 ] {} <Debug> DatabaseAtomic (system): Found 0 non used tables in detached tables.
2025.11.02 19:47:28.605356 [ 1 ] {} <Debug> DatabaseAtomic (system): There are 0 detached tables. Start searching non used tables.
2025.11.02 19:47:28.605400 [ 1 ] {} <Debug> DatabaseAtomic (system): Found 0 non used tables in detached tables.
2025.11.02 19:47:28.605526 [ 1 ] {} <Debug> DatabaseAtomic (system): There are 0 detached tables. Start searching non used tables.
2025.11.02 19:47:28.605567 [ 1 ] {} <Debug> DatabaseAtomic (system): Found 0 non used tables in detached tables.
2025.11.02 19:47:28.605638 [ 1 ] {} <Debug> DatabaseAtomic (system): There are 0 detached tables. Start searching non used tables.
2025.11.02 19:47:28.605741 [ 1 ] {} <Debug> DatabaseAtomic (system): Found 0 non used tables in detached tables.
2025.11.02 19:47:28.605798 [ 1 ] {} <Debug> DatabaseAtomic (system): There are 0 detached tables. Start searching non used tables.
2025.11.02 19:47:28.605827 [ 1 ] {} <Debug> DatabaseAtomic (system): Found 0 non used tables in detached tables.
2025.11.02 19:47:28.605880 [ 1 ] {} <Debug> DatabaseAtomic (system): There are 0 detached tables. Start searching non used tables.
2025.11.02 19:47:28.605911 [ 1 ] {} <Debug> DatabaseAtomic (system): Found 0 non used tables in detached tables.
2025.11.02 19:47:28.605958 [ 1 ] {} <Debug> DatabaseAtomic (system): There are 0 detached tables. Start searching non used tables.
2025.11.02 19:47:28.605998 [ 1 ] {} <Debug> DatabaseAtomic (system): Found 0 non used tables in detached tables.
2025.11.02 19:47:28.606072 [ 1 ] {} <Debug> DatabaseAtomic (system): There are 0 detached tables. Start searching non used tables.
2025.11.02 19:47:28.606124 [ 1 ] {} <Debug> DatabaseAtomic (system): Found 0 non used tables in detached tables.
2025.11.02 19:47:28.606230 [ 1 ] {} <Debug> DatabaseAtomic (system): There are 0 detached tables. Start searching non used tables.
2025.11.02 19:47:28.606270 [ 1 ] {} <Debug> DatabaseAtomic (system): Found 0 non used tables in detached tables.
2025.11.02 19:47:28.606328 [ 1 ] {} <Debug> DatabaseAtomic (system): There are 0 detached tables. Start searching non used tables.
2025.11.02 19:47:28.606376 [ 1 ] {} <Debug> DatabaseAtomic (system): Found 0 non used tables in detached tables.
2025.11.02 19:47:28.606481 [ 1 ] {} <Debug> DatabaseAtomic (system): There are 0 detached tables. Start searching non used tables.
2025.11.02 19:47:28.606538 [ 1 ] {} <Debug> DatabaseAtomic (system): Found 0 non used tables in detached tables.
2025.11.02 19:47:28.606600 [ 1 ] {} <Debug> DatabaseAtomic (system): There are 0 detached tables. Start searching non used tables.
2025.11.02 19:47:28.606645 [ 1 ] {} <Debug> DatabaseAtomic (system): Found 0 non used tables in detached tables.
2025.11.02 19:47:28.606728 [ 1 ] {} <Debug> DatabaseAtomic (system): There are 0 detached tables. Start searching non used tables.
2025.11.02 19:47:28.606761 [ 1 ] {} <Debug> DatabaseAtomic (system): Found 0 non used tables in detached tables.
2025.11.02 19:47:28.606839 [ 1 ] {} <Debug> DatabaseAtomic (system): There are 0 detached tables. Start searching non used tables.
2025.11.02 19:47:28.606923 [ 1 ] {} <Debug> DatabaseAtomic (system): Found 0 non used tables in detached tables.
2025.11.02 19:47:28.607046 [ 1 ] {} <Debug> DatabaseAtomic (system): There are 0 detached tables. Start searching non used tables.
2025.11.02 19:47:28.607067 [ 1 ] {} <Debug> DatabaseAtomic (system): Found 0 non used tables in detached tables.
2025.11.02 19:47:28.607154 [ 1 ] {} <Debug> DatabaseAtomic (system): There are 0 detached tables. Start searching non used tables.
2025.11.02 19:47:28.607205 [ 1 ] {} <Debug> DatabaseAtomic (system): Found 0 non used tables in detached tables.
2025.11.02 19:47:28.607254 [ 1 ] {} <Debug> DatabaseAtomic (system): There are 0 detached tables. Start searching non used tables.
2025.11.02 19:47:28.607302 [ 1 ] {} <Debug> DatabaseAtomic (system): Found 0 non used tables in detached tables.
2025.11.02 19:47:28.607371 [ 1 ] {} <Debug> DatabaseAtomic (system): There are 0 detached tables. Start searching non used tables.
2025.11.02 19:47:28.607423 [ 1 ] {} <Debug> DatabaseAtomic (system): Found 0 non used tables in detached tables.
2025.11.02 19:47:28.607481 [ 1 ] {} <Debug> DatabaseAtomic (system): There are 0 detached tables. Start searching non used tables.
2025.11.02 19:47:28.607511 [ 1 ] {} <Debug> DatabaseAtomic (system): Found 0 non used tables in detached tables.
2025.11.02 19:47:28.607569 [ 1 ] {} <Debug> DatabaseAtomic (system): There are 0 detached tables. Start searching non used tables.
2025.11.02 19:47:28.610823 [ 1 ] {} <Debug> DatabaseAtomic (system): Found 0 non used tables in detached tables.
2025.11.02 19:47:28.610946 [ 1 ] {} <Debug> DatabaseAtomic (system): There are 0 detached tables. Start searching non used tables.
2025.11.02 19:47:28.611135 [ 1 ] {} <Debug> DatabaseAtomic (system): Found 0 non used tables in detached tables.
2025.11.02 19:47:28.611233 [ 1 ] {} <Debug> DatabaseAtomic (system): There are 0 detached tables. Start searching non used tables.
2025.11.02 19:47:28.611296 [ 1 ] {} <Debug> DatabaseAtomic (system): Found 0 non used tables in detached tables.
2025.11.02 19:47:28.611364 [ 1 ] {} <Debug> DatabaseAtomic (system): There are 0 detached tables. Start searching non used tables.
2025.11.02 19:47:28.611418 [ 1 ] {} <Debug> DatabaseAtomic (system): Found 0 non used tables in detached tables.
2025.11.02 19:47:28.611509 [ 1 ] {} <Debug> DatabaseAtomic (system): There are 0 detached tables. Start searching non used tables.
2025.11.02 19:47:28.611587 [ 1 ] {} <Debug> DatabaseAtomic (system): Found 0 non used tables in detached tables.
2025.11.02 19:47:28.611661 [ 1 ] {} <Debug> DatabaseAtomic (system): There are 0 detached tables. Start searching non used tables.
2025.11.02 19:47:28.611754 [ 1 ] {} <Debug> DatabaseAtomic (system): Found 0 non used tables in detached tables.
2025.11.02 19:47:28.611967 [ 1 ] {} <Debug> DatabaseAtomic (system): There are 0 detached tables. Start searching non used tables.
2025.11.02 19:47:28.612063 [ 1 ] {} <Debug> DatabaseAtomic (system): Found 0 non used tables in detached tables.
2025.11.02 19:47:28.612157 [ 1 ] {} <Debug> DatabaseAtomic (system): There are 0 detached tables. Start searching non used tables.
2025.11.02 19:47:28.612212 [ 1 ] {} <Debug> DatabaseAtomic (system): Found 0 non used tables in detached tables.
2025.11.02 19:47:28.612302 [ 1 ] {} <Debug> DatabaseAtomic (system): There are 0 detached tables. Start searching non used tables.
2025.11.02 19:47:28.612423 [ 1 ] {} <Debug> DatabaseAtomic (system): Found 0 non used tables in detached tables.
2025.11.02 19:47:28.612512 [ 1 ] {} <Debug> DatabaseAtomic (system): There are 0 detached tables. Start searching non used tables.
2025.11.02 19:47:28.612581 [ 1 ] {} <Debug> DatabaseAtomic (system): Found 0 non used tables in detached tables.
2025.11.02 19:47:28.612647 [ 1 ] {} <Debug> DatabaseAtomic (system): There are 0 detached tables. Start searching non used tables.
2025.11.02 19:47:28.612750 [ 1 ] {} <Debug> DatabaseAtomic (system): Found 0 non used tables in detached tables.
2025.11.02 19:47:28.612828 [ 1 ] {} <Debug> DatabaseAtomic (system): There are 0 detached tables. Start searching non used tables.
2025.11.02 19:47:28.612911 [ 1 ] {} <Debug> DatabaseAtomic (system): Found 0 non used tables in detached tables.
2025.11.02 19:47:28.613124 [ 1 ] {} <Debug> DatabaseAtomic (system): There are 0 detached tables. Start searching non used tables.
2025.11.02 19:47:28.613224 [ 1 ] {} <Debug> DatabaseAtomic (system): Found 0 non used tables in detached tables.
2025.11.02 19:47:28.613292 [ 1 ] {} <Debug> DatabaseAtomic (system): There are 0 detached tables. Start searching non used tables.
2025.11.02 19:47:28.613367 [ 1 ] {} <Debug> DatabaseAtomic (system): Found 0 non used tables in detached tables.
2025.11.02 19:47:28.613484 [ 1 ] {} <Debug> DatabaseAtomic (system): There are 0 detached tables. Start searching non used tables.
2025.11.02 19:47:28.613550 [ 1 ] {} <Debug> DatabaseAtomic (system): Found 0 non used tables in detached tables.
2025.11.02 19:47:28.613612 [ 1 ] {} <Debug> DatabaseAtomic (system): There are 0 detached tables. Start searching non used tables.
2025.11.02 19:47:28.613652 [ 1 ] {} <Debug> DatabaseAtomic (system): Found 0 non used tables in detached tables.
2025.11.02 19:47:28.613736 [ 1 ] {} <Debug> DatabaseAtomic (system): There are 0 detached tables. Start searching non used tables.
2025.11.02 19:47:28.613845 [ 1 ] {} <Debug> DatabaseAtomic (system): Found 0 non used tables in detached tables.
2025.11.02 19:47:28.613997 [ 1 ] {} <Debug> DatabaseAtomic (system): There are 0 detached tables. Start searching non used tables.
2025.11.02 19:47:28.614085 [ 1 ] {} <Debug> DatabaseAtomic (system): Found 0 non used tables in detached tables.
2025.11.02 19:47:28.614197 [ 1 ] {} <Debug> DatabaseAtomic (system): There are 0 detached tables. Start searching non used tables.
2025.11.02 19:47:28.614312 [ 1 ] {} <Debug> DatabaseAtomic (system): Found 0 non used tables in detached tables.
2025.11.02 19:47:28.614398 [ 1 ] {} <Debug> DatabaseAtomic (system): There are 0 detached tables. Start searching non used tables.
2025.11.02 19:47:28.614473 [ 1 ] {} <Debug> DatabaseAtomic (system): Found 0 non used tables in detached tables.
2025.11.02 19:47:28.614592 [ 1 ] {} <Debug> DatabaseAtomic (system): There are 0 detached tables. Start searching non used tables.
2025.11.02 19:47:28.614634 [ 1 ] {} <Debug> DatabaseAtomic (system): Found 0 non used tables in detached tables.
2025.11.02 19:47:28.614717 [ 1 ] {} <Debug> DatabaseAtomic (system): There are 0 detached tables. Start searching non used tables.
2025.11.02 19:47:28.614880 [ 1 ] {} <Debug> DatabaseAtomic (system): Found 0 non used tables in detached tables.
2025.11.02 19:47:28.618277 [ 1 ] {} <Information> DatabaseCatalog: Found 0 partially dropped tables. Will load them and retry removal.
2025.11.02 19:47:28.620139 [ 1 ] {} <Information> DatabaseAtomic (default): Metadata processed, database default has 0 tables and 0 dictionaries in total.
2025.11.02 19:47:28.620237 [ 1 ] {} <Information> TablesLoader: Parsed metadata of 0 tables in 1 databases in 0.000107292 sec
2025.11.02 19:47:28.620316 [ 1 ] {} <Information> loadMetadata: Start asynchronous loading of databases
2025.11.02 19:47:28.620371 [ 1 ] {} <Debug> AsyncLoader: Schedule load job 'startup Ordinary database default' into BackgrndStartup
2025.11.02 19:47:28.620426 [ 1 ] {} <Debug> AsyncLoader: Schedule load job 'startup Atomic database default' into BackgrndStartup
2025.11.02 19:47:28.620459 [ 1 ] {} <Debug> AsyncLoader: Change current priority: none -> 2
2025.11.02 19:47:28.620500 [ 1 ] {} <Debug> AsyncLoader: Spawn loader worker #1 in BackgrndStartup
2025.11.02 19:47:28.620619 [ 1 ] {} <Information> UserDefinedSQLObjectsLoaderFromDisk: Loading user defined objects from /var/lib/clickhouse/user_defined/
2025.11.02 19:47:28.620659 [ 1 ] {} <Debug> UserDefinedSQLObjectsLoaderFromDisk: The directory for user defined objects (/var/lib/clickhouse/user_defined/) does not exist: nothing to load
2025.11.02 19:47:28.620640 [ 718 ] {} <Debug> AsyncLoader: Execute load job 'startup Ordinary database default' in BackgrndStartup
2025.11.02 19:47:28.620710 [ 1 ] {} <Information> WorkloadEntityDiskStorage: Loading workload entities from /var/lib/clickhouse/workload/
2025.11.02 19:47:28.620806 [ 1 ] {} <Debug> WorkloadEntityDiskStorage: The directory for workload entities (/var/lib/clickhouse/workload/) does not exist: nothing to load
2025.11.02 19:47:28.620749 [ 718 ] {} <Debug> AsyncLoader: Finish load job 'startup Ordinary database default' with status OK
2025.11.02 19:47:28.621147 [ 718 ] {} <Debug> AsyncLoader: Spawn loader worker #2 in BackgrndStartup
2025.11.02 19:47:28.621282 [ 718 ] {} <Debug> AsyncLoader: Execute load job 'startup Atomic database default' in BackgrndStartup
2025.11.02 19:47:28.621416 [ 718 ] {} <Debug> AsyncLoader: Finish load job 'startup Atomic database default' with status OK
2025.11.02 19:47:28.621449 [ 718 ] {} <Debug> AsyncLoader: Stop worker in BackgrndStartup
2025.11.02 19:47:28.621557 [ 732 ] {} <Debug> AsyncLoader: Stop worker in BackgrndStartup
2025.11.02 19:47:28.621658 [ 732 ] {} <Debug> AsyncLoader: Change current priority: 2 -> none
2025.11.02 19:47:28.622369 [ 1 ] {} <Information> ZooKeeperClient: Connected to ZooKeeper at 172.19.0.2:2181 with session_id 72057598639276034
2025.11.02 19:47:28.624888 [ 1 ] {} <Information> ZooKeeperClient: Keeper feature flag FILTERED_LIST: disabled
2025.11.02 19:47:28.624952 [ 1 ] {} <Information> ZooKeeperClient: Keeper feature flag MULTI_READ: disabled
2025.11.02 19:47:28.625003 [ 1 ] {} <Information> ZooKeeperClient: Keeper feature flag CHECK_NOT_EXISTS: disabled
2025.11.02 19:47:28.625050 [ 1 ] {} <Information> ZooKeeperClient: Keeper feature flag CREATE_IF_NOT_EXISTS: disabled
2025.11.02 19:47:28.625108 [ 1 ] {} <Information> ZooKeeperClient: Keeper feature flag REMOVE_RECURSIVE: disabled
2025.11.02 19:47:28.629380 [ 1 ] {} <Debug> Application: Loaded metadata.
2025.11.02 19:47:28.629454 [ 1 ] {} <Information> Application: Tasks stats provider: procfs
2025.11.02 19:47:28.629510 [ 1 ] {} <Information> Application: It looks like the process has no CAP_SYS_NICE capability, the setting 'os_thread_priority' will have no effect. It could happen due to incorrect ClickHouse package installation. You could resolve the problem manually with 'sudo setcap cap_sys_nice=+ep /usr/bin/clickhouse'. Note that it will not work on 'nosuid' mounted filesystems.
2025.11.02 19:47:28.629610 [ 1 ] {} <Debug> DatabaseAtomic (system): There are 0 detached tables. Start searching non used tables.
2025.11.02 19:47:28.629662 [ 1 ] {} <Debug> DatabaseAtomic (system): Found 0 non used tables in detached tables.
2025.11.02 19:47:28.629820 [ 1 ] {} <Warning> Application: Listen [::]:8123 failed: Poco::Exception. Code: 1000, e.code() = 0, DNS error: EAI: Address family for hostname not supported (version 25.3.7.194 (official build)). If it is an IPv6 or IPv4 address and your host has disabled IPv6 or IPv4, then consider to specify not disabled IPv4 or IPv6 address to listen in <listen_host> element of configuration file. Example for disabled IPv6: <listen_host>0.0.0.0</listen_host> . Example for disabled IPv4: <listen_host>::</listen_host>
2025.11.02 19:47:28.630008 [ 1 ] {} <Warning> Application: Listen [::]:9000 failed: Poco::Exception. Code: 1000, e.code() = 0, DNS error: EAI: Address family for hostname not supported (version 25.3.7.194 (official build)). If it is an IPv6 or IPv4 address and your host has disabled IPv6 or IPv4, then consider to specify not disabled IPv4 or IPv6 address to listen in <listen_host> element of configuration file. Example for disabled IPv6: <listen_host>0.0.0.0</listen_host> . Example for disabled IPv4: <listen_host>::</listen_host>
2025.11.02 19:47:28.630158 [ 1 ] {} <Warning> Application: Listen [::]:8001 failed: Poco::Exception. Code: 1000, e.code() = 0, DNS error: EAI: Address family for hostname not supported (version 25.3.7.194 (official build)). If it is an IPv6 or IPv4 address and your host has disabled IPv6 or IPv4, then consider to specify not disabled IPv4 or IPv6 address to listen in <listen_host> element of configuration file. Example for disabled IPv6: <listen_host>0.0.0.0</listen_host> . Example for disabled IPv4: <listen_host>::</listen_host>
2025.11.02 19:47:28.630323 [ 1 ] {} <Information> CertificateReloader: One of paths is empty. Cannot apply new configuration for certificates. Fill all paths and try again.
2025.11.02 19:47:28.630380 [ 1 ] {} <Information> CertificateReloader: One of paths is empty. Cannot apply new configuration for certificates. Fill all paths and try again.
2025.11.02 19:47:28.631819 [ 1 ] {} <Debug> AsyncLoader: Schedule load job 'startup ddl worker' into BackgrndStartup
2025.11.02 19:47:28.631878 [ 1 ] {} <Debug> AsyncLoader: Change current priority: none -> 2
2025.11.02 19:47:28.631957 [ 1 ] {} <Debug> AsyncLoader: Spawn loader worker #1 in BackgrndStartup
2025.11.02 19:47:28.632064 [ 739 ] {} <Debug> AsyncLoader: Execute load job 'startup ddl worker' in BackgrndStartup
2025.11.02 19:47:28.632067 [ 1 ] {} <Information> Application: Listening for http://0.0.0.0:8123
2025.11.02 19:47:28.632208 [ 741 ] {} <Debug> DDLWorker: Starting DDLWorker thread
2025.11.02 19:47:28.632271 [ 741 ] {} <Debug> DDLWorker: Initializing DDLWorker thread
2025.11.02 19:47:28.632247 [ 1 ] {} <Information> Application: Listening for native protocol (tcp): 0.0.0.0:9000
2025.11.02 19:47:28.632254 [ 742 ] {} <Debug> DDLWorker: Started DDLWorker cleanup thread
2025.11.02 19:47:28.632223 [ 739 ] {} <Debug> AsyncLoader: Finish load job 'startup ddl worker' with status OK
2025.11.02 19:47:28.632508 [ 739 ] {} <Debug> AsyncLoader: Stop worker in BackgrndStartup
2025.11.02 19:47:28.632559 [ 739 ] {} <Debug> AsyncLoader: Change current priority: 2 -> none
2025.11.02 19:47:28.632419 [ 1 ] {} <Information> Application: Listening for Prometheus: http://0.0.0.0:8001
2025.11.02 19:47:28.632686 [ 1 ] {} <Information> Application: Ready for connections.
2025.11.02 19:47:28.635589 [ 741 ] {} <Debug> DDLWorker: Initialized DDLWorker thread
2025.11.02 19:47:28.635652 [ 742 ] {} <Debug> DDLWorker: Cleaning queue
2025.11.02 19:47:28.637436 [ 741 ] {} <Debug> DDLWorker: Scheduling tasks
2025.11.02 19:47:28.637803 [ 741 ] {} <Debug> DDLWorker: No tasks to schedule
2025.11.02 19:47:28.637841 [ 741 ] {} <Debug> DDLWorker: Waiting for queue updates
2025.11.02 19:47:28.730618 [ 81 ] {} <Information> TCPHandler: Client has not sent any data.
2025.11.02 19:47:28.730696 [ 81 ] {} <Debug> TCPHandler: Done processing connection.
2025.11.02 19:47:29.049096 [ 741 ] {} <Debug> DDLWorker: Scheduling tasks
2025.11.02 19:47:29.051174 [ 741 ] {} <Debug> DDLWorker: Will schedule 1 tasks starting from query-0000000000
2025.11.02 19:47:29.052358 [ 741 ] {} <Debug> DDLWorker: Processing task query-0000000000 (query: CREATE DATABASE IF NOT EXISTS db_truncate UUID 'b9aaedc5-3235-4843-966a-18a1138291cc', backup restore: false)
2025.11.02 19:47:29.053331 [ 741 ] {} <Debug> DDLWorker: Executing query: CREATE DATABASE IF NOT EXISTS db_truncate UUID 'b9aaedc5-3235-4843-966a-18a1138291cc'
2025.11.02 19:47:29.053484 [ 741 ] {037de708-ab3f-4e93-b55d-3e5eca80df58} <Debug> executeQuery: (from 0.0.0.0:0, user: , initial_query_id: 2afdd569-d899-466c-9719-8e40763fda0b) /* ddl_entry=query-0000000000 */ CREATE DATABASE IF NOT EXISTS db_truncate UUID 'b9aaedc5-3235-4843-966a-18a1138291cc' (stage: Complete)
2025.11.02 19:47:29.054315 [ 741 ] {037de708-ab3f-4e93-b55d-3e5eca80df58} <Information> DatabaseAtomic (db_truncate): Metadata processed, database db_truncate has 0 tables and 0 dictionaries in total.
2025.11.02 19:47:29.054364 [ 741 ] {037de708-ab3f-4e93-b55d-3e5eca80df58} <Information> TablesLoader: Parsed metadata of 0 tables in 1 databases in 5.6334e-05 sec
2025.11.02 19:47:29.054413 [ 741 ] {037de708-ab3f-4e93-b55d-3e5eca80df58} <Debug> AsyncLoader: Prioritize load job 'startup Atomic database db_truncate': BackgrndStartup -> ForegroundLoad
2025.11.02 19:47:29.054451 [ 741 ] {037de708-ab3f-4e93-b55d-3e5eca80df58} <Debug> AsyncLoader: Prioritize load job 'startup Ordinary database db_truncate': BackgrndStartup -> ForegroundLoad
2025.11.02 19:47:29.054488 [ 741 ] {037de708-ab3f-4e93-b55d-3e5eca80df58} <Debug> AsyncLoader: Schedule load job 'startup Ordinary database db_truncate' into ForegroundLoad
2025.11.02 19:47:29.054527 [ 741 ] {037de708-ab3f-4e93-b55d-3e5eca80df58} <Debug> AsyncLoader: Schedule load job 'startup Atomic database db_truncate' into ForegroundLoad
2025.11.02 19:47:29.054582 [ 741 ] {037de708-ab3f-4e93-b55d-3e5eca80df58} <Debug> AsyncLoader: Change current priority: none -> 0
2025.11.02 19:47:29.054620 [ 741 ] {037de708-ab3f-4e93-b55d-3e5eca80df58} <Debug> AsyncLoader: Spawn loader worker #1 in ForegroundLoad
2025.11.02 19:47:29.054702 [ 741 ] {037de708-ab3f-4e93-b55d-3e5eca80df58} <Debug> AsyncLoader: Wait load job 'startup Atomic database db_truncate' in ForegroundLoad
2025.11.02 19:47:29.054745 [ 738 ] {} <Debug> AsyncLoader: Execute load job 'startup Ordinary database db_truncate' in ForegroundLoad
2025.11.02 19:47:29.054817 [ 738 ] {} <Debug> AsyncLoader: Finish load job 'startup Ordinary database db_truncate' with status OK
2025.11.02 19:47:29.054929 [ 738 ] {} <Debug> AsyncLoader: Spawn loader worker #2 in ForegroundLoad
2025.11.02 19:47:29.055105 [ 738 ] {} <Debug> AsyncLoader: Execute load job 'startup Atomic database db_truncate' in ForegroundLoad
2025.11.02 19:47:29.055173 [ 738 ] {} <Debug> AsyncLoader: Finish load job 'startup Atomic database db_truncate' with status OK
2025.11.02 19:47:29.055245 [ 738 ] {} <Debug> AsyncLoader: Stop worker in ForegroundLoad
2025.11.02 19:47:29.055328 [ 759 ] {} <Debug> AsyncLoader: Stop worker in ForegroundLoad
2025.11.02 19:47:29.055381 [ 759 ] {} <Debug> AsyncLoader: Change current priority: 0 -> none
2025.11.02 19:47:29.055390 [ 741 ] {037de708-ab3f-4e93-b55d-3e5eca80df58} <Debug> DDLWorker: Executed query: /* ddl_entry=query-0000000000 */ CREATE DATABASE IF NOT EXISTS db_truncate UUID 'b9aaedc5-3235-4843-966a-18a1138291cc'
2025.11.02 19:47:29.057203 [ 741 ] {} <Debug> DDLWorker: Waiting for queue updates
2025.11.02 19:47:29.118528 [ 741 ] {} <Debug> DDLWorker: Scheduling tasks
2025.11.02 19:47:29.119103 [ 741 ] {} <Debug> DDLWorker: Will schedule 1 tasks starting from query-0000000001
2025.11.02 19:47:29.119998 [ 741 ] {} <Debug> DDLWorker: Processing task query-0000000001 (query: CREATE TABLE db_truncate.tbl_truncate_local UUID 'b85c4c2a-1940-4fc2-9e98-5a1438bad77a' (`create_time` DateTime, `y` Int32 COMMENT 'shard key', `m` Int32 COMMENT 'part key', `id` Int64 COMMENT 'sort key', `value` Nullable(String)) ENGINE = MergeTree PARTITION BY m ORDER BY id SETTINGS index_granularity = 8192, backup restore: false)
2025.11.02 19:47:29.121079 [ 741 ] {} <Debug> DDLWorker: Executing query: CREATE TABLE db_truncate.tbl_truncate_local UUID 'b85c4c2a-1940-4fc2-9e98-5a1438bad77a' (`create_time` DateTime, `y` Int32 COMMENT 'shard key', `m` Int32 COMMENT 'part key', `id` Int64 COMMENT 'sort key', `value` Nullable(String)) ENGINE = MergeTree PARTITION BY m ORDER BY id SETTINGS index_granularity = 8192
2025.11.02 19:47:29.121291 [ 741 ] {140078cc-8db2-44ff-a79f-3efe32a7b15a} <Debug> executeQuery: (from 0.0.0.0:0, user: , initial_query_id: 5c1d33ba-97f1-460a-a639-83ded9a9e96c) /* ddl_entry=query-0000000001 */ CREATE TABLE db_truncate.tbl_truncate_local UUID 'b85c4c2a-1940-4fc2-9e98-5a1438bad77a' (`create_time` DateTime, `y` Int32 COMMENT 'shard key', `m` Int32 COMMENT 'part key', `id` Int64 COMMENT 'sort key', `value` Nullable(String)) ENGINE = MergeTree PARTITION BY m ORDER BY id SETTINGS index_granularity = 8192 (stage: Complete)
2025.11.02 19:47:29.122402 [ 741 ] {140078cc-8db2-44ff-a79f-3efe32a7b15a} <Debug> db_truncate.tbl_truncate_local (b85c4c2a-1940-4fc2-9e98-5a1438bad77a): Loading data parts
2025.11.02 19:47:29.122626 [ 741 ] {140078cc-8db2-44ff-a79f-3efe32a7b15a} <Debug> db_truncate.tbl_truncate_local (b85c4c2a-1940-4fc2-9e98-5a1438bad77a): There are no data parts
2025.11.02 19:47:29.123313 [ 741 ] {140078cc-8db2-44ff-a79f-3efe32a7b15a} <Debug> DatabaseAtomic (db_truncate): There are 0 detached tables. Start searching non used tables.
2025.11.02 19:47:29.123346 [ 741 ] {140078cc-8db2-44ff-a79f-3efe32a7b15a} <Debug> DatabaseAtomic (db_truncate): Found 0 non used tables in detached tables.
2025.11.02 19:47:29.123587 [ 741 ] {140078cc-8db2-44ff-a79f-3efe32a7b15a} <Debug> DDLWorker: Executed query: /* ddl_entry=query-0000000001 */ CREATE TABLE db_truncate.tbl_truncate_local UUID 'b85c4c2a-1940-4fc2-9e98-5a1438bad77a' (`create_time` DateTime, `y` Int32 COMMENT 'shard key', `m` Int32 COMMENT 'part key', `id` Int64 COMMENT 'sort key', `value` Nullable(String)) ENGINE = MergeTree PARTITION BY m ORDER BY id SETTINGS index_granularity = 8192
2025.11.02 19:47:29.125039 [ 741 ] {} <Debug> DDLWorker: Waiting for queue updates
2025.11.02 19:47:29.177915 [ 741 ] {} <Debug> DDLWorker: Scheduling tasks
2025.11.02 19:47:29.178492 [ 741 ] {} <Debug> DDLWorker: Will schedule 1 tasks starting from query-0000000002
2025.11.02 19:47:29.179533 [ 741 ] {} <Debug> DDLWorker: Processing task query-0000000002 (query: CREATE TABLE db_truncate.tbl_truncate UUID '8423f054-d174-4065-b26f-b16e3ca73e8e' (`create_time` DateTime, `y` Int32 COMMENT 'shard key', `m` Int32 COMMENT 'part key', `id` Int64 COMMENT 'sort key', `value` Nullable(String)) ENGINE = Distributed(single_replica, 'db_truncate', 'tbl_truncate_local', y), backup restore: false)
2025.11.02 19:47:29.181119 [ 741 ] {} <Debug> DDLWorker: Executing query: CREATE TABLE db_truncate.tbl_truncate UUID '8423f054-d174-4065-b26f-b16e3ca73e8e' (`create_time` DateTime, `y` Int32 COMMENT 'shard key', `m` Int32 COMMENT 'part key', `id` Int64 COMMENT 'sort key', `value` Nullable(String)) ENGINE = Distributed(single_replica, 'db_truncate', 'tbl_truncate_local', y)
2025.11.02 19:47:29.181216 [ 741 ] {a0f57fbd-a9aa-4b79-ba6d-f92c8d99a9dc} <Debug> executeQuery: (from 0.0.0.0:0, user: , initial_query_id: 364a3e5e-1092-43d8-9cb4-af2dd43f4625) /* ddl_entry=query-0000000002 */ CREATE TABLE db_truncate.tbl_truncate UUID '8423f054-d174-4065-b26f-b16e3ca73e8e' (`create_time` DateTime, `y` Int32 COMMENT 'shard key', `m` Int32 COMMENT 'part key', `id` Int64 COMMENT 'sort key', `value` Nullable(String)) ENGINE = Distributed(single_replica, 'db_truncate', 'tbl_truncate_local', y) (stage: Complete)
2025.11.02 19:47:29.181579 [ 741 ] {a0f57fbd-a9aa-4b79-ba6d-f92c8d99a9dc} <Debug> StorageDistributed (tbl_truncate): Auto-increment is 0
2025.11.02 19:47:29.182518 [ 741 ] {a0f57fbd-a9aa-4b79-ba6d-f92c8d99a9dc} <Debug> DatabaseAtomic (db_truncate): There are 0 detached tables. Start searching non used tables.
2025.11.02 19:47:29.182562 [ 741 ] {a0f57fbd-a9aa-4b79-ba6d-f92c8d99a9dc} <Debug> DatabaseAtomic (db_truncate): Found 0 non used tables in detached tables.
2025.11.02 19:47:29.182718 [ 741 ] {a0f57fbd-a9aa-4b79-ba6d-f92c8d99a9dc} <Debug> DDLWorker: Executed query: /* ddl_entry=query-0000000002 */ CREATE TABLE db_truncate.tbl_truncate UUID '8423f054-d174-4065-b26f-b16e3ca73e8e' (`create_time` DateTime, `y` Int32 COMMENT 'shard key', `m` Int32 COMMENT 'part key', `id` Int64 COMMENT 'sort key', `value` Nullable(String)) ENGINE = Distributed(single_replica, 'db_truncate', 'tbl_truncate_local', y)
2025.11.02 19:47:29.184810 [ 741 ] {} <Debug> DDLWorker: Waiting for queue updates
2025.11.02 19:47:29.235648 [ 81 ] {} <Debug> TCPHandler: Connected ClickHouse server version 25.3.0, revision: 54476, user: default.
2025.11.02 19:47:29.235699 [ 81 ] {} <Debug> TCP-Session-8597cd54-8a1f-422f-a95b-30868a37ca69: Authenticating user 'default' from 172.19.0.5:48208
2025.11.02 19:47:29.235769 [ 81 ] {} <Debug> TCP-Session-8597cd54-8a1f-422f-a95b-30868a37ca69: 8597cd54-8a1f-422f-a95b-30868a37ca69 Authenticated with global context as user 94309d50-4f52-5250-31bd-74fecac179db
2025.11.02 19:47:29.235831 [ 81 ] {} <Debug> TCP-Session-8597cd54-8a1f-422f-a95b-30868a37ca69: Creating session context with user_id: 94309d50-4f52-5250-31bd-74fecac179db
2025.11.02 19:47:29.236675 [ 81 ] {5aa2f800-549c-4b5a-a208-fcde25f9d5cd} <Debug> executeQuery: (from 172.19.0.5:48208, initial_query_id: d63915da-17c7-4734-b7b2-01611a13d5b2) SELECT `__table1`.`create_time` AS `create_time`, `__table1`.`y` AS `y`, `__table1`.`m` AS `m`, `__table1`.`id` AS `id`, `__table1`.`value` AS `value` FROM `db_truncate`.`tbl_truncate_local` AS `__table1` WHERE _CAST(0, 'UInt8') (stage: Complete)
2025.11.02 19:47:29.237511 [ 81 ] {5aa2f800-549c-4b5a-a208-fcde25f9d5cd} <Debug> TCPHandler: Processed in 0.001051334 sec.
2025.11.02 19:47:29.275664 [ 81 ] {a58e9877-94e0-41bf-94ba-d921d33616f8} <Debug> executeQuery: (from 172.19.0.5:48208, initial_query_id: e29bdaeb-6a18-42cd-aeb0-65f40b87a003) SELECT `__table1`.`create_time` AS `create_time`, `__table1`.`y` AS `y`, `__table1`.`m` AS `m`, `__table1`.`id` AS `id`, `__table1`.`value` AS `value` FROM `db_truncate`.`tbl_truncate_local` AS `__table1` WHERE _CAST(0, 'UInt8') (stage: Complete)
2025.11.02 19:47:29.276244 [ 81 ] {a58e9877-94e0-41bf-94ba-d921d33616f8} <Debug> TCPHandler: Processed in 0.000791167 sec.
2025.11.02 19:47:29.304673 [ 81 ] {fba42687-96ce-4a24-b3f5-405e4832caac} <Debug> executeQuery: (from 172.19.0.5:48208, initial_query_id: 1c553f8f-2361-4d78-89cf-457877852401) SELECT `__table1`.`create_time` AS `create_time`, `__table1`.`y` AS `y`, `__table1`.`m` AS `m`, `__table1`.`id` AS `id`, `__table1`.`value` AS `value` FROM `db_truncate`.`tbl_truncate_local` AS `__table1` WHERE _CAST(0, 'UInt8') (stage: Complete)
2025.11.02 19:47:29.305202 [ 81 ] {fba42687-96ce-4a24-b3f5-405e4832caac} <Debug> TCPHandler: Processed in 0.000691083 sec.
2025.11.02 19:47:29.410372 [ 82 ] {} <Debug> TCPHandler: Connected ClickHouse server version 25.3.0, revision: 54476, user: default.
2025.11.02 19:47:29.410444 [ 82 ] {} <Debug> TCP-Session-a2e58b1c-39c8-43c3-8a95-9b39ad73b4cf: Authenticating user 'default' from 172.19.0.3:46722
2025.11.02 19:47:29.410517 [ 82 ] {} <Debug> TCP-Session-a2e58b1c-39c8-43c3-8a95-9b39ad73b4cf: a2e58b1c-39c8-43c3-8a95-9b39ad73b4cf Authenticated with global context as user 94309d50-4f52-5250-31bd-74fecac179db
2025.11.02 19:47:29.410782 [ 82 ] {} <Debug> TCP-Session-a2e58b1c-39c8-43c3-8a95-9b39ad73b4cf: Creating session context with user_id: 94309d50-4f52-5250-31bd-74fecac179db
2025.11.02 19:47:29.411522 [ 82 ] {6f4b3352-0bb9-4605-8c8f-7a4586af44f3} <Debug> executeQuery: (from 172.19.0.3:46722, initial_query_id: 71bf5675-eb00-4133-819e-2f16b5f63d4b) INSERT INTO db_truncate.tbl_truncate_local (create_time, y, m, id, value) VALUES (stage: Complete)
2025.11.02 19:47:29.412528 [ 82 ] {6f4b3352-0bb9-4605-8c8f-7a4586af44f3} <Debug> executeQuery: Read 1 rows, 31.00 B in 0.001043 sec., 958.7727708533076 rows/sec., 29.03 KiB/sec.
2025.11.02 19:47:29.412643 [ 82 ] {6f4b3352-0bb9-4605-8c8f-7a4586af44f3} <Debug> MemoryTracker: Query peak memory usage: 4.30 MiB.
2025.11.02 19:47:29.412724 [ 82 ] {6f4b3352-0bb9-4605-8c8f-7a4586af44f3} <Debug> TCPHandler: Processed in 0.001389542 sec.
2025.11.02 19:47:29.480432 [ 81 ] {cfcc8f91-7743-43bb-b67f-0757e5eecb0a} <Debug> executeQuery: (from 172.19.0.5:48208, initial_query_id: 9b48558d-9c52-4fa7-a40b-6b0af9540005) SELECT `__table1`.`create_time` AS `create_time`, `__table1`.`y` AS `y`, `__table1`.`m` AS `m`, `__table1`.`id` AS `id`, `__table1`.`value` AS `value` FROM `db_truncate`.`tbl_truncate_local` AS `__table1` WHERE _CAST(0, 'UInt8') (stage: Complete)
2025.11.02 19:47:29.480877 [ 81 ] {cfcc8f91-7743-43bb-b67f-0757e5eecb0a} <Debug> db_truncate.tbl_truncate_local (b85c4c2a-1940-4fc2-9e98-5a1438bad77a) (SelectExecutor): Selected 0/0 parts by partition key, 0 parts by primary key, 0/0 marks by primary key, 0 marks to read from 0 ranges
2025.11.02 19:47:29.481294 [ 81 ] {cfcc8f91-7743-43bb-b67f-0757e5eecb0a} <Debug> TCPHandler: Processed in 0.001036542 sec.
2025.11.02 19:47:29.510411 [ 81 ] {7b53d336-3f5b-4e66-a360-f323a9192d3c} <Debug> executeQuery: (from 172.19.0.5:48208, initial_query_id: 79634d33-10dd-4ad9-ad04-24043b42590b) SELECT count() AS `COUNT()` FROM `db_truncate`.`tbl_truncate_local` AS `__table1` WHERE _CAST(0, 'UInt8') (stage: WithMergeableState)
2025.11.02 19:47:29.510823 [ 81 ] {7b53d336-3f5b-4e66-a360-f323a9192d3c} <Debug> db_truncate.tbl_truncate_local (b85c4c2a-1940-4fc2-9e98-5a1438bad77a) (SelectExecutor): Selected 0/0 parts by partition key, 0 parts by primary key, 0/0 marks by primary key, 0 marks to read from 0 ranges
2025.11.02 19:47:29.511218 [ 81 ] {7b53d336-3f5b-4e66-a360-f323a9192d3c} <Debug> TCPHandler: Processed in 0.000940083 sec.
2025.11.02 19:47:29.529746 [ 79 ] {} <Debug> HTTP-Session-1b000611-c642-434f-8e2e-3f4fee6a170c: Authenticating user 'default' from 172.19.0.7:36526
2025.11.02 19:47:29.529827 [ 79 ] {} <Debug> HTTP-Session-1b000611-c642-434f-8e2e-3f4fee6a170c: 1b000611-c642-434f-8e2e-3f4fee6a170c Authenticated with global context as user 94309d50-4f52-5250-31bd-74fecac179db
2025.11.02 19:47:29.529893 [ 79 ] {} <Debug> HTTP-Session-1b000611-c642-434f-8e2e-3f4fee6a170c: Creating session context with user_id: 94309d50-4f52-5250-31bd-74fecac179db
2025.11.02 19:47:29.530164 [ 79 ] {fe03c8ca-8ff9-45df-86b2-e92e1ea6685a} <Debug> executeQuery: (from 172.19.0.7:36526) SELECT partition, -- String
 partition_id, -- String
 sum(rows) AS row_count, -- UInt64
 sum(bytes_on_disk) AS size_in_bytes -- UInt64
 FROM `system`.`parts` WHERE `database`='db_truncate' AND `table`='tbl_truncate_local' AND `active`=1 GROUP BY `partition`, `partition_id` ORDER BY `partition` ASC, partition_id ASC  (stage: Complete)
2025.11.02 19:47:29.531809 [ 79 ] {fe03c8ca-8ff9-45df-86b2-e92e1ea6685a} <Debug> executeQuery: Read 1 rows, 84.00 B in 0.001729 sec., 578.368999421631 rows/sec., 47.44 KiB/sec.
2025.11.02 19:47:29.532128 [ 79 ] {fe03c8ca-8ff9-45df-86b2-e92e1ea6685a} <Debug> DynamicQueryHandler: Done processing query
2025.11.02 19:47:29.532195 [ 79 ] {fe03c8ca-8ff9-45df-86b2-e92e1ea6685a} <Debug> MemoryTracker: Query peak memory usage: 4.02 MiB.
2025.11.02 19:47:29.532252 [ 79 ] {} <Debug> HTTP-Session-1b000611-c642-434f-8e2e-3f4fee6a170c: 1b000611-c642-434f-8e2e-3f4fee6a170c Logout, user_id: 94309d50-4f52-5250-31bd-74fecac179db
2025.11.02 19:47:29.602852 [ 79 ] {} <Debug> HTTP-Session-2d49160c-3754-4cb2-ae31-791ba447434e: Authenticating user 'default' from 172.19.0.7:36538
2025.11.02 19:47:29.603050 [ 79 ] {} <Debug> HTTP-Session-2d49160c-3754-4cb2-ae31-791ba447434e: 2d49160c-3754-4cb2-ae31-791ba447434e Authenticated with global context as user 94309d50-4f52-5250-31bd-74fecac179db
2025.11.02 19:47:29.603088 [ 79 ] {} <Debug> HTTP-Session-2d49160c-3754-4cb2-ae31-791ba447434e: Creating session context with user_id: 94309d50-4f52-5250-31bd-74fecac179db
2025.11.02 19:47:29.603245 [ 79 ] {925d8e75-61bd-4a0d-be7a-332e8de7ef24} <Debug> executeQuery: (from 172.19.0.7:36538) SELECT COUNT(*) FROM `db_truncate`.`tbl_truncate_local` WHERE (_partition_id = '2') AND ((1=1) AND (1=1))  (stage: Complete)
2025.11.02 19:47:29.604531 [ 79 ] {925d8e75-61bd-4a0d-be7a-332e8de7ef24} <Debug> executeQuery: Read 1 rows, 44.00 B in 0.001343 sec., 744.6016381236038 rows/sec., 31.99 KiB/sec.
2025.11.02 19:47:29.604817 [ 79 ] {925d8e75-61bd-4a0d-be7a-332e8de7ef24} <Debug> DynamicQueryHandler: Done processing query
2025.11.02 19:47:29.604936 [ 79 ] {925d8e75-61bd-4a0d-be7a-332e8de7ef24} <Debug> MemoryTracker: Query peak memory usage: 4.03 MiB.
2025.11.02 19:47:29.605000 [ 79 ] {} <Debug> HTTP-Session-2d49160c-3754-4cb2-ae31-791ba447434e: 2d49160c-3754-4cb2-ae31-791ba447434e Logout, user_id: 94309d50-4f52-5250-31bd-74fecac179db
2025.11.02 19:47:29.631286 [ 81 ] {b1403557-aa58-456c-81ef-2ad0e736eade} <Debug> executeQuery: (from 172.19.0.5:48208, initial_query_id: a8d15c28-66d6-41f5-b1bc-81408d38e5d4) SELECT `__table1`.`create_time` AS `create_time`, `__table1`.`y` AS `y`, `__table1`.`m` AS `m`, `__table1`.`id` AS `id`, `__table1`.`value` AS `value` FROM `db_truncate`.`tbl_truncate_local` AS `__table1` WHERE _CAST(0, 'UInt8') (stage: Complete)
2025.11.02 19:47:29.631640 [ 81 ] {b1403557-aa58-456c-81ef-2ad0e736eade} <Debug> db_truncate.tbl_truncate_local (b85c4c2a-1940-4fc2-9e98-5a1438bad77a) (SelectExecutor): Selected 0/0 parts by partition key, 0 parts by primary key, 0/0 marks by primary key, 0 marks to read from 0 ranges
2025.11.02 19:47:29.632405 [ 81 ] {b1403557-aa58-456c-81ef-2ad0e736eade} <Debug> TCPHandler: Processed in 0.001336 sec.
2025.11.02 19:47:29.663602 [ 741 ] {} <Debug> DDLWorker: Scheduling tasks
2025.11.02 19:47:29.664234 [ 741 ] {} <Debug> DDLWorker: Will schedule 1 tasks starting from query-0000000003
2025.11.02 19:47:29.665165 [ 741 ] {} <Debug> DDLWorker: Processing task query-0000000003 (query: TRUNCATE TABLE db_truncate.tbl_truncate_local, backup restore: false)
2025.11.02 19:47:29.666245 [ 741 ] {} <Debug> DDLWorker: Executing query: TRUNCATE TABLE db_truncate.tbl_truncate_local
2025.11.02 19:47:29.666372 [ 741 ] {19fe3a41-6116-48ee-8c13-9cd00ec7979d} <Debug> executeQuery: (from 0.0.0.0:0, user: , initial_query_id: 613dd8df-f1bb-480e-ac30-81a1312a902d) /* ddl_entry=query-0000000003 */ TRUNCATE TABLE db_truncate.tbl_truncate_local (stage: Complete)
2025.11.02 19:47:29.666657 [ 741 ] {19fe3a41-6116-48ee-8c13-9cd00ec7979d} <Information> db_truncate.tbl_truncate_local (b85c4c2a-1940-4fc2-9e98-5a1438bad77a): Remove 1 parts by covering them with empty 1 parts. With txn (1, 1, 00000000-0000-0000-0000-000000000000).
2025.11.02 19:47:29.666770 [ 741 ] {19fe3a41-6116-48ee-8c13-9cd00ec7979d} <Information> db_truncate.tbl_truncate_local (b85c4c2a-1940-4fc2-9e98-5a1438bad77a): Truncated table with 1 parts by replacing them with new empty 1 parts. With txn (1, 1, 00000000-0000-0000-0000-000000000000)
2025.11.02 19:47:29.667042 [ 741 ] {19fe3a41-6116-48ee-8c13-9cd00ec7979d} <Debug> db_truncate.tbl_truncate_local (b85c4c2a-1940-4fc2-9e98-5a1438bad77a): Removing 1 parts from filesystem (serially): Parts: [2_1_1_0]
2025.11.02 19:47:29.667215 [ 741 ] {19fe3a41-6116-48ee-8c13-9cd00ec7979d} <Debug> db_truncate.tbl_truncate_local (b85c4c2a-1940-4fc2-9e98-5a1438bad77a): Removing 1 parts from memory: Parts: [2_1_1_0]
2025.11.02 19:47:29.667274 [ 741 ] {19fe3a41-6116-48ee-8c13-9cd00ec7979d} <Debug> db_truncate.tbl_truncate_local (b85c4c2a-1940-4fc2-9e98-5a1438bad77a): Removed 1 old parts
2025.11.02 19:47:29.667349 [ 741 ] {19fe3a41-6116-48ee-8c13-9cd00ec7979d} <Information> db_truncate.tbl_truncate_local (b85c4c2a-1940-4fc2-9e98-5a1438bad77a): Will drop empty part 2_1_1_1
2025.11.02 19:47:29.667577 [ 741 ] {19fe3a41-6116-48ee-8c13-9cd00ec7979d} <Debug> DDLWorker: Executed query: /* ddl_entry=query-0000000003 */ TRUNCATE TABLE db_truncate.tbl_truncate_local
2025.11.02 19:47:29.668958 [ 741 ] {} <Debug> DDLWorker: Waiting for queue updates
2025.11.02 19:47:29.722051 [ 81 ] {913139f3-45f0-4f57-a352-5462c3a8240e} <Debug> executeQuery: (from 172.19.0.5:48208, initial_query_id: 4a61a125-b7e8-42da-ba50-884382bfd013) SELECT `__table1`.`create_time` AS `create_time`, `__table1`.`y` AS `y`, `__table1`.`m` AS `m`, `__table1`.`id` AS `id`, `__table1`.`value` AS `value` FROM `db_truncate`.`tbl_truncate_local` AS `__table1` WHERE _CAST(0, 'UInt8') (stage: Complete)
2025.11.02 19:47:29.722649 [ 81 ] {913139f3-45f0-4f57-a352-5462c3a8240e} <Debug> TCPHandler: Processed in 0.000762833 sec.
2025.11.02 19:47:29.740404 [ 81 ] {ae1e1d41-fb1f-404a-b073-37866a1f99f6} <Debug> executeQuery: (from 172.19.0.5:48208, initial_query_id: 2475b7be-5071-4671-965f-151947eab1f1) SELECT count() AS `COUNT()` FROM `db_truncate`.`tbl_truncate_local` AS `__table1` WHERE _CAST(0, 'UInt8') (stage: WithMergeableState)
2025.11.02 19:47:29.740928 [ 81 ] {ae1e1d41-fb1f-404a-b073-37866a1f99f6} <Debug> TCPHandler: Processed in 0.000688917 sec.
2025.11.02 19:47:29.751722 [ 79 ] {} <Debug> HTTP-Session-ba8669ac-33c8-451c-ad88-fdb6b4aac615: Authenticating user 'default' from 172.19.0.7:36550
2025.11.02 19:47:29.751793 [ 79 ] {} <Debug> HTTP-Session-ba8669ac-33c8-451c-ad88-fdb6b4aac615: ba8669ac-33c8-451c-ad88-fdb6b4aac615 Authenticated with global context as user 94309d50-4f52-5250-31bd-74fecac179db
2025.11.02 19:47:29.751844 [ 79 ] {} <Debug> HTTP-Session-ba8669ac-33c8-451c-ad88-fdb6b4aac615: Creating session context with user_id: 94309d50-4f52-5250-31bd-74fecac179db
2025.11.02 19:47:29.752032 [ 79 ] {5c23c55c-bc7f-4fbf-9c73-14049ada0696} <Debug> executeQuery: (from 172.19.0.7:36550) SELECT partition, -- String
 partition_id, -- String
 sum(rows) AS row_count, -- UInt64
 sum(bytes_on_disk) AS size_in_bytes -- UInt64
 FROM `system`.`parts` WHERE `database`='db_truncate' AND `table`='tbl_truncate_local' AND `active`=1 GROUP BY `partition`, `partition_id` ORDER BY `partition` ASC, partition_id ASC  (stage: Complete)
2025.11.02 19:47:29.753689 [ 79 ] {5c23c55c-bc7f-4fbf-9c73-14049ada0696} <Debug> DynamicQueryHandler: Done processing query
2025.11.02 19:47:29.753754 [ 79 ] {5c23c55c-bc7f-4fbf-9c73-14049ada0696} <Debug> MemoryTracker: Query peak memory usage: 3.03 MiB.
2025.11.02 19:47:29.753821 [ 79 ] {} <Debug> HTTP-Session-ba8669ac-33c8-451c-ad88-fdb6b4aac615: ba8669ac-33c8-451c-ad88-fdb6b4aac615 Logout, user_id: 94309d50-4f52-5250-31bd-74fecac179db
2025.11.02 19:47:29.773819 [ 79 ] {} <Debug> HTTP-Session-1388b629-f2c5-448a-bb9b-1ada2c0d4aa6: Authenticating user 'default' from 172.19.0.7:36562
2025.11.02 19:47:29.773882 [ 79 ] {} <Debug> HTTP-Session-1388b629-f2c5-448a-bb9b-1ada2c0d4aa6: 1388b629-f2c5-448a-bb9b-1ada2c0d4aa6 Authenticated with global context as user 94309d50-4f52-5250-31bd-74fecac179db
2025.11.02 19:47:29.773919 [ 79 ] {} <Debug> HTTP-Session-1388b629-f2c5-448a-bb9b-1ada2c0d4aa6: Creating session context with user_id: 94309d50-4f52-5250-31bd-74fecac179db
2025.11.02 19:47:29.774068 [ 79 ] {c031c6aa-3823-4016-a0dd-4573a7a70a8a} <Debug> executeQuery: (from 172.19.0.7:36562) SELECT COUNT(*) FROM `db_truncate`.`tbl_truncate_local` WHERE (1=1) AND ((1=1) AND (1=1))  (stage: Complete)
2025.11.02 19:47:29.774540 [ 763 ] {c031c6aa-3823-4016-a0dd-4573a7a70a8a} <Debug> MergingAggregatedTransform: Read 1 blocks of partially aggregated data, total 1 rows.
2025.11.02 19:47:29.774637 [ 763 ] {c031c6aa-3823-4016-a0dd-4573a7a70a8a} <Debug> Aggregator: Converted aggregated data to blocks. 1 rows, 8.00 B in 8.209e-06 sec. (121817.517 rows/sec., 951.70 KiB/sec.)
2025.11.02 19:47:29.775457 [ 79 ] {c031c6aa-3823-4016-a0dd-4573a7a70a8a} <Debug> executeQuery: Read 1 rows, 16.00 B in 0.001439 sec., 694.9270326615706 rows/sec., 10.86 KiB/sec.
2025.11.02 19:47:29.775750 [ 79 ] {c031c6aa-3823-4016-a0dd-4573a7a70a8a} <Debug> DynamicQueryHandler: Done processing query
2025.11.02 19:47:29.775818 [ 79 ] {c031c6aa-3823-4016-a0dd-4573a7a70a8a} <Debug> MemoryTracker: Query peak memory usage: 4.02 MiB.
2025.11.02 19:47:29.775929 [ 79 ] {} <Debug> HTTP-Session-1388b629-f2c5-448a-bb9b-1ada2c0d4aa6: 1388b629-f2c5-448a-bb9b-1ada2c0d4aa6 Logout, user_id: 94309d50-4f52-5250-31bd-74fecac179db
2025.11.02 19:47:29.797830 [ 741 ] {} <Debug> DDLWorker: Scheduling tasks
2025.11.02 19:47:29.798822 [ 741 ] {} <Debug> DDLWorker: Will schedule 1 tasks starting from query-0000000004
2025.11.02 19:47:29.800427 [ 741 ] {} <Debug> DDLWorker: Processing task query-0000000004 (query: DROP TABLE IF EXISTS db_truncate.tbl_truncate, backup restore: false)
2025.11.02 19:47:29.801682 [ 741 ] {} <Debug> DDLWorker: Executing query: DROP TABLE IF EXISTS db_truncate.tbl_truncate
2025.11.02 19:47:29.801883 [ 741 ] {15951e3c-1d19-4b0f-904b-c86bda9467e4} <Debug> executeQuery: (from 0.0.0.0:0, user: , initial_query_id: 516050a8-3f4d-420c-a5b4-d9ecd74cdac9) /* ddl_entry=query-0000000004 */ DROP TABLE IF EXISTS db_truncate.tbl_truncate (stage: Complete)
2025.11.02 19:47:29.802030 [ 741 ] {15951e3c-1d19-4b0f-904b-c86bda9467e4} <Information> StorageDistributed (tbl_truncate): Flushing pending INSERT blocks
2025.11.02 19:47:29.802128 [ 741 ] {15951e3c-1d19-4b0f-904b-c86bda9467e4} <Information> StorageDistributed (tbl_truncate): Pending INSERT blocks flushed, took 0 ms.
2025.11.02 19:47:29.802303 [ 741 ] {15951e3c-1d19-4b0f-904b-c86bda9467e4} <Debug> StorageDistributed (tbl_truncate): Joining background threads for async INSERT
2025.11.02 19:47:29.802424 [ 741 ] {15951e3c-1d19-4b0f-904b-c86bda9467e4} <Debug> StorageDistributed (tbl_truncate): Background threads for async INSERT joined
2025.11.02 19:47:29.802744 [ 741 ] {15951e3c-1d19-4b0f-904b-c86bda9467e4} <Debug> DDLWorker: Executed query: /* ddl_entry=query-0000000004 */ DROP TABLE IF EXISTS db_truncate.tbl_truncate
2025.11.02 19:47:29.804045 [ 741 ] {} <Debug> DDLWorker: Waiting for queue updates
2025.11.02 19:47:29.863588 [ 741 ] {} <Debug> DDLWorker: Scheduling tasks
2025.11.02 19:47:29.864068 [ 741 ] {} <Debug> DDLWorker: Will schedule 1 tasks starting from query-0000000005
2025.11.02 19:47:29.864974 [ 741 ] {} <Debug> DDLWorker: Processing task query-0000000005 (query: DROP TABLE IF EXISTS db_truncate.tbl_truncate_local, backup restore: false)
2025.11.02 19:47:29.865570 [ 741 ] {} <Debug> DDLWorker: Executing query: DROP TABLE IF EXISTS db_truncate.tbl_truncate_local
2025.11.02 19:47:29.865661 [ 741 ] {7de27885-3a92-4caa-9a22-cfb8215e0e1e} <Debug> executeQuery: (from 0.0.0.0:0, user: , initial_query_id: f4732d21-c96f-44e0-9b20-0db1af10f541) /* ddl_entry=query-0000000005 */ DROP TABLE IF EXISTS db_truncate.tbl_truncate_local (stage: Complete)
2025.11.02 19:47:29.865904 [ 741 ] {7de27885-3a92-4caa-9a22-cfb8215e0e1e} <Debug> DDLWorker: Executed query: /* ddl_entry=query-0000000005 */ DROP TABLE IF EXISTS db_truncate.tbl_truncate_local
2025.11.02 19:47:29.867087 [ 741 ] {} <Debug> DDLWorker: Waiting for queue updates
2025.11.02 19:47:29.926754 [ 741 ] {} <Debug> DDLWorker: Scheduling tasks
2025.11.02 19:47:29.927284 [ 741 ] {} <Debug> DDLWorker: Will schedule 1 tasks starting from query-0000000006
2025.11.02 19:47:29.928044 [ 741 ] {} <Debug> DDLWorker: Processing task query-0000000006 (query: DROP DATABASE IF EXISTS db_truncate, backup restore: false)
2025.11.02 19:47:29.929300 [ 741 ] {} <Debug> DDLWorker: Executing query: DROP DATABASE IF EXISTS db_truncate
2025.11.02 19:47:29.929416 [ 741 ] {79743177-c98f-4511-81b8-94882123b116} <Debug> executeQuery: (from 0.0.0.0:0, user: , initial_query_id: 35a6e153-b603-46d5-bccb-0c1065f9ec41) /* ddl_entry=query-0000000006 */ DROP DATABASE IF EXISTS db_truncate (stage: Complete)
2025.11.02 19:47:29.929477 [ 741 ] {79743177-c98f-4511-81b8-94882123b116} <Debug> DatabaseAtomic (db_truncate): There are 0 detached tables. Start searching non used tables.
2025.11.02 19:47:29.929574 [ 741 ] {79743177-c98f-4511-81b8-94882123b116} <Debug> DatabaseAtomic (db_truncate): Found 0 non used tables in detached tables.
2025.11.02 19:47:29.929984 [ 741 ] {79743177-c98f-4511-81b8-94882123b116} <Debug> DDLWorker: Executed query: /* ddl_entry=query-0000000006 */ DROP DATABASE IF EXISTS db_truncate
2025.11.02 19:47:29.930879 [ 741 ] {} <Debug> DDLWorker: Waiting for queue updates
2025.11.02 19:47:29.990073 [ 741 ] {} <Debug> DDLWorker: Scheduling tasks
2025.11.02 19:47:29.990591 [ 741 ] {} <Debug> DDLWorker: Will schedule 1 tasks starting from query-0000000007
2025.11.02 19:47:29.991653 [ 741 ] {} <Debug> DDLWorker: Processing task query-0000000007 (query: CREATE DATABASE IF NOT EXISTS db_delete UUID '550e4696-db43-4420-8ed9-8f43d03f03c2', backup restore: false)
2025.11.02 19:47:29.992547 [ 741 ] {} <Debug> DDLWorker: Executing query: CREATE DATABASE IF NOT EXISTS db_delete UUID '550e4696-db43-4420-8ed9-8f43d03f03c2'
2025.11.02 19:47:29.992653 [ 741 ] {817efa60-d2be-42a0-9409-bc765d538c2a} <Debug> executeQuery: (from 0.0.0.0:0, user: , initial_query_id: 740b971c-9aa7-4a43-b412-94ed3e7731fa) /* ddl_entry=query-0000000007 */ CREATE DATABASE IF NOT EXISTS db_delete UUID '550e4696-db43-4420-8ed9-8f43d03f03c2' (stage: Complete)
2025.11.02 19:47:29.993577 [ 741 ] {817efa60-d2be-42a0-9409-bc765d538c2a} <Information> DatabaseAtomic (db_delete): Metadata processed, database db_delete has 0 tables and 0 dictionaries in total.
2025.11.02 19:47:29.993647 [ 741 ] {817efa60-d2be-42a0-9409-bc765d538c2a} <Information> TablesLoader: Parsed metadata of 0 tables in 1 databases in 8.0417e-05 sec
2025.11.02 19:47:29.993705 [ 741 ] {817efa60-d2be-42a0-9409-bc765d538c2a} <Debug> AsyncLoader: Prioritize load job 'startup Atomic database db_delete': BackgrndStartup -> ForegroundLoad
2025.11.02 19:47:29.993744 [ 741 ] {817efa60-d2be-42a0-9409-bc765d538c2a} <Debug> AsyncLoader: Prioritize load job 'startup Ordinary database db_delete': BackgrndStartup -> ForegroundLoad
2025.11.02 19:47:29.993827 [ 741 ] {817efa60-d2be-42a0-9409-bc765d538c2a} <Debug> AsyncLoader: Schedule load job 'startup Ordinary database db_delete' into ForegroundLoad
2025.11.02 19:47:29.993984 [ 741 ] {817efa60-d2be-42a0-9409-bc765d538c2a} <Debug> AsyncLoader: Schedule load job 'startup Atomic database db_delete' into ForegroundLoad
2025.11.02 19:47:29.994074 [ 741 ] {817efa60-d2be-42a0-9409-bc765d538c2a} <Debug> AsyncLoader: Change current priority: none -> 0
2025.11.02 19:47:29.994163 [ 741 ] {817efa60-d2be-42a0-9409-bc765d538c2a} <Debug> AsyncLoader: Spawn loader worker #1 in ForegroundLoad
2025.11.02 19:47:29.994276 [ 741 ] {817efa60-d2be-42a0-9409-bc765d538c2a} <Debug> AsyncLoader: Wait load job 'startup Atomic database db_delete' in ForegroundLoad
2025.11.02 19:47:29.994315 [ 771 ] {} <Debug> AsyncLoader: Execute load job 'startup Ordinary database db_delete' in ForegroundLoad
2025.11.02 19:47:29.994398 [ 771 ] {} <Debug> AsyncLoader: Finish load job 'startup Ordinary database db_delete' with status OK
2025.11.02 19:47:29.994456 [ 771 ] {} <Debug> AsyncLoader: Spawn loader worker #2 in ForegroundLoad
2025.11.02 19:47:29.994550 [ 771 ] {} <Debug> AsyncLoader: Execute load job 'startup Atomic database db_delete' in ForegroundLoad
2025.11.02 19:47:29.994591 [ 771 ] {} <Debug> AsyncLoader: Finish load job 'startup Atomic database db_delete' with status OK
2025.11.02 19:47:29.994654 [ 771 ] {} <Debug> AsyncLoader: Stop worker in ForegroundLoad
2025.11.02 19:47:29.994720 [ 761 ] {} <Debug> AsyncLoader: Stop worker in ForegroundLoad
2025.11.02 19:47:29.994781 [ 761 ] {} <Debug> AsyncLoader: Change current priority: 0 -> none
2025.11.02 19:47:29.994804 [ 741 ] {817efa60-d2be-42a0-9409-bc765d538c2a} <Debug> DDLWorker: Executed query: /* ddl_entry=query-0000000007 */ CREATE DATABASE IF NOT EXISTS db_delete UUID '550e4696-db43-4420-8ed9-8f43d03f03c2'
2025.11.02 19:47:29.995831 [ 741 ] {} <Debug> DDLWorker: Waiting for queue updates
2025.11.02 19:47:30.054343 [ 741 ] {} <Debug> DDLWorker: Scheduling tasks
2025.11.02 19:47:30.054895 [ 741 ] {} <Debug> DDLWorker: Will schedule 1 tasks starting from query-0000000008
2025.11.02 19:47:30.055843 [ 741 ] {} <Debug> DDLWorker: Processing task query-0000000008 (query: CREATE TABLE db_delete.tbl_delete_local UUID '09ba16bb-7769-44f8-90c5-d56416554259' (`create_time` DateTime, `y` Int32 COMMENT 'shard key', `m` Int32 COMMENT 'part key', `id` Int64 COMMENT 'sort key', `value` Nullable(String)) ENGINE = MergeTree PARTITION BY m ORDER BY id SETTINGS index_granularity = 8192, backup restore: false)
2025.11.02 19:47:30.056776 [ 741 ] {} <Debug> DDLWorker: Executing query: CREATE TABLE db_delete.tbl_delete_local UUID '09ba16bb-7769-44f8-90c5-d56416554259' (`create_time` DateTime, `y` Int32 COMMENT 'shard key', `m` Int32 COMMENT 'part key', `id` Int64 COMMENT 'sort key', `value` Nullable(String)) ENGINE = MergeTree PARTITION BY m ORDER BY id SETTINGS index_granularity = 8192
2025.11.02 19:47:30.056918 [ 741 ] {22bf68b3-e0b0-419f-9796-5b26388c664d} <Debug> executeQuery: (from 0.0.0.0:0, user: , initial_query_id: 2f2ee573-4b70-40ce-a1f5-f4836e1f5b50) /* ddl_entry=query-0000000008 */ CREATE TABLE db_delete.tbl_delete_local UUID '09ba16bb-7769-44f8-90c5-d56416554259' (`create_time` DateTime, `y` Int32 COMMENT 'shard key', `m` Int32 COMMENT 'part key', `id` Int64 COMMENT 'sort key', `value` Nullable(String)) ENGINE = MergeTree PARTITION BY m ORDER BY id SETTINGS index_granularity = 8192 (stage: Complete)
2025.11.02 19:47:30.058001 [ 741 ] {22bf68b3-e0b0-419f-9796-5b26388c664d} <Debug> db_delete.tbl_delete_local (09ba16bb-7769-44f8-90c5-d56416554259): Loading data parts
2025.11.02 19:47:30.058259 [ 741 ] {22bf68b3-e0b0-419f-9796-5b26388c664d} <Debug> db_delete.tbl_delete_local (09ba16bb-7769-44f8-90c5-d56416554259): There are no data parts
2025.11.02 19:47:30.059498 [ 741 ] {22bf68b3-e0b0-419f-9796-5b26388c664d} <Debug> DatabaseAtomic (db_delete): There are 0 detached tables. Start searching non used tables.
2025.11.02 19:47:30.059547 [ 741 ] {22bf68b3-e0b0-419f-9796-5b26388c664d} <Debug> DatabaseAtomic (db_delete): Found 0 non used tables in detached tables.
2025.11.02 19:47:30.059705 [ 741 ] {22bf68b3-e0b0-419f-9796-5b26388c664d} <Debug> DDLWorker: Executed query: /* ddl_entry=query-0000000008 */ CREATE TABLE db_delete.tbl_delete_local UUID '09ba16bb-7769-44f8-90c5-d56416554259' (`create_time` DateTime, `y` Int32 COMMENT 'shard key', `m` Int32 COMMENT 'part key', `id` Int64 COMMENT 'sort key', `value` Nullable(String)) ENGINE = MergeTree PARTITION BY m ORDER BY id SETTINGS index_granularity = 8192
2025.11.02 19:47:30.060692 [ 741 ] {} <Debug> DDLWorker: Waiting for queue updates
2025.11.02 19:47:30.115136 [ 741 ] {} <Debug> DDLWorker: Scheduling tasks
2025.11.02 19:47:30.115573 [ 741 ] {} <Debug> DDLWorker: Will schedule 1 tasks starting from query-0000000009
2025.11.02 19:47:30.116416 [ 741 ] {} <Debug> DDLWorker: Processing task query-0000000009 (query: CREATE TABLE db_delete.tbl_delete UUID '86ae22dd-64b0-4aeb-87c8-12beef8d671c' (`create_time` DateTime, `y` Int32 COMMENT 'shard key', `m` Int32 COMMENT 'part key', `id` Int64 COMMENT 'sort key', `value` Nullable(String)) ENGINE = Distributed(single_replica, 'db_delete', 'tbl_delete_local', y), backup restore: false)
2025.11.02 19:47:30.117127 [ 741 ] {} <Debug> DDLWorker: Executing query: CREATE TABLE db_delete.tbl_delete UUID '86ae22dd-64b0-4aeb-87c8-12beef8d671c' (`create_time` DateTime, `y` Int32 COMMENT 'shard key', `m` Int32 COMMENT 'part key', `id` Int64 COMMENT 'sort key', `value` Nullable(String)) ENGINE = Distributed(single_replica, 'db_delete', 'tbl_delete_local', y)
2025.11.02 19:47:30.117290 [ 741 ] {e42d312b-0da1-4175-975c-96f586cff74f} <Debug> executeQuery: (from 0.0.0.0:0, user: , initial_query_id: eb89d9d6-b368-4eb3-a493-2689d653d950) /* ddl_entry=query-0000000009 */ CREATE TABLE db_delete.tbl_delete UUID '86ae22dd-64b0-4aeb-87c8-12beef8d671c' (`create_time` DateTime, `y` Int32 COMMENT 'shard key', `m` Int32 COMMENT 'part key', `id` Int64 COMMENT 'sort key', `value` Nullable(String)) ENGINE = Distributed(single_replica, 'db_delete', 'tbl_delete_local', y) (stage: Complete)
2025.11.02 19:47:30.117644 [ 741 ] {e42d312b-0da1-4175-975c-96f586cff74f} <Debug> StorageDistributed (tbl_delete): Auto-increment is 0
2025.11.02 19:47:30.118801 [ 741 ] {e42d312b-0da1-4175-975c-96f586cff74f} <Debug> DatabaseAtomic (db_delete): There are 0 detached tables. Start searching non used tables.
2025.11.02 19:47:30.118850 [ 741 ] {e42d312b-0da1-4175-975c-96f586cff74f} <Debug> DatabaseAtomic (db_delete): Found 0 non used tables in detached tables.
2025.11.02 19:47:30.119051 [ 741 ] {e42d312b-0da1-4175-975c-96f586cff74f} <Debug> DDLWorker: Executed query: /* ddl_entry=query-0000000009 */ CREATE TABLE db_delete.tbl_delete UUID '86ae22dd-64b0-4aeb-87c8-12beef8d671c' (`create_time` DateTime, `y` Int32 COMMENT 'shard key', `m` Int32 COMMENT 'part key', `id` Int64 COMMENT 'sort key', `value` Nullable(String)) ENGINE = Distributed(single_replica, 'db_delete', 'tbl_delete_local', y)
2025.11.02 19:47:30.119758 [ 741 ] {} <Debug> DDLWorker: Waiting for queue updates
2025.11.02 19:47:30.172654 [ 81 ] {bf0ca7b0-fedf-4f6f-bd72-c1afc2b4c598} <Debug> executeQuery: (from 172.19.0.5:48208, initial_query_id: c2bb38f2-9abe-42ae-b219-9fdc78fd54b0) SELECT `__table1`.`create_time` AS `create_time`, `__table1`.`y` AS `y`, `__table1`.`m` AS `m`, `__table1`.`id` AS `id`, `__table1`.`value` AS `value` FROM `db_delete`.`tbl_delete_local` AS `__table1` WHERE _CAST(0, 'UInt8') (stage: Complete)
2025.11.02 19:47:30.173183 [ 81 ] {bf0ca7b0-fedf-4f6f-bd72-c1afc2b4c598} <Debug> TCPHandler: Processed in 0.00073025 sec.
2025.11.02 19:47:30.179213 [ 81 ] {c5868bde-3943-4c41-9d76-f09cb872d879} <Debug> executeQuery: (from 172.19.0.5:48208, initial_query_id: 97dae15b-8cd2-44b0-bd6f-8d4e2ef04530) SELECT `__table1`.`create_time` AS `create_time`, `__table1`.`y` AS `y`, `__table1`.`m` AS `m`, `__table1`.`id` AS `id`, `__table1`.`value` AS `value` FROM `db_delete`.`tbl_delete_local` AS `__table1` WHERE _CAST(0, 'UInt8') (stage: Complete)
2025.11.02 19:47:30.179799 [ 81 ] {c5868bde-3943-4c41-9d76-f09cb872d879} <Debug> TCPHandler: Processed in 0.000787709 sec.
2025.11.02 19:47:30.207464 [ 81 ] {0e6005a9-bc7e-4d23-9243-42a067bb4e30} <Debug> executeQuery: (from 172.19.0.5:48208, initial_query_id: 3669b592-ff5b-46e6-a32e-ddbf41cc287e) SELECT `__table1`.`create_time` AS `create_time`, `__table1`.`y` AS `y`, `__table1`.`m` AS `m`, `__table1`.`id` AS `id`, `__table1`.`value` AS `value` FROM `db_delete`.`tbl_delete_local` AS `__table1` WHERE _CAST(0, 'UInt8') (stage: Complete)
2025.11.02 19:47:30.208299 [ 81 ] {0e6005a9-bc7e-4d23-9243-42a067bb4e30} <Debug> TCPHandler: Processed in 0.001008 sec.
2025.11.02 19:47:30.305088 [ 773 ] {} <Debug> TCPHandler: Connected ClickHouse server version 25.3.0, revision: 54476, user: default.
2025.11.02 19:47:30.305184 [ 773 ] {} <Debug> TCP-Session-f1531546-bd25-4529-a0cd-54a0e57b0981: Authenticating user 'default' from 172.19.0.6:37758
2025.11.02 19:47:30.305271 [ 773 ] {} <Debug> TCP-Session-f1531546-bd25-4529-a0cd-54a0e57b0981: f1531546-bd25-4529-a0cd-54a0e57b0981 Authenticated with global context as user 94309d50-4f52-5250-31bd-74fecac179db
2025.11.02 19:47:30.305339 [ 773 ] {} <Debug> TCP-Session-f1531546-bd25-4529-a0cd-54a0e57b0981: Creating session context with user_id: 94309d50-4f52-5250-31bd-74fecac179db
2025.11.02 19:47:30.305988 [ 773 ] {76110197-aa71-416e-a8f2-4e4dab84b5a4} <Debug> executeQuery: (from 172.19.0.6:37758, initial_query_id: 76228cbf-732f-4c15-8126-e1934963c8dc) INSERT INTO db_delete.tbl_delete_local (create_time, y, m, id, value) VALUES (stage: Complete)
2025.11.02 19:47:30.306698 [ 773 ] {76110197-aa71-416e-a8f2-4e4dab84b5a4} <Debug> executeQuery: Read 1 rows, 31.00 B in 0.000752 sec., 1329.7872340425533 rows/sec., 40.26 KiB/sec.
2025.11.02 19:47:30.306820 [ 773 ] {76110197-aa71-416e-a8f2-4e4dab84b5a4} <Debug> MemoryTracker: Query peak memory usage: 4.29 MiB.
2025.11.02 19:47:30.306941 [ 773 ] {76110197-aa71-416e-a8f2-4e4dab84b5a4} <Debug> TCPHandler: Processed in 0.001141375 sec.
2025.11.02 19:47:30.376911 [ 81 ] {84b9975d-3f6f-4f48-b2ea-6369da37ad72} <Debug> executeQuery: (from 172.19.0.5:48208, initial_query_id: ea8325e6-5e8e-4dcb-8bc7-348b955a32d1) SELECT `__table1`.`create_time` AS `create_time`, `__table1`.`y` AS `y`, `__table1`.`m` AS `m`, `__table1`.`id` AS `id`, `__table1`.`value` AS `value` FROM `db_delete`.`tbl_delete_local` AS `__table1` WHERE _CAST(0, 'UInt8') (stage: Complete)
2025.11.02 19:47:30.377389 [ 81 ] {84b9975d-3f6f-4f48-b2ea-6369da37ad72} <Debug> db_delete.tbl_delete_local (09ba16bb-7769-44f8-90c5-d56416554259) (SelectExecutor): Selected 0/0 parts by partition key, 0 parts by primary key, 0/0 marks by primary key, 0 marks to read from 0 ranges
2025.11.02 19:47:30.377798 [ 81 ] {84b9975d-3f6f-4f48-b2ea-6369da37ad72} <Debug> TCPHandler: Processed in 0.001072333 sec.
2025.11.02 19:47:30.400160 [ 81 ] {7cc86e50-0b87-4ca0-ac62-7f25d3a26aa3} <Debug> executeQuery: (from 172.19.0.5:48208, initial_query_id: 9bc95791-b906-41ba-8e5f-ee39f2686915) SELECT count() AS `COUNT()` FROM `db_delete`.`tbl_delete_local` AS `__table1` WHERE _CAST(0, 'UInt8') (stage: WithMergeableState)
2025.11.02 19:47:30.400504 [ 81 ] {7cc86e50-0b87-4ca0-ac62-7f25d3a26aa3} <Debug> db_delete.tbl_delete_local (09ba16bb-7769-44f8-90c5-d56416554259) (SelectExecutor): Selected 0/0 parts by partition key, 0 parts by primary key, 0/0 marks by primary key, 0 marks to read from 0 ranges
2025.11.02 19:47:30.405968 [ 81 ] {7cc86e50-0b87-4ca0-ac62-7f25d3a26aa3} <Debug> TCPHandler: Processed in 0.005956166 sec.
2025.11.02 19:47:30.417300 [ 79 ] {} <Debug> HTTP-Session-ed47cca5-96e4-4efe-8e2e-571bd1623b75: Authenticating user 'default' from 172.19.0.7:36568
2025.11.02 19:47:30.417376 [ 79 ] {} <Debug> HTTP-Session-ed47cca5-96e4-4efe-8e2e-571bd1623b75: ed47cca5-96e4-4efe-8e2e-571bd1623b75 Authenticated with global context as user 94309d50-4f52-5250-31bd-74fecac179db
2025.11.02 19:47:30.417419 [ 79 ] {} <Debug> HTTP-Session-ed47cca5-96e4-4efe-8e2e-571bd1623b75: Creating session context with user_id: 94309d50-4f52-5250-31bd-74fecac179db
2025.11.02 19:47:30.417601 [ 79 ] {4167de37-9389-49c3-829b-b2f23f48b0d1} <Debug> executeQuery: (from 172.19.0.7:36568) SELECT partition, -- String
 partition_id, -- String
 sum(rows) AS row_count, -- UInt64
 sum(bytes_on_disk) AS size_in_bytes -- UInt64
 FROM `system`.`parts` WHERE `database`='db_delete' AND `table`='tbl_delete_local' AND `active`=1 GROUP BY `partition`, `partition_id` ORDER BY `partition` ASC, partition_id ASC  (stage: Complete)
2025.11.02 19:47:30.419102 [ 79 ] {4167de37-9389-49c3-829b-b2f23f48b0d1} <Debug> executeQuery: Read 1 rows, 80.00 B in 0.001577 sec., 634.1154090044388 rows/sec., 49.54 KiB/sec.
2025.11.02 19:47:30.419412 [ 79 ] {4167de37-9389-49c3-829b-b2f23f48b0d1} <Debug> DynamicQueryHandler: Done processing query
2025.11.02 19:47:30.419473 [ 79 ] {4167de37-9389-49c3-829b-b2f23f48b0d1} <Debug> MemoryTracker: Query peak memory usage: 4.02 MiB.
2025.11.02 19:47:30.419534 [ 79 ] {} <Debug> HTTP-Session-ed47cca5-96e4-4efe-8e2e-571bd1623b75: ed47cca5-96e4-4efe-8e2e-571bd1623b75 Logout, user_id: 94309d50-4f52-5250-31bd-74fecac179db
2025.11.02 19:47:30.439505 [ 79 ] {} <Debug> HTTP-Session-c84f3211-a967-4040-bb54-72d62770c86a: Authenticating user 'default' from 172.19.0.7:36574
2025.11.02 19:47:30.439553 [ 79 ] {} <Debug> HTTP-Session-c84f3211-a967-4040-bb54-72d62770c86a: c84f3211-a967-4040-bb54-72d62770c86a Authenticated with global context as user 94309d50-4f52-5250-31bd-74fecac179db
2025.11.02 19:47:30.439582 [ 79 ] {} <Debug> HTTP-Session-c84f3211-a967-4040-bb54-72d62770c86a: Creating session context with user_id: 94309d50-4f52-5250-31bd-74fecac179db
2025.11.02 19:47:30.439718 [ 79 ] {2a4efa37-6c6b-44c8-a1eb-d94f4b5cfa9f} <Debug> executeQuery: (from 172.19.0.7:36574) SELECT COUNT(*) FROM `db_delete`.`tbl_delete_local` WHERE (_partition_id = '2') AND ((1=1) AND (1=1))  (stage: Complete)
2025.11.02 19:47:30.440964 [ 79 ] {2a4efa37-6c6b-44c8-a1eb-d94f4b5cfa9f} <Debug> executeQuery: Read 1 rows, 44.00 B in 0.001298 sec., 770.4160246533129 rows/sec., 33.10 KiB/sec.
2025.11.02 19:47:30.441335 [ 79 ] {2a4efa37-6c6b-44c8-a1eb-d94f4b5cfa9f} <Debug> DynamicQueryHandler: Done processing query
2025.11.02 19:47:30.441560 [ 79 ] {2a4efa37-6c6b-44c8-a1eb-d94f4b5cfa9f} <Debug> MemoryTracker: Query peak memory usage: 4.03 MiB.
2025.11.02 19:47:30.441636 [ 79 ] {} <Debug> HTTP-Session-c84f3211-a967-4040-bb54-72d62770c86a: c84f3211-a967-4040-bb54-72d62770c86a Logout, user_id: 94309d50-4f52-5250-31bd-74fecac179db
2025.11.02 19:47:30.461260 [ 81 ] {bd1eec7c-5d19-4020-83f4-ccfbe6ea275b} <Debug> executeQuery: (from 172.19.0.5:48208, initial_query_id: c5b239c0-ea23-41d3-84fd-8c4afa7ffa8e) SELECT `__table1`.`create_time` AS `create_time`, `__table1`.`y` AS `y`, `__table1`.`m` AS `m`, `__table1`.`id` AS `id`, `__table1`.`value` AS `value` FROM `db_delete`.`tbl_delete_local` AS `__table1` WHERE _CAST(0, 'UInt8') (stage: Complete)
2025.11.02 19:47:30.461663 [ 81 ] {bd1eec7c-5d19-4020-83f4-ccfbe6ea275b} <Debug> db_delete.tbl_delete_local (09ba16bb-7769-44f8-90c5-d56416554259) (SelectExecutor): Selected 0/0 parts by partition key, 0 parts by primary key, 0/0 marks by primary key, 0 marks to read from 0 ranges
2025.11.02 19:47:30.462433 [ 81 ] {bd1eec7c-5d19-4020-83f4-ccfbe6ea275b} <Debug> TCPHandler: Processed in 0.001346959 sec.
2025.11.02 19:47:30.504080 [ 79 ] {} <Debug> HTTP-Session-176ef7c7-65bf-41a1-93b9-c8cc2137c79f: Authenticating user 'default' from 172.19.0.7:36580
2025.11.02 19:47:30.504165 [ 79 ] {} <Debug> HTTP-Session-176ef7c7-65bf-41a1-93b9-c8cc2137c79f: 176ef7c7-65bf-41a1-93b9-c8cc2137c79f Authenticated with global context as user 94309d50-4f52-5250-31bd-74fecac179db
2025.11.02 19:47:30.504226 [ 79 ] {} <Debug> HTTP-Session-176ef7c7-65bf-41a1-93b9-c8cc2137c79f: Creating session context with user_id: 94309d50-4f52-5250-31bd-74fecac179db
2025.11.02 19:47:30.504440 [ 79 ] {f20b95f3-1d7d-4e02-9ad8-27665b5e8f22} <Debug> executeQuery: (from 172.19.0.7:36580) SELECT partition, -- String
 partition_id, -- String
 sum(rows) AS row_count, -- UInt64
 sum(bytes_on_disk) AS size_in_bytes -- UInt64
 FROM `system`.`parts` WHERE `database`='db_delete' AND `table`='tbl_delete_local' AND `active`=1 GROUP BY `partition`, `partition_id` ORDER BY `partition` ASC, partition_id ASC  (stage: Complete)
2025.11.02 19:47:30.512529 [ 79 ] {f20b95f3-1d7d-4e02-9ad8-27665b5e8f22} <Debug> executeQuery: Read 1 rows, 80.00 B in 0.008174 sec., 122.33912405187178 rows/sec., 9.56 KiB/sec.
2025.11.02 19:47:30.512989 [ 79 ] {f20b95f3-1d7d-4e02-9ad8-27665b5e8f22} <Debug> DynamicQueryHandler: Done processing query
2025.11.02 19:47:30.513083 [ 79 ] {f20b95f3-1d7d-4e02-9ad8-27665b5e8f22} <Debug> MemoryTracker: Query peak memory usage: 4.02 MiB.
2025.11.02 19:47:30.513157 [ 79 ] {} <Debug> HTTP-Session-176ef7c7-65bf-41a1-93b9-c8cc2137c79f: 176ef7c7-65bf-41a1-93b9-c8cc2137c79f Logout, user_id: 94309d50-4f52-5250-31bd-74fecac179db
2025.11.02 19:47:30.534322 [ 741 ] {} <Debug> DDLWorker: Scheduling tasks
2025.11.02 19:47:30.534728 [ 741 ] {} <Debug> DDLWorker: Will schedule 1 tasks starting from query-0000000010
2025.11.02 19:47:30.535530 [ 741 ] {} <Debug> DDLWorker: Processing task query-0000000010 (query: ALTER TABLE db_delete.tbl_delete_local (DELETE WHERE (1 = 1) AND (m = 1)), backup restore: false)
2025.11.02 19:47:30.536198 [ 741 ] {} <Debug> DDLWorker: Executing query: ALTER TABLE db_delete.tbl_delete_local (DELETE WHERE (1 = 1) AND (m = 1))
2025.11.02 19:47:30.536359 [ 741 ] {29417d46-bd8b-4c2a-be98-e2aafeb4a25a} <Debug> executeQuery: (from 0.0.0.0:0, user: , initial_query_id: 5cfcedf4-8b8f-496f-adb3-94ff477b2258) /* ddl_entry=query-0000000010 */ ALTER TABLE db_delete.tbl_delete_local (DELETE WHERE (1 = 1) AND (m = 1)) (stage: Complete)
2025.11.02 19:47:30.538235 [ 741 ] {29417d46-bd8b-4c2a-be98-e2aafeb4a25a} <Information> db_delete.tbl_delete_local (09ba16bb-7769-44f8-90c5-d56416554259): Added mutation: mutation_2.txt
2025.11.02 19:47:30.538330 [ 741 ] {29417d46-bd8b-4c2a-be98-e2aafeb4a25a} <Information> db_delete.tbl_delete_local (09ba16bb-7769-44f8-90c5-d56416554259): Waiting mutation: mutation_2.txt
2025.11.02 19:47:30.539340 [ 652 ] {09ba16bb-7769-44f8-90c5-d56416554259::2_1_1_0_2} <Debug> db_delete.tbl_delete_local (09ba16bb-7769-44f8-90c5-d56416554259) (SelectExecutor): Key condition: true, unknown, and
2025.11.02 19:47:30.539459 [ 652 ] {09ba16bb-7769-44f8-90c5-d56416554259::2_1_1_0_2} <Debug> db_delete.tbl_delete_local (09ba16bb-7769-44f8-90c5-d56416554259) (SelectExecutor): MinMax index condition: true, (column 0 in [1, 1]), and
2025.11.02 19:47:30.539516 [ 652 ] {09ba16bb-7769-44f8-90c5-d56416554259::2_1_1_0_2} <Debug> db_delete.tbl_delete_local (09ba16bb-7769-44f8-90c5-d56416554259) (SelectExecutor): PK index has dropped 0/0 granules, it took 0ms across 0 threads.
2025.11.02 19:47:30.539585 [ 652 ] {09ba16bb-7769-44f8-90c5-d56416554259::2_1_1_0_2} <Debug> db_delete.tbl_delete_local (09ba16bb-7769-44f8-90c5-d56416554259) (SelectExecutor): Selected 0/1 parts by partition key, 0 parts by primary key, 0/0 marks by primary key, 0 marks to read from 0 ranges
2025.11.02 19:47:30.540625 [ 652 ] {09ba16bb-7769-44f8-90c5-d56416554259::2_1_1_0_2} <Debug> db_delete.tbl_delete_local (09ba16bb-7769-44f8-90c5-d56416554259): Clone part /var/lib/clickhouse/store/09b/09ba16bb-7769-44f8-90c5-d56416554259/2_1_1_0/ to /var/lib/clickhouse/store/09b/09ba16bb-7769-44f8-90c5-d56416554259/tmp_clone_2_1_1_0_2
2025.11.02 19:47:30.540799 [ 652 ] {09ba16bb-7769-44f8-90c5-d56416554259::2_1_1_0_2} <Debug> db_delete.tbl_delete_local (09ba16bb-7769-44f8-90c5-d56416554259): Loaded metadata version 0
2025.11.02 19:47:30.541411 [ 741 ] {29417d46-bd8b-4c2a-be98-e2aafeb4a25a} <Information> db_delete.tbl_delete_local (09ba16bb-7769-44f8-90c5-d56416554259): Mutation mutation_2.txt done
2025.11.02 19:47:30.541660 [ 741 ] {29417d46-bd8b-4c2a-be98-e2aafeb4a25a} <Debug> DDLWorker: Executed query: /* ddl_entry=query-0000000010 */ ALTER TABLE db_delete.tbl_delete_local (DELETE WHERE (1 = 1) AND (m = 1))
2025.11.02 19:47:30.543118 [ 741 ] {} <Debug> DDLWorker: Waiting for queue updates
2025.11.02 19:47:30.592641 [ 81 ] {e6fb3394-1076-405a-ae68-c712e76fad41} <Debug> executeQuery: (from 172.19.0.5:48208, initial_query_id: a33f23e9-22b8-4aa2-b520-3dbebc5179f8) SELECT `__table1`.`create_time` AS `create_time`, `__table1`.`y` AS `y`, `__table1`.`m` AS `m`, `__table1`.`id` AS `id`, `__table1`.`value` AS `value` FROM `db_delete`.`tbl_delete_local` AS `__table1` WHERE _CAST(0, 'UInt8') (stage: Complete)
2025.11.02 19:47:30.592997 [ 81 ] {e6fb3394-1076-405a-ae68-c712e76fad41} <Debug> db_delete.tbl_delete_local (09ba16bb-7769-44f8-90c5-d56416554259) (SelectExecutor): Selected 0/0 parts by partition key, 0 parts by primary key, 0/0 marks by primary key, 0 marks to read from 0 ranges
2025.11.02 19:47:30.593408 [ 81 ] {e6fb3394-1076-405a-ae68-c712e76fad41} <Debug> TCPHandler: Processed in 0.000942042 sec.
2025.11.02 19:47:30.610828 [ 81 ] {4cea3723-1b1b-4917-ab52-ca5c265872c5} <Debug> executeQuery: (from 172.19.0.5:48208, initial_query_id: e5e05166-1329-472d-b098-1cae60ceb57d) SELECT count() AS `COUNT()` FROM `db_delete`.`tbl_delete_local` AS `__table1` WHERE _CAST(0, 'UInt8') (stage: WithMergeableState)
2025.11.02 19:47:30.611244 [ 81 ] {4cea3723-1b1b-4917-ab52-ca5c265872c5} <Debug> db_delete.tbl_delete_local (09ba16bb-7769-44f8-90c5-d56416554259) (SelectExecutor): Selected 0/0 parts by partition key, 0 parts by primary key, 0/0 marks by primary key, 0 marks to read from 0 ranges
2025.11.02 19:47:30.611628 [ 81 ] {4cea3723-1b1b-4917-ab52-ca5c265872c5} <Debug> TCPHandler: Processed in 0.000992791 sec.
2025.11.02 19:47:30.622087 [ 79 ] {} <Debug> HTTP-Session-ef31d5e1-172d-44bb-9cd7-8dec652a9665: Authenticating user 'default' from 172.19.0.7:36590
2025.11.02 19:47:30.622162 [ 79 ] {} <Debug> HTTP-Session-ef31d5e1-172d-44bb-9cd7-8dec652a9665: ef31d5e1-172d-44bb-9cd7-8dec652a9665 Authenticated with global context as user 94309d50-4f52-5250-31bd-74fecac179db
2025.11.02 19:47:30.622214 [ 79 ] {} <Debug> HTTP-Session-ef31d5e1-172d-44bb-9cd7-8dec652a9665: Creating session context with user_id: 94309d50-4f52-5250-31bd-74fecac179db
2025.11.02 19:47:30.622421 [ 79 ] {d9e9e8b2-7b97-4526-87e9-3c9710b67a66} <Debug> executeQuery: (from 172.19.0.7:36590) SELECT partition, -- String
 partition_id, -- String
 sum(rows) AS row_count, -- UInt64
 sum(bytes_on_disk) AS size_in_bytes -- UInt64
 FROM `system`.`parts` WHERE `database`='db_delete' AND `table`='tbl_delete_local' AND `active`=1 GROUP BY `partition`, `partition_id` ORDER BY `partition` ASC, partition_id ASC  (stage: Complete)
2025.11.02 19:47:30.623926 [ 79 ] {d9e9e8b2-7b97-4526-87e9-3c9710b67a66} <Debug> executeQuery: Read 1 rows, 80.00 B in 0.001565 sec., 638.9776357827476 rows/sec., 49.92 KiB/sec.
2025.11.02 19:47:30.624227 [ 79 ] {d9e9e8b2-7b97-4526-87e9-3c9710b67a66} <Debug> DynamicQueryHandler: Done processing query
2025.11.02 19:47:30.624338 [ 79 ] {d9e9e8b2-7b97-4526-87e9-3c9710b67a66} <Debug> MemoryTracker: Query peak memory usage: 4.01 MiB.
2025.11.02 19:47:30.624402 [ 79 ] {} <Debug> HTTP-Session-ef31d5e1-172d-44bb-9cd7-8dec652a9665: ef31d5e1-172d-44bb-9cd7-8dec652a9665 Logout, user_id: 94309d50-4f52-5250-31bd-74fecac179db
2025.11.02 19:47:30.644457 [ 79 ] {} <Debug> HTTP-Session-ebf40a2a-0fcf-49c4-bc30-2b3e1d3b4961: Authenticating user 'default' from 172.19.0.7:36604
2025.11.02 19:47:30.644533 [ 79 ] {} <Debug> HTTP-Session-ebf40a2a-0fcf-49c4-bc30-2b3e1d3b4961: ebf40a2a-0fcf-49c4-bc30-2b3e1d3b4961 Authenticated with global context as user 94309d50-4f52-5250-31bd-74fecac179db
2025.11.02 19:47:30.644572 [ 79 ] {} <Debug> HTTP-Session-ebf40a2a-0fcf-49c4-bc30-2b3e1d3b4961: Creating session context with user_id: 94309d50-4f52-5250-31bd-74fecac179db
2025.11.02 19:47:30.644733 [ 79 ] {436270d6-b907-4eb8-8233-6f9c1ee56ce8} <Debug> executeQuery: (from 172.19.0.7:36604) SELECT COUNT(*) FROM `db_delete`.`tbl_delete_local` WHERE (_partition_id = '2') AND ((1=1) AND (1=1))  (stage: Complete)
2025.11.02 19:47:30.646051 [ 79 ] {436270d6-b907-4eb8-8233-6f9c1ee56ce8} <Debug> executeQuery: Read 1 rows, 44.00 B in 0.001378 sec., 725.6894049346879 rows/sec., 31.18 KiB/sec.
2025.11.02 19:47:30.646416 [ 79 ] {436270d6-b907-4eb8-8233-6f9c1ee56ce8} <Debug> DynamicQueryHandler: Done processing query
2025.11.02 19:47:30.646459 [ 79 ] {436270d6-b907-4eb8-8233-6f9c1ee56ce8} <Debug> MemoryTracker: Query peak memory usage: 4.03 MiB.
2025.11.02 19:47:30.646556 [ 79 ] {} <Debug> HTTP-Session-ebf40a2a-0fcf-49c4-bc30-2b3e1d3b4961: ebf40a2a-0fcf-49c4-bc30-2b3e1d3b4961 Logout, user_id: 94309d50-4f52-5250-31bd-74fecac179db
2025.11.02 19:47:30.668643 [ 741 ] {} <Debug> DDLWorker: Scheduling tasks
2025.11.02 19:47:30.669394 [ 741 ] {} <Debug> DDLWorker: Will schedule 1 tasks starting from query-0000000011
2025.11.02 19:47:30.671331 [ 741 ] {} <Debug> DDLWorker: Processing task query-0000000011 (query: DROP TABLE IF EXISTS db_delete.tbl_delete, backup restore: false)
2025.11.02 19:47:30.672390 [ 741 ] {} <Debug> DDLWorker: Executing query: DROP TABLE IF EXISTS db_delete.tbl_delete
2025.11.02 19:47:30.672501 [ 741 ] {3b33131d-a35b-49cd-82fd-ed5a52427c1a} <Debug> executeQuery: (from 0.0.0.0:0, user: , initial_query_id: 62c79b78-d678-479d-a446-84bddcb02c3e) /* ddl_entry=query-0000000011 */ DROP TABLE IF EXISTS db_delete.tbl_delete (stage: Complete)
2025.11.02 19:47:30.672593 [ 741 ] {3b33131d-a35b-49cd-82fd-ed5a52427c1a} <Information> StorageDistributed (tbl_delete): Flushing pending INSERT blocks
2025.11.02 19:47:30.672649 [ 741 ] {3b33131d-a35b-49cd-82fd-ed5a52427c1a} <Information> StorageDistributed (tbl_delete): Pending INSERT blocks flushed, took 0 ms.
2025.11.02 19:47:30.672745 [ 741 ] {3b33131d-a35b-49cd-82fd-ed5a52427c1a} <Debug> StorageDistributed (tbl_delete): Joining background threads for async INSERT
2025.11.02 19:47:30.672882 [ 741 ] {3b33131d-a35b-49cd-82fd-ed5a52427c1a} <Debug> StorageDistributed (tbl_delete): Background threads for async INSERT joined
2025.11.02 19:47:30.673345 [ 741 ] {3b33131d-a35b-49cd-82fd-ed5a52427c1a} <Debug> DDLWorker: Executed query: /* ddl_entry=query-0000000011 */ DROP TABLE IF EXISTS db_delete.tbl_delete
2025.11.02 19:47:30.674521 [ 741 ] {} <Debug> DDLWorker: Waiting for queue updates
2025.11.02 19:47:30.730928 [ 741 ] {} <Debug> DDLWorker: Scheduling tasks
2025.11.02 19:47:30.731311 [ 741 ] {} <Debug> DDLWorker: Will schedule 1 tasks starting from query-0000000012
2025.11.02 19:47:30.732011 [ 741 ] {} <Debug> DDLWorker: Processing task query-0000000012 (query: DROP TABLE IF EXISTS db_delete.tbl_delete_local, backup restore: false)
2025.11.02 19:47:30.733088 [ 741 ] {} <Debug> DDLWorker: Executing query: DROP TABLE IF EXISTS db_delete.tbl_delete_local
2025.11.02 19:47:30.733210 [ 741 ] {fa9c29ca-78a1-49fe-b5e4-d2004e689910} <Debug> executeQuery: (from 0.0.0.0:0, user: , initial_query_id: 89418763-236e-40ca-a040-9a3eeb8cb3b0) /* ddl_entry=query-0000000012 */ DROP TABLE IF EXISTS db_delete.tbl_delete_local (stage: Complete)
2025.11.02 19:47:30.733388 [ 741 ] {fa9c29ca-78a1-49fe-b5e4-d2004e689910} <Debug> DDLWorker: Executed query: /* ddl_entry=query-0000000012 */ DROP TABLE IF EXISTS db_delete.tbl_delete_local
2025.11.02 19:47:30.734304 [ 741 ] {} <Debug> DDLWorker: Waiting for queue updates
2025.11.02 19:47:30.795907 [ 741 ] {} <Debug> DDLWorker: Scheduling tasks
2025.11.02 19:47:30.796497 [ 741 ] {} <Debug> DDLWorker: Will schedule 1 tasks starting from query-0000000013
2025.11.02 19:47:30.797230 [ 741 ] {} <Debug> DDLWorker: Processing task query-0000000013 (query: DROP DATABASE IF EXISTS db_delete, backup restore: false)
2025.11.02 19:47:30.798636 [ 741 ] {} <Debug> DDLWorker: Executing query: DROP DATABASE IF EXISTS db_delete
2025.11.02 19:47:30.798754 [ 741 ] {f9c20dd1-1dcc-4ca8-9479-90cf048880e4} <Debug> executeQuery: (from 0.0.0.0:0, user: , initial_query_id: 129eabae-88fe-429b-b4f6-b023857193a5) /* ddl_entry=query-0000000013 */ DROP DATABASE IF EXISTS db_delete (stage: Complete)
2025.11.02 19:47:30.798847 [ 741 ] {f9c20dd1-1dcc-4ca8-9479-90cf048880e4} <Debug> DatabaseAtomic (db_delete): There are 0 detached tables. Start searching non used tables.
2025.11.02 19:47:30.799018 [ 741 ] {f9c20dd1-1dcc-4ca8-9479-90cf048880e4} <Debug> DatabaseAtomic (db_delete): Found 0 non used tables in detached tables.
2025.11.02 19:47:30.799308 [ 741 ] {f9c20dd1-1dcc-4ca8-9479-90cf048880e4} <Debug> DDLWorker: Executed query: /* ddl_entry=query-0000000013 */ DROP DATABASE IF EXISTS db_delete
2025.11.02 19:47:30.799966 [ 741 ] {} <Debug> DDLWorker: Waiting for queue updates
2025.11.02 19:47:31.500187 [ 78 ] {} <Information> Application: Received termination signal (Terminated)
2025.11.02 19:47:31.500306 [ 1 ] {} <Debug> Application: Received termination signal.
2025.11.02 19:47:31.500503 [ 1 ] {} <Debug> Application: Waiting for current connections to close.
2025.11.02 19:47:31.501113 [ 1 ] {} <Warning> Application: Closed all listening sockets. Waiting for 3 outstanding connections.
2025.11.02 19:47:31.597526 [ 81 ] {} <Debug> TCPHandler: Done processing connection.
2025.11.02 19:47:31.597656 [ 81 ] {} <Debug> TCP-Session-8597cd54-8a1f-422f-a95b-30868a37ca69: 8597cd54-8a1f-422f-a95b-30868a37ca69 Logout, user_id: 94309d50-4f52-5250-31bd-74fecac179db
2025.11.02 19:47:34.431349 [ 1 ] {} <Information> SentryWriter: Sending crash reports is disabled
2025.11.02 19:47:34.459726 [ 1 ] {} <Information> Application: Starting ClickHouse 25.3.7.194 (revision: 54502, git hash: 36637934778b7d39b37f378d258359dd6ffdd110, build id: E09B0ADBF9AF0530703B179DBA02705D5DF508C0), PID 1
2025.11.02 19:47:34.459845 [ 1 ] {} <Information> Application: starting up
2025.11.02 19:47:34.459918 [ 1 ] {} <Information> Application: OS name: Linux, version: 6.10.14-linuxkit, architecture: aarch64
2025.11.02 19:47:34.460035 [ 1 ] {} <Information> Jemalloc: Value for background_thread set to true (from true)
2025.11.02 19:47:34.461517 [ 1 ] {} <Information> Application: Available RAM: 7.65 GiB; logical cores: 14; used cores: 14.
2025.11.02 19:47:34.461879 [ 1 ] {} <Information> CgroupsReader: Will create cgroup reader from '/sys/fs/cgroup/' (cgroups version: v2)
2025.11.02 19:47:34.463888 [ 1 ] {} <Warning> Application: Integrity check of the executable skipped because the reference checksum could not be read.
2025.11.02 19:47:34.464013 [ 1 ] {} <Information> Application: It looks like the process has no CAP_IPC_LOCK capability, binary mlock will be disabled. It could happen due to incorrect ClickHouse package installation. You could resolve the problem manually with 'sudo setcap cap_ipc_lock=+ep /usr/bin/clickhouse'. Note that it will not work on 'nosuid' mounted filesystems.
2025.11.02 19:47:34.464177 [ 1 ] {} <Information> MemoryWorker: Starting background memory thread with period of 50ms, using Cgroups as source
2025.11.02 19:47:34.464240 [ 1 ] {} <Information> BackgroundSchedulePool/BgSchPool: Create BackgroundSchedulePool with 512 threads
2025.11.02 19:47:34.483018 [ 1 ] {} <Debug> Application: rlimit on number of file descriptors is 1048576
2025.11.02 19:47:34.483111 [ 1 ] {} <Debug> Application: rlimit on number of threads is 18446744073709551615
2025.11.02 19:47:34.483153 [ 1 ] {} <Debug> Application: Initializing DateLUT.
2025.11.02 19:47:34.483212 [ 1 ] {} <Debug> Context: Setting up /var/lib/clickhouse/tmp/ to store temporary data in it
2025.11.02 19:47:34.483324 [ 1 ] {} <Debug> Application: Initializing interserver credentials.
2025.11.02 19:47:34.483365 [ 1 ] {} <Information> Application: Lowered uncompressed cache size to 3.83 GiB because the system has limited RAM
2025.11.02 19:47:34.483407 [ 1 ] {} <Information> Application: Lowered mark cache size to 3.83 GiB because the system has limited RAM
2025.11.02 19:47:34.483440 [ 1 ] {} <Information> Application: Lowered primary index cache size to 3.83 GiB because the system has limited RAM
2025.11.02 19:47:34.483482 [ 1 ] {} <Information> Application: Lowered index mark cache size to 3.83 GiB because the system has limited RAM
2025.11.02 19:47:34.483579 [ 1 ] {} <Debug> FileCacheFactory: Will load 0 caches from default cache config
2025.11.02 19:47:34.483945 [ 1 ] {} <Debug> ConfigReloader: Loading config '/etc/clickhouse-server/config.xml'
2025.11.02 19:47:34.484050 [ 1 ] {} <Debug> ConfigProcessor: Processing configuration file '/etc/clickhouse-server/config.xml'.
2025.11.02 19:47:34.484685 [ 1 ] {} <Debug> ConfigProcessor: Merging configuration file '/etc/clickhouse-server/config.d/docker_related_config.xml'.
2025.11.02 19:47:34.484781 [ 1 ] {} <Debug> ConfigProcessor: Merging configuration file '/etc/clickhouse-server/config.d/interserver_http_host.xml'.
2025.11.02 19:47:34.485531 [ 1 ] {} <Debug> ConfigProcessor: Merging configuration file '/etc/clickhouse-server/config.d/macros.xml'.
2025.11.02 19:47:34.486068 [ 1 ] {} <Debug> ConfigProcessor: Merging configuration file '/etc/clickhouse-server/config.d/remote_servers.xml'.
2025.11.02 19:47:34.486653 [ 1 ] {} <Debug> ConfigProcessor: Merging configuration file '/etc/clickhouse-server/config.d/zookeeper.xml'.
2025.11.02 19:47:34.487421 [ 1 ] {} <Debug> ConfigProcessor: Saved preprocessed configuration to '/var/lib/clickhouse/preprocessed_configs/config.xml'.
2025.11.02 19:47:34.487681 [ 1 ] {} <Debug> ConfigReloader: Loaded config '/etc/clickhouse-server/config.xml', performing update on configuration
2025.11.02 19:47:34.488400 [ 1 ] {} <Information> Application: Changed setting 'max_server_memory_usage' to 6.89 GiB (7.65 GiB available memory * 0.90 max_server_memory_usage_to_ram_ratio)
2025.11.02 19:47:34.488480 [ 1 ] {} <Information> Application: Setting merges_mutations_memory_usage_soft_limit was set to 3.83 GiB (7.65 GiB available * 0.50 merges_mutations_memory_usage_to_ram_ratio)
2025.11.02 19:47:34.488628 [ 1 ] {} <Information> Application: Merges and mutations memory limit is set to 3.83 GiB
2025.11.02 19:47:34.489627 [ 1 ] {} <Information> Application: Setting max_remote_read_network_bandwidth_for_server was set to 0
2025.11.02 19:47:34.489739 [ 1 ] {} <Information> Application: Setting max_remote_write_network_bandwidth_for_server was set to 0
2025.11.02 19:47:34.489915 [ 1 ] {} <Information> Application: Setting max_local_read_bandwidth_for_server was set to 0
2025.11.02 19:47:34.490059 [ 1 ] {} <Information> Application: Setting max_local_write_bandwidth_for_server was set to 0
2025.11.02 19:47:34.490200 [ 1 ] {} <Information> Application: ConcurrencyControl limit is set to UNLIMITED CPU slots with 'round_robin' scheduler
2025.11.02 19:47:34.490392 [ 1 ] {} <Information> BackgroundSchedulePool/BgBufSchPool: Create BackgroundSchedulePool with 16 threads
2025.11.02 19:47:34.491451 [ 1 ] {} <Information> BackgroundSchedulePool/BgMBSchPool: Create BackgroundSchedulePool with 16 threads
2025.11.02 19:47:34.492245 [ 1 ] {} <Information> BackgroundSchedulePool/BgDistSchPool: Create BackgroundSchedulePool with 16 threads
2025.11.02 19:47:34.493252 [ 1 ] {} <Debug> ConfigReloader: Loaded config '/etc/clickhouse-server/config.xml', performed update on configuration
2025.11.02 19:47:34.493437 [ 1 ] {} <Warning> Application: Listen [::]:9009 failed: Poco::Exception. Code: 1000, e.code() = 0, DNS error: EAI: Address family for hostname not supported (version 25.3.7.194 (official build)). If it is an IPv6 or IPv4 address and your host has disabled IPv6 or IPv4, then consider to specify not disabled IPv4 or IPv6 address to listen in <listen_host> element of configuration file. Example for disabled IPv6: <listen_host>0.0.0.0</listen_host> . Example for disabled IPv4: <listen_host>::</listen_host>
2025.11.02 19:47:34.493749 [ 1 ] {} <Information> Application: Listening for replica communication (interserver): http://0.0.0.0:9009
2025.11.02 19:47:34.493949 [ 1 ] {} <Warning> Access(local_directory): File /var/lib/clickhouse/access/users.list doesn't exist
2025.11.02 19:47:34.494101 [ 1 ] {} <Warning> Access(local_directory): Recovering lists in directory /var/lib/clickhouse/access/
2025.11.02 19:47:34.494420 [ 1 ] {} <Debug> Access(user directories): Added local_directory access storage 'local_directory', path: /var/lib/clickhouse/access/
2025.11.02 19:47:34.494715 [ 1 ] {} <Debug> ConfigReloader: Loading config '/etc/clickhouse-server/users.xml'
2025.11.02 19:47:34.494975 [ 1 ] {} <Debug> ConfigProcessor: Processing configuration file '/etc/clickhouse-server/users.xml'.
2025.11.02 19:47:34.495376 [ 1 ] {} <Debug> ConfigProcessor: Merging configuration file '/etc/clickhouse-server/users.d/users.xml'.
2025.11.02 19:47:34.498157 [ 1 ] {} <Debug> ConfigProcessor: Saved preprocessed configuration to '/var/lib/clickhouse/preprocessed_configs/users.xml'.
2025.11.02 19:47:34.498291 [ 1 ] {} <Debug> ConfigReloader: Loaded config '/etc/clickhouse-server/users.xml', performing update on configuration
2025.11.02 19:47:34.498647 [ 1 ] {} <Debug> ConfigReloader: Loaded config '/etc/clickhouse-server/users.xml', performed update on configuration
2025.11.02 19:47:34.498893 [ 1 ] {} <Debug> Access(user directories): Added users_xml access storage 'users_xml', path: /etc/clickhouse-server/users.xml
2025.11.02 19:47:34.499105 [ 1 ] {} <Information> CgroupsMemoryUsageObserver: Started cgroup current memory usage observer thread
2025.11.02 19:47:34.499203 [ 652 ] {} <Information> CgroupsMemoryUsageObserver: Memory amount initially available to the process is 7.65 GiB
2025.11.02 19:47:34.499885 [ 1 ] {} <Information> Context: Initialized background executor for merges and mutations with num_threads=16, num_tasks=32, scheduling_policy=round_robin
2025.11.02 19:47:34.500281 [ 1 ] {} <Information> Context: Initialized background executor for move operations with num_threads=8, num_tasks=8
2025.11.02 19:47:34.501160 [ 1 ] {} <Information> Context: Initialized background executor for fetches with num_threads=16, num_tasks=16
2025.11.02 19:47:34.501517 [ 1 ] {} <Information> Context: Initialized background executor for common operations (e.g. clearing old parts) with num_threads=8, num_tasks=8
2025.11.02 19:47:34.502324 [ 1 ] {} <Warning> Context: Linux transparent hugepages are set to "always". Check /sys/kernel/mm/transparent_hugepage/enabled
2025.11.02 19:47:34.502529 [ 1 ] {} <Warning> Context: Delay accounting is not enabled, OSIOWaitMicroseconds will not be gathered. You can enable it using `echo 1 > /proc/sys/kernel/task_delayacct` or by using sysctl.
2025.11.02 19:47:34.502823 [ 1 ] {} <Information> DNSCacheUpdater: Update period 15 seconds
2025.11.02 19:47:34.502921 [ 1 ] {} <Information> Application: Loading metadata from /var/lib/clickhouse/
2025.11.02 19:47:34.502945 [ 85 ] {} <Debug> DNSResolver: Updating DNS cache
2025.11.02 19:47:34.503168 [ 1 ] {} <Information> Context: Database disk name: default
2025.11.02 19:47:34.503430 [ 1 ] {} <Information> Context: Database disk name: default, path: /var/lib/clickhouse/
2025.11.02 19:47:34.503808 [ 1 ] {} <Debug> loadSystemDatabase: metadata_file_path metadata/system.sql, existsFile false
2025.11.02 19:47:34.503836 [ 85 ] {} <Debug> DNSResolver: Updated DNS cache
2025.11.02 19:47:34.505642 [ 1 ] {} <Debug> loadSystemDatabase: metadata_file_path metadata/information_schema.sql, existsFile false
2025.11.02 19:47:34.506490 [ 1 ] {} <Debug> loadSystemDatabase: metadata_file_path metadata/INFORMATION_SCHEMA.sql, existsFile false
2025.11.02 19:47:34.507989 [ 1 ] {} <Information> DatabaseAtomic (system): Metadata processed, database system has 0 tables and 0 dictionaries in total.
2025.11.02 19:47:34.508894 [ 1 ] {} <Information> TablesLoader: Parsed metadata of 0 tables in 1 databases in 0.00091125 sec
2025.11.02 19:47:34.508952 [ 1 ] {} <Debug> AsyncLoader: Prioritize load job 'startup Atomic database system': BackgrndStartup -> ForegroundLoad
2025.11.02 19:47:34.508978 [ 1 ] {} <Debug> AsyncLoader: Prioritize load job 'startup Ordinary database system': BackgrndStartup -> ForegroundLoad
2025.11.02 19:47:34.509009 [ 1 ] {} <Debug> AsyncLoader: Schedule load job 'startup Ordinary database system' into ForegroundLoad
2025.11.02 19:47:34.509035 [ 1 ] {} <Debug> AsyncLoader: Schedule load job 'startup Atomic database system' into ForegroundLoad
2025.11.02 19:47:34.509058 [ 1 ] {} <Debug> AsyncLoader: Change current priority: none -> 0
2025.11.02 19:47:34.509079 [ 1 ] {} <Debug> AsyncLoader: Spawn loader worker #1 in ForegroundLoad
2025.11.02 19:47:34.509160 [ 1 ] {} <Debug> AsyncLoader: Wait load job 'startup Atomic database system' in ForegroundLoad
2025.11.02 19:47:34.509189 [ 717 ] {} <Debug> AsyncLoader: Execute load job 'startup Ordinary database system' in ForegroundLoad
2025.11.02 19:47:34.509219 [ 717 ] {} <Debug> AsyncLoader: Finish load job 'startup Ordinary database system' with status OK
2025.11.02 19:47:34.509241 [ 717 ] {} <Debug> AsyncLoader: Spawn loader worker #2 in ForegroundLoad
2025.11.02 19:47:34.509291 [ 717 ] {} <Debug> AsyncLoader: Execute load job 'startup Atomic database system' in ForegroundLoad
2025.11.02 19:47:34.509323 [ 718 ] {} <Debug> AsyncLoader: Stop worker in ForegroundLoad
2025.11.02 19:47:34.509393 [ 717 ] {} <Debug> AsyncLoader: Finish load job 'startup Atomic database system' with status OK
2025.11.02 19:47:34.509425 [ 717 ] {} <Debug> AsyncLoader: Stop worker in ForegroundLoad
2025.11.02 19:47:34.509453 [ 717 ] {} <Debug> AsyncLoader: Change current priority: 0 -> none
2025.11.02 19:47:34.509409 [ 1 ] {} <Debug> SystemLog: Creating system.query_log from query_log
2025.11.02 19:47:34.514093 [ 1 ] {} <Debug> SystemLog: Creating system.query_thread_log from query_thread_log
2025.11.02 19:47:34.514319 [ 1 ] {} <Debug> SystemLog: Not creating system.part_log since corresponding section 'part_log' is missing from config
2025.11.02 19:47:34.514368 [ 1 ] {} <Debug> SystemLog: Not creating system.trace_log since corresponding section 'trace_log' is missing from config
2025.11.02 19:47:34.514397 [ 1 ] {} <Debug> SystemLog: Not creating system.crash_log since corresponding section 'crash_log' is missing from config
2025.11.02 19:47:34.514425 [ 1 ] {} <Debug> SystemLog: Not creating system.text_log since corresponding section 'text_log' is missing from config
2025.11.02 19:47:34.514455 [ 1 ] {} <Debug> SystemLog: Creating system.metric_log from metric_log
2025.11.02 19:47:34.516030 [ 84 ] {} <Information> MemoryTracker: Correcting the value of global memory tracker from 46.53 MiB to 409.79 MiB
2025.11.02 19:47:34.516525 [ 1 ] {} <Debug> SystemLog: Not creating system.latency_log since corresponding section 'latency_log' is missing from config
2025.11.02 19:47:34.516557 [ 1 ] {} <Debug> SystemLog: Not creating system.error_log since corresponding section 'error_log' is missing from config
2025.11.02 19:47:34.516587 [ 1 ] {} <Debug> SystemLog: Not creating system.filesystem_cache_log since corresponding section 'filesystem_cache_log' is missing from config
2025.11.02 19:47:34.516658 [ 1 ] {} <Debug> SystemLog: Not creating system.filesystem_read_prefetches_log since corresponding section 'filesystem_read_prefetches_log' is missing from config
2025.11.02 19:47:34.516692 [ 1 ] {} <Debug> SystemLog: Not creating system.s3queue_log since corresponding section 's3queue_log' is missing from config
2025.11.02 19:47:34.516718 [ 1 ] {} <Debug> SystemLog: Not creating system.azure_queue_log since corresponding section 'azure_queue_log' is missing from config
2025.11.02 19:47:34.516762 [ 1 ] {} <Debug> SystemLog: Not creating system.asynchronous_metric_log since corresponding section 'asynchronous_metric_log' is missing from config
2025.11.02 19:47:34.516803 [ 1 ] {} <Debug> SystemLog: Not creating system.opentelemetry_span_log since corresponding section 'opentelemetry_span_log' is missing from config
2025.11.02 19:47:34.516826 [ 1 ] {} <Debug> SystemLog: Not creating system.query_views_log since corresponding section 'query_views_log' is missing from config
2025.11.02 19:47:34.516908 [ 1 ] {} <Debug> SystemLog: Not creating system.zookeeper_log since corresponding section 'zookeeper_log' is missing from config
2025.11.02 19:47:34.516963 [ 1 ] {} <Debug> SystemLog: Not creating system.session_log since corresponding section 'session_log' is missing from config
2025.11.02 19:47:34.517024 [ 1 ] {} <Debug> SystemLog: Not creating system.transactions_info_log since corresponding section 'transactions_info_log' is missing from config
2025.11.02 19:47:34.517081 [ 1 ] {} <Debug> SystemLog: Not creating system.processors_profile_log since corresponding section 'processors_profile_log' is missing from config
2025.11.02 19:47:34.517138 [ 1 ] {} <Debug> SystemLog: Not creating system.asynchronous_insert_log since corresponding section 'asynchronous_insert_log' is missing from config
2025.11.02 19:47:34.517202 [ 1 ] {} <Debug> SystemLog: Not creating system.backup_log since corresponding section 'backup_log' is missing from config
2025.11.02 19:47:34.517261 [ 1 ] {} <Debug> SystemLog: Not creating system.blob_storage_log since corresponding section 'blob_storage_log' is missing from config
2025.11.02 19:47:34.517319 [ 1 ] {} <Debug> SystemLog: Not creating system.query_metric_log since corresponding section 'query_metric_log' is missing from config
2025.11.02 19:47:34.517552 [ 1 ] {} <Debug> DatabaseAtomic (system): There are 0 detached tables. Start searching non used tables.
2025.11.02 19:47:34.517579 [ 1 ] {} <Debug> DatabaseAtomic (system): Found 0 non used tables in detached tables.
2025.11.02 19:47:34.518284 [ 1 ] {} <Debug> DatabaseAtomic (system): There are 0 detached tables. Start searching non used tables.
2025.11.02 19:47:34.518350 [ 1 ] {} <Debug> DatabaseAtomic (system): Found 0 non used tables in detached tables.
2025.11.02 19:47:34.518481 [ 1 ] {} <Debug> DatabaseAtomic (system): There are 0 detached tables. Start searching non used tables.
2025.11.02 19:47:34.518527 [ 1 ] {} <Debug> DatabaseAtomic (system): Found 0 non used tables in detached tables.
2025.11.02 19:47:34.518617 [ 1 ] {} <Debug> DatabaseAtomic (system): There are 0 detached tables. Start searching non used tables.
2025.11.02 19:47:34.518745 [ 1 ] {} <Debug> DatabaseAtomic (system): Found 0 non used tables in detached tables.
2025.11.02 19:47:34.518889 [ 1 ] {} <Debug> DatabaseAtomic (system): There are 0 detached tables. Start searching non used tables.
2025.11.02 19:47:34.518960 [ 1 ] {} <Debug> DatabaseAtomic (system): Found 0 non used tables in detached tables.
2025.11.02 19:47:34.519035 [ 1 ] {} <Debug> DatabaseAtomic (system): There are 0 detached tables. Start searching non used tables.
2025.11.02 19:47:34.519097 [ 1 ] {} <Debug> DatabaseAtomic (system): Found 0 non used tables in detached tables.
2025.11.02 19:47:34.519222 [ 1 ] {} <Debug> DatabaseAtomic (system): There are 0 detached tables. Start searching non used tables.
2025.11.02 19:47:34.519291 [ 1 ] {} <Debug> DatabaseAtomic (system): Found 0 non used tables in detached tables.
2025.11.02 19:47:34.519375 [ 1 ] {} <Debug> DatabaseAtomic (system): There are 0 detached tables. Start searching non used tables.
2025.11.02 19:47:34.519486 [ 1 ] {} <Debug> DatabaseAtomic (system): Found 0 non used tables in detached tables.
2025.11.02 19:47:34.519565 [ 1 ] {} <Debug> DatabaseAtomic (system): There are 0 detached tables. Start searching non used tables.
2025.11.02 19:47:34.519587 [ 1 ] {} <Debug> DatabaseAtomic (system): Found 0 non used tables in detached tables.
2025.11.02 19:47:34.519639 [ 1 ] {} <Debug> DatabaseAtomic (system): There are 0 detached tables. Start searching non used tables.
2025.11.02 19:47:34.519678 [ 1 ] {} <Debug> DatabaseAtomic (system): Found 0 non used tables in detached tables.
2025.11.02 19:47:34.519723 [ 1 ] {} <Debug> DatabaseAtomic (system): There are 0 detached tables. Start searching non used tables.
2025.11.02 19:47:34.519750 [ 1 ] {} <Debug> DatabaseAtomic (system): Found 0 non used tables in detached tables.
2025.11.02 19:47:34.519793 [ 1 ] {} <Debug> DatabaseAtomic (system): There are 0 detached tables. Start searching non used tables.
2025.11.02 19:47:34.519821 [ 1 ] {} <Debug> DatabaseAtomic (system): Found 0 non used tables in detached tables.
2025.11.02 19:47:34.519886 [ 1 ] {} <Debug> DatabaseAtomic (system): There are 0 detached tables. Start searching non used tables.
2025.11.02 19:47:34.519917 [ 1 ] {} <Debug> DatabaseAtomic (system): Found 0 non used tables in detached tables.
2025.11.02 19:47:34.519985 [ 1 ] {} <Debug> DatabaseAtomic (system): There are 0 detached tables. Start searching non used tables.
2025.11.02 19:47:34.520025 [ 1 ] {} <Debug> DatabaseAtomic (system): Found 0 non used tables in detached tables.
2025.11.02 19:47:34.520093 [ 1 ] {} <Debug> DatabaseAtomic (system): There are 0 detached tables. Start searching non used tables.
2025.11.02 19:47:34.520142 [ 1 ] {} <Debug> DatabaseAtomic (system): Found 0 non used tables in detached tables.
2025.11.02 19:47:34.520281 [ 1 ] {} <Debug> DatabaseAtomic (system): There are 0 detached tables. Start searching non used tables.
2025.11.02 19:47:34.520332 [ 1 ] {} <Debug> DatabaseAtomic (system): Found 0 non used tables in detached tables.
2025.11.02 19:47:34.520464 [ 1 ] {} <Debug> DatabaseAtomic (system): There are 0 detached tables. Start searching non used tables.
2025.11.02 19:47:34.520525 [ 1 ] {} <Debug> DatabaseAtomic (system): Found 0 non used tables in detached tables.
2025.11.02 19:47:34.520641 [ 1 ] {} <Debug> DatabaseAtomic (system): There are 0 detached tables. Start searching non used tables.
2025.11.02 19:47:34.520678 [ 1 ] {} <Debug> DatabaseAtomic (system): Found 0 non used tables in detached tables.
2025.11.02 19:47:34.520743 [ 1 ] {} <Debug> DatabaseAtomic (system): There are 0 detached tables. Start searching non used tables.
2025.11.02 19:47:34.520792 [ 1 ] {} <Debug> DatabaseAtomic (system): Found 0 non used tables in detached tables.
2025.11.02 19:47:34.520834 [ 1 ] {} <Debug> DatabaseAtomic (system): There are 0 detached tables. Start searching non used tables.
2025.11.02 19:47:34.524075 [ 1 ] {} <Debug> DatabaseAtomic (system): Found 0 non used tables in detached tables.
2025.11.02 19:47:34.524156 [ 1 ] {} <Debug> DatabaseAtomic (system): There are 0 detached tables. Start searching non used tables.
2025.11.02 19:47:34.524225 [ 1 ] {} <Debug> DatabaseAtomic (system): Found 0 non used tables in detached tables.
2025.11.02 19:47:34.524297 [ 1 ] {} <Debug> DatabaseAtomic (system): There are 0 detached tables. Start searching non used tables.
2025.11.02 19:47:34.524348 [ 1 ] {} <Debug> DatabaseAtomic (system): Found 0 non used tables in detached tables.
2025.11.02 19:47:34.524422 [ 1 ] {} <Debug> DatabaseAtomic (system): There are 0 detached tables. Start searching non used tables.
2025.11.02 19:47:34.524551 [ 1 ] {} <Debug> DatabaseAtomic (system): Found 0 non used tables in detached tables.
2025.11.02 19:47:34.524618 [ 1 ] {} <Debug> DatabaseAtomic (system): There are 0 detached tables. Start searching non used tables.
2025.11.02 19:47:34.524688 [ 1 ] {} <Debug> DatabaseAtomic (system): Found 0 non used tables in detached tables.
2025.11.02 19:47:34.524917 [ 1 ] {} <Debug> DatabaseAtomic (system): There are 0 detached tables. Start searching non used tables.
2025.11.02 19:47:34.525074 [ 1 ] {} <Debug> DatabaseAtomic (system): Found 0 non used tables in detached tables.
2025.11.02 19:47:34.525166 [ 1 ] {} <Debug> DatabaseAtomic (system): There are 0 detached tables. Start searching non used tables.
2025.11.02 19:47:34.525203 [ 1 ] {} <Debug> DatabaseAtomic (system): Found 0 non used tables in detached tables.
2025.11.02 19:47:34.525260 [ 1 ] {} <Debug> DatabaseAtomic (system): There are 0 detached tables. Start searching non used tables.
2025.11.02 19:47:34.525297 [ 1 ] {} <Debug> DatabaseAtomic (system): Found 0 non used tables in detached tables.
2025.11.02 19:47:34.525407 [ 1 ] {} <Debug> DatabaseAtomic (system): There are 0 detached tables. Start searching non used tables.
2025.11.02 19:47:34.525450 [ 1 ] {} <Debug> DatabaseAtomic (system): Found 0 non used tables in detached tables.
2025.11.02 19:47:34.525524 [ 1 ] {} <Debug> DatabaseAtomic (system): There are 0 detached tables. Start searching non used tables.
2025.11.02 19:47:34.525552 [ 1 ] {} <Debug> DatabaseAtomic (system): Found 0 non used tables in detached tables.
2025.11.02 19:47:34.525613 [ 1 ] {} <Debug> DatabaseAtomic (system): There are 0 detached tables. Start searching non used tables.
2025.11.02 19:47:34.525664 [ 1 ] {} <Debug> DatabaseAtomic (system): Found 0 non used tables in detached tables.
2025.11.02 19:47:34.525712 [ 1 ] {} <Debug> DatabaseAtomic (system): There are 0 detached tables. Start searching non used tables.
2025.11.02 19:47:34.525781 [ 1 ] {} <Debug> DatabaseAtomic (system): Found 0 non used tables in detached tables.
2025.11.02 19:47:34.525890 [ 1 ] {} <Debug> DatabaseAtomic (system): There are 0 detached tables. Start searching non used tables.
2025.11.02 19:47:34.525980 [ 1 ] {} <Debug> DatabaseAtomic (system): Found 0 non used tables in detached tables.
2025.11.02 19:47:34.526058 [ 1 ] {} <Debug> DatabaseAtomic (system): There are 0 detached tables. Start searching non used tables.
2025.11.02 19:47:34.526140 [ 1 ] {} <Debug> DatabaseAtomic (system): Found 0 non used tables in detached tables.
2025.11.02 19:47:34.526199 [ 1 ] {} <Debug> DatabaseAtomic (system): There are 0 detached tables. Start searching non used tables.
2025.11.02 19:47:34.526233 [ 1 ] {} <Debug> DatabaseAtomic (system): Found 0 non used tables in detached tables.
2025.11.02 19:47:34.526326 [ 1 ] {} <Debug> DatabaseAtomic (system): There are 0 detached tables. Start searching non used tables.
2025.11.02 19:47:34.526498 [ 1 ] {} <Debug> DatabaseAtomic (system): Found 0 non used tables in detached tables.
2025.11.02 19:47:34.526578 [ 1 ] {} <Debug> DatabaseAtomic (system): There are 0 detached tables. Start searching non used tables.
2025.11.02 19:47:34.526647 [ 1 ] {} <Debug> DatabaseAtomic (system): Found 0 non used tables in detached tables.
2025.11.02 19:47:34.526743 [ 1 ] {} <Debug> DatabaseAtomic (system): There are 0 detached tables. Start searching non used tables.
2025.11.02 19:47:34.526807 [ 1 ] {} <Debug> DatabaseAtomic (system): Found 0 non used tables in detached tables.
2025.11.02 19:47:34.526900 [ 1 ] {} <Debug> DatabaseAtomic (system): There are 0 detached tables. Start searching non used tables.
2025.11.02 19:47:34.526936 [ 1 ] {} <Debug> DatabaseAtomic (system): Found 0 non used tables in detached tables.
2025.11.02 19:47:34.527014 [ 1 ] {} <Debug> DatabaseAtomic (system): There are 0 detached tables. Start searching non used tables.
2025.11.02 19:47:34.527078 [ 1 ] {} <Debug> DatabaseAtomic (system): Found 0 non used tables in detached tables.
2025.11.02 19:47:34.527163 [ 1 ] {} <Debug> DatabaseAtomic (system): There are 0 detached tables. Start searching non used tables.
2025.11.02 19:47:34.527195 [ 1 ] {} <Debug> DatabaseAtomic (system): Found 0 non used tables in detached tables.
2025.11.02 19:47:34.527246 [ 1 ] {} <Debug> DatabaseAtomic (system): There are 0 detached tables. Start searching non used tables.
2025.11.02 19:47:34.527316 [ 1 ] {} <Debug> DatabaseAtomic (system): Found 0 non used tables in detached tables.
2025.11.02 19:47:34.527440 [ 1 ] {} <Debug> DatabaseAtomic (system): There are 0 detached tables. Start searching non used tables.
2025.11.02 19:47:34.527488 [ 1 ] {} <Debug> DatabaseAtomic (system): Found 0 non used tables in detached tables.
2025.11.02 19:47:34.527554 [ 1 ] {} <Debug> DatabaseAtomic (system): There are 0 detached tables. Start searching non used tables.
2025.11.02 19:47:34.527594 [ 1 ] {} <Debug> DatabaseAtomic (system): Found 0 non used tables in detached tables.
2025.11.02 19:47:34.527744 [ 1 ] {} <Debug> DatabaseAtomic (system): There are 0 detached tables. Start searching non used tables.
2025.11.02 19:47:34.527784 [ 1 ] {} <Debug> DatabaseAtomic (system): Found 0 non used tables in detached tables.
2025.11.02 19:47:34.527891 [ 1 ] {} <Debug> DatabaseAtomic (system): There are 0 detached tables. Start searching non used tables.
2025.11.02 19:47:34.527953 [ 1 ] {} <Debug> DatabaseAtomic (system): Found 0 non used tables in detached tables.
2025.11.02 19:47:34.528002 [ 1 ] {} <Debug> DatabaseAtomic (system): There are 0 detached tables. Start searching non used tables.
2025.11.02 19:47:34.528051 [ 1 ] {} <Debug> DatabaseAtomic (system): Found 0 non used tables in detached tables.
2025.11.02 19:47:34.528157 [ 1 ] {} <Debug> DatabaseAtomic (system): There are 0 detached tables. Start searching non used tables.
2025.11.02 19:47:34.528200 [ 1 ] {} <Debug> DatabaseAtomic (system): Found 0 non used tables in detached tables.
2025.11.02 19:47:34.528254 [ 1 ] {} <Debug> DatabaseAtomic (system): There are 0 detached tables. Start searching non used tables.
2025.11.02 19:47:34.528306 [ 1 ] {} <Debug> DatabaseAtomic (system): Found 0 non used tables in detached tables.
2025.11.02 19:47:34.528351 [ 1 ] {} <Debug> DatabaseAtomic (system): There are 0 detached tables. Start searching non used tables.
2025.11.02 19:47:34.528445 [ 1 ] {} <Debug> DatabaseAtomic (system): Found 0 non used tables in detached tables.
2025.11.02 19:47:34.528561 [ 1 ] {} <Debug> DatabaseAtomic (system): There are 0 detached tables. Start searching non used tables.
2025.11.02 19:47:34.528769 [ 1 ] {} <Debug> DatabaseAtomic (system): Found 0 non used tables in detached tables.
2025.11.02 19:47:34.529209 [ 1 ] {} <Debug> DatabaseAtomic (system): There are 0 detached tables. Start searching non used tables.
2025.11.02 19:47:34.529370 [ 1 ] {} <Debug> DatabaseAtomic (system): Found 0 non used tables in detached tables.
2025.11.02 19:47:34.529465 [ 1 ] {} <Debug> DatabaseAtomic (system): There are 0 detached tables. Start searching non used tables.
2025.11.02 19:47:34.529581 [ 1 ] {} <Debug> DatabaseAtomic (system): Found 0 non used tables in detached tables.
2025.11.02 19:47:34.529759 [ 1 ] {} <Debug> DatabaseAtomic (system): There are 0 detached tables. Start searching non used tables.
2025.11.02 19:47:34.529835 [ 1 ] {} <Debug> DatabaseAtomic (system): Found 0 non used tables in detached tables.
2025.11.02 19:47:34.530135 [ 1 ] {} <Debug> DatabaseAtomic (system): There are 0 detached tables. Start searching non used tables.
2025.11.02 19:47:34.530285 [ 1 ] {} <Debug> DatabaseAtomic (system): Found 0 non used tables in detached tables.
2025.11.02 19:47:34.530419 [ 1 ] {} <Debug> DatabaseAtomic (system): There are 0 detached tables. Start searching non used tables.
2025.11.02 19:47:34.530468 [ 1 ] {} <Debug> DatabaseAtomic (system): Found 0 non used tables in detached tables.
2025.11.02 19:47:34.530522 [ 1 ] {} <Debug> DatabaseAtomic (system): There are 0 detached tables. Start searching non used tables.
2025.11.02 19:47:34.530560 [ 1 ] {} <Debug> DatabaseAtomic (system): Found 0 non used tables in detached tables.
2025.11.02 19:47:34.530613 [ 1 ] {} <Debug> DatabaseAtomic (system): There are 0 detached tables. Start searching non used tables.
2025.11.02 19:47:34.530669 [ 1 ] {} <Debug> DatabaseAtomic (system): Found 0 non used tables in detached tables.
2025.11.02 19:47:34.530807 [ 1 ] {} <Debug> DatabaseAtomic (system): There are 0 detached tables. Start searching non used tables.
2025.11.02 19:47:34.531072 [ 1 ] {} <Debug> DatabaseAtomic (system): Found 0 non used tables in detached tables.
2025.11.02 19:47:34.531268 [ 1 ] {} <Debug> DatabaseAtomic (system): There are 0 detached tables. Start searching non used tables.
2025.11.02 19:47:34.531301 [ 1 ] {} <Debug> DatabaseAtomic (system): Found 0 non used tables in detached tables.
2025.11.02 19:47:34.531402 [ 1 ] {} <Debug> DatabaseAtomic (system): There are 0 detached tables. Start searching non used tables.
2025.11.02 19:47:34.531472 [ 1 ] {} <Debug> DatabaseAtomic (system): Found 0 non used tables in detached tables.
2025.11.02 19:47:34.531590 [ 1 ] {} <Debug> DatabaseAtomic (system): There are 0 detached tables. Start searching non used tables.
2025.11.02 19:47:34.531647 [ 1 ] {} <Debug> DatabaseAtomic (system): Found 0 non used tables in detached tables.
2025.11.02 19:47:34.531735 [ 1 ] {} <Debug> DatabaseAtomic (system): There are 0 detached tables. Start searching non used tables.
2025.11.02 19:47:34.531779 [ 1 ] {} <Debug> DatabaseAtomic (system): Found 0 non used tables in detached tables.
2025.11.02 19:47:34.531907 [ 1 ] {} <Debug> DatabaseAtomic (system): There are 0 detached tables. Start searching non used tables.
2025.11.02 19:47:34.531956 [ 1 ] {} <Debug> DatabaseAtomic (system): Found 0 non used tables in detached tables.
2025.11.02 19:47:34.532020 [ 1 ] {} <Debug> DatabaseAtomic (system): There are 0 detached tables. Start searching non used tables.
2025.11.02 19:47:34.532074 [ 1 ] {} <Debug> DatabaseAtomic (system): Found 0 non used tables in detached tables.
2025.11.02 19:47:34.532221 [ 1 ] {} <Debug> DatabaseAtomic (system): There are 0 detached tables. Start searching non used tables.
2025.11.02 19:47:34.533363 [ 1 ] {} <Debug> DatabaseAtomic (system): Found 0 non used tables in detached tables.
2025.11.02 19:47:34.533478 [ 1 ] {} <Debug> DatabaseAtomic (system): There are 0 detached tables. Start searching non used tables.
2025.11.02 19:47:34.534601 [ 1 ] {} <Debug> DatabaseAtomic (system): Found 0 non used tables in detached tables.
2025.11.02 19:47:34.534734 [ 1 ] {} <Debug> DatabaseAtomic (system): There are 0 detached tables. Start searching non used tables.
2025.11.02 19:47:34.535584 [ 1 ] {} <Debug> DatabaseAtomic (system): Found 0 non used tables in detached tables.
2025.11.02 19:47:34.537834 [ 1 ] {} <Debug> DatabaseAtomic (system): There are 0 detached tables. Start searching non used tables.
2025.11.02 19:47:34.537959 [ 1 ] {} <Debug> DatabaseAtomic (system): Found 0 non used tables in detached tables.
2025.11.02 19:47:34.538052 [ 1 ] {} <Debug> DatabaseAtomic (system): There are 0 detached tables. Start searching non used tables.
2025.11.02 19:47:34.538107 [ 1 ] {} <Debug> DatabaseAtomic (system): Found 0 non used tables in detached tables.
2025.11.02 19:47:34.538197 [ 1 ] {} <Debug> DatabaseAtomic (system): There are 0 detached tables. Start searching non used tables.
2025.11.02 19:47:34.538343 [ 1 ] {} <Debug> DatabaseAtomic (system): Found 0 non used tables in detached tables.
2025.11.02 19:47:34.538502 [ 1 ] {} <Debug> DatabaseAtomic (system): There are 0 detached tables. Start searching non used tables.
2025.11.02 19:47:34.538591 [ 1 ] {} <Debug> DatabaseAtomic (system): Found 0 non used tables in detached tables.
2025.11.02 19:47:34.538731 [ 1 ] {} <Debug> DatabaseAtomic (system): There are 0 detached tables. Start searching non used tables.
2025.11.02 19:47:34.538793 [ 1 ] {} <Debug> DatabaseAtomic (system): Found 0 non used tables in detached tables.
2025.11.02 19:47:34.538928 [ 1 ] {} <Debug> DatabaseAtomic (system): There are 0 detached tables. Start searching non used tables.
2025.11.02 19:47:34.538990 [ 1 ] {} <Debug> DatabaseAtomic (system): Found 0 non used tables in detached tables.
2025.11.02 19:47:34.539051 [ 1 ] {} <Debug> DatabaseAtomic (system): There are 0 detached tables. Start searching non used tables.
2025.11.02 19:47:34.539107 [ 1 ] {} <Debug> DatabaseAtomic (system): Found 0 non used tables in detached tables.
2025.11.02 19:47:34.539206 [ 1 ] {} <Debug> DatabaseAtomic (system): There are 0 detached tables. Start searching non used tables.
2025.11.02 19:47:34.539339 [ 1 ] {} <Debug> DatabaseAtomic (system): Found 0 non used tables in detached tables.
2025.11.02 19:47:34.539425 [ 1 ] {} <Debug> DatabaseAtomic (system): There are 0 detached tables. Start searching non used tables.
2025.11.02 19:47:34.539489 [ 1 ] {} <Debug> DatabaseAtomic (system): Found 0 non used tables in detached tables.
2025.11.02 19:47:34.539593 [ 1 ] {} <Debug> DatabaseAtomic (system): There are 0 detached tables. Start searching non used tables.
2025.11.02 19:47:34.539648 [ 1 ] {} <Debug> DatabaseAtomic (system): Found 0 non used tables in detached tables.
2025.11.02 19:47:34.539727 [ 1 ] {} <Debug> DatabaseAtomic (system): There are 0 detached tables. Start searching non used tables.
2025.11.02 19:47:34.539806 [ 1 ] {} <Debug> DatabaseAtomic (system): Found 0 non used tables in detached tables.
2025.11.02 19:47:34.539926 [ 1 ] {} <Debug> DatabaseAtomic (system): There are 0 detached tables. Start searching non used tables.
2025.11.02 19:47:34.539959 [ 1 ] {} <Debug> DatabaseAtomic (system): Found 0 non used tables in detached tables.
2025.11.02 19:47:34.540038 [ 1 ] {} <Debug> DatabaseAtomic (system): There are 0 detached tables. Start searching non used tables.
2025.11.02 19:47:34.540140 [ 1 ] {} <Debug> DatabaseAtomic (system): Found 0 non used tables in detached tables.
2025.11.02 19:47:34.540215 [ 1 ] {} <Debug> DatabaseAtomic (system): There are 0 detached tables. Start searching non used tables.
2025.11.02 19:47:34.540288 [ 1 ] {} <Debug> DatabaseAtomic (system): Found 0 non used tables in detached tables.
2025.11.02 19:47:34.540384 [ 1 ] {} <Debug> DatabaseAtomic (system): There are 0 detached tables. Start searching non used tables.
2025.11.02 19:47:34.540615 [ 1 ] {} <Debug> DatabaseAtomic (system): Found 0 non used tables in detached tables.
2025.11.02 19:47:34.540733 [ 1 ] {} <Debug> DatabaseAtomic (system): There are 0 detached tables. Start searching non used tables.
2025.11.02 19:47:34.540816 [ 1 ] {} <Debug> DatabaseAtomic (system): Found 0 non used tables in detached tables.
2025.11.02 19:47:34.540942 [ 1 ] {} <Debug> DatabaseAtomic (system): There are 0 detached tables. Start searching non used tables.
2025.11.02 19:47:34.540983 [ 1 ] {} <Debug> DatabaseAtomic (system): Found 0 non used tables in detached tables.
2025.11.02 19:47:34.541061 [ 1 ] {} <Debug> DatabaseAtomic (system): There are 0 detached tables. Start searching non used tables.
2025.11.02 19:47:34.541125 [ 1 ] {} <Debug> DatabaseAtomic (system): Found 0 non used tables in detached tables.
2025.11.02 19:47:34.541385 [ 1 ] {} <Debug> DatabaseAtomic (system): There are 0 detached tables. Start searching non used tables.
2025.11.02 19:47:34.541439 [ 1 ] {} <Debug> DatabaseAtomic (system): Found 0 non used tables in detached tables.
2025.11.02 19:47:34.541511 [ 1 ] {} <Debug> DatabaseAtomic (system): There are 0 detached tables. Start searching non used tables.
2025.11.02 19:47:34.541552 [ 1 ] {} <Debug> DatabaseAtomic (system): Found 0 non used tables in detached tables.
2025.11.02 19:47:34.541622 [ 1 ] {} <Debug> DatabaseAtomic (system): There are 0 detached tables. Start searching non used tables.
2025.11.02 19:47:34.541665 [ 1 ] {} <Debug> DatabaseAtomic (system): Found 0 non used tables in detached tables.
2025.11.02 19:47:34.541749 [ 1 ] {} <Debug> DatabaseAtomic (system): There are 0 detached tables. Start searching non used tables.
2025.11.02 19:47:34.541842 [ 1 ] {} <Debug> DatabaseAtomic (system): Found 0 non used tables in detached tables.
2025.11.02 19:47:34.541977 [ 1 ] {} <Debug> DatabaseAtomic (system): There are 0 detached tables. Start searching non used tables.
2025.11.02 19:47:34.542047 [ 1 ] {} <Debug> DatabaseAtomic (system): Found 0 non used tables in detached tables.
2025.11.02 19:47:34.542139 [ 1 ] {} <Debug> DatabaseAtomic (system): There are 0 detached tables. Start searching non used tables.
2025.11.02 19:47:34.542199 [ 1 ] {} <Debug> DatabaseAtomic (system): Found 0 non used tables in detached tables.
2025.11.02 19:47:34.542271 [ 1 ] {} <Debug> DatabaseAtomic (system): There are 0 detached tables. Start searching non used tables.
2025.11.02 19:47:34.542453 [ 1 ] {} <Debug> DatabaseAtomic (system): Found 0 non used tables in detached tables.
2025.11.02 19:47:34.542561 [ 1 ] {} <Debug> DatabaseAtomic (system): There are 0 detached tables. Start searching non used tables.
2025.11.02 19:47:34.542652 [ 1 ] {} <Debug> DatabaseAtomic (system): Found 0 non used tables in detached tables.
2025.11.02 19:47:34.542724 [ 1 ] {} <Debug> DatabaseAtomic (system): There are 0 detached tables. Start searching non used tables.
2025.11.02 19:47:34.542856 [ 1 ] {} <Debug> DatabaseAtomic (system): Found 0 non used tables in detached tables.
2025.11.02 19:47:34.543338 [ 1 ] {} <Debug> DatabaseAtomic (system): There are 0 detached tables. Start searching non used tables.
2025.11.02 19:47:34.543531 [ 1 ] {} <Debug> DatabaseAtomic (system): Found 0 non used tables in detached tables.
2025.11.02 19:47:34.543830 [ 1 ] {} <Debug> DatabaseAtomic (system): There are 0 detached tables. Start searching non used tables.
2025.11.02 19:47:34.544258 [ 1 ] {} <Debug> DatabaseAtomic (system): Found 0 non used tables in detached tables.
2025.11.02 19:47:34.544871 [ 1 ] {} <Debug> DatabaseAtomic (system): There are 0 detached tables. Start searching non used tables.
2025.11.02 19:47:34.545614 [ 1 ] {} <Debug> DatabaseAtomic (system): Found 0 non used tables in detached tables.
2025.11.02 19:47:34.546642 [ 1 ] {} <Debug> DatabaseAtomic (system): There are 0 detached tables. Start searching non used tables.
2025.11.02 19:47:34.546937 [ 1 ] {} <Debug> DatabaseAtomic (system): Found 0 non used tables in detached tables.
2025.11.02 19:47:34.547452 [ 1 ] {} <Debug> DatabaseAtomic (system): There are 0 detached tables. Start searching non used tables.
2025.11.02 19:47:34.547880 [ 1 ] {} <Debug> DatabaseAtomic (system): Found 0 non used tables in detached tables.
2025.11.02 19:47:34.548069 [ 1 ] {} <Debug> DatabaseAtomic (system): There are 0 detached tables. Start searching non used tables.
2025.11.02 19:47:34.548416 [ 1 ] {} <Debug> DatabaseAtomic (system): Found 0 non used tables in detached tables.
2025.11.02 19:47:34.548693 [ 1 ] {} <Debug> DatabaseAtomic (system): There are 0 detached tables. Start searching non used tables.
2025.11.02 19:47:34.548759 [ 1 ] {} <Debug> DatabaseAtomic (system): Found 0 non used tables in detached tables.
2025.11.02 19:47:34.549105 [ 1 ] {} <Debug> DatabaseAtomic (system): There are 0 detached tables. Start searching non used tables.
2025.11.02 19:47:34.549226 [ 1 ] {} <Debug> DatabaseAtomic (system): Found 0 non used tables in detached tables.
2025.11.02 19:47:34.549366 [ 1 ] {} <Debug> DatabaseAtomic (system): There are 0 detached tables. Start searching non used tables.
2025.11.02 19:47:34.549433 [ 1 ] {} <Debug> DatabaseAtomic (system): Found 0 non used tables in detached tables.
2025.11.02 19:47:34.552622 [ 1 ] {} <Information> DatabaseCatalog: Found 0 partially dropped tables. Will load them and retry removal.
2025.11.02 19:47:34.553516 [ 1 ] {} <Information> DatabaseAtomic (default): Metadata processed, database default has 0 tables and 0 dictionaries in total.
2025.11.02 19:47:34.553652 [ 1 ] {} <Information> TablesLoader: Parsed metadata of 0 tables in 1 databases in 0.000144209 sec
2025.11.02 19:47:34.553760 [ 1 ] {} <Information> loadMetadata: Start asynchronous loading of databases
2025.11.02 19:47:34.553819 [ 1 ] {} <Debug> AsyncLoader: Schedule load job 'startup Ordinary database default' into BackgrndStartup
2025.11.02 19:47:34.553875 [ 1 ] {} <Debug> AsyncLoader: Schedule load job 'startup Atomic database default' into BackgrndStartup
2025.11.02 19:47:34.553936 [ 1 ] {} <Debug> AsyncLoader: Change current priority: none -> 2
2025.11.02 19:47:34.553997 [ 1 ] {} <Debug> AsyncLoader: Spawn loader worker #1 in BackgrndStartup
2025.11.02 19:47:34.554193 [ 1 ] {} <Information> UserDefinedSQLObjectsLoaderFromDisk: Loading user defined objects from /var/lib/clickhouse/user_defined/
2025.11.02 19:47:34.554200 [ 722 ] {} <Debug> AsyncLoader: Execute load job 'startup Ordinary database default' in BackgrndStartup
2025.11.02 19:47:34.554536 [ 722 ] {} <Debug> AsyncLoader: Finish load job 'startup Ordinary database default' with status OK
2025.11.02 19:47:34.554641 [ 722 ] {} <Debug> AsyncLoader: Spawn loader worker #2 in BackgrndStartup
2025.11.02 19:47:34.554402 [ 1 ] {} <Debug> UserDefinedSQLObjectsLoaderFromDisk: The directory for user defined objects (/var/lib/clickhouse/user_defined/) does not exist: nothing to load
2025.11.02 19:47:34.554937 [ 722 ] {} <Debug> AsyncLoader: Execute load job 'startup Atomic database default' in BackgrndStartup
2025.11.02 19:47:34.554991 [ 1 ] {} <Information> WorkloadEntityDiskStorage: Loading workload entities from /var/lib/clickhouse/workload/
2025.11.02 19:47:34.555169 [ 1 ] {} <Debug> WorkloadEntityDiskStorage: The directory for workload entities (/var/lib/clickhouse/workload/) does not exist: nothing to load
2025.11.02 19:47:34.555107 [ 722 ] {} <Debug> AsyncLoader: Finish load job 'startup Atomic database default' with status OK
2025.11.02 19:47:34.555290 [ 722 ] {} <Debug> AsyncLoader: Stop worker in BackgrndStartup
2025.11.02 19:47:34.555377 [ 723 ] {} <Debug> AsyncLoader: Stop worker in BackgrndStartup
2025.11.02 19:47:34.555462 [ 723 ] {} <Debug> AsyncLoader: Change current priority: 2 -> none
2025.11.02 19:47:34.557218 [ 1 ] {} <Information> ZooKeeperClient: Connected to ZooKeeper at 172.19.0.2:2181 with session_id 72057599028297730
2025.11.02 19:47:34.558283 [ 1 ] {} <Information> ZooKeeperClient: Keeper feature flag FILTERED_LIST: disabled
2025.11.02 19:47:34.558335 [ 1 ] {} <Information> ZooKeeperClient: Keeper feature flag MULTI_READ: disabled
2025.11.02 19:47:34.558470 [ 1 ] {} <Information> ZooKeeperClient: Keeper feature flag CHECK_NOT_EXISTS: disabled
2025.11.02 19:47:34.558505 [ 1 ] {} <Information> ZooKeeperClient: Keeper feature flag CREATE_IF_NOT_EXISTS: disabled
2025.11.02 19:47:34.558535 [ 1 ] {} <Information> ZooKeeperClient: Keeper feature flag REMOVE_RECURSIVE: disabled
2025.11.02 19:47:34.560816 [ 1 ] {} <Debug> Application: Loaded metadata.
2025.11.02 19:47:34.560874 [ 1 ] {} <Information> Application: Tasks stats provider: procfs
2025.11.02 19:47:34.561006 [ 1 ] {} <Information> Application: It looks like the process has no CAP_SYS_NICE capability, the setting 'os_thread_priority' will have no effect. It could happen due to incorrect ClickHouse package installation. You could resolve the problem manually with 'sudo setcap cap_sys_nice=+ep /usr/bin/clickhouse'. Note that it will not work on 'nosuid' mounted filesystems.
2025.11.02 19:47:34.561127 [ 1 ] {} <Debug> DatabaseAtomic (system): There are 0 detached tables. Start searching non used tables.
2025.11.02 19:47:34.561179 [ 1 ] {} <Debug> DatabaseAtomic (system): Found 0 non used tables in detached tables.
2025.11.02 19:47:34.561297 [ 1 ] {} <Warning> Application: Listen [::]:8123 failed: Poco::Exception. Code: 1000, e.code() = 0, DNS error: EAI: Address family for hostname not supported (version 25.3.7.194 (official build)). If it is an IPv6 or IPv4 address and your host has disabled IPv6 or IPv4, then consider to specify not disabled IPv4 or IPv6 address to listen in <listen_host> element of configuration file. Example for disabled IPv6: <listen_host>0.0.0.0</listen_host> . Example for disabled IPv4: <listen_host>::</listen_host>
2025.11.02 19:47:34.561466 [ 1 ] {} <Warning> Application: Listen [::]:9000 failed: Poco::Exception. Code: 1000, e.code() = 0, DNS error: EAI: Address family for hostname not supported (version 25.3.7.194 (official build)). If it is an IPv6 or IPv4 address and your host has disabled IPv6 or IPv4, then consider to specify not disabled IPv4 or IPv6 address to listen in <listen_host> element of configuration file. Example for disabled IPv6: <listen_host>0.0.0.0</listen_host> . Example for disabled IPv4: <listen_host>::</listen_host>
2025.11.02 19:47:34.561636 [ 1 ] {} <Warning> Application: Listen [::]:8001 failed: Poco::Exception. Code: 1000, e.code() = 0, DNS error: EAI: Address family for hostname not supported (version 25.3.7.194 (official build)). If it is an IPv6 or IPv4 address and your host has disabled IPv6 or IPv4, then consider to specify not disabled IPv4 or IPv6 address to listen in <listen_host> element of configuration file. Example for disabled IPv6: <listen_host>0.0.0.0</listen_host> . Example for disabled IPv4: <listen_host>::</listen_host>
2025.11.02 19:47:34.561875 [ 1 ] {} <Information> CertificateReloader: One of paths is empty. Cannot apply new configuration for certificates. Fill all paths and try again.
2025.11.02 19:47:34.561991 [ 1 ] {} <Information> CertificateReloader: One of paths is empty. Cannot apply new configuration for certificates. Fill all paths and try again.
2025.11.02 19:47:34.563513 [ 1 ] {} <Debug> AsyncLoader: Schedule load job 'startup ddl worker' into BackgrndStartup
2025.11.02 19:47:34.563560 [ 1 ] {} <Debug> AsyncLoader: Change current priority: none -> 2
2025.11.02 19:47:34.563608 [ 1 ] {} <Debug> AsyncLoader: Spawn loader worker #1 in BackgrndStartup
2025.11.02 19:47:34.563718 [ 735 ] {} <Debug> AsyncLoader: Execute load job 'startup ddl worker' in BackgrndStartup
2025.11.02 19:47:34.563720 [ 1 ] {} <Information> Application: Listening for http://0.0.0.0:8123
2025.11.02 19:47:34.563931 [ 737 ] {} <Debug> DDLWorker: Starting DDLWorker thread
2025.11.02 19:47:34.564006 [ 737 ] {} <Debug> DDLWorker: Initializing DDLWorker thread
2025.11.02 19:47:34.563954 [ 1 ] {} <Information> Application: Listening for native protocol (tcp): 0.0.0.0:9000
2025.11.02 19:47:34.564169 [ 1 ] {} <Information> Application: Listening for Prometheus: http://0.0.0.0:8001
2025.11.02 19:47:34.564216 [ 1 ] {} <Information> Application: Ready for connections.
2025.11.02 19:47:34.563976 [ 734 ] {} <Debug> DDLWorker: Started DDLWorker cleanup thread
2025.11.02 19:47:34.563952 [ 735 ] {} <Debug> AsyncLoader: Finish load job 'startup ddl worker' with status OK
2025.11.02 19:47:34.564392 [ 735 ] {} <Debug> AsyncLoader: Stop worker in BackgrndStartup
2025.11.02 19:47:34.564590 [ 735 ] {} <Debug> AsyncLoader: Change current priority: 2 -> none
2025.11.02 19:47:34.569818 [ 737 ] {} <Debug> DDLWorker: Initialized DDLWorker thread
2025.11.02 19:47:34.569961 [ 734 ] {} <Debug> DDLWorker: Cleaning queue
2025.11.02 19:47:34.572761 [ 737 ] {} <Debug> DDLWorker: Scheduling tasks
2025.11.02 19:47:34.573158 [ 737 ] {} <Debug> DDLWorker: No tasks to schedule
2025.11.02 19:47:34.573192 [ 737 ] {} <Debug> DDLWorker: Waiting for queue updates
2025.11.02 19:47:34.582389 [ 81 ] {} <Information> TCPHandler: Client has not sent any data.
2025.11.02 19:47:34.582502 [ 81 ] {} <Debug> TCPHandler: Done processing connection.
2025.11.02 19:47:34.902596 [ 737 ] {} <Debug> DDLWorker: Scheduling tasks
2025.11.02 19:47:34.904794 [ 737 ] {} <Debug> DDLWorker: Will schedule 1 tasks starting from query-0000000000
2025.11.02 19:47:34.905962 [ 737 ] {} <Debug> DDLWorker: Processing task query-0000000000 (query: CREATE DATABASE IF NOT EXISTS db_cor UUID '91d5f8af-7555-4edd-8dbd-050c21b7c62b', backup restore: false)
2025.11.02 19:47:34.907123 [ 737 ] {} <Debug> DDLWorker: Executing query: CREATE DATABASE IF NOT EXISTS db_cor UUID '91d5f8af-7555-4edd-8dbd-050c21b7c62b'
2025.11.02 19:47:34.907294 [ 737 ] {cdfd448b-d41a-4ecc-8ed7-0f8145bb545d} <Debug> executeQuery: (from 0.0.0.0:0, user: , initial_query_id: 24e89954-4698-4b11-b435-5546ec87616c) /* ddl_entry=query-0000000000 */ CREATE DATABASE IF NOT EXISTS db_cor UUID '91d5f8af-7555-4edd-8dbd-050c21b7c62b' (stage: Complete)
2025.11.02 19:47:34.908462 [ 737 ] {cdfd448b-d41a-4ecc-8ed7-0f8145bb545d} <Information> DatabaseAtomic (db_cor): Metadata processed, database db_cor has 0 tables and 0 dictionaries in total.
2025.11.02 19:47:34.908500 [ 737 ] {cdfd448b-d41a-4ecc-8ed7-0f8145bb545d} <Information> TablesLoader: Parsed metadata of 0 tables in 1 databases in 4.5959e-05 sec
2025.11.02 19:47:34.908574 [ 737 ] {cdfd448b-d41a-4ecc-8ed7-0f8145bb545d} <Debug> AsyncLoader: Prioritize load job 'startup Atomic database db_cor': BackgrndStartup -> ForegroundLoad
2025.11.02 19:47:34.908628 [ 737 ] {cdfd448b-d41a-4ecc-8ed7-0f8145bb545d} <Debug> AsyncLoader: Prioritize load job 'startup Ordinary database db_cor': BackgrndStartup -> ForegroundLoad
2025.11.02 19:47:34.908738 [ 737 ] {cdfd448b-d41a-4ecc-8ed7-0f8145bb545d} <Debug> AsyncLoader: Schedule load job 'startup Ordinary database db_cor' into ForegroundLoad
2025.11.02 19:47:34.908789 [ 737 ] {cdfd448b-d41a-4ecc-8ed7-0f8145bb545d} <Debug> AsyncLoader: Schedule load job 'startup Atomic database db_cor' into ForegroundLoad
2025.11.02 19:47:34.908876 [ 737 ] {cdfd448b-d41a-4ecc-8ed7-0f8145bb545d} <Debug> AsyncLoader: Change current priority: none -> 0
2025.11.02 19:47:34.908962 [ 737 ] {cdfd448b-d41a-4ecc-8ed7-0f8145bb545d} <Debug> AsyncLoader: Spawn loader worker #1 in ForegroundLoad
2025.11.02 19:47:34.909093 [ 737 ] {cdfd448b-d41a-4ecc-8ed7-0f8145bb545d} <Debug> AsyncLoader: Wait load job 'startup Atomic database db_cor' in ForegroundLoad
2025.11.02 19:47:34.909118 [ 739 ] {} <Debug> AsyncLoader: Execute load job 'startup Ordinary database db_cor' in ForegroundLoad
2025.11.02 19:47:34.909221 [ 739 ] {} <Debug> AsyncLoader: Finish load job 'startup Ordinary database db_cor' with status OK
2025.11.02 19:47:34.909285 [ 739 ] {} <Debug> AsyncLoader: Spawn loader worker #2 in ForegroundLoad
2025.11.02 19:47:34.909409 [ 739 ] {} <Debug> AsyncLoader: Execute load job 'startup Atomic database db_cor' in ForegroundLoad
2025.11.02 19:47:34.909495 [ 739 ] {} <Debug> AsyncLoader: Finish load job 'startup Atomic database db_cor' with status OK
2025.11.02 19:47:34.909571 [ 739 ] {} <Debug> AsyncLoader: Stop worker in ForegroundLoad
2025.11.02 19:47:34.909625 [ 737 ] {cdfd448b-d41a-4ecc-8ed7-0f8145bb545d} <Debug> DDLWorker: Executed query: /* ddl_entry=query-0000000000 */ CREATE DATABASE IF NOT EXISTS db_cor UUID '91d5f8af-7555-4edd-8dbd-050c21b7c62b'
2025.11.02 19:47:34.909684 [ 735 ] {} <Debug> AsyncLoader: Stop worker in ForegroundLoad
2025.11.02 19:47:34.909794 [ 735 ] {} <Debug> AsyncLoader: Change current priority: 0 -> none
2025.11.02 19:47:34.912221 [ 737 ] {} <Debug> DDLWorker: Waiting for queue updates
2025.11.02 19:47:34.969965 [ 737 ] {} <Debug> DDLWorker: Scheduling tasks
2025.11.02 19:47:34.970788 [ 737 ] {} <Debug> DDLWorker: Will schedule 1 tasks starting from query-0000000001
2025.11.02 19:47:34.971751 [ 737 ] {} <Debug> DDLWorker: Processing task query-0000000001 (query: CREATE TABLE db_cor.tbl_cor_dist_local UUID 'f20a3908-f960-40c4-95f3-7bc6c48a317c' (`id` Int64) ENGINE = MergeTree ORDER BY id SETTINGS index_granularity = 8192, backup restore: false)
2025.11.02 19:47:34.972670 [ 737 ] {} <Debug> DDLWorker: Executing query: CREATE TABLE db_cor.tbl_cor_dist_local UUID 'f20a3908-f960-40c4-95f3-7bc6c48a317c' (`id` Int64) ENGINE = MergeTree ORDER BY id SETTINGS index_granularity = 8192
2025.11.02 19:47:34.972912 [ 737 ] {203b37dc-28e2-471b-94b2-3198b3474a68} <Debug> executeQuery: (from 0.0.0.0:0, user: , initial_query_id: ad97e4cd-8720-4261-99b2-ef2138c90067) /* ddl_entry=query-0000000001 */ CREATE TABLE db_cor.tbl_cor_dist_local UUID 'f20a3908-f960-40c4-95f3-7bc6c48a317c' (`id` Int64) ENGINE = MergeTree ORDER BY id SETTINGS index_granularity = 8192 (stage: Complete)
2025.11.02 19:47:34.974129 [ 737 ] {203b37dc-28e2-471b-94b2-3198b3474a68} <Debug> db_cor.tbl_cor_dist_local (f20a3908-f960-40c4-95f3-7bc6c48a317c): Loading data parts
2025.11.02 19:47:34.974327 [ 737 ] {203b37dc-28e2-471b-94b2-3198b3474a68} <Debug> db_cor.tbl_cor_dist_local (f20a3908-f960-40c4-95f3-7bc6c48a317c): There are no data parts
2025.11.02 19:47:34.975228 [ 737 ] {203b37dc-28e2-471b-94b2-3198b3474a68} <Debug> DatabaseAtomic (db_cor): There are 0 detached tables. Start searching non used tables.
2025.11.02 19:47:34.975290 [ 737 ] {203b37dc-28e2-471b-94b2-3198b3474a68} <Debug> DatabaseAtomic (db_cor): Found 0 non used tables in detached tables.
2025.11.02 19:47:34.975634 [ 737 ] {203b37dc-28e2-471b-94b2-3198b3474a68} <Debug> DDLWorker: Executed query: /* ddl_entry=query-0000000001 */ CREATE TABLE db_cor.tbl_cor_dist_local UUID 'f20a3908-f960-40c4-95f3-7bc6c48a317c' (`id` Int64) ENGINE = MergeTree ORDER BY id SETTINGS index_granularity = 8192
2025.11.02 19:47:34.977732 [ 737 ] {} <Debug> DDLWorker: Waiting for queue updates
2025.11.02 19:47:35.092571 [ 737 ] {} <Debug> DDLWorker: Scheduling tasks
2025.11.02 19:47:35.093061 [ 737 ] {} <Debug> DDLWorker: Will schedule 1 tasks starting from query-0000000002
2025.11.02 19:47:35.093952 [ 737 ] {} <Debug> DDLWorker: Processing task query-0000000002 (query: DROP TABLE IF EXISTS db_cor.tbl_cor_dist, backup restore: false)
2025.11.02 19:47:35.095527 [ 737 ] {} <Debug> DDLWorker: Executing query: DROP TABLE IF EXISTS db_cor.tbl_cor_dist
2025.11.02 19:47:35.095632 [ 737 ] {76e52e20-2f2e-4a8e-b7d8-ca73caf12085} <Debug> executeQuery: (from 0.0.0.0:0, user: , initial_query_id: afc322dc-82a4-497e-acb0-f49308bdecde) /* ddl_entry=query-0000000002 */ DROP TABLE IF EXISTS db_cor.tbl_cor_dist (stage: Complete)
2025.11.02 19:47:35.095758 [ 737 ] {76e52e20-2f2e-4a8e-b7d8-ca73caf12085} <Debug> DDLWorker: Executed query: /* ddl_entry=query-0000000002 */ DROP TABLE IF EXISTS db_cor.tbl_cor_dist
2025.11.02 19:47:35.097170 [ 737 ] {} <Debug> DDLWorker: Waiting for queue updates
2025.11.02 19:47:35.159105 [ 737 ] {} <Debug> DDLWorker: Scheduling tasks
2025.11.02 19:47:35.160122 [ 737 ] {} <Debug> DDLWorker: Will schedule 1 tasks starting from query-0000000003
2025.11.02 19:47:35.160972 [ 737 ] {} <Debug> DDLWorker: Processing task query-0000000003 (query: DROP TABLE IF EXISTS db_cor.tbl_cor_dist_local, backup restore: false)
2025.11.02 19:47:35.162024 [ 737 ] {} <Debug> DDLWorker: Executing query: DROP TABLE IF EXISTS db_cor.tbl_cor_dist_local
2025.11.02 19:47:35.162171 [ 737 ] {c04b285b-583f-4666-a283-0fa62a64d529} <Debug> executeQuery: (from 0.0.0.0:0, user: , initial_query_id: 1de85e57-e244-4f91-a04b-05e3f64df20f) /* ddl_entry=query-0000000003 */ DROP TABLE IF EXISTS db_cor.tbl_cor_dist_local (stage: Complete)
2025.11.02 19:47:35.162436 [ 737 ] {c04b285b-583f-4666-a283-0fa62a64d529} <Debug> DDLWorker: Executed query: /* ddl_entry=query-0000000003 */ DROP TABLE IF EXISTS db_cor.tbl_cor_dist_local
2025.11.02 19:47:35.163725 [ 737 ] {} <Debug> DDLWorker: Waiting for queue updates
2025.11.02 19:47:35.224400 [ 737 ] {} <Debug> DDLWorker: Scheduling tasks
2025.11.02 19:47:35.225103 [ 737 ] {} <Debug> DDLWorker: Will schedule 1 tasks starting from query-0000000004
2025.11.02 19:47:35.226271 [ 737 ] {} <Debug> DDLWorker: Processing task query-0000000004 (query: DROP DATABASE IF EXISTS db_cor, backup restore: false)
2025.11.02 19:47:35.227255 [ 737 ] {} <Debug> DDLWorker: Executing query: DROP DATABASE IF EXISTS db_cor
2025.11.02 19:47:35.228048 [ 737 ] {d6f3a0dc-8921-487e-b82d-19ced15916c5} <Debug> executeQuery: (from 0.0.0.0:0, user: , initial_query_id: ef0dc804-e136-4ed2-9fe9-d2e255989f8f) /* ddl_entry=query-0000000004 */ DROP DATABASE IF EXISTS db_cor (stage: Complete)
2025.11.02 19:47:35.228115 [ 737 ] {d6f3a0dc-8921-487e-b82d-19ced15916c5} <Debug> DatabaseAtomic (db_cor): There are 0 detached tables. Start searching non used tables.
2025.11.02 19:47:35.228168 [ 737 ] {d6f3a0dc-8921-487e-b82d-19ced15916c5} <Debug> DatabaseAtomic (db_cor): Found 0 non used tables in detached tables.
2025.11.02 19:47:35.228415 [ 737 ] {d6f3a0dc-8921-487e-b82d-19ced15916c5} <Debug> DDLWorker: Executed query: /* ddl_entry=query-0000000004 */ DROP DATABASE IF EXISTS db_cor
2025.11.02 19:47:35.229402 [ 737 ] {} <Debug> DDLWorker: Waiting for queue updates
2025.11.02 19:47:35.935134 [ 80 ] {} <Information> Application: Received termination signal (Terminated)
2025.11.02 19:47:35.935374 [ 1 ] {} <Debug> Application: Received termination signal.
2025.11.02 19:47:35.935711 [ 1 ] {} <Debug> Application: Waiting for current connections to close.
2025.11.02 19:47:35.936414 [ 1 ] {} <Information> Application: Closed all listening sockets.
2025.11.02 19:47:35.936563 [ 1 ] {} <Information> Application: Closed connections.
2025.11.02 19:47:35.936757 [ 1 ] {} <Information> Application: Stopping AsyncLoader.
2025.11.02 19:47:35.936940 [ 1 ] {} <Information> CgroupsMemoryUsageObserver: Stopped cgroup current memory usage observer thread
2025.11.02 19:47:35.937110 [ 1 ] {} <Information> Application: Shutting down storages.
2025.11.02 19:47:35.937778 [ 1 ] {} <Debug> Context: Shutting down dictionaries loader
2025.11.02 19:47:35.937849 [ 1 ] {} <Debug> Context: Shutting down UDFs loader
2025.11.02 19:47:35.937964 [ 1 ] {} <Debug> Context: Shutting down another UDFs storage
2025.11.02 19:47:35.938056 [ 1 ] {} <Debug> Context: Shutting down workload entity storage
2025.11.02 19:47:35.938096 [ 1 ] {} <Debug> Context: Shutting down system logs
2025.11.02 19:47:35.938167 [ 718 ] {} <Debug> SystemLog (system.query_log): Creating new table system.query_log for QueryLog
2025.11.02 19:47:35.938191 [ 1 ] {} <Debug> SystemLogQueue (system.query_log): Requested flush up to offset 10
2025.11.02 19:47:35.938207 [ 720 ] {} <Debug> SystemLog (system.metric_log): Creating new table system.metric_log for MetricLog
2025.11.02 19:47:35.941070 [ 718 ] {} <Debug> system.query_log (a2566e49-064f-4dd7-a3b3-14838dd670fb): Loading data parts
2025.11.02 19:47:35.941332 [ 718 ] {} <Debug> system.query_log (a2566e49-064f-4dd7-a3b3-14838dd670fb): There are no data parts
2025.11.02 19:47:35.943961 [ 718 ] {} <Debug> DatabaseAtomic (system): There are 0 detached tables. Start searching non used tables.
2025.11.02 19:47:35.944091 [ 718 ] {} <Debug> DatabaseAtomic (system): Found 0 non used tables in detached tables.
2025.11.02 19:47:35.947437 [ 1 ] {} <Debug> SystemLogQueue (system.query_thread_log): Requested flush up to offset 0
2025.11.02 19:47:35.947498 [ 1 ] {} <Debug> SystemLogQueue (system.metric_log): Requested flush up to offset 2
2025.11.02 19:47:35.947831 [ 720 ] {} <Debug> system.metric_log (9adb8a40-dd8c-4063-b9b2-20d49f8e2084): Loading data parts
2025.11.02 19:47:35.948193 [ 720 ] {} <Debug> system.metric_log (9adb8a40-dd8c-4063-b9b2-20d49f8e2084): There are no data parts
2025.11.02 19:47:35.950954 [ 720 ] {} <Debug> DatabaseAtomic (system): There are 0 detached tables. Start searching non used tables.
2025.11.02 19:47:35.951002 [ 720 ] {} <Debug> DatabaseAtomic (system): Found 0 non used tables in detached tables.
2025.11.02 19:47:36.519813 [ 1 ] {} <Debug> Context: Shutting down merges executor
2025.11.02 19:47:36.520100 [ 1 ] {} <Debug> Context: Shutting down fetches executor
2025.11.02 19:47:36.520494 [ 1 ] {} <Debug> Context: Shutting down moves executor
2025.11.02 19:47:36.520770 [ 1 ] {} <Debug> Context: Shutting down common executor
2025.11.02 19:47:36.526159 [ 1 ] {} <Information> Context: Shutdown disk default
2025.11.02 19:47:36.528981 [ 1 ] {} <Information> ZooKeeperClient: Finalizing session 72057599028297730. finalization_started: false, queue_finished: false, reason: 'Destructor called'
2025.11.02 19:47:36.535099 [ 1 ] {} <Debug> Application: Shut down storages.
2025.11.02 19:47:36.535402 [ 1 ] {} <Debug> Application: Waiting for current connections to servers for tables to finish.
2025.11.02 19:47:36.535787 [ 1 ] {} <Information> Application: Closed all listening sockets.
2025.11.02 19:47:36.535999 [ 1 ] {} <Information> Application: Closed connections to servers for tables.
2025.11.02 19:47:36.537187 [ 1 ] {} <Debug> Application: Destroyed global context.
2025.11.02 19:47:36.537465 [ 1 ] {} <Information> Application: Waiting for background threads
2025.11.02 19:47:36.558822 [ 1 ] {} <Information> Application: Background threads finished in 21 ms
2025.11.02 19:47:36.559961 [ 1 ] {} <Information> Application: shutting down
2025.11.02 19:47:36.560382 [ 1 ] {} <Debug> Application: Uninitializing subsystem: Logging Subsystem
2025.11.02 19:47:36.560545 [ 80 ] {} <Information> BaseDaemon: Stop SignalListener thread
2025.11.02 19:47:44.181236 [ 1 ] {} <Information> SentryWriter: Sending crash reports is disabled
2025.11.02 19:47:44.210566 [ 1 ] {} <Information> Application: Starting ClickHouse 25.3.7.194 (revision: 54502, git hash: 36637934778b7d39b37f378d258359dd6ffdd110, build id: E09B0ADBF9AF0530703B179DBA02705D5DF508C0), PID 1
2025.11.02 19:47:44.210699 [ 1 ] {} <Information> Application: starting up
2025.11.02 19:47:44.210769 [ 1 ] {} <Information> Application: OS name: Linux, version: 6.10.14-linuxkit, architecture: aarch64
2025.11.02 19:47:44.210918 [ 1 ] {} <Information> Jemalloc: Value for background_thread set to true (from true)
2025.11.02 19:47:44.213306 [ 1 ] {} <Information> Application: Available RAM: 7.65 GiB; logical cores: 14; used cores: 14.
2025.11.02 19:47:44.213903 [ 1 ] {} <Information> CgroupsReader: Will create cgroup reader from '/sys/fs/cgroup/' (cgroups version: v2)
2025.11.02 19:47:44.215834 [ 1 ] {} <Warning> Application: Integrity check of the executable skipped because the reference checksum could not be read.
2025.11.02 19:47:44.215903 [ 1 ] {} <Information> Application: It looks like the process has no CAP_IPC_LOCK capability, binary mlock will be disabled. It could happen due to incorrect ClickHouse package installation. You could resolve the problem manually with 'sudo setcap cap_ipc_lock=+ep /usr/bin/clickhouse'. Note that it will not work on 'nosuid' mounted filesystems.
2025.11.02 19:47:44.215958 [ 1 ] {} <Information> MemoryWorker: Starting background memory thread with period of 50ms, using Cgroups as source
2025.11.02 19:47:44.216044 [ 1 ] {} <Information> BackgroundSchedulePool/BgSchPool: Create BackgroundSchedulePool with 512 threads
2025.11.02 19:47:44.239813 [ 1 ] {} <Debug> Application: rlimit on number of file descriptors is 1048576
2025.11.02 19:47:44.239988 [ 1 ] {} <Debug> Application: rlimit on number of threads is 18446744073709551615
2025.11.02 19:47:44.240076 [ 1 ] {} <Debug> Application: Initializing DateLUT.
2025.11.02 19:47:44.240156 [ 1 ] {} <Debug> Context: Setting up /var/lib/clickhouse/tmp/ to store temporary data in it
2025.11.02 19:47:44.240395 [ 1 ] {} <Debug> Application: Initializing interserver credentials.
2025.11.02 19:47:44.240474 [ 1 ] {} <Information> Application: Lowered uncompressed cache size to 3.83 GiB because the system has limited RAM
2025.11.02 19:47:44.240543 [ 1 ] {} <Information> Application: Lowered mark cache size to 3.83 GiB because the system has limited RAM
2025.11.02 19:47:44.240595 [ 1 ] {} <Information> Application: Lowered primary index cache size to 3.83 GiB because the system has limited RAM
2025.11.02 19:47:44.240667 [ 1 ] {} <Information> Application: Lowered index mark cache size to 3.83 GiB because the system has limited RAM
2025.11.02 19:47:44.240765 [ 1 ] {} <Debug> FileCacheFactory: Will load 0 caches from default cache config
2025.11.02 19:47:44.241057 [ 1 ] {} <Debug> ConfigReloader: Loading config '/etc/clickhouse-server/config.xml'
2025.11.02 19:47:44.241169 [ 1 ] {} <Debug> ConfigProcessor: Processing configuration file '/etc/clickhouse-server/config.xml'.
2025.11.02 19:47:44.242143 [ 1 ] {} <Debug> ConfigProcessor: Merging configuration file '/etc/clickhouse-server/config.d/docker_related_config.xml'.
2025.11.02 19:47:44.242334 [ 1 ] {} <Debug> ConfigProcessor: Merging configuration file '/etc/clickhouse-server/config.d/interserver_http_host.xml'.
2025.11.02 19:47:44.242759 [ 1 ] {} <Debug> ConfigProcessor: Merging configuration file '/etc/clickhouse-server/config.d/macros.xml'.
2025.11.02 19:47:44.243085 [ 1 ] {} <Debug> ConfigProcessor: Merging configuration file '/etc/clickhouse-server/config.d/remote_servers.xml'.
2025.11.02 19:47:44.243600 [ 1 ] {} <Debug> ConfigProcessor: Merging configuration file '/etc/clickhouse-server/config.d/zookeeper.xml'.
2025.11.02 19:47:44.244290 [ 1 ] {} <Debug> ConfigProcessor: Saved preprocessed configuration to '/var/lib/clickhouse/preprocessed_configs/config.xml'.
2025.11.02 19:47:44.244414 [ 1 ] {} <Debug> ConfigReloader: Loaded config '/etc/clickhouse-server/config.xml', performing update on configuration
2025.11.02 19:47:44.245046 [ 1 ] {} <Information> Application: Changed setting 'max_server_memory_usage' to 6.89 GiB (7.65 GiB available memory * 0.90 max_server_memory_usage_to_ram_ratio)
2025.11.02 19:47:44.245149 [ 1 ] {} <Information> Application: Setting merges_mutations_memory_usage_soft_limit was set to 3.83 GiB (7.65 GiB available * 0.50 merges_mutations_memory_usage_to_ram_ratio)
2025.11.02 19:47:44.245284 [ 1 ] {} <Information> Application: Merges and mutations memory limit is set to 3.83 GiB
2025.11.02 19:47:44.246510 [ 1 ] {} <Information> Application: Setting max_remote_read_network_bandwidth_for_server was set to 0
2025.11.02 19:47:44.246564 [ 1 ] {} <Information> Application: Setting max_remote_write_network_bandwidth_for_server was set to 0
2025.11.02 19:47:44.246619 [ 1 ] {} <Information> Application: Setting max_local_read_bandwidth_for_server was set to 0
2025.11.02 19:47:44.246677 [ 1 ] {} <Information> Application: Setting max_local_write_bandwidth_for_server was set to 0
2025.11.02 19:47:44.246730 [ 1 ] {} <Information> Application: ConcurrencyControl limit is set to UNLIMITED CPU slots with 'round_robin' scheduler
2025.11.02 19:47:44.246925 [ 1 ] {} <Information> BackgroundSchedulePool/BgBufSchPool: Create BackgroundSchedulePool with 16 threads
2025.11.02 19:47:44.247690 [ 1 ] {} <Information> BackgroundSchedulePool/BgMBSchPool: Create BackgroundSchedulePool with 16 threads
2025.11.02 19:47:44.248670 [ 1 ] {} <Information> BackgroundSchedulePool/BgDistSchPool: Create BackgroundSchedulePool with 16 threads
2025.11.02 19:47:44.249401 [ 1 ] {} <Debug> ConfigReloader: Loaded config '/etc/clickhouse-server/config.xml', performed update on configuration
2025.11.02 19:47:44.249609 [ 1 ] {} <Warning> Application: Listen [::]:9009 failed: Poco::Exception. Code: 1000, e.code() = 0, DNS error: EAI: Address family for hostname not supported (version 25.3.7.194 (official build)). If it is an IPv6 or IPv4 address and your host has disabled IPv6 or IPv4, then consider to specify not disabled IPv4 or IPv6 address to listen in <listen_host> element of configuration file. Example for disabled IPv6: <listen_host>0.0.0.0</listen_host> . Example for disabled IPv4: <listen_host>::</listen_host>
2025.11.02 19:47:44.249872 [ 1 ] {} <Information> Application: Listening for replica communication (interserver): http://0.0.0.0:9009
2025.11.02 19:47:44.250540 [ 1 ] {} <Warning> Access(local_directory): File /var/lib/clickhouse/access/users.list doesn't exist
2025.11.02 19:47:44.250735 [ 1 ] {} <Warning> Access(local_directory): Recovering lists in directory /var/lib/clickhouse/access/
2025.11.02 19:47:44.250965 [ 1 ] {} <Debug> Access(user directories): Added local_directory access storage 'local_directory', path: /var/lib/clickhouse/access/
2025.11.02 19:47:44.251394 [ 1 ] {} <Debug> ConfigReloader: Loading config '/etc/clickhouse-server/users.xml'
2025.11.02 19:47:44.251499 [ 1 ] {} <Debug> ConfigProcessor: Processing configuration file '/etc/clickhouse-server/users.xml'.
2025.11.02 19:47:44.251674 [ 1 ] {} <Debug> ConfigProcessor: Merging configuration file '/etc/clickhouse-server/users.d/users.xml'.
2025.11.02 19:47:44.252497 [ 1 ] {} <Debug> ConfigProcessor: Saved preprocessed configuration to '/var/lib/clickhouse/preprocessed_configs/users.xml'.
2025.11.02 19:47:44.252593 [ 1 ] {} <Debug> ConfigReloader: Loaded config '/etc/clickhouse-server/users.xml', performing update on configuration
2025.11.02 19:47:44.252904 [ 1 ] {} <Debug> ConfigReloader: Loaded config '/etc/clickhouse-server/users.xml', performed update on configuration
2025.11.02 19:47:44.253394 [ 1 ] {} <Debug> Access(user directories): Added users_xml access storage 'users_xml', path: /etc/clickhouse-server/users.xml
2025.11.02 19:47:44.253905 [ 1 ] {} <Information> CgroupsMemoryUsageObserver: Started cgroup current memory usage observer thread
2025.11.02 19:47:44.254412 [ 648 ] {} <Information> CgroupsMemoryUsageObserver: Memory amount initially available to the process is 7.65 GiB
2025.11.02 19:47:44.255982 [ 1 ] {} <Information> Context: Initialized background executor for merges and mutations with num_threads=16, num_tasks=32, scheduling_policy=round_robin
2025.11.02 19:47:44.257600 [ 1 ] {} <Information> Context: Initialized background executor for move operations with num_threads=8, num_tasks=8
2025.11.02 19:47:44.258558 [ 1 ] {} <Information> Context: Initialized background executor for fetches with num_threads=16, num_tasks=16
2025.11.02 19:47:44.259136 [ 1 ] {} <Information> Context: Initialized background executor for common operations (e.g. clearing old parts) with num_threads=8, num_tasks=8
2025.11.02 19:47:44.260761 [ 1 ] {} <Warning> Context: Linux transparent hugepages are set to "always". Check /sys/kernel/mm/transparent_hugepage/enabled
2025.11.02 19:47:44.261106 [ 1 ] {} <Warning> Context: Delay accounting is not enabled, OSIOWaitMicroseconds will not be gathered. You can enable it using `echo 1 > /proc/sys/kernel/task_delayacct` or by using sysctl.
2025.11.02 19:47:44.261362 [ 1 ] {} <Information> DNSCacheUpdater: Update period 15 seconds
2025.11.02 19:47:44.261473 [ 1 ] {} <Information> Application: Loading metadata from /var/lib/clickhouse/
2025.11.02 19:47:44.261543 [ 1 ] {} <Information> Context: Database disk name: default
2025.11.02 19:47:44.261669 [ 1 ] {} <Information> Context: Database disk name: default, path: /var/lib/clickhouse/
2025.11.02 19:47:44.261762 [ 1 ] {} <Debug> loadSystemDatabase: metadata_file_path metadata/system.sql, existsFile false
2025.11.02 19:47:44.261489 [ 83 ] {} <Debug> DNSResolver: Updating DNS cache
2025.11.02 19:47:44.262531 [ 83 ] {} <Debug> DNSResolver: Updated DNS cache
2025.11.02 19:47:44.262926 [ 1 ] {} <Debug> loadSystemDatabase: metadata_file_path metadata/information_schema.sql, existsFile false
2025.11.02 19:47:44.263548 [ 1 ] {} <Debug> loadSystemDatabase: metadata_file_path metadata/INFORMATION_SCHEMA.sql, existsFile false
2025.11.02 19:47:44.264202 [ 1 ] {} <Information> DatabaseAtomic (system): Metadata processed, database system has 0 tables and 0 dictionaries in total.
2025.11.02 19:47:44.264270 [ 1 ] {} <Information> TablesLoader: Parsed metadata of 0 tables in 1 databases in 7.6125e-05 sec
2025.11.02 19:47:44.264358 [ 1 ] {} <Debug> AsyncLoader: Prioritize load job 'startup Atomic database system': BackgrndStartup -> ForegroundLoad
2025.11.02 19:47:44.264421 [ 1 ] {} <Debug> AsyncLoader: Prioritize load job 'startup Ordinary database system': BackgrndStartup -> ForegroundLoad
2025.11.02 19:47:44.264483 [ 1 ] {} <Debug> AsyncLoader: Schedule load job 'startup Ordinary database system' into ForegroundLoad
2025.11.02 19:47:44.264538 [ 1 ] {} <Debug> AsyncLoader: Schedule load job 'startup Atomic database system' into ForegroundLoad
2025.11.02 19:47:44.264590 [ 1 ] {} <Debug> AsyncLoader: Change current priority: none -> 0
2025.11.02 19:47:44.264646 [ 1 ] {} <Debug> AsyncLoader: Spawn loader worker #1 in ForegroundLoad
2025.11.02 19:47:44.264742 [ 1 ] {} <Debug> AsyncLoader: Wait load job 'startup Atomic database system' in ForegroundLoad
2025.11.02 19:47:44.264777 [ 713 ] {} <Debug> AsyncLoader: Execute load job 'startup Ordinary database system' in ForegroundLoad
2025.11.02 19:47:44.264899 [ 713 ] {} <Debug> AsyncLoader: Finish load job 'startup Ordinary database system' with status OK
2025.11.02 19:47:44.264989 [ 713 ] {} <Debug> AsyncLoader: Spawn loader worker #2 in ForegroundLoad
2025.11.02 19:47:44.265098 [ 713 ] {} <Debug> AsyncLoader: Execute load job 'startup Atomic database system' in ForegroundLoad
2025.11.02 19:47:44.265169 [ 714 ] {} <Debug> AsyncLoader: Stop worker in ForegroundLoad
2025.11.02 19:47:44.265253 [ 713 ] {} <Debug> AsyncLoader: Finish load job 'startup Atomic database system' with status OK
2025.11.02 19:47:44.265310 [ 713 ] {} <Debug> AsyncLoader: Stop worker in ForegroundLoad
2025.11.02 19:47:44.265353 [ 713 ] {} <Debug> AsyncLoader: Change current priority: 0 -> none
2025.11.02 19:47:44.265277 [ 1 ] {} <Debug> SystemLog: Creating system.query_log from query_log
2025.11.02 19:47:44.266928 [ 81 ] {} <Information> MemoryTracker: Correcting the value of global memory tracker from 35.44 MiB to 439.45 MiB
2025.11.02 19:47:44.270002 [ 1 ] {} <Debug> SystemLog: Creating system.query_thread_log from query_thread_log
2025.11.02 19:47:44.270468 [ 1 ] {} <Debug> SystemLog: Not creating system.part_log since corresponding section 'part_log' is missing from config
2025.11.02 19:47:44.270554 [ 1 ] {} <Debug> SystemLog: Not creating system.trace_log since corresponding section 'trace_log' is missing from config
2025.11.02 19:47:44.270571 [ 1 ] {} <Debug> SystemLog: Not creating system.crash_log since corresponding section 'crash_log' is missing from config
2025.11.02 19:47:44.270665 [ 1 ] {} <Debug> SystemLog: Not creating system.text_log since corresponding section 'text_log' is missing from config
2025.11.02 19:47:44.270741 [ 1 ] {} <Debug> SystemLog: Creating system.metric_log from metric_log
2025.11.02 19:47:44.273215 [ 1 ] {} <Debug> SystemLog: Not creating system.latency_log since corresponding section 'latency_log' is missing from config
2025.11.02 19:47:44.273258 [ 1 ] {} <Debug> SystemLog: Not creating system.error_log since corresponding section 'error_log' is missing from config
2025.11.02 19:47:44.273278 [ 1 ] {} <Debug> SystemLog: Not creating system.filesystem_cache_log since corresponding section 'filesystem_cache_log' is missing from config
2025.11.02 19:47:44.273345 [ 1 ] {} <Debug> SystemLog: Not creating system.filesystem_read_prefetches_log since corresponding section 'filesystem_read_prefetches_log' is missing from config
2025.11.02 19:47:44.273360 [ 1 ] {} <Debug> SystemLog: Not creating system.s3queue_log since corresponding section 's3queue_log' is missing from config
2025.11.02 19:47:44.273386 [ 1 ] {} <Debug> SystemLog: Not creating system.azure_queue_log since corresponding section 'azure_queue_log' is missing from config
2025.11.02 19:47:44.273440 [ 1 ] {} <Debug> SystemLog: Not creating system.asynchronous_metric_log since corresponding section 'asynchronous_metric_log' is missing from config
2025.11.02 19:47:44.273462 [ 1 ] {} <Debug> SystemLog: Not creating system.opentelemetry_span_log since corresponding section 'opentelemetry_span_log' is missing from config
2025.11.02 19:47:44.273514 [ 1 ] {} <Debug> SystemLog: Not creating system.query_views_log since corresponding section 'query_views_log' is missing from config
2025.11.02 19:47:44.273578 [ 1 ] {} <Debug> SystemLog: Not creating system.zookeeper_log since corresponding section 'zookeeper_log' is missing from config
2025.11.02 19:47:44.273631 [ 1 ] {} <Debug> SystemLog: Not creating system.session_log since corresponding section 'session_log' is missing from config
2025.11.02 19:47:44.273744 [ 1 ] {} <Debug> SystemLog: Not creating system.transactions_info_log since corresponding section 'transactions_info_log' is missing from config
2025.11.02 19:47:44.273781 [ 1 ] {} <Debug> SystemLog: Not creating system.processors_profile_log since corresponding section 'processors_profile_log' is missing from config
2025.11.02 19:47:44.273898 [ 1 ] {} <Debug> SystemLog: Not creating system.asynchronous_insert_log since corresponding section 'asynchronous_insert_log' is missing from config
2025.11.02 19:47:44.273950 [ 1 ] {} <Debug> SystemLog: Not creating system.backup_log since corresponding section 'backup_log' is missing from config
2025.11.02 19:47:44.274025 [ 1 ] {} <Debug> SystemLog: Not creating system.blob_storage_log since corresponding section 'blob_storage_log' is missing from config
2025.11.02 19:47:44.274060 [ 1 ] {} <Debug> SystemLog: Not creating system.query_metric_log since corresponding section 'query_metric_log' is missing from config
2025.11.02 19:47:44.274306 [ 1 ] {} <Debug> DatabaseAtomic (system): There are 0 detached tables. Start searching non used tables.
2025.11.02 19:47:44.274341 [ 1 ] {} <Debug> DatabaseAtomic (system): Found 0 non used tables in detached tables.
2025.11.02 19:47:44.274969 [ 1 ] {} <Debug> DatabaseAtomic (system): There are 0 detached tables. Start searching non used tables.
2025.11.02 19:47:44.275019 [ 1 ] {} <Debug> DatabaseAtomic (system): Found 0 non used tables in detached tables.
2025.11.02 19:47:44.275088 [ 1 ] {} <Debug> DatabaseAtomic (system): There are 0 detached tables. Start searching non used tables.
2025.11.02 19:47:44.275149 [ 1 ] {} <Debug> DatabaseAtomic (system): Found 0 non used tables in detached tables.
2025.11.02 19:47:44.275240 [ 1 ] {} <Debug> DatabaseAtomic (system): There are 0 detached tables. Start searching non used tables.
2025.11.02 19:47:44.275317 [ 1 ] {} <Debug> DatabaseAtomic (system): Found 0 non used tables in detached tables.
2025.11.02 19:47:44.275465 [ 1 ] {} <Debug> DatabaseAtomic (system): There are 0 detached tables. Start searching non used tables.
2025.11.02 19:47:44.275496 [ 1 ] {} <Debug> DatabaseAtomic (system): Found 0 non used tables in detached tables.
2025.11.02 19:47:44.275577 [ 1 ] {} <Debug> DatabaseAtomic (system): There are 0 detached tables. Start searching non used tables.
2025.11.02 19:47:44.275718 [ 1 ] {} <Debug> DatabaseAtomic (system): Found 0 non used tables in detached tables.
2025.11.02 19:47:44.275931 [ 1 ] {} <Debug> DatabaseAtomic (system): There are 0 detached tables. Start searching non used tables.
2025.11.02 19:47:44.275989 [ 1 ] {} <Debug> DatabaseAtomic (system): Found 0 non used tables in detached tables.
2025.11.02 19:47:44.276064 [ 1 ] {} <Debug> DatabaseAtomic (system): There are 0 detached tables. Start searching non used tables.
2025.11.02 19:47:44.276174 [ 1 ] {} <Debug> DatabaseAtomic (system): Found 0 non used tables in detached tables.
2025.11.02 19:47:44.276271 [ 1 ] {} <Debug> DatabaseAtomic (system): There are 0 detached tables. Start searching non used tables.
2025.11.02 19:47:44.276325 [ 1 ] {} <Debug> DatabaseAtomic (system): Found 0 non used tables in detached tables.
2025.11.02 19:47:44.276503 [ 1 ] {} <Debug> DatabaseAtomic (system): There are 0 detached tables. Start searching non used tables.
2025.11.02 19:47:44.276541 [ 1 ] {} <Debug> DatabaseAtomic (system): Found 0 non used tables in detached tables.
2025.11.02 19:47:44.276624 [ 1 ] {} <Debug> DatabaseAtomic (system): There are 0 detached tables. Start searching non used tables.
2025.11.02 19:47:44.276650 [ 1 ] {} <Debug> DatabaseAtomic (system): Found 0 non used tables in detached tables.
2025.11.02 19:47:44.276789 [ 1 ] {} <Debug> DatabaseAtomic (system): There are 0 detached tables. Start searching non used tables.
2025.11.02 19:47:44.276808 [ 1 ] {} <Debug> DatabaseAtomic (system): Found 0 non used tables in detached tables.
2025.11.02 19:47:44.276905 [ 1 ] {} <Debug> DatabaseAtomic (system): There are 0 detached tables. Start searching non used tables.
2025.11.02 19:47:44.277039 [ 1 ] {} <Debug> DatabaseAtomic (system): Found 0 non used tables in detached tables.
2025.11.02 19:47:44.277110 [ 1 ] {} <Debug> DatabaseAtomic (system): There are 0 detached tables. Start searching non used tables.
2025.11.02 19:47:44.277183 [ 1 ] {} <Debug> DatabaseAtomic (system): Found 0 non used tables in detached tables.
2025.11.02 19:47:44.277259 [ 1 ] {} <Debug> DatabaseAtomic (system): There are 0 detached tables. Start searching non used tables.
2025.11.02 19:47:44.277294 [ 1 ] {} <Debug> DatabaseAtomic (system): Found 0 non used tables in detached tables.
2025.11.02 19:47:44.277350 [ 1 ] {} <Debug> DatabaseAtomic (system): There are 0 detached tables. Start searching non used tables.
2025.11.02 19:47:44.277387 [ 1 ] {} <Debug> DatabaseAtomic (system): Found 0 non used tables in detached tables.
2025.11.02 19:47:44.277410 [ 1 ] {} <Debug> DatabaseAtomic (system): There are 0 detached tables. Start searching non used tables.
2025.11.02 19:47:44.277440 [ 1 ] {} <Debug> DatabaseAtomic (system): Found 0 non used tables in detached tables.
2025.11.02 19:47:44.277523 [ 1 ] {} <Debug> DatabaseAtomic (system): There are 0 detached tables. Start searching non used tables.
2025.11.02 19:47:44.277540 [ 1 ] {} <Debug> DatabaseAtomic (system): Found 0 non used tables in detached tables.
2025.11.02 19:47:44.277579 [ 1 ] {} <Debug> DatabaseAtomic (system): There are 0 detached tables. Start searching non used tables.
2025.11.02 19:47:44.277624 [ 1 ] {} <Debug> DatabaseAtomic (system): Found 0 non used tables in detached tables.
2025.11.02 19:47:44.277707 [ 1 ] {} <Debug> DatabaseAtomic (system): There are 0 detached tables. Start searching non used tables.
2025.11.02 19:47:44.277743 [ 1 ] {} <Debug> DatabaseAtomic (system): Found 0 non used tables in detached tables.
2025.11.02 19:47:44.277801 [ 1 ] {} <Debug> DatabaseAtomic (system): There are 0 detached tables. Start searching non used tables.
2025.11.02 19:47:44.277822 [ 1 ] {} <Debug> DatabaseAtomic (system): Found 0 non used tables in detached tables.
2025.11.02 19:47:44.277927 [ 1 ] {} <Debug> DatabaseAtomic (system): There are 0 detached tables. Start searching non used tables.
2025.11.02 19:47:44.277947 [ 1 ] {} <Debug> DatabaseAtomic (system): Found 0 non used tables in detached tables.
2025.11.02 19:47:44.278025 [ 1 ] {} <Debug> DatabaseAtomic (system): There are 0 detached tables. Start searching non used tables.
2025.11.02 19:47:44.278053 [ 1 ] {} <Debug> DatabaseAtomic (system): Found 0 non used tables in detached tables.
2025.11.02 19:47:44.278153 [ 1 ] {} <Debug> DatabaseAtomic (system): There are 0 detached tables. Start searching non used tables.
2025.11.02 19:47:44.278260 [ 1 ] {} <Debug> DatabaseAtomic (system): Found 0 non used tables in detached tables.
2025.11.02 19:47:44.278359 [ 1 ] {} <Debug> DatabaseAtomic (system): There are 0 detached tables. Start searching non used tables.
2025.11.02 19:47:44.278442 [ 1 ] {} <Debug> DatabaseAtomic (system): Found 0 non used tables in detached tables.
2025.11.02 19:47:44.278547 [ 1 ] {} <Debug> DatabaseAtomic (system): There are 0 detached tables. Start searching non used tables.
2025.11.02 19:47:44.278648 [ 1 ] {} <Debug> DatabaseAtomic (system): Found 0 non used tables in detached tables.
2025.11.02 19:47:44.278693 [ 1 ] {} <Debug> DatabaseAtomic (system): There are 0 detached tables. Start searching non used tables.
2025.11.02 19:47:44.278754 [ 1 ] {} <Debug> DatabaseAtomic (system): Found 0 non used tables in detached tables.
2025.11.02 19:47:44.278981 [ 1 ] {} <Debug> DatabaseAtomic (system): There are 0 detached tables. Start searching non used tables.
2025.11.02 19:47:44.279010 [ 1 ] {} <Debug> DatabaseAtomic (system): Found 0 non used tables in detached tables.
2025.11.02 19:47:44.279063 [ 1 ] {} <Debug> DatabaseAtomic (system): There are 0 detached tables. Start searching non used tables.
2025.11.02 19:47:44.279159 [ 1 ] {} <Debug> DatabaseAtomic (system): Found 0 non used tables in detached tables.
2025.11.02 19:47:44.279208 [ 1 ] {} <Debug> DatabaseAtomic (system): There are 0 detached tables. Start searching non used tables.
2025.11.02 19:47:44.279233 [ 1 ] {} <Debug> DatabaseAtomic (system): Found 0 non used tables in detached tables.
2025.11.02 19:47:44.279278 [ 1 ] {} <Debug> DatabaseAtomic (system): There are 0 detached tables. Start searching non used tables.
2025.11.02 19:47:44.279338 [ 1 ] {} <Debug> DatabaseAtomic (system): Found 0 non used tables in detached tables.
2025.11.02 19:47:44.279411 [ 1 ] {} <Debug> DatabaseAtomic (system): There are 0 detached tables. Start searching non used tables.
2025.11.02 19:47:44.279433 [ 1 ] {} <Debug> DatabaseAtomic (system): Found 0 non used tables in detached tables.
2025.11.02 19:47:44.279540 [ 1 ] {} <Debug> DatabaseAtomic (system): There are 0 detached tables. Start searching non used tables.
2025.11.02 19:47:44.279599 [ 1 ] {} <Debug> DatabaseAtomic (system): Found 0 non used tables in detached tables.
2025.11.02 19:47:44.279667 [ 1 ] {} <Debug> DatabaseAtomic (system): There are 0 detached tables. Start searching non used tables.
2025.11.02 19:47:44.279728 [ 1 ] {} <Debug> DatabaseAtomic (system): Found 0 non used tables in detached tables.
2025.11.02 19:47:44.279780 [ 1 ] {} <Debug> DatabaseAtomic (system): There are 0 detached tables. Start searching non used tables.
2025.11.02 19:47:44.279827 [ 1 ] {} <Debug> DatabaseAtomic (system): Found 0 non used tables in detached tables.
2025.11.02 19:47:44.280004 [ 1 ] {} <Debug> DatabaseAtomic (system): There are 0 detached tables. Start searching non used tables.
2025.11.02 19:47:44.280033 [ 1 ] {} <Debug> DatabaseAtomic (system): Found 0 non used tables in detached tables.
2025.11.02 19:47:44.280145 [ 1 ] {} <Debug> DatabaseAtomic (system): There are 0 detached tables. Start searching non used tables.
2025.11.02 19:47:44.280214 [ 1 ] {} <Debug> DatabaseAtomic (system): Found 0 non used tables in detached tables.
2025.11.02 19:47:44.280363 [ 1 ] {} <Debug> DatabaseAtomic (system): There are 0 detached tables. Start searching non used tables.
2025.11.02 19:47:44.280478 [ 1 ] {} <Debug> DatabaseAtomic (system): Found 0 non used tables in detached tables.
2025.11.02 19:47:44.280607 [ 1 ] {} <Debug> DatabaseAtomic (system): There are 0 detached tables. Start searching non used tables.
2025.11.02 19:47:44.280651 [ 1 ] {} <Debug> DatabaseAtomic (system): Found 0 non used tables in detached tables.
2025.11.02 19:47:44.280784 [ 1 ] {} <Debug> DatabaseAtomic (system): There are 0 detached tables. Start searching non used tables.
2025.11.02 19:47:44.280922 [ 1 ] {} <Debug> DatabaseAtomic (system): Found 0 non used tables in detached tables.
2025.11.02 19:47:44.280989 [ 1 ] {} <Debug> DatabaseAtomic (system): There are 0 detached tables. Start searching non used tables.
2025.11.02 19:47:44.281052 [ 1 ] {} <Debug> DatabaseAtomic (system): Found 0 non used tables in detached tables.
2025.11.02 19:47:44.281213 [ 1 ] {} <Debug> DatabaseAtomic (system): There are 0 detached tables. Start searching non used tables.
2025.11.02 19:47:44.281261 [ 1 ] {} <Debug> DatabaseAtomic (system): Found 0 non used tables in detached tables.
2025.11.02 19:47:44.281313 [ 1 ] {} <Debug> DatabaseAtomic (system): There are 0 detached tables. Start searching non used tables.
2025.11.02 19:47:44.281355 [ 1 ] {} <Debug> DatabaseAtomic (system): Found 0 non used tables in detached tables.
2025.11.02 19:47:44.281409 [ 1 ] {} <Debug> DatabaseAtomic (system): There are 0 detached tables. Start searching non used tables.
2025.11.02 19:47:44.281463 [ 1 ] {} <Debug> DatabaseAtomic (system): Found 0 non used tables in detached tables.
2025.11.02 19:47:44.281524 [ 1 ] {} <Debug> DatabaseAtomic (system): There are 0 detached tables. Start searching non used tables.
2025.11.02 19:47:44.281590 [ 1 ] {} <Debug> DatabaseAtomic (system): Found 0 non used tables in detached tables.
2025.11.02 19:47:44.281639 [ 1 ] {} <Debug> DatabaseAtomic (system): There are 0 detached tables. Start searching non used tables.
2025.11.02 19:47:44.281702 [ 1 ] {} <Debug> DatabaseAtomic (system): Found 0 non used tables in detached tables.
2025.11.02 19:47:44.281841 [ 1 ] {} <Debug> DatabaseAtomic (system): There are 0 detached tables. Start searching non used tables.
2025.11.02 19:47:44.281886 [ 1 ] {} <Debug> DatabaseAtomic (system): Found 0 non used tables in detached tables.
2025.11.02 19:47:44.282020 [ 1 ] {} <Debug> DatabaseAtomic (system): There are 0 detached tables. Start searching non used tables.
2025.11.02 19:47:44.282086 [ 1 ] {} <Debug> DatabaseAtomic (system): Found 0 non used tables in detached tables.
2025.11.02 19:47:44.282191 [ 1 ] {} <Debug> DatabaseAtomic (system): There are 0 detached tables. Start searching non used tables.
2025.11.02 19:47:44.282240 [ 1 ] {} <Debug> DatabaseAtomic (system): Found 0 non used tables in detached tables.
2025.11.02 19:47:44.282407 [ 1 ] {} <Debug> DatabaseAtomic (system): There are 0 detached tables. Start searching non used tables.
2025.11.02 19:47:44.282446 [ 1 ] {} <Debug> DatabaseAtomic (system): Found 0 non used tables in detached tables.
2025.11.02 19:47:44.282661 [ 1 ] {} <Debug> DatabaseAtomic (system): There are 0 detached tables. Start searching non used tables.
2025.11.02 19:47:44.282698 [ 1 ] {} <Debug> DatabaseAtomic (system): Found 0 non used tables in detached tables.
2025.11.02 19:47:44.282779 [ 1 ] {} <Debug> DatabaseAtomic (system): There are 0 detached tables. Start searching non used tables.
2025.11.02 19:47:44.282839 [ 1 ] {} <Debug> DatabaseAtomic (system): Found 0 non used tables in detached tables.
2025.11.02 19:47:44.282947 [ 1 ] {} <Debug> DatabaseAtomic (system): There are 0 detached tables. Start searching non used tables.
2025.11.02 19:47:44.283006 [ 1 ] {} <Debug> DatabaseAtomic (system): Found 0 non used tables in detached tables.
2025.11.02 19:47:44.283148 [ 1 ] {} <Debug> DatabaseAtomic (system): There are 0 detached tables. Start searching non used tables.
2025.11.02 19:47:44.283212 [ 1 ] {} <Debug> DatabaseAtomic (system): Found 0 non used tables in detached tables.
2025.11.02 19:47:44.283395 [ 1 ] {} <Debug> DatabaseAtomic (system): There are 0 detached tables. Start searching non used tables.
2025.11.02 19:47:44.283518 [ 1 ] {} <Debug> DatabaseAtomic (system): Found 0 non used tables in detached tables.
2025.11.02 19:47:44.283598 [ 1 ] {} <Debug> DatabaseAtomic (system): There are 0 detached tables. Start searching non used tables.
2025.11.02 19:47:44.283654 [ 1 ] {} <Debug> DatabaseAtomic (system): Found 0 non used tables in detached tables.
2025.11.02 19:47:44.283782 [ 1 ] {} <Debug> DatabaseAtomic (system): There are 0 detached tables. Start searching non used tables.
2025.11.02 19:47:44.283820 [ 1 ] {} <Debug> DatabaseAtomic (system): Found 0 non used tables in detached tables.
2025.11.02 19:47:44.284005 [ 1 ] {} <Debug> DatabaseAtomic (system): There are 0 detached tables. Start searching non used tables.
2025.11.02 19:47:44.284046 [ 1 ] {} <Debug> DatabaseAtomic (system): Found 0 non used tables in detached tables.
2025.11.02 19:47:44.284268 [ 1 ] {} <Debug> DatabaseAtomic (system): There are 0 detached tables. Start searching non used tables.
2025.11.02 19:47:44.284309 [ 1 ] {} <Debug> DatabaseAtomic (system): Found 0 non used tables in detached tables.
2025.11.02 19:47:44.284366 [ 1 ] {} <Debug> DatabaseAtomic (system): There are 0 detached tables. Start searching non used tables.
2025.11.02 19:47:44.284415 [ 1 ] {} <Debug> DatabaseAtomic (system): Found 0 non used tables in detached tables.
2025.11.02 19:47:44.284687 [ 1 ] {} <Debug> DatabaseAtomic (system): There are 0 detached tables. Start searching non used tables.
2025.11.02 19:47:44.284740 [ 1 ] {} <Debug> DatabaseAtomic (system): Found 0 non used tables in detached tables.
2025.11.02 19:47:44.284842 [ 1 ] {} <Debug> DatabaseAtomic (system): There are 0 detached tables. Start searching non used tables.
2025.11.02 19:47:44.284923 [ 1 ] {} <Debug> DatabaseAtomic (system): Found 0 non used tables in detached tables.
2025.11.02 19:47:44.285093 [ 1 ] {} <Debug> DatabaseAtomic (system): There are 0 detached tables. Start searching non used tables.
2025.11.02 19:47:44.285182 [ 1 ] {} <Debug> DatabaseAtomic (system): Found 0 non used tables in detached tables.
2025.11.02 19:47:44.285253 [ 1 ] {} <Debug> DatabaseAtomic (system): There are 0 detached tables. Start searching non used tables.
2025.11.02 19:47:44.285285 [ 1 ] {} <Debug> DatabaseAtomic (system): Found 0 non used tables in detached tables.
2025.11.02 19:47:44.285584 [ 1 ] {} <Debug> DatabaseAtomic (system): There are 0 detached tables. Start searching non used tables.
2025.11.02 19:47:44.285608 [ 1 ] {} <Debug> DatabaseAtomic (system): Found 0 non used tables in detached tables.
2025.11.02 19:47:44.285688 [ 1 ] {} <Debug> DatabaseAtomic (system): There are 0 detached tables. Start searching non used tables.
2025.11.02 19:47:44.285725 [ 1 ] {} <Debug> DatabaseAtomic (system): Found 0 non used tables in detached tables.
2025.11.02 19:47:44.285848 [ 1 ] {} <Debug> DatabaseAtomic (system): There are 0 detached tables. Start searching non used tables.
2025.11.02 19:47:44.285892 [ 1 ] {} <Debug> DatabaseAtomic (system): Found 0 non used tables in detached tables.
2025.11.02 19:47:44.286020 [ 1 ] {} <Debug> DatabaseAtomic (system): There are 0 detached tables. Start searching non used tables.
2025.11.02 19:47:44.286074 [ 1 ] {} <Debug> DatabaseAtomic (system): Found 0 non used tables in detached tables.
2025.11.02 19:47:44.286122 [ 1 ] {} <Debug> DatabaseAtomic (system): There are 0 detached tables. Start searching non used tables.
2025.11.02 19:47:44.286150 [ 1 ] {} <Debug> DatabaseAtomic (system): Found 0 non used tables in detached tables.
2025.11.02 19:47:44.286218 [ 1 ] {} <Debug> DatabaseAtomic (system): There are 0 detached tables. Start searching non used tables.
2025.11.02 19:47:44.286253 [ 1 ] {} <Debug> DatabaseAtomic (system): Found 0 non used tables in detached tables.
2025.11.02 19:47:44.286342 [ 1 ] {} <Debug> DatabaseAtomic (system): There are 0 detached tables. Start searching non used tables.
2025.11.02 19:47:44.286384 [ 1 ] {} <Debug> DatabaseAtomic (system): Found 0 non used tables in detached tables.
2025.11.02 19:47:44.286431 [ 1 ] {} <Debug> DatabaseAtomic (system): There are 0 detached tables. Start searching non used tables.
2025.11.02 19:47:44.286494 [ 1 ] {} <Debug> DatabaseAtomic (system): Found 0 non used tables in detached tables.
2025.11.02 19:47:44.286531 [ 1 ] {} <Debug> DatabaseAtomic (system): There are 0 detached tables. Start searching non used tables.
2025.11.02 19:47:44.286548 [ 1 ] {} <Debug> DatabaseAtomic (system): Found 0 non used tables in detached tables.
2025.11.02 19:47:44.286606 [ 1 ] {} <Debug> DatabaseAtomic (system): There are 0 detached tables. Start searching non used tables.
2025.11.02 19:47:44.286625 [ 1 ] {} <Debug> DatabaseAtomic (system): Found 0 non used tables in detached tables.
2025.11.02 19:47:44.286690 [ 1 ] {} <Debug> DatabaseAtomic (system): There are 0 detached tables. Start searching non used tables.
2025.11.02 19:47:44.286708 [ 1 ] {} <Debug> DatabaseAtomic (system): Found 0 non used tables in detached tables.
2025.11.02 19:47:44.286769 [ 1 ] {} <Debug> DatabaseAtomic (system): There are 0 detached tables. Start searching non used tables.
2025.11.02 19:47:44.286786 [ 1 ] {} <Debug> DatabaseAtomic (system): Found 0 non used tables in detached tables.
2025.11.02 19:47:44.286863 [ 1 ] {} <Debug> DatabaseAtomic (system): There are 0 detached tables. Start searching non used tables.
2025.11.02 19:47:44.286882 [ 1 ] {} <Debug> DatabaseAtomic (system): Found 0 non used tables in detached tables.
2025.11.02 19:47:44.286956 [ 1 ] {} <Debug> DatabaseAtomic (system): There are 0 detached tables. Start searching non used tables.
2025.11.02 19:47:44.286974 [ 1 ] {} <Debug> DatabaseAtomic (system): Found 0 non used tables in detached tables.
2025.11.02 19:47:44.287367 [ 1 ] {} <Debug> DatabaseAtomic (system): There are 0 detached tables. Start searching non used tables.
2025.11.02 19:47:44.287401 [ 1 ] {} <Debug> DatabaseAtomic (system): Found 0 non used tables in detached tables.
2025.11.02 19:47:44.287498 [ 1 ] {} <Debug> DatabaseAtomic (system): There are 0 detached tables. Start searching non used tables.
2025.11.02 19:47:44.287517 [ 1 ] {} <Debug> DatabaseAtomic (system): Found 0 non used tables in detached tables.
2025.11.02 19:47:44.287553 [ 1 ] {} <Debug> DatabaseAtomic (system): There are 0 detached tables. Start searching non used tables.
2025.11.02 19:47:44.287588 [ 1 ] {} <Debug> DatabaseAtomic (system): Found 0 non used tables in detached tables.
2025.11.02 19:47:44.287628 [ 1 ] {} <Debug> DatabaseAtomic (system): There are 0 detached tables. Start searching non used tables.
2025.11.02 19:47:44.287648 [ 1 ] {} <Debug> DatabaseAtomic (system): Found 0 non used tables in detached tables.
2025.11.02 19:47:44.287715 [ 1 ] {} <Debug> DatabaseAtomic (system): There are 0 detached tables. Start searching non used tables.
2025.11.02 19:47:44.287785 [ 1 ] {} <Debug> DatabaseAtomic (system): Found 0 non used tables in detached tables.
2025.11.02 19:47:44.287936 [ 1 ] {} <Debug> DatabaseAtomic (system): There are 0 detached tables. Start searching non used tables.
2025.11.02 19:47:44.287965 [ 1 ] {} <Debug> DatabaseAtomic (system): Found 0 non used tables in detached tables.
2025.11.02 19:47:44.288013 [ 1 ] {} <Debug> DatabaseAtomic (system): There are 0 detached tables. Start searching non used tables.
2025.11.02 19:47:44.288046 [ 1 ] {} <Debug> DatabaseAtomic (system): Found 0 non used tables in detached tables.
2025.11.02 19:47:44.288079 [ 1 ] {} <Debug> DatabaseAtomic (system): There are 0 detached tables. Start searching non used tables.
2025.11.02 19:47:44.288116 [ 1 ] {} <Debug> DatabaseAtomic (system): Found 0 non used tables in detached tables.
2025.11.02 19:47:44.288217 [ 1 ] {} <Debug> DatabaseAtomic (system): There are 0 detached tables. Start searching non used tables.
2025.11.02 19:47:44.288266 [ 1 ] {} <Debug> DatabaseAtomic (system): Found 0 non used tables in detached tables.
2025.11.02 19:47:44.288441 [ 1 ] {} <Debug> DatabaseAtomic (system): There are 0 detached tables. Start searching non used tables.
2025.11.02 19:47:44.288486 [ 1 ] {} <Debug> DatabaseAtomic (system): Found 0 non used tables in detached tables.
2025.11.02 19:47:44.288677 [ 1 ] {} <Debug> DatabaseAtomic (system): There are 0 detached tables. Start searching non used tables.
2025.11.02 19:47:44.288723 [ 1 ] {} <Debug> DatabaseAtomic (system): Found 0 non used tables in detached tables.
2025.11.02 19:47:44.289608 [ 1 ] {} <Debug> DatabaseAtomic (system): There are 0 detached tables. Start searching non used tables.
2025.11.02 19:47:44.289647 [ 1 ] {} <Debug> DatabaseAtomic (system): Found 0 non used tables in detached tables.
2025.11.02 19:47:44.289721 [ 1 ] {} <Debug> DatabaseAtomic (system): There are 0 detached tables. Start searching non used tables.
2025.11.02 19:47:44.289750 [ 1 ] {} <Debug> DatabaseAtomic (system): Found 0 non used tables in detached tables.
2025.11.02 19:47:44.289790 [ 1 ] {} <Debug> DatabaseAtomic (system): There are 0 detached tables. Start searching non used tables.
2025.11.02 19:47:44.289813 [ 1 ] {} <Debug> DatabaseAtomic (system): Found 0 non used tables in detached tables.
2025.11.02 19:47:44.289849 [ 1 ] {} <Debug> DatabaseAtomic (system): There are 0 detached tables. Start searching non used tables.
2025.11.02 19:47:44.289877 [ 1 ] {} <Debug> DatabaseAtomic (system): Found 0 non used tables in detached tables.
2025.11.02 19:47:44.289913 [ 1 ] {} <Debug> DatabaseAtomic (system): There are 0 detached tables. Start searching non used tables.
2025.11.02 19:47:44.289942 [ 1 ] {} <Debug> DatabaseAtomic (system): Found 0 non used tables in detached tables.
2025.11.02 19:47:44.289976 [ 1 ] {} <Debug> DatabaseAtomic (system): There are 0 detached tables. Start searching non used tables.
2025.11.02 19:47:44.289998 [ 1 ] {} <Debug> DatabaseAtomic (system): Found 0 non used tables in detached tables.
2025.11.02 19:47:44.290029 [ 1 ] {} <Debug> DatabaseAtomic (system): There are 0 detached tables. Start searching non used tables.
2025.11.02 19:47:44.290053 [ 1 ] {} <Debug> DatabaseAtomic (system): Found 0 non used tables in detached tables.
2025.11.02 19:47:44.290116 [ 1 ] {} <Debug> DatabaseAtomic (system): There are 0 detached tables. Start searching non used tables.
2025.11.02 19:47:44.290147 [ 1 ] {} <Debug> DatabaseAtomic (system): Found 0 non used tables in detached tables.
2025.11.02 19:47:44.290203 [ 1 ] {} <Debug> DatabaseAtomic (system): There are 0 detached tables. Start searching non used tables.
2025.11.02 19:47:44.290243 [ 1 ] {} <Debug> DatabaseAtomic (system): Found 0 non used tables in detached tables.
2025.11.02 19:47:44.290280 [ 1 ] {} <Debug> DatabaseAtomic (system): There are 0 detached tables. Start searching non used tables.
2025.11.02 19:47:44.290303 [ 1 ] {} <Debug> DatabaseAtomic (system): Found 0 non used tables in detached tables.
2025.11.02 19:47:44.290336 [ 1 ] {} <Debug> DatabaseAtomic (system): There are 0 detached tables. Start searching non used tables.
2025.11.02 19:47:44.290357 [ 1 ] {} <Debug> DatabaseAtomic (system): Found 0 non used tables in detached tables.
2025.11.02 19:47:44.290395 [ 1 ] {} <Debug> DatabaseAtomic (system): There are 0 detached tables. Start searching non used tables.
2025.11.02 19:47:44.290417 [ 1 ] {} <Debug> DatabaseAtomic (system): Found 0 non used tables in detached tables.
2025.11.02 19:47:44.290458 [ 1 ] {} <Debug> DatabaseAtomic (system): There are 0 detached tables. Start searching non used tables.
2025.11.02 19:47:44.290483 [ 1 ] {} <Debug> DatabaseAtomic (system): Found 0 non used tables in detached tables.
2025.11.02 19:47:44.290533 [ 1 ] {} <Debug> DatabaseAtomic (system): There are 0 detached tables. Start searching non used tables.
2025.11.02 19:47:44.290561 [ 1 ] {} <Debug> DatabaseAtomic (system): Found 0 non used tables in detached tables.
2025.11.02 19:47:44.294170 [ 1 ] {} <Information> DatabaseCatalog: Found 0 partially dropped tables. Will load them and retry removal.
2025.11.02 19:47:44.295270 [ 1 ] {} <Information> DatabaseAtomic (default): Metadata processed, database default has 0 tables and 0 dictionaries in total.
2025.11.02 19:47:44.295332 [ 1 ] {} <Information> TablesLoader: Parsed metadata of 0 tables in 1 databases in 7.9458e-05 sec
2025.11.02 19:47:44.295454 [ 1 ] {} <Information> loadMetadata: Start asynchronous loading of databases
2025.11.02 19:47:44.295483 [ 1 ] {} <Debug> AsyncLoader: Schedule load job 'startup Ordinary database default' into BackgrndStartup
2025.11.02 19:47:44.295503 [ 1 ] {} <Debug> AsyncLoader: Schedule load job 'startup Atomic database default' into BackgrndStartup
2025.11.02 19:47:44.295524 [ 1 ] {} <Debug> AsyncLoader: Change current priority: none -> 2
2025.11.02 19:47:44.295545 [ 1 ] {} <Debug> AsyncLoader: Spawn loader worker #1 in BackgrndStartup
2025.11.02 19:47:44.295626 [ 1 ] {} <Information> UserDefinedSQLObjectsLoaderFromDisk: Loading user defined objects from /var/lib/clickhouse/user_defined/
2025.11.02 19:47:44.295647 [ 1 ] {} <Debug> UserDefinedSQLObjectsLoaderFromDisk: The directory for user defined objects (/var/lib/clickhouse/user_defined/) does not exist: nothing to load
2025.11.02 19:47:44.295652 [ 717 ] {} <Debug> AsyncLoader: Execute load job 'startup Ordinary database default' in BackgrndStartup
2025.11.02 19:47:44.295788 [ 717 ] {} <Debug> AsyncLoader: Finish load job 'startup Ordinary database default' with status OK
2025.11.02 19:47:44.295853 [ 717 ] {} <Debug> AsyncLoader: Spawn loader worker #2 in BackgrndStartup
2025.11.02 19:47:44.295705 [ 1 ] {} <Information> WorkloadEntityDiskStorage: Loading workload entities from /var/lib/clickhouse/workload/
2025.11.02 19:47:44.296026 [ 717 ] {} <Debug> AsyncLoader: Execute load job 'startup Atomic database default' in BackgrndStartup
2025.11.02 19:47:44.296029 [ 1 ] {} <Debug> WorkloadEntityDiskStorage: The directory for workload entities (/var/lib/clickhouse/workload/) does not exist: nothing to load
2025.11.02 19:47:44.296113 [ 717 ] {} <Debug> AsyncLoader: Finish load job 'startup Atomic database default' with status OK
2025.11.02 19:47:44.296276 [ 717 ] {} <Debug> AsyncLoader: Stop worker in BackgrndStartup
2025.11.02 19:47:44.296371 [ 718 ] {} <Debug> AsyncLoader: Stop worker in BackgrndStartup
2025.11.02 19:47:44.296430 [ 718 ] {} <Debug> AsyncLoader: Change current priority: 2 -> none
2025.11.02 19:47:44.305191 [ 1 ] {} <Information> ZooKeeperClient: Connected to ZooKeeper at 172.19.0.2:2181 with session_id 72057599666814976
2025.11.02 19:47:44.308423 [ 1 ] {} <Information> ZooKeeperClient: Keeper feature flag FILTERED_LIST: disabled
2025.11.02 19:47:44.308594 [ 1 ] {} <Information> ZooKeeperClient: Keeper feature flag MULTI_READ: disabled
2025.11.02 19:47:44.308839 [ 1 ] {} <Information> ZooKeeperClient: Keeper feature flag CHECK_NOT_EXISTS: disabled
2025.11.02 19:47:44.308939 [ 1 ] {} <Information> ZooKeeperClient: Keeper feature flag CREATE_IF_NOT_EXISTS: disabled
2025.11.02 19:47:44.309004 [ 1 ] {} <Information> ZooKeeperClient: Keeper feature flag REMOVE_RECURSIVE: disabled
2025.11.02 19:47:44.322900 [ 1 ] {} <Debug> Application: Loaded metadata.
2025.11.02 19:47:44.322945 [ 1 ] {} <Information> Application: Tasks stats provider: procfs
2025.11.02 19:47:44.323010 [ 1 ] {} <Information> Application: It looks like the process has no CAP_SYS_NICE capability, the setting 'os_thread_priority' will have no effect. It could happen due to incorrect ClickHouse package installation. You could resolve the problem manually with 'sudo setcap cap_sys_nice=+ep /usr/bin/clickhouse'. Note that it will not work on 'nosuid' mounted filesystems.
2025.11.02 19:47:44.323197 [ 1 ] {} <Debug> DatabaseAtomic (system): There are 0 detached tables. Start searching non used tables.
2025.11.02 19:47:44.323234 [ 1 ] {} <Debug> DatabaseAtomic (system): Found 0 non used tables in detached tables.
2025.11.02 19:47:44.323382 [ 1 ] {} <Warning> Application: Listen [::]:8123 failed: Poco::Exception. Code: 1000, e.code() = 0, DNS error: EAI: Address family for hostname not supported (version 25.3.7.194 (official build)). If it is an IPv6 or IPv4 address and your host has disabled IPv6 or IPv4, then consider to specify not disabled IPv4 or IPv6 address to listen in <listen_host> element of configuration file. Example for disabled IPv6: <listen_host>0.0.0.0</listen_host> . Example for disabled IPv4: <listen_host>::</listen_host>
2025.11.02 19:47:44.323721 [ 1 ] {} <Warning> Application: Listen [::]:9000 failed: Poco::Exception. Code: 1000, e.code() = 0, DNS error: EAI: Address family for hostname not supported (version 25.3.7.194 (official build)). If it is an IPv6 or IPv4 address and your host has disabled IPv6 or IPv4, then consider to specify not disabled IPv4 or IPv6 address to listen in <listen_host> element of configuration file. Example for disabled IPv6: <listen_host>0.0.0.0</listen_host> . Example for disabled IPv4: <listen_host>::</listen_host>
2025.11.02 19:47:44.323910 [ 1 ] {} <Warning> Application: Listen [::]:8001 failed: Poco::Exception. Code: 1000, e.code() = 0, DNS error: EAI: Address family for hostname not supported (version 25.3.7.194 (official build)). If it is an IPv6 or IPv4 address and your host has disabled IPv6 or IPv4, then consider to specify not disabled IPv4 or IPv6 address to listen in <listen_host> element of configuration file. Example for disabled IPv6: <listen_host>0.0.0.0</listen_host> . Example for disabled IPv4: <listen_host>::</listen_host>
2025.11.02 19:47:44.324574 [ 1 ] {} <Information> CertificateReloader: One of paths is empty. Cannot apply new configuration for certificates. Fill all paths and try again.
2025.11.02 19:47:44.324606 [ 1 ] {} <Information> CertificateReloader: One of paths is empty. Cannot apply new configuration for certificates. Fill all paths and try again.
2025.11.02 19:47:44.326508 [ 1 ] {} <Debug> AsyncLoader: Schedule load job 'startup ddl worker' into BackgrndStartup
2025.11.02 19:47:44.326575 [ 1 ] {} <Debug> AsyncLoader: Change current priority: none -> 2
2025.11.02 19:47:44.326711 [ 1 ] {} <Debug> AsyncLoader: Spawn loader worker #1 in BackgrndStartup
2025.11.02 19:47:44.326887 [ 1 ] {} <Information> Application: Listening for http://0.0.0.0:8123
2025.11.02 19:47:44.326920 [ 731 ] {} <Debug> AsyncLoader: Execute load job 'startup ddl worker' in BackgrndStartup
2025.11.02 19:47:44.327036 [ 1 ] {} <Information> Application: Listening for native protocol (tcp): 0.0.0.0:9000
2025.11.02 19:47:44.327103 [ 734 ] {} <Debug> DDLWorker: Starting DDLWorker thread
2025.11.02 19:47:44.327168 [ 734 ] {} <Debug> DDLWorker: Initializing DDLWorker thread
2025.11.02 19:47:44.327148 [ 730 ] {} <Debug> DDLWorker: Started DDLWorker cleanup thread
2025.11.02 19:47:44.327123 [ 731 ] {} <Debug> AsyncLoader: Finish load job 'startup ddl worker' with status OK
2025.11.02 19:47:44.327358 [ 731 ] {} <Debug> AsyncLoader: Stop worker in BackgrndStartup
2025.11.02 19:47:44.327427 [ 731 ] {} <Debug> AsyncLoader: Change current priority: 2 -> none
2025.11.02 19:47:44.327210 [ 1 ] {} <Information> Application: Listening for Prometheus: http://0.0.0.0:8001
2025.11.02 19:47:44.327543 [ 1 ] {} <Information> Application: Ready for connections.
2025.11.02 19:47:44.334799 [ 734 ] {} <Debug> DDLWorker: Initialized DDLWorker thread
2025.11.02 19:47:44.334871 [ 730 ] {} <Debug> DDLWorker: Cleaning queue
2025.11.02 19:47:44.337630 [ 734 ] {} <Debug> DDLWorker: Scheduling tasks
2025.11.02 19:47:44.338508 [ 734 ] {} <Debug> DDLWorker: No tasks to schedule
2025.11.02 19:47:44.338598 [ 734 ] {} <Debug> DDLWorker: Waiting for queue updates
2025.11.02 19:47:44.350120 [ 76 ] {} <Information> TCPHandler: Client has not sent any data.
2025.11.02 19:47:44.350213 [ 76 ] {} <Debug> TCPHandler: Done processing connection.
2025.11.02 19:47:44.639346 [ 734 ] {} <Debug> DDLWorker: Scheduling tasks
2025.11.02 19:47:44.641738 [ 734 ] {} <Debug> DDLWorker: Will schedule 1 tasks starting from query-0000000000
2025.11.02 19:47:44.643085 [ 734 ] {} <Debug> DDLWorker: Processing task query-0000000000 (query: CREATE DATABASE IF NOT EXISTS db_w UUID 'cd93a1af-e4b3-44f1-b7cd-43a8c176f07a', backup restore: false)
2025.11.02 19:47:44.644466 [ 734 ] {} <Debug> DDLWorker: Executing query: CREATE DATABASE IF NOT EXISTS db_w UUID 'cd93a1af-e4b3-44f1-b7cd-43a8c176f07a'
2025.11.02 19:47:44.644592 [ 734 ] {b475ddbf-3a9d-4962-bf1f-229430e6a2cb} <Debug> executeQuery: (from 0.0.0.0:0, user: , initial_query_id: e4cd4806-4a78-4a28-a9da-9a1fa547bd8a) /* ddl_entry=query-0000000000 */ CREATE DATABASE IF NOT EXISTS db_w UUID 'cd93a1af-e4b3-44f1-b7cd-43a8c176f07a' (stage: Complete)
2025.11.02 19:47:44.645740 [ 734 ] {b475ddbf-3a9d-4962-bf1f-229430e6a2cb} <Information> DatabaseAtomic (db_w): Metadata processed, database db_w has 0 tables and 0 dictionaries in total.
2025.11.02 19:47:44.645809 [ 734 ] {b475ddbf-3a9d-4962-bf1f-229430e6a2cb} <Information> TablesLoader: Parsed metadata of 0 tables in 1 databases in 7.5833e-05 sec
2025.11.02 19:47:44.645908 [ 734 ] {b475ddbf-3a9d-4962-bf1f-229430e6a2cb} <Debug> AsyncLoader: Prioritize load job 'startup Atomic database db_w': BackgrndStartup -> ForegroundLoad
2025.11.02 19:47:44.645961 [ 734 ] {b475ddbf-3a9d-4962-bf1f-229430e6a2cb} <Debug> AsyncLoader: Prioritize load job 'startup Ordinary database db_w': BackgrndStartup -> ForegroundLoad
2025.11.02 19:47:44.646006 [ 734 ] {b475ddbf-3a9d-4962-bf1f-229430e6a2cb} <Debug> AsyncLoader: Schedule load job 'startup Ordinary database db_w' into ForegroundLoad
2025.11.02 19:47:44.646055 [ 734 ] {b475ddbf-3a9d-4962-bf1f-229430e6a2cb} <Debug> AsyncLoader: Schedule load job 'startup Atomic database db_w' into ForegroundLoad
2025.11.02 19:47:44.646107 [ 734 ] {b475ddbf-3a9d-4962-bf1f-229430e6a2cb} <Debug> AsyncLoader: Change current priority: none -> 0
2025.11.02 19:47:44.646164 [ 734 ] {b475ddbf-3a9d-4962-bf1f-229430e6a2cb} <Debug> AsyncLoader: Spawn loader worker #1 in ForegroundLoad
2025.11.02 19:47:44.646256 [ 734 ] {b475ddbf-3a9d-4962-bf1f-229430e6a2cb} <Debug> AsyncLoader: Wait load job 'startup Atomic database db_w' in ForegroundLoad
2025.11.02 19:47:44.646283 [ 735 ] {} <Debug> AsyncLoader: Execute load job 'startup Ordinary database db_w' in ForegroundLoad
2025.11.02 19:47:44.646430 [ 735 ] {} <Debug> AsyncLoader: Finish load job 'startup Ordinary database db_w' with status OK
2025.11.02 19:47:44.646493 [ 735 ] {} <Debug> AsyncLoader: Spawn loader worker #2 in ForegroundLoad
2025.11.02 19:47:44.646694 [ 735 ] {} <Debug> AsyncLoader: Execute load job 'startup Atomic database db_w' in ForegroundLoad
2025.11.02 19:47:44.646749 [ 735 ] {} <Debug> AsyncLoader: Finish load job 'startup Atomic database db_w' with status OK
2025.11.02 19:47:44.646830 [ 735 ] {} <Debug> AsyncLoader: Stop worker in ForegroundLoad
2025.11.02 19:47:44.646913 [ 751 ] {} <Debug> AsyncLoader: Stop worker in ForegroundLoad
2025.11.02 19:47:44.647013 [ 751 ] {} <Debug> AsyncLoader: Change current priority: 0 -> none
2025.11.02 19:47:44.646883 [ 734 ] {b475ddbf-3a9d-4962-bf1f-229430e6a2cb} <Debug> DDLWorker: Executed query: /* ddl_entry=query-0000000000 */ CREATE DATABASE IF NOT EXISTS db_w UUID 'cd93a1af-e4b3-44f1-b7cd-43a8c176f07a'
2025.11.02 19:47:44.648648 [ 734 ] {} <Debug> DDLWorker: Waiting for queue updates
2025.11.02 19:47:44.707386 [ 734 ] {} <Debug> DDLWorker: Scheduling tasks
2025.11.02 19:47:44.707942 [ 734 ] {} <Debug> DDLWorker: Will schedule 1 tasks starting from query-0000000001
2025.11.02 19:47:44.708852 [ 734 ] {} <Debug> DDLWorker: Processing task query-0000000001 (query: CREATE TABLE db_w.t_dist_local UUID 'c18ef1e7-7969-4f96-a93e-95fae1e3b43f' (`create_time` DateTime, `y` Int32 COMMENT 'shard key', `m` Int32 COMMENT 'part key', `id` Int64 COMMENT 'sort key', `value` Nullable(String)) ENGINE = MergeTree PARTITION BY m ORDER BY id SETTINGS index_granularity = 8192, backup restore: false)
2025.11.02 19:47:44.710303 [ 734 ] {} <Debug> DDLWorker: Executing query: CREATE TABLE db_w.t_dist_local UUID 'c18ef1e7-7969-4f96-a93e-95fae1e3b43f' (`create_time` DateTime, `y` Int32 COMMENT 'shard key', `m` Int32 COMMENT 'part key', `id` Int64 COMMENT 'sort key', `value` Nullable(String)) ENGINE = MergeTree PARTITION BY m ORDER BY id SETTINGS index_granularity = 8192
2025.11.02 19:47:44.710552 [ 734 ] {aa9c9d64-3d28-4b1c-9bbd-71fa37eadbfa} <Debug> executeQuery: (from 0.0.0.0:0, user: , initial_query_id: fad51b00-aee7-4bc3-a991-dc24a8f4bf77) /* ddl_entry=query-0000000001 */ CREATE TABLE db_w.t_dist_local UUID 'c18ef1e7-7969-4f96-a93e-95fae1e3b43f' (`create_time` DateTime, `y` Int32 COMMENT 'shard key', `m` Int32 COMMENT 'part key', `id` Int64 COMMENT 'sort key', `value` Nullable(String)) ENGINE = MergeTree PARTITION BY m ORDER BY id SETTINGS index_granularity = 8192 (stage: Complete)
2025.11.02 19:47:44.713197 [ 734 ] {aa9c9d64-3d28-4b1c-9bbd-71fa37eadbfa} <Debug> db_w.t_dist_local (c18ef1e7-7969-4f96-a93e-95fae1e3b43f): Loading data parts
2025.11.02 19:47:44.713399 [ 734 ] {aa9c9d64-3d28-4b1c-9bbd-71fa37eadbfa} <Debug> db_w.t_dist_local (c18ef1e7-7969-4f96-a93e-95fae1e3b43f): There are no data parts
2025.11.02 19:47:44.714829 [ 734 ] {aa9c9d64-3d28-4b1c-9bbd-71fa37eadbfa} <Debug> DatabaseAtomic (db_w): There are 0 detached tables. Start searching non used tables.
2025.11.02 19:47:44.714907 [ 734 ] {aa9c9d64-3d28-4b1c-9bbd-71fa37eadbfa} <Debug> DatabaseAtomic (db_w): Found 0 non used tables in detached tables.
2025.11.02 19:47:44.715186 [ 734 ] {aa9c9d64-3d28-4b1c-9bbd-71fa37eadbfa} <Debug> DDLWorker: Executed query: /* ddl_entry=query-0000000001 */ CREATE TABLE db_w.t_dist_local UUID 'c18ef1e7-7969-4f96-a93e-95fae1e3b43f' (`create_time` DateTime, `y` Int32 COMMENT 'shard key', `m` Int32 COMMENT 'part key', `id` Int64 COMMENT 'sort key', `value` Nullable(String)) ENGINE = MergeTree PARTITION BY m ORDER BY id SETTINGS index_granularity = 8192
2025.11.02 19:47:44.716489 [ 734 ] {} <Debug> DDLWorker: Waiting for queue updates
2025.11.02 19:47:44.771278 [ 734 ] {} <Debug> DDLWorker: Scheduling tasks
2025.11.02 19:47:44.772234 [ 734 ] {} <Debug> DDLWorker: Will schedule 1 tasks starting from query-0000000002
2025.11.02 19:47:44.773222 [ 734 ] {} <Debug> DDLWorker: Processing task query-0000000002 (query: CREATE TABLE db_w.t_dist UUID 'c33b4b0c-7c00-415c-b159-7fd1749f4053' (`create_time` DateTime, `y` Int32 COMMENT 'shard key', `m` Int32 COMMENT 'part key', `id` Int64 COMMENT 'sort key', `value` Nullable(String)) ENGINE = Distributed(single_replica, 'db_w', 't_dist_local', y), backup restore: false)
2025.11.02 19:47:44.774382 [ 734 ] {} <Debug> DDLWorker: Executing query: CREATE TABLE db_w.t_dist UUID 'c33b4b0c-7c00-415c-b159-7fd1749f4053' (`create_time` DateTime, `y` Int32 COMMENT 'shard key', `m` Int32 COMMENT 'part key', `id` Int64 COMMENT 'sort key', `value` Nullable(String)) ENGINE = Distributed(single_replica, 'db_w', 't_dist_local', y)
2025.11.02 19:47:44.774492 [ 734 ] {f05c9f2b-20ac-457f-90f1-f8101565b3dd} <Debug> executeQuery: (from 0.0.0.0:0, user: , initial_query_id: 89a0485e-5a1c-4e0f-864a-a095f789284f) /* ddl_entry=query-0000000002 */ CREATE TABLE db_w.t_dist UUID 'c33b4b0c-7c00-415c-b159-7fd1749f4053' (`create_time` DateTime, `y` Int32 COMMENT 'shard key', `m` Int32 COMMENT 'part key', `id` Int64 COMMENT 'sort key', `value` Nullable(String)) ENGINE = Distributed(single_replica, 'db_w', 't_dist_local', y) (stage: Complete)
2025.11.02 19:47:44.774825 [ 734 ] {f05c9f2b-20ac-457f-90f1-f8101565b3dd} <Debug> StorageDistributed (t_dist): Auto-increment is 0
2025.11.02 19:47:44.776028 [ 734 ] {f05c9f2b-20ac-457f-90f1-f8101565b3dd} <Debug> DatabaseAtomic (db_w): There are 0 detached tables. Start searching non used tables.
2025.11.02 19:47:44.776097 [ 734 ] {f05c9f2b-20ac-457f-90f1-f8101565b3dd} <Debug> DatabaseAtomic (db_w): Found 0 non used tables in detached tables.
2025.11.02 19:47:44.776301 [ 734 ] {f05c9f2b-20ac-457f-90f1-f8101565b3dd} <Debug> DDLWorker: Executed query: /* ddl_entry=query-0000000002 */ CREATE TABLE db_w.t_dist UUID 'c33b4b0c-7c00-415c-b159-7fd1749f4053' (`create_time` DateTime, `y` Int32 COMMENT 'shard key', `m` Int32 COMMENT 'part key', `id` Int64 COMMENT 'sort key', `value` Nullable(String)) ENGINE = Distributed(single_replica, 'db_w', 't_dist_local', y)
2025.11.02 19:47:44.778682 [ 734 ] {} <Debug> DDLWorker: Waiting for queue updates
2025.11.02 19:47:44.829520 [ 76 ] {} <Debug> TCPHandler: Connected ClickHouse server version 25.3.0, revision: 54476, user: default.
2025.11.02 19:47:44.829620 [ 76 ] {} <Debug> TCP-Session-c8064313-6f7d-49fc-8eda-e4325a29dc2c: Authenticating user 'default' from 172.19.0.5:33960
2025.11.02 19:47:44.829682 [ 76 ] {} <Debug> TCP-Session-c8064313-6f7d-49fc-8eda-e4325a29dc2c: c8064313-6f7d-49fc-8eda-e4325a29dc2c Authenticated with global context as user 94309d50-4f52-5250-31bd-74fecac179db
2025.11.02 19:47:44.829770 [ 76 ] {} <Debug> TCP-Session-c8064313-6f7d-49fc-8eda-e4325a29dc2c: Creating session context with user_id: 94309d50-4f52-5250-31bd-74fecac179db
2025.11.02 19:47:44.830753 [ 76 ] {6d0884a6-40ea-41ce-9ec6-0b7a1b2cf022} <Debug> executeQuery: (from 172.19.0.5:33960, initial_query_id: 336e6ff5-0b0f-4b25-8fcb-d114f3672525) SELECT `__table1`.`create_time` AS `create_time`, `__table1`.`y` AS `y`, `__table1`.`m` AS `m`, `__table1`.`id` AS `id`, `__table1`.`value` AS `value` FROM `db_w`.`t_dist_local` AS `__table1` WHERE _CAST(0, 'UInt8') (stage: Complete)
2025.11.02 19:47:44.831412 [ 76 ] {6d0884a6-40ea-41ce-9ec6-0b7a1b2cf022} <Debug> TCPHandler: Processed in 0.000858417 sec.
2025.11.02 19:47:44.871734 [ 76 ] {4b4118c8-3878-4f87-8bd3-c78c97b9337d} <Debug> executeQuery: (from 172.19.0.5:33960, initial_query_id: 4516930c-1f92-4aa5-a246-4b13e16b94aa) SELECT `__table1`.`create_time` AS `create_time`, `__table1`.`y` AS `y`, `__table1`.`m` AS `m`, `__table1`.`id` AS `id`, `__table1`.`value` AS `value` FROM `db_w`.`t_dist_local` AS `__table1` WHERE _CAST(0, 'UInt8') (stage: Complete)
2025.11.02 19:47:44.872350 [ 76 ] {4b4118c8-3878-4f87-8bd3-c78c97b9337d} <Debug> TCPHandler: Processed in 0.000791958 sec.
2025.11.02 19:47:44.899919 [ 76 ] {3998bc05-ae60-4289-ab9f-5b4bde7079cd} <Debug> executeQuery: (from 172.19.0.5:33960, initial_query_id: 7a96fe0f-9342-4682-94f5-690fde484229) SELECT `__table1`.`create_time` AS `create_time`, `__table1`.`y` AS `y`, `__table1`.`m` AS `m`, `__table1`.`id` AS `id`, `__table1`.`value` AS `value` FROM `db_w`.`t_dist_local` AS `__table1` WHERE _CAST(0, 'UInt8') (stage: Complete)
2025.11.02 19:47:44.900477 [ 76 ] {3998bc05-ae60-4289-ab9f-5b4bde7079cd} <Debug> TCPHandler: Processed in 0.000765708 sec.
2025.11.02 19:47:44.949152 [ 77 ] {} <Debug> HTTP-Session-d024e9ef-ecee-4816-bbca-23288d1da47d: Authenticating user 'default' from 172.19.0.7:41062
2025.11.02 19:47:44.949322 [ 77 ] {} <Debug> HTTP-Session-d024e9ef-ecee-4816-bbca-23288d1da47d: d024e9ef-ecee-4816-bbca-23288d1da47d Authenticated with global context as user 94309d50-4f52-5250-31bd-74fecac179db
2025.11.02 19:47:44.949416 [ 77 ] {} <Debug> HTTP-Session-d024e9ef-ecee-4816-bbca-23288d1da47d: Creating session context with user_id: 94309d50-4f52-5250-31bd-74fecac179db
2025.11.02 19:47:44.949726 [ 77 ] {2240475f-1cd0-41c0-a094-c605df4f587f} <Debug> executeQuery: (from 172.19.0.7:41062) INSERT INTO `db_w`.`t_dist` FORMAT ArrowStream  (stage: Complete)
2025.11.02 19:47:45.009585 [ 751 ] {6b94b6e5-a7ce-40fb-a33d-e474b638cc8d} <Debug> AsynchronousInsertQueue: Flushed 2 rows, 62 bytes for query 'INSERT INTO db_w.t_dist (create_time, y, m, id, value) FORMAT ArrowStream'
2025.11.02 19:47:45.009697 [ 751 ] {6b94b6e5-a7ce-40fb-a33d-e474b638cc8d} <Debug> MemoryTracker: Query peak memory usage: 3.39 MiB.
2025.11.02 19:47:45.009747 [ 77 ] {2240475f-1cd0-41c0-a094-c605df4f587f} <Debug> DynamicQueryHandler: Done processing query
2025.11.02 19:47:45.009881 [ 77 ] {} <Debug> HTTP-Session-d024e9ef-ecee-4816-bbca-23288d1da47d: d024e9ef-ecee-4816-bbca-23288d1da47d Logout, user_id: 94309d50-4f52-5250-31bd-74fecac179db
2025.11.02 19:47:45.010317 [ 630 ] {} <Debug> db_w.t_dist.DistributedInsertQueue.default: Sending `/var/lib/clickhouse/store/c33/c33b4b0c-7c00-415c-b159-7fd1749f4053/shard2_replica1/1.bin` to clickhouse-s1r2:9000 (1.00 rows, 31.00 B bytes)
2025.11.02 19:47:45.077258 [ 76 ] {045d91e6-1928-4347-b07e-62f44ae0a3e4} <Debug> executeQuery: (from 172.19.0.5:33960, initial_query_id: f3bfd483-f446-42de-84b6-639b03256e05) SELECT `__table1`.`create_time` AS `create_time`, `__table1`.`y` AS `y`, `__table1`.`m` AS `m`, `__table1`.`id` AS `id`, `__table1`.`value` AS `value` FROM `db_w`.`t_dist_local` AS `__table1` WHERE _CAST(0, 'UInt8') (stage: Complete)
2025.11.02 19:47:45.077557 [ 76 ] {045d91e6-1928-4347-b07e-62f44ae0a3e4} <Debug> db_w.t_dist_local (c18ef1e7-7969-4f96-a93e-95fae1e3b43f) (SelectExecutor): Selected 0/0 parts by partition key, 0 parts by primary key, 0/0 marks by primary key, 0 marks to read from 0 ranges
2025.11.02 19:47:45.077990 [ 76 ] {045d91e6-1928-4347-b07e-62f44ae0a3e4} <Debug> TCPHandler: Processed in 0.000908375 sec.
2025.11.02 19:47:45.102614 [ 76 ] {1a71a273-713b-4d2c-b364-5cb0e66bdc7f} <Debug> executeQuery: (from 172.19.0.5:33960, initial_query_id: 2f332bb3-142a-4dce-8423-11b78fba84cf) SELECT `__table1`.`create_time` AS `create_time`, `__table1`.`y` AS `y`, `__table1`.`m` AS `m`, `__table1`.`id` AS `id`, `__table1`.`value` AS `value` FROM `db_w`.`t_dist_local` AS `__table1` WHERE _CAST(0, 'UInt8') (stage: Complete)
2025.11.02 19:47:45.102999 [ 76 ] {1a71a273-713b-4d2c-b364-5cb0e66bdc7f} <Debug> db_w.t_dist_local (c18ef1e7-7969-4f96-a93e-95fae1e3b43f) (SelectExecutor): Selected 0/0 parts by partition key, 0 parts by primary key, 0/0 marks by primary key, 0 marks to read from 0 ranges
2025.11.02 19:47:45.103343 [ 76 ] {1a71a273-713b-4d2c-b364-5cb0e66bdc7f} <Debug> TCPHandler: Processed in 0.000901792 sec.
2025.11.02 19:47:45.134967 [ 76 ] {f2ce6e94-6b4d-4e28-bbc0-9033384948f4} <Debug> executeQuery: (from 172.19.0.5:33960, initial_query_id: 7664b0f4-3ac7-4b61-a979-3651a232002d) SELECT `__table1`.`y` AS `y`, shardNum() AS `_shard_num` FROM `db_w`.`t_dist_local` AS `__table1` (stage: Complete)
2025.11.02 19:47:45.135209 [ 76 ] {f2ce6e94-6b4d-4e28-bbc0-9033384948f4} <Debug> db_w.t_dist_local (c18ef1e7-7969-4f96-a93e-95fae1e3b43f) (SelectExecutor): Key condition: unknown
2025.11.02 19:47:45.135273 [ 76 ] {f2ce6e94-6b4d-4e28-bbc0-9033384948f4} <Debug> db_w.t_dist_local (c18ef1e7-7969-4f96-a93e-95fae1e3b43f) (SelectExecutor): MinMax index condition: unknown
2025.11.02 19:47:45.135330 [ 76 ] {f2ce6e94-6b4d-4e28-bbc0-9033384948f4} <Debug> db_w.t_dist_local (c18ef1e7-7969-4f96-a93e-95fae1e3b43f) (SelectExecutor): PK index has dropped 0/1 granules, it took 0ms across 1 threads.
2025.11.02 19:47:45.135390 [ 76 ] {f2ce6e94-6b4d-4e28-bbc0-9033384948f4} <Debug> db_w.t_dist_local (c18ef1e7-7969-4f96-a93e-95fae1e3b43f) (SelectExecutor): Selected 1/1 parts by partition key, 1 parts by primary key, 1/1 marks by primary key, 1 marks to read from 1 ranges
2025.11.02 19:47:45.135965 [ 76 ] {f2ce6e94-6b4d-4e28-bbc0-9033384948f4} <Debug> executeQuery: Read 1 rows, 4.00 B in 0.001021 sec., 979.4319294809011 rows/sec., 3.83 KiB/sec.
2025.11.02 19:47:45.136104 [ 76 ] {f2ce6e94-6b4d-4e28-bbc0-9033384948f4} <Debug> TCPHandler: Processed in 0.001303583 sec.
2025.11.02 19:47:45.148635 [ 76 ] {26cc2dd8-6e8f-46f1-bb00-ebba7e68741c} <Debug> executeQuery: (from 172.19.0.5:33960, initial_query_id: c68ce749-c47a-4d21-af04-ba11d3554459) SELECT `__table1`.`y` AS `y`, shardNum() AS `_shard_num` FROM `db_w`.`t_dist_local` AS `__table1` (stage: Complete)
2025.11.02 19:47:45.148809 [ 76 ] {26cc2dd8-6e8f-46f1-bb00-ebba7e68741c} <Debug> db_w.t_dist_local (c18ef1e7-7969-4f96-a93e-95fae1e3b43f) (SelectExecutor): Key condition: unknown
2025.11.02 19:47:45.148893 [ 76 ] {26cc2dd8-6e8f-46f1-bb00-ebba7e68741c} <Debug> db_w.t_dist_local (c18ef1e7-7969-4f96-a93e-95fae1e3b43f) (SelectExecutor): MinMax index condition: unknown
2025.11.02 19:47:45.148982 [ 76 ] {26cc2dd8-6e8f-46f1-bb00-ebba7e68741c} <Debug> db_w.t_dist_local (c18ef1e7-7969-4f96-a93e-95fae1e3b43f) (SelectExecutor): PK index has dropped 0/1 granules, it took 0ms across 1 threads.
2025.11.02 19:47:45.149052 [ 76 ] {26cc2dd8-6e8f-46f1-bb00-ebba7e68741c} <Debug> db_w.t_dist_local (c18ef1e7-7969-4f96-a93e-95fae1e3b43f) (SelectExecutor): Selected 1/1 parts by partition key, 1 parts by primary key, 1/1 marks by primary key, 1 marks to read from 1 ranges
2025.11.02 19:47:45.149443 [ 76 ] {26cc2dd8-6e8f-46f1-bb00-ebba7e68741c} <Debug> executeQuery: Read 1 rows, 4.00 B in 0.000835 sec., 1197.6047904191616 rows/sec., 4.68 KiB/sec.
2025.11.02 19:47:45.149567 [ 76 ] {26cc2dd8-6e8f-46f1-bb00-ebba7e68741c} <Debug> TCPHandler: Processed in 0.00108975 sec.
2025.11.02 19:47:45.161751 [ 734 ] {} <Debug> DDLWorker: Scheduling tasks
2025.11.02 19:47:45.162290 [ 734 ] {} <Debug> DDLWorker: Will schedule 1 tasks starting from query-0000000003
2025.11.02 19:47:45.163123 [ 734 ] {} <Debug> DDLWorker: Processing task query-0000000003 (query: DROP TABLE IF EXISTS db_w.t_dist, backup restore: false)
2025.11.02 19:47:45.164119 [ 734 ] {} <Debug> DDLWorker: Executing query: DROP TABLE IF EXISTS db_w.t_dist
2025.11.02 19:47:45.164216 [ 734 ] {2aaa6356-e2b0-47b3-98cc-0844bb69dbbf} <Debug> executeQuery: (from 0.0.0.0:0, user: , initial_query_id: 608e49a2-e6f2-41db-9d73-dd69aba9079e) /* ddl_entry=query-0000000003 */ DROP TABLE IF EXISTS db_w.t_dist (stage: Complete)
2025.11.02 19:47:45.164269 [ 734 ] {2aaa6356-e2b0-47b3-98cc-0844bb69dbbf} <Information> StorageDistributed (t_dist): Flushing pending INSERT blocks
2025.11.02 19:47:45.164433 [ 734 ] {2aaa6356-e2b0-47b3-98cc-0844bb69dbbf} <Information> StorageDistributed (t_dist): Pending INSERT blocks flushed, took 0 ms.
2025.11.02 19:47:45.164516 [ 734 ] {2aaa6356-e2b0-47b3-98cc-0844bb69dbbf} <Debug> StorageDistributed (t_dist): Joining background threads for async INSERT
2025.11.02 19:47:45.164568 [ 734 ] {2aaa6356-e2b0-47b3-98cc-0844bb69dbbf} <Debug> StorageDistributed (t_dist): Background threads for async INSERT joined
2025.11.02 19:47:45.164781 [ 734 ] {2aaa6356-e2b0-47b3-98cc-0844bb69dbbf} <Debug> DDLWorker: Executed query: /* ddl_entry=query-0000000003 */ DROP TABLE IF EXISTS db_w.t_dist
2025.11.02 19:47:45.166694 [ 734 ] {} <Debug> DDLWorker: Waiting for queue updates
2025.11.02 19:47:45.224482 [ 734 ] {} <Debug> DDLWorker: Scheduling tasks
2025.11.02 19:47:45.225108 [ 734 ] {} <Debug> DDLWorker: Will schedule 1 tasks starting from query-0000000004
2025.11.02 19:47:45.226141 [ 734 ] {} <Debug> DDLWorker: Processing task query-0000000004 (query: DROP TABLE IF EXISTS db_w.t_dist_local, backup restore: false)
2025.11.02 19:47:45.227036 [ 734 ] {} <Debug> DDLWorker: Executing query: DROP TABLE IF EXISTS db_w.t_dist_local
2025.11.02 19:47:45.227155 [ 734 ] {eca7dd9a-2cb5-46c0-9a9b-96b8d6d527aa} <Debug> executeQuery: (from 0.0.0.0:0, user: , initial_query_id: 36bedc74-f65b-4165-9ac1-3c1fbd0c28a2) /* ddl_entry=query-0000000004 */ DROP TABLE IF EXISTS db_w.t_dist_local (stage: Complete)
2025.11.02 19:47:45.227441 [ 734 ] {eca7dd9a-2cb5-46c0-9a9b-96b8d6d527aa} <Debug> DDLWorker: Executed query: /* ddl_entry=query-0000000004 */ DROP TABLE IF EXISTS db_w.t_dist_local
2025.11.02 19:47:45.228328 [ 734 ] {} <Debug> DDLWorker: Waiting for queue updates
2025.11.02 19:47:45.289429 [ 734 ] {} <Debug> DDLWorker: Scheduling tasks
2025.11.02 19:47:45.289960 [ 734 ] {} <Debug> DDLWorker: Will schedule 1 tasks starting from query-0000000005
2025.11.02 19:47:45.290712 [ 734 ] {} <Debug> DDLWorker: Processing task query-0000000005 (query: DROP DATABASE IF EXISTS db_w, backup restore: false)
2025.11.02 19:47:45.291489 [ 734 ] {} <Debug> DDLWorker: Executing query: DROP DATABASE IF EXISTS db_w
2025.11.02 19:47:45.291605 [ 734 ] {c9731e90-7d1b-441d-9db3-bd3020e93edd} <Debug> executeQuery: (from 0.0.0.0:0, user: , initial_query_id: b13449b8-dd41-4c1a-872c-1681677d9bbd) /* ddl_entry=query-0000000005 */ DROP DATABASE IF EXISTS db_w (stage: Complete)
2025.11.02 19:47:45.291711 [ 734 ] {c9731e90-7d1b-441d-9db3-bd3020e93edd} <Debug> DatabaseAtomic (db_w): There are 0 detached tables. Start searching non used tables.
2025.11.02 19:47:45.291764 [ 734 ] {c9731e90-7d1b-441d-9db3-bd3020e93edd} <Debug> DatabaseAtomic (db_w): Found 0 non used tables in detached tables.
2025.11.02 19:47:45.292162 [ 734 ] {c9731e90-7d1b-441d-9db3-bd3020e93edd} <Debug> DDLWorker: Executed query: /* ddl_entry=query-0000000005 */ DROP DATABASE IF EXISTS db_w
2025.11.02 19:47:45.293068 [ 734 ] {} <Debug> DDLWorker: Waiting for queue updates
2025.11.02 19:47:45.356703 [ 734 ] {} <Debug> DDLWorker: Scheduling tasks
2025.11.02 19:47:45.357288 [ 734 ] {} <Debug> DDLWorker: Will schedule 1 tasks starting from query-0000000006
2025.11.02 19:47:45.358026 [ 734 ] {} <Debug> DDLWorker: Processing task query-0000000006 (query: CREATE DATABASE IF NOT EXISTS db_agg_col UUID '15340fc0-08a2-4139-8186-3493c6187067', backup restore: false)
2025.11.02 19:47:45.359767 [ 734 ] {} <Debug> DDLWorker: Executing query: CREATE DATABASE IF NOT EXISTS db_agg_col UUID '15340fc0-08a2-4139-8186-3493c6187067'
2025.11.02 19:47:45.359942 [ 734 ] {76c22e88-c48f-4b95-81cb-92d12922d9fa} <Debug> executeQuery: (from 0.0.0.0:0, user: , initial_query_id: 79e4b9cf-b63a-47a3-b863-1a828947a0c0) /* ddl_entry=query-0000000006 */ CREATE DATABASE IF NOT EXISTS db_agg_col UUID '15340fc0-08a2-4139-8186-3493c6187067' (stage: Complete)
2025.11.02 19:47:45.360778 [ 734 ] {76c22e88-c48f-4b95-81cb-92d12922d9fa} <Information> DatabaseAtomic (db_agg_col): Metadata processed, database db_agg_col has 0 tables and 0 dictionaries in total.
2025.11.02 19:47:45.360830 [ 734 ] {76c22e88-c48f-4b95-81cb-92d12922d9fa} <Information> TablesLoader: Parsed metadata of 0 tables in 1 databases in 6.15e-05 sec
2025.11.02 19:47:45.360921 [ 734 ] {76c22e88-c48f-4b95-81cb-92d12922d9fa} <Debug> AsyncLoader: Prioritize load job 'startup Atomic database db_agg_col': BackgrndStartup -> ForegroundLoad
2025.11.02 19:47:45.360991 [ 734 ] {76c22e88-c48f-4b95-81cb-92d12922d9fa} <Debug> AsyncLoader: Prioritize load job 'startup Ordinary database db_agg_col': BackgrndStartup -> ForegroundLoad
2025.11.02 19:47:45.361040 [ 734 ] {76c22e88-c48f-4b95-81cb-92d12922d9fa} <Debug> AsyncLoader: Schedule load job 'startup Ordinary database db_agg_col' into ForegroundLoad
2025.11.02 19:47:45.361097 [ 734 ] {76c22e88-c48f-4b95-81cb-92d12922d9fa} <Debug> AsyncLoader: Schedule load job 'startup Atomic database db_agg_col' into ForegroundLoad
2025.11.02 19:47:45.361161 [ 734 ] {76c22e88-c48f-4b95-81cb-92d12922d9fa} <Debug> AsyncLoader: Change current priority: none -> 0
2025.11.02 19:47:45.361216 [ 734 ] {76c22e88-c48f-4b95-81cb-92d12922d9fa} <Debug> AsyncLoader: Spawn loader worker #1 in ForegroundLoad
2025.11.02 19:47:45.361315 [ 734 ] {76c22e88-c48f-4b95-81cb-92d12922d9fa} <Debug> AsyncLoader: Wait load job 'startup Atomic database db_agg_col' in ForegroundLoad
2025.11.02 19:47:45.361324 [ 735 ] {} <Debug> AsyncLoader: Execute load job 'startup Ordinary database db_agg_col' in ForegroundLoad
2025.11.02 19:47:45.361458 [ 735 ] {} <Debug> AsyncLoader: Finish load job 'startup Ordinary database db_agg_col' with status OK
2025.11.02 19:47:45.361543 [ 735 ] {} <Debug> AsyncLoader: Spawn loader worker #2 in ForegroundLoad
2025.11.02 19:47:45.361677 [ 735 ] {} <Debug> AsyncLoader: Execute load job 'startup Atomic database db_agg_col' in ForegroundLoad
2025.11.02 19:47:45.361767 [ 752 ] {} <Debug> AsyncLoader: Stop worker in ForegroundLoad
2025.11.02 19:47:45.361853 [ 735 ] {} <Debug> AsyncLoader: Finish load job 'startup Atomic database db_agg_col' with status OK
2025.11.02 19:47:45.362035 [ 735 ] {} <Debug> AsyncLoader: Stop worker in ForegroundLoad
2025.11.02 19:47:45.362092 [ 735 ] {} <Debug> AsyncLoader: Change current priority: 0 -> none
2025.11.02 19:47:45.361962 [ 734 ] {76c22e88-c48f-4b95-81cb-92d12922d9fa} <Debug> DDLWorker: Executed query: /* ddl_entry=query-0000000006 */ CREATE DATABASE IF NOT EXISTS db_agg_col UUID '15340fc0-08a2-4139-8186-3493c6187067'
2025.11.02 19:47:45.363100 [ 734 ] {} <Debug> DDLWorker: Waiting for queue updates
2025.11.02 19:47:45.422130 [ 734 ] {} <Debug> DDLWorker: Scheduling tasks
2025.11.02 19:47:45.422650 [ 734 ] {} <Debug> DDLWorker: Will schedule 1 tasks starting from query-0000000007
2025.11.02 19:47:45.423596 [ 734 ] {} <Debug> DDLWorker: Processing task query-0000000007 (query: CREATE TABLE db_agg_col.t_dist_local UUID '8cba62cd-75e8-471d-ae47-243ec4716c01' (`create_time` DateTime, `y` Int32 COMMENT 'shard key', `m` Int32 COMMENT 'part key', `id` Int64 COMMENT 'sort key', `value` Nullable(String)) ENGINE = MergeTree PARTITION BY m ORDER BY id SETTINGS index_granularity = 8192, backup restore: false)
2025.11.02 19:47:45.424624 [ 734 ] {} <Debug> DDLWorker: Executing query: CREATE TABLE db_agg_col.t_dist_local UUID '8cba62cd-75e8-471d-ae47-243ec4716c01' (`create_time` DateTime, `y` Int32 COMMENT 'shard key', `m` Int32 COMMENT 'part key', `id` Int64 COMMENT 'sort key', `value` Nullable(String)) ENGINE = MergeTree PARTITION BY m ORDER BY id SETTINGS index_granularity = 8192
2025.11.02 19:47:45.424821 [ 734 ] {a9621168-f2dc-49f5-9885-a0451415c836} <Debug> executeQuery: (from 0.0.0.0:0, user: , initial_query_id: 35bd81fe-6c6d-4b73-bc66-f7cabe49f754) /* ddl_entry=query-0000000007 */ CREATE TABLE db_agg_col.t_dist_local UUID '8cba62cd-75e8-471d-ae47-243ec4716c01' (`create_time` DateTime, `y` Int32 COMMENT 'shard key', `m` Int32 COMMENT 'part key', `id` Int64 COMMENT 'sort key', `value` Nullable(String)) ENGINE = MergeTree PARTITION BY m ORDER BY id SETTINGS index_granularity = 8192 (stage: Complete)
2025.11.02 19:47:45.426372 [ 734 ] {a9621168-f2dc-49f5-9885-a0451415c836} <Debug> db_agg_col.t_dist_local (8cba62cd-75e8-471d-ae47-243ec4716c01): Loading data parts
2025.11.02 19:47:45.426569 [ 734 ] {a9621168-f2dc-49f5-9885-a0451415c836} <Debug> db_agg_col.t_dist_local (8cba62cd-75e8-471d-ae47-243ec4716c01): There are no data parts
2025.11.02 19:47:45.427833 [ 734 ] {a9621168-f2dc-49f5-9885-a0451415c836} <Debug> DatabaseAtomic (db_agg_col): There are 0 detached tables. Start searching non used tables.
2025.11.02 19:47:45.427970 [ 734 ] {a9621168-f2dc-49f5-9885-a0451415c836} <Debug> DatabaseAtomic (db_agg_col): Found 0 non used tables in detached tables.
2025.11.02 19:47:45.428261 [ 734 ] {a9621168-f2dc-49f5-9885-a0451415c836} <Debug> DDLWorker: Executed query: /* ddl_entry=query-0000000007 */ CREATE TABLE db_agg_col.t_dist_local UUID '8cba62cd-75e8-471d-ae47-243ec4716c01' (`create_time` DateTime, `y` Int32 COMMENT 'shard key', `m` Int32 COMMENT 'part key', `id` Int64 COMMENT 'sort key', `value` Nullable(String)) ENGINE = MergeTree PARTITION BY m ORDER BY id SETTINGS index_granularity = 8192
2025.11.02 19:47:45.429853 [ 734 ] {} <Debug> DDLWorker: Waiting for queue updates
2025.11.02 19:47:45.482350 [ 734 ] {} <Debug> DDLWorker: Scheduling tasks
2025.11.02 19:47:45.482952 [ 734 ] {} <Debug> DDLWorker: Will schedule 1 tasks starting from query-0000000008
2025.11.02 19:47:45.483838 [ 734 ] {} <Debug> DDLWorker: Processing task query-0000000008 (query: CREATE TABLE db_agg_col.t_dist UUID 'caad669f-2126-4cb9-a95e-a37a92e767fa' (`create_time` DateTime, `y` Int32 COMMENT 'shard key', `m` Int32 COMMENT 'part key', `id` Int64 COMMENT 'sort key', `value` Nullable(String)) ENGINE = Distributed(single_replica, 'db_agg_col', 't_dist_local', y), backup restore: false)
2025.11.02 19:47:45.484536 [ 734 ] {} <Debug> DDLWorker: Executing query: CREATE TABLE db_agg_col.t_dist UUID 'caad669f-2126-4cb9-a95e-a37a92e767fa' (`create_time` DateTime, `y` Int32 COMMENT 'shard key', `m` Int32 COMMENT 'part key', `id` Int64 COMMENT 'sort key', `value` Nullable(String)) ENGINE = Distributed(single_replica, 'db_agg_col', 't_dist_local', y)
2025.11.02 19:47:45.484679 [ 734 ] {9400e9ab-1d43-4031-86ae-affba9afcbe6} <Debug> executeQuery: (from 0.0.0.0:0, user: , initial_query_id: 44e203a4-a5dc-46af-aa0c-9de1d25a4996) /* ddl_entry=query-0000000008 */ CREATE TABLE db_agg_col.t_dist UUID 'caad669f-2126-4cb9-a95e-a37a92e767fa' (`create_time` DateTime, `y` Int32 COMMENT 'shard key', `m` Int32 COMMENT 'part key', `id` Int64 COMMENT 'sort key', `value` Nullable(String)) ENGINE = Distributed(single_replica, 'db_agg_col', 't_dist_local', y) (stage: Complete)
2025.11.02 19:47:45.485134 [ 734 ] {9400e9ab-1d43-4031-86ae-affba9afcbe6} <Debug> StorageDistributed (t_dist): Auto-increment is 0
2025.11.02 19:47:45.486149 [ 734 ] {9400e9ab-1d43-4031-86ae-affba9afcbe6} <Debug> DatabaseAtomic (db_agg_col): There are 0 detached tables. Start searching non used tables.
2025.11.02 19:47:45.486188 [ 734 ] {9400e9ab-1d43-4031-86ae-affba9afcbe6} <Debug> DatabaseAtomic (db_agg_col): Found 0 non used tables in detached tables.
2025.11.02 19:47:45.486438 [ 734 ] {9400e9ab-1d43-4031-86ae-affba9afcbe6} <Debug> DDLWorker: Executed query: /* ddl_entry=query-0000000008 */ CREATE TABLE db_agg_col.t_dist UUID 'caad669f-2126-4cb9-a95e-a37a92e767fa' (`create_time` DateTime, `y` Int32 COMMENT 'shard key', `m` Int32 COMMENT 'part key', `id` Int64 COMMENT 'sort key', `value` Nullable(String)) ENGINE = Distributed(single_replica, 'db_agg_col', 't_dist_local', y)
2025.11.02 19:47:45.487191 [ 734 ] {} <Debug> DDLWorker: Waiting for queue updates
2025.11.02 19:47:45.540536 [ 76 ] {8cf4a70f-09a3-4752-8286-0b08bba4ca1a} <Debug> executeQuery: (from 172.19.0.5:33960, initial_query_id: 415e4d68-6d89-4c0d-9c19-f97d0baf6ede) SELECT `__table1`.`create_time` AS `create_time`, `__table1`.`y` AS `y`, `__table1`.`m` AS `m`, `__table1`.`id` AS `id`, `__table1`.`value` AS `value` FROM `db_agg_col`.`t_dist_local` AS `__table1` WHERE _CAST(0, 'UInt8') (stage: Complete)
2025.11.02 19:47:45.541200 [ 76 ] {8cf4a70f-09a3-4752-8286-0b08bba4ca1a} <Debug> TCPHandler: Processed in 0.000843042 sec.
2025.11.02 19:47:45.548216 [ 76 ] {65d6a742-4373-4f9c-9856-8aa10cbd9133} <Debug> executeQuery: (from 172.19.0.5:33960, initial_query_id: 65f846bb-3004-41b2-8810-f8cf9c9f86a0) SELECT `__table1`.`create_time` AS `create_time`, `__table1`.`y` AS `y`, `__table1`.`m` AS `m`, `__table1`.`id` AS `id`, `__table1`.`value` AS `value` FROM `db_agg_col`.`t_dist_local` AS `__table1` WHERE _CAST(0, 'UInt8') (stage: Complete)
2025.11.02 19:47:45.548773 [ 76 ] {65d6a742-4373-4f9c-9856-8aa10cbd9133} <Debug> TCPHandler: Processed in 0.000719042 sec.
2025.11.02 19:47:45.567852 [ 76 ] {4ea577ee-6995-45b5-89f4-a28c1a368b98} <Debug> executeQuery: (from 172.19.0.5:33960, initial_query_id: 345853ab-9cbf-414d-b689-12b0d4223cf6) SELECT `__table1`.`create_time` AS `create_time`, `__table1`.`y` AS `y`, `__table1`.`m` AS `m`, `__table1`.`id` AS `id`, `__table1`.`value` AS `value` FROM `db_agg_col`.`t_dist_local` AS `__table1` WHERE _CAST(0, 'UInt8') (stage: Complete)
2025.11.02 19:47:45.568487 [ 76 ] {4ea577ee-6995-45b5-89f4-a28c1a368b98} <Debug> TCPHandler: Processed in 0.000802959 sec.
2025.11.02 19:47:45.656665 [ 79 ] {} <Debug> TCPHandler: Connected ClickHouse server version 25.3.0, revision: 54476, user: default.
2025.11.02 19:47:45.656803 [ 79 ] {} <Debug> TCP-Session-39504350-0fa7-4c14-88e4-bbbcc01efc86: Authenticating user 'default' from 172.19.0.6:38532
2025.11.02 19:47:45.656949 [ 79 ] {} <Debug> TCP-Session-39504350-0fa7-4c14-88e4-bbbcc01efc86: 39504350-0fa7-4c14-88e4-bbbcc01efc86 Authenticated with global context as user 94309d50-4f52-5250-31bd-74fecac179db
2025.11.02 19:47:45.657029 [ 79 ] {} <Debug> TCP-Session-39504350-0fa7-4c14-88e4-bbbcc01efc86: Creating session context with user_id: 94309d50-4f52-5250-31bd-74fecac179db
2025.11.02 19:47:45.657779 [ 79 ] {d6568351-8d4e-403c-bf9f-4741b3ba24ce} <Debug> executeQuery: (from 172.19.0.6:38532, initial_query_id: d91edca0-ee76-4a3a-abc9-7b9a0b771017) INSERT INTO db_agg_col.t_dist_local (create_time, y, m, id, value) VALUES (stage: Complete)
2025.11.02 19:47:45.658661 [ 79 ] {d6568351-8d4e-403c-bf9f-4741b3ba24ce} <Debug> executeQuery: Read 1 rows, 31.00 B in 0.000921 sec., 1085.7763300760043 rows/sec., 32.87 KiB/sec.
2025.11.02 19:47:45.658807 [ 79 ] {d6568351-8d4e-403c-bf9f-4741b3ba24ce} <Debug> MemoryTracker: Query peak memory usage: 4.29 MiB.
2025.11.02 19:47:45.658892 [ 79 ] {d6568351-8d4e-403c-bf9f-4741b3ba24ce} <Debug> TCPHandler: Processed in 0.001281584 sec.
2025.11.02 19:47:45.718142 [ 76 ] {53fe49b9-5dca-45a9-b364-2d865debf6bd} <Debug> executeQuery: (from 172.19.0.5:33960, initial_query_id: bf76d4bf-67ef-4c61-a6bd-d5f0a83aafee) SELECT `__table1`.`create_time` AS `create_time`, `__table1`.`y` AS `y`, `__table1`.`m` AS `m`, `__table1`.`id` AS `id`, `__table1`.`value` AS `value` FROM `db_agg_col`.`t_dist_local` AS `__table1` WHERE _CAST(0, 'UInt8') (stage: Complete)
2025.11.02 19:47:45.718469 [ 76 ] {53fe49b9-5dca-45a9-b364-2d865debf6bd} <Debug> db_agg_col.t_dist_local (8cba62cd-75e8-471d-ae47-243ec4716c01) (SelectExecutor): Selected 0/0 parts by partition key, 0 parts by primary key, 0/0 marks by primary key, 0 marks to read from 0 ranges
2025.11.02 19:47:45.718842 [ 76 ] {53fe49b9-5dca-45a9-b364-2d865debf6bd} <Debug> TCPHandler: Processed in 0.000922333 sec.
2025.11.02 19:47:45.738600 [ 76 ] {97ade849-6071-40f7-8801-4c829c9cf1a3} <Debug> executeQuery: (from 172.19.0.5:33960, initial_query_id: 9be6ff0f-61b7-492c-a082-1070fd8ae4b3) SELECT count() AS `COUNT()` FROM `db_agg_col`.`t_dist_local` AS `__table1` WHERE _CAST(0, 'UInt8') (stage: WithMergeableState)
2025.11.02 19:47:45.739041 [ 76 ] {97ade849-6071-40f7-8801-4c829c9cf1a3} <Debug> db_agg_col.t_dist_local (8cba62cd-75e8-471d-ae47-243ec4716c01) (SelectExecutor): Selected 0/0 parts by partition key, 0 parts by primary key, 0/0 marks by primary key, 0 marks to read from 0 ranges
2025.11.02 19:47:45.739452 [ 76 ] {97ade849-6071-40f7-8801-4c829c9cf1a3} <Debug> TCPHandler: Processed in 0.000996708 sec.
2025.11.02 19:47:45.751581 [ 77 ] {} <Debug> HTTP-Session-680289f2-64df-43f6-92ce-7d54aaf8b2eb: Authenticating user 'default' from 172.19.0.7:41070
2025.11.02 19:47:45.751652 [ 77 ] {} <Debug> HTTP-Session-680289f2-64df-43f6-92ce-7d54aaf8b2eb: 680289f2-64df-43f6-92ce-7d54aaf8b2eb Authenticated with global context as user 94309d50-4f52-5250-31bd-74fecac179db
2025.11.02 19:47:45.751709 [ 77 ] {} <Debug> HTTP-Session-680289f2-64df-43f6-92ce-7d54aaf8b2eb: Creating session context with user_id: 94309d50-4f52-5250-31bd-74fecac179db
2025.11.02 19:47:45.751927 [ 77 ] {a243155a-f707-49d9-8632-ac768102aefb} <Debug> executeQuery: (from 172.19.0.7:41070) SELECT partition, -- String
 partition_id, -- String
 sum(rows) AS row_count, -- UInt64
 sum(bytes_on_disk) AS size_in_bytes -- UInt64
 FROM `system`.`parts` WHERE `database`='db_agg_col' AND `table`='t_dist_local' AND `active`=1 GROUP BY `partition`, `partition_id` ORDER BY `partition` ASC, partition_id ASC  (stage: Complete)
2025.11.02 19:47:45.753464 [ 77 ] {a243155a-f707-49d9-8632-ac768102aefb} <Debug> executeQuery: Read 1 rows, 77.00 B in 0.00164 sec., 609.7560975609756 rows/sec., 45.85 KiB/sec.
2025.11.02 19:47:45.753771 [ 77 ] {a243155a-f707-49d9-8632-ac768102aefb} <Debug> DynamicQueryHandler: Done processing query
2025.11.02 19:47:45.753864 [ 77 ] {a243155a-f707-49d9-8632-ac768102aefb} <Debug> MemoryTracker: Query peak memory usage: 4.02 MiB.
2025.11.02 19:47:45.754015 [ 77 ] {} <Debug> HTTP-Session-680289f2-64df-43f6-92ce-7d54aaf8b2eb: 680289f2-64df-43f6-92ce-7d54aaf8b2eb Logout, user_id: 94309d50-4f52-5250-31bd-74fecac179db
2025.11.02 19:47:45.765143 [ 76 ] {3dbb684a-68a1-407d-80d2-16e2efdb99f9} <Debug> executeQuery: (from 172.19.0.5:33960, initial_query_id: 82c2cc3d-2c5d-4bb7-8eaf-fbbec6ee3dc7) SELECT count() AS `COUNT()` FROM `db_agg_col`.`t_dist_local` AS `__table1` WHERE _CAST(0, 'UInt8') (stage: WithMergeableState)
2025.11.02 19:47:45.765590 [ 76 ] {3dbb684a-68a1-407d-80d2-16e2efdb99f9} <Debug> db_agg_col.t_dist_local (8cba62cd-75e8-471d-ae47-243ec4716c01) (SelectExecutor): Selected 0/0 parts by partition key, 0 parts by primary key, 0/0 marks by primary key, 0 marks to read from 0 ranges
2025.11.02 19:47:45.766187 [ 76 ] {3dbb684a-68a1-407d-80d2-16e2efdb99f9} <Debug> TCPHandler: Processed in 0.001195083 sec.
2025.11.02 19:47:45.777019 [ 77 ] {} <Debug> HTTP-Session-53370e04-e877-44e3-b74a-08891fff469f: Authenticating user 'default' from 172.19.0.7:41074
2025.11.02 19:47:45.777094 [ 77 ] {} <Debug> HTTP-Session-53370e04-e877-44e3-b74a-08891fff469f: 53370e04-e877-44e3-b74a-08891fff469f Authenticated with global context as user 94309d50-4f52-5250-31bd-74fecac179db
2025.11.02 19:47:45.777137 [ 77 ] {} <Debug> HTTP-Session-53370e04-e877-44e3-b74a-08891fff469f: Creating session context with user_id: 94309d50-4f52-5250-31bd-74fecac179db
2025.11.02 19:47:45.777311 [ 77 ] {ae49d9e5-92ae-47cf-9d15-be81d76b9f08} <Debug> executeQuery: (from 172.19.0.7:41074) SELECT partition, -- String
 partition_id, -- String
 sum(rows) AS row_count, -- UInt64
 sum(bytes_on_disk) AS size_in_bytes -- UInt64
 FROM `system`.`parts` WHERE `database`='db_agg_col' AND `table`='t_dist_local' AND `active`=1 GROUP BY `partition`, `partition_id` ORDER BY `partition` ASC, partition_id ASC  (stage: Complete)
2025.11.02 19:47:45.779016 [ 77 ] {ae49d9e5-92ae-47cf-9d15-be81d76b9f08} <Debug> executeQuery: Read 1 rows, 77.00 B in 0.001777 sec., 562.7462014631401 rows/sec., 42.32 KiB/sec.
2025.11.02 19:47:45.779373 [ 77 ] {ae49d9e5-92ae-47cf-9d15-be81d76b9f08} <Debug> DynamicQueryHandler: Done processing query
2025.11.02 19:47:45.779505 [ 77 ] {ae49d9e5-92ae-47cf-9d15-be81d76b9f08} <Debug> MemoryTracker: Query peak memory usage: 4.01 MiB.
2025.11.02 19:47:45.779585 [ 77 ] {} <Debug> HTTP-Session-53370e04-e877-44e3-b74a-08891fff469f: 53370e04-e877-44e3-b74a-08891fff469f Logout, user_id: 94309d50-4f52-5250-31bd-74fecac179db
2025.11.02 19:47:45.807722 [ 77 ] {} <Debug> HTTP-Session-b7c4f712-2e33-4262-8cf8-92934e64d97c: Authenticating user 'default' from 172.19.0.7:41076
2025.11.02 19:47:45.807795 [ 77 ] {} <Debug> HTTP-Session-b7c4f712-2e33-4262-8cf8-92934e64d97c: b7c4f712-2e33-4262-8cf8-92934e64d97c Authenticated with global context as user 94309d50-4f52-5250-31bd-74fecac179db
2025.11.02 19:47:45.807827 [ 77 ] {} <Debug> HTTP-Session-b7c4f712-2e33-4262-8cf8-92934e64d97c: Creating session context with user_id: 94309d50-4f52-5250-31bd-74fecac179db
2025.11.02 19:47:45.807991 [ 77 ] {97ea25ed-4acb-4fa4-aa79-1ac29898694c} <Debug> executeQuery: (from 172.19.0.7:41076) SELECT COUNT(*) FROM `db_agg_col`.`t_dist_local` WHERE (_partition_id = '2') AND ((1=1) AND (1=1))  (stage: Complete)
2025.11.02 19:47:45.809450 [ 77 ] {97ea25ed-4acb-4fa4-aa79-1ac29898694c} <Debug> executeQuery: Read 1 rows, 44.00 B in 0.001511 sec., 661.8133686300463 rows/sec., 28.44 KiB/sec.
2025.11.02 19:47:45.809833 [ 77 ] {97ea25ed-4acb-4fa4-aa79-1ac29898694c} <Debug> DynamicQueryHandler: Done processing query
2025.11.02 19:47:45.810011 [ 77 ] {97ea25ed-4acb-4fa4-aa79-1ac29898694c} <Debug> MemoryTracker: Query peak memory usage: 4.03 MiB.
2025.11.02 19:47:45.810114 [ 77 ] {} <Debug> HTTP-Session-b7c4f712-2e33-4262-8cf8-92934e64d97c: b7c4f712-2e33-4262-8cf8-92934e64d97c Logout, user_id: 94309d50-4f52-5250-31bd-74fecac179db
2025.11.02 19:47:45.856771 [ 77 ] {} <Debug> HTTP-Session-894d7514-87b9-43af-9c87-80098673f0b8: Authenticating user 'default' from 172.19.0.7:41090
2025.11.02 19:47:45.856881 [ 77 ] {} <Debug> HTTP-Session-894d7514-87b9-43af-9c87-80098673f0b8: 894d7514-87b9-43af-9c87-80098673f0b8 Authenticated with global context as user 94309d50-4f52-5250-31bd-74fecac179db
2025.11.02 19:47:45.857093 [ 77 ] {} <Debug> HTTP-Session-894d7514-87b9-43af-9c87-80098673f0b8: Creating session context with user_id: 94309d50-4f52-5250-31bd-74fecac179db
2025.11.02 19:47:45.857445 [ 77 ] {0294e76d-1c8a-4ea8-b7cf-12bdc6a7b81f} <Debug> executeQuery: (from 172.19.0.7:41090) SELECT COUNT(*) FROM `db_agg_col`.`t_dist_local` WHERE (_partition_id = '2') AND ((1=1) AND (1=1))  (stage: Complete)
2025.11.02 19:47:45.863769 [ 77 ] {0294e76d-1c8a-4ea8-b7cf-12bdc6a7b81f} <Debug> executeQuery: Read 1 rows, 44.00 B in 0.006413 sec., 155.9332605644784 rows/sec., 6.70 KiB/sec.
2025.11.02 19:47:45.864101 [ 77 ] {0294e76d-1c8a-4ea8-b7cf-12bdc6a7b81f} <Debug> DynamicQueryHandler: Done processing query
2025.11.02 19:47:45.864166 [ 77 ] {0294e76d-1c8a-4ea8-b7cf-12bdc6a7b81f} <Debug> MemoryTracker: Query peak memory usage: 4.03 MiB.
2025.11.02 19:47:45.864321 [ 77 ] {} <Debug> HTTP-Session-894d7514-87b9-43af-9c87-80098673f0b8: 894d7514-87b9-43af-9c87-80098673f0b8 Logout, user_id: 94309d50-4f52-5250-31bd-74fecac179db
2025.11.02 19:47:45.886678 [ 76 ] {43eecb2f-0d2a-474d-8eb6-a0685710911d} <Debug> executeQuery: (from 172.19.0.5:33960, initial_query_id: 34170a95-d944-4011-81d0-f326af5866c3) SELECT `__table1`.`create_time` AS `create_time`, `__table1`.`y` AS `y`, `__table1`.`m` AS `m`, `__table1`.`id` AS `id`, `__table1`.`value` AS `value` FROM `db_agg_col`.`t_dist_local` AS `__table1` WHERE _CAST(0, 'UInt8') (stage: Complete)
2025.11.02 19:47:45.887069 [ 76 ] {43eecb2f-0d2a-474d-8eb6-a0685710911d} <Debug> db_agg_col.t_dist_local (8cba62cd-75e8-471d-ae47-243ec4716c01) (SelectExecutor): Selected 0/0 parts by partition key, 0 parts by primary key, 0/0 marks by primary key, 0 marks to read from 0 ranges
2025.11.02 19:47:45.887462 [ 76 ] {43eecb2f-0d2a-474d-8eb6-a0685710911d} <Debug> TCPHandler: Processed in 0.000983292 sec.
2025.11.02 19:47:45.905952 [ 76 ] {23a48164-3da1-4696-b2f1-697575863e1d} <Debug> executeQuery: (from 172.19.0.5:33960, initial_query_id: 1fb833ee-9cb3-4eed-a97d-ce2f232dc31e) SELECT min(`__table1`.`id`) AS `MIN(id)` FROM `db_agg_col`.`t_dist_local` AS `__table1` WHERE _CAST(0, 'UInt8') (stage: WithMergeableState)
2025.11.02 19:47:45.906547 [ 76 ] {23a48164-3da1-4696-b2f1-697575863e1d} <Debug> db_agg_col.t_dist_local (8cba62cd-75e8-471d-ae47-243ec4716c01) (SelectExecutor): Selected 0/0 parts by partition key, 0 parts by primary key, 0/0 marks by primary key, 0 marks to read from 0 ranges
2025.11.02 19:47:45.906988 [ 76 ] {23a48164-3da1-4696-b2f1-697575863e1d} <Debug> TCPHandler: Processed in 0.001228834 sec.
2025.11.02 19:47:45.918641 [ 77 ] {} <Debug> HTTP-Session-00e1bfa7-c96f-4b65-bd20-5455c7a73607: Authenticating user 'default' from 172.19.0.7:41100
2025.11.02 19:47:45.918711 [ 77 ] {} <Debug> HTTP-Session-00e1bfa7-c96f-4b65-bd20-5455c7a73607: 00e1bfa7-c96f-4b65-bd20-5455c7a73607 Authenticated with global context as user 94309d50-4f52-5250-31bd-74fecac179db
2025.11.02 19:47:45.918762 [ 77 ] {} <Debug> HTTP-Session-00e1bfa7-c96f-4b65-bd20-5455c7a73607: Creating session context with user_id: 94309d50-4f52-5250-31bd-74fecac179db
2025.11.02 19:47:45.918994 [ 77 ] {a241c884-b4e2-4a06-adcd-adedb84e64a2} <Debug> executeQuery: (from 172.19.0.7:41100) SELECT partition, -- String
 partition_id, -- String
 sum(rows) AS row_count, -- UInt64
 sum(bytes_on_disk) AS size_in_bytes -- UInt64
 FROM `system`.`parts` WHERE `database`='db_agg_col' AND `table`='t_dist_local' AND `active`=1 GROUP BY `partition`, `partition_id` ORDER BY `partition` ASC, partition_id ASC  (stage: Complete)
2025.11.02 19:47:45.920407 [ 77 ] {a241c884-b4e2-4a06-adcd-adedb84e64a2} <Debug> executeQuery: Read 1 rows, 77.00 B in 0.001524 sec., 656.1679790026246 rows/sec., 49.34 KiB/sec.
2025.11.02 19:47:45.920798 [ 77 ] {a241c884-b4e2-4a06-adcd-adedb84e64a2} <Debug> DynamicQueryHandler: Done processing query
2025.11.02 19:47:45.920919 [ 77 ] {a241c884-b4e2-4a06-adcd-adedb84e64a2} <Debug> MemoryTracker: Query peak memory usage: 4.01 MiB.
2025.11.02 19:47:45.920995 [ 77 ] {} <Debug> HTTP-Session-00e1bfa7-c96f-4b65-bd20-5455c7a73607: 00e1bfa7-c96f-4b65-bd20-5455c7a73607 Logout, user_id: 94309d50-4f52-5250-31bd-74fecac179db
2025.11.02 19:47:45.931910 [ 76 ] {61d3f0f7-f810-4308-b846-b579b32ef2c1} <Debug> executeQuery: (from 172.19.0.5:33960, initial_query_id: b8ff2e61-bb41-4887-af91-561221e0a0b4) SELECT min(`__table1`.`id`) AS `MIN(id)` FROM `db_agg_col`.`t_dist_local` AS `__table1` WHERE _CAST(0, 'UInt8') (stage: WithMergeableState)
2025.11.02 19:47:45.932341 [ 76 ] {61d3f0f7-f810-4308-b846-b579b32ef2c1} <Debug> db_agg_col.t_dist_local (8cba62cd-75e8-471d-ae47-243ec4716c01) (SelectExecutor): Selected 0/0 parts by partition key, 0 parts by primary key, 0/0 marks by primary key, 0 marks to read from 0 ranges
2025.11.02 19:47:45.932803 [ 76 ] {61d3f0f7-f810-4308-b846-b579b32ef2c1} <Debug> TCPHandler: Processed in 0.001079666 sec.
2025.11.02 19:47:45.958189 [ 77 ] {} <Debug> HTTP-Session-a877d221-cd92-4db9-9af4-277157c64358: Authenticating user 'default' from 172.19.0.7:41112
2025.11.02 19:47:45.958281 [ 77 ] {} <Debug> HTTP-Session-a877d221-cd92-4db9-9af4-277157c64358: a877d221-cd92-4db9-9af4-277157c64358 Authenticated with global context as user 94309d50-4f52-5250-31bd-74fecac179db
2025.11.02 19:47:45.958338 [ 77 ] {} <Debug> HTTP-Session-a877d221-cd92-4db9-9af4-277157c64358: Creating session context with user_id: 94309d50-4f52-5250-31bd-74fecac179db
2025.11.02 19:47:45.958575 [ 77 ] {98fc5b71-2b07-4dcf-b4a7-65f060ef37ab} <Debug> executeQuery: (from 172.19.0.7:41112) SELECT partition, -- String
 partition_id, -- String
 sum(rows) AS row_count, -- UInt64
 sum(bytes_on_disk) AS size_in_bytes -- UInt64
 FROM `system`.`parts` WHERE `database`='db_agg_col' AND `table`='t_dist_local' AND `active`=1 GROUP BY `partition`, `partition_id` ORDER BY `partition` ASC, partition_id ASC  (stage: Complete)
2025.11.02 19:47:45.965832 [ 77 ] {98fc5b71-2b07-4dcf-b4a7-65f060ef37ab} <Debug> executeQuery: Read 1 rows, 77.00 B in 0.007356 sec., 135.94344752582927 rows/sec., 10.22 KiB/sec.
2025.11.02 19:47:45.966375 [ 77 ] {98fc5b71-2b07-4dcf-b4a7-65f060ef37ab} <Debug> DynamicQueryHandler: Done processing query
2025.11.02 19:47:45.966514 [ 77 ] {98fc5b71-2b07-4dcf-b4a7-65f060ef37ab} <Debug> MemoryTracker: Query peak memory usage: 4.01 MiB.
2025.11.02 19:47:45.966618 [ 77 ] {} <Debug> HTTP-Session-a877d221-cd92-4db9-9af4-277157c64358: a877d221-cd92-4db9-9af4-277157c64358 Logout, user_id: 94309d50-4f52-5250-31bd-74fecac179db
2025.11.02 19:47:45.998357 [ 77 ] {} <Debug> HTTP-Session-3439971d-e060-4872-bf5f-db57bd17d8ae: Authenticating user 'default' from 172.19.0.7:41128
2025.11.02 19:47:45.998431 [ 77 ] {} <Debug> HTTP-Session-3439971d-e060-4872-bf5f-db57bd17d8ae: 3439971d-e060-4872-bf5f-db57bd17d8ae Authenticated with global context as user 94309d50-4f52-5250-31bd-74fecac179db
2025.11.02 19:47:45.998465 [ 77 ] {} <Debug> HTTP-Session-3439971d-e060-4872-bf5f-db57bd17d8ae: Creating session context with user_id: 94309d50-4f52-5250-31bd-74fecac179db
2025.11.02 19:47:45.998633 [ 77 ] {c79ccc8e-9ac3-4a6a-a4aa-d0ace2836a31} <Debug> executeQuery: (from 172.19.0.7:41128) SELECT MIN(`id`) FROM `db_agg_col`.`t_dist_local` WHERE (_partition_id = '2') AND ((1=1) AND (1=1))  (stage: Complete)
2025.11.02 19:47:46.000025 [ 77 ] {c79ccc8e-9ac3-4a6a-a4aa-d0ace2836a31} <Debug> executeQuery: Read 1 rows, 60.00 B in 0.001453 sec., 688.2312456985546 rows/sec., 40.33 KiB/sec.
2025.11.02 19:47:46.000328 [ 77 ] {c79ccc8e-9ac3-4a6a-a4aa-d0ace2836a31} <Debug> DynamicQueryHandler: Done processing query
2025.11.02 19:47:46.000395 [ 77 ] {c79ccc8e-9ac3-4a6a-a4aa-d0ace2836a31} <Debug> MemoryTracker: Query peak memory usage: 4.03 MiB.
2025.11.02 19:47:46.000484 [ 77 ] {} <Debug> HTTP-Session-3439971d-e060-4872-bf5f-db57bd17d8ae: 3439971d-e060-4872-bf5f-db57bd17d8ae Logout, user_id: 94309d50-4f52-5250-31bd-74fecac179db
2025.11.02 19:47:46.040596 [ 77 ] {} <Debug> HTTP-Session-3102da42-dc72-4bf3-ae55-135bb45fd463: Authenticating user 'default' from 172.19.0.7:41138
2025.11.02 19:47:46.040694 [ 77 ] {} <Debug> HTTP-Session-3102da42-dc72-4bf3-ae55-135bb45fd463: 3102da42-dc72-4bf3-ae55-135bb45fd463 Authenticated with global context as user 94309d50-4f52-5250-31bd-74fecac179db
2025.11.02 19:47:46.040755 [ 77 ] {} <Debug> HTTP-Session-3102da42-dc72-4bf3-ae55-135bb45fd463: Creating session context with user_id: 94309d50-4f52-5250-31bd-74fecac179db
2025.11.02 19:47:46.041041 [ 77 ] {78d1f878-ca97-4685-9b4c-e96b1172af0c} <Debug> executeQuery: (from 172.19.0.7:41138) SELECT MIN(`id`) FROM `db_agg_col`.`t_dist_local` WHERE (_partition_id = '2') AND ((1=1) AND (1=1))  (stage: Complete)
2025.11.02 19:47:46.048252 [ 77 ] {78d1f878-ca97-4685-9b4c-e96b1172af0c} <Debug> executeQuery: Read 1 rows, 60.00 B in 0.00726 sec., 137.7410468319559 rows/sec., 8.07 KiB/sec.
2025.11.02 19:47:46.048541 [ 77 ] {78d1f878-ca97-4685-9b4c-e96b1172af0c} <Debug> DynamicQueryHandler: Done processing query
2025.11.02 19:47:46.048598 [ 77 ] {78d1f878-ca97-4685-9b4c-e96b1172af0c} <Debug> MemoryTracker: Query peak memory usage: 4.03 MiB.
2025.11.02 19:47:46.048719 [ 77 ] {} <Debug> HTTP-Session-3102da42-dc72-4bf3-ae55-135bb45fd463: 3102da42-dc72-4bf3-ae55-135bb45fd463 Logout, user_id: 94309d50-4f52-5250-31bd-74fecac179db
2025.11.02 19:47:46.069736 [ 76 ] {56f86631-dd32-47dc-935a-27eadabd2ee0} <Debug> executeQuery: (from 172.19.0.5:33960, initial_query_id: 39dfcdfc-0715-477d-9192-02af4cb0e7c3) SELECT `__table1`.`create_time` AS `create_time`, `__table1`.`y` AS `y`, `__table1`.`m` AS `m`, `__table1`.`id` AS `id`, `__table1`.`value` AS `value` FROM `db_agg_col`.`t_dist_local` AS `__table1` WHERE _CAST(0, 'UInt8') (stage: Complete)
2025.11.02 19:47:46.070048 [ 76 ] {56f86631-dd32-47dc-935a-27eadabd2ee0} <Debug> db_agg_col.t_dist_local (8cba62cd-75e8-471d-ae47-243ec4716c01) (SelectExecutor): Selected 0/0 parts by partition key, 0 parts by primary key, 0/0 marks by primary key, 0 marks to read from 0 ranges
2025.11.02 19:47:46.070468 [ 76 ] {56f86631-dd32-47dc-935a-27eadabd2ee0} <Debug> TCPHandler: Processed in 0.000929041 sec.
2025.11.02 19:47:46.088254 [ 76 ] {9f7a570f-3bf3-4efc-a348-fcf225d837fb} <Debug> executeQuery: (from 172.19.0.5:33960, initial_query_id: e8bd209c-dd2a-4f75-bbbf-f514ee0cb6b1) SELECT max(`__table1`.`id`) AS `MAX(id)` FROM `db_agg_col`.`t_dist_local` AS `__table1` WHERE _CAST(0, 'UInt8') (stage: WithMergeableState)
2025.11.02 19:47:46.088678 [ 76 ] {9f7a570f-3bf3-4efc-a348-fcf225d837fb} <Debug> db_agg_col.t_dist_local (8cba62cd-75e8-471d-ae47-243ec4716c01) (SelectExecutor): Selected 0/0 parts by partition key, 0 parts by primary key, 0/0 marks by primary key, 0 marks to read from 0 ranges
2025.11.02 19:47:46.089163 [ 76 ] {9f7a570f-3bf3-4efc-a348-fcf225d837fb} <Debug> TCPHandler: Processed in 0.001132833 sec.
2025.11.02 19:47:46.100870 [ 77 ] {} <Debug> HTTP-Session-f676f86f-97e1-4d40-b632-172ecc2a429d: Authenticating user 'default' from 172.19.0.7:41148
2025.11.02 19:47:46.100960 [ 77 ] {} <Debug> HTTP-Session-f676f86f-97e1-4d40-b632-172ecc2a429d: f676f86f-97e1-4d40-b632-172ecc2a429d Authenticated with global context as user 94309d50-4f52-5250-31bd-74fecac179db
2025.11.02 19:47:46.101025 [ 77 ] {} <Debug> HTTP-Session-f676f86f-97e1-4d40-b632-172ecc2a429d: Creating session context with user_id: 94309d50-4f52-5250-31bd-74fecac179db
2025.11.02 19:47:46.101233 [ 77 ] {23812e2d-069d-4863-b1eb-4e2df4fcde98} <Debug> executeQuery: (from 172.19.0.7:41148) SELECT partition, -- String
 partition_id, -- String
 sum(rows) AS row_count, -- UInt64
 sum(bytes_on_disk) AS size_in_bytes -- UInt64
 FROM `system`.`parts` WHERE `database`='db_agg_col' AND `table`='t_dist_local' AND `active`=1 GROUP BY `partition`, `partition_id` ORDER BY `partition` ASC, partition_id ASC  (stage: Complete)
2025.11.02 19:47:46.102692 [ 77 ] {23812e2d-069d-4863-b1eb-4e2df4fcde98} <Debug> executeQuery: Read 1 rows, 77.00 B in 0.001544 sec., 647.6683937823834 rows/sec., 48.70 KiB/sec.
2025.11.02 19:47:46.103075 [ 77 ] {23812e2d-069d-4863-b1eb-4e2df4fcde98} <Debug> DynamicQueryHandler: Done processing query
2025.11.02 19:47:46.103136 [ 77 ] {23812e2d-069d-4863-b1eb-4e2df4fcde98} <Debug> MemoryTracker: Query peak memory usage: 4.02 MiB.
2025.11.02 19:47:46.103210 [ 77 ] {} <Debug> HTTP-Session-f676f86f-97e1-4d40-b632-172ecc2a429d: f676f86f-97e1-4d40-b632-172ecc2a429d Logout, user_id: 94309d50-4f52-5250-31bd-74fecac179db
2025.11.02 19:47:46.114041 [ 76 ] {3ca2f3c0-1304-4425-a798-e4629293fd87} <Debug> executeQuery: (from 172.19.0.5:33960, initial_query_id: 7f640fce-d805-490c-ba86-5bf39fbf1d90) SELECT max(`__table1`.`id`) AS `MAX(id)` FROM `db_agg_col`.`t_dist_local` AS `__table1` WHERE _CAST(0, 'UInt8') (stage: WithMergeableState)
2025.11.02 19:47:46.114474 [ 76 ] {3ca2f3c0-1304-4425-a798-e4629293fd87} <Debug> db_agg_col.t_dist_local (8cba62cd-75e8-471d-ae47-243ec4716c01) (SelectExecutor): Selected 0/0 parts by partition key, 0 parts by primary key, 0/0 marks by primary key, 0 marks to read from 0 ranges
2025.11.02 19:47:46.114961 [ 76 ] {3ca2f3c0-1304-4425-a798-e4629293fd87} <Debug> TCPHandler: Processed in 0.001109167 sec.
2025.11.02 19:47:46.125927 [ 77 ] {} <Debug> HTTP-Session-fd32ab3a-04e7-4e67-8b98-4672968eedef: Authenticating user 'default' from 172.19.0.7:41152
2025.11.02 19:47:46.126016 [ 77 ] {} <Debug> HTTP-Session-fd32ab3a-04e7-4e67-8b98-4672968eedef: fd32ab3a-04e7-4e67-8b98-4672968eedef Authenticated with global context as user 94309d50-4f52-5250-31bd-74fecac179db
2025.11.02 19:47:46.126072 [ 77 ] {} <Debug> HTTP-Session-fd32ab3a-04e7-4e67-8b98-4672968eedef: Creating session context with user_id: 94309d50-4f52-5250-31bd-74fecac179db
2025.11.02 19:47:46.126269 [ 77 ] {ca16b29a-2166-48a1-9715-5bbee5e152ec} <Debug> executeQuery: (from 172.19.0.7:41152) SELECT partition, -- String
 partition_id, -- String
 sum(rows) AS row_count, -- UInt64
 sum(bytes_on_disk) AS size_in_bytes -- UInt64
 FROM `system`.`parts` WHERE `database`='db_agg_col' AND `table`='t_dist_local' AND `active`=1 GROUP BY `partition`, `partition_id` ORDER BY `partition` ASC, partition_id ASC  (stage: Complete)
2025.11.02 19:47:46.127905 [ 77 ] {ca16b29a-2166-48a1-9715-5bbee5e152ec} <Debug> executeQuery: Read 1 rows, 77.00 B in 0.001716 sec., 582.7505827505827 rows/sec., 43.82 KiB/sec.
2025.11.02 19:47:46.128371 [ 77 ] {ca16b29a-2166-48a1-9715-5bbee5e152ec} <Debug> DynamicQueryHandler: Done processing query
2025.11.02 19:47:46.128449 [ 77 ] {ca16b29a-2166-48a1-9715-5bbee5e152ec} <Debug> MemoryTracker: Query peak memory usage: 4.01 MiB.
2025.11.02 19:47:46.128526 [ 77 ] {} <Debug> HTTP-Session-fd32ab3a-04e7-4e67-8b98-4672968eedef: fd32ab3a-04e7-4e67-8b98-4672968eedef Logout, user_id: 94309d50-4f52-5250-31bd-74fecac179db
2025.11.02 19:47:46.151398 [ 77 ] {} <Debug> HTTP-Session-d27d00c6-c70f-4781-ae5e-625236b26b32: Authenticating user 'default' from 172.19.0.7:41156
2025.11.02 19:47:46.151483 [ 77 ] {} <Debug> HTTP-Session-d27d00c6-c70f-4781-ae5e-625236b26b32: d27d00c6-c70f-4781-ae5e-625236b26b32 Authenticated with global context as user 94309d50-4f52-5250-31bd-74fecac179db
2025.11.02 19:47:46.151520 [ 77 ] {} <Debug> HTTP-Session-d27d00c6-c70f-4781-ae5e-625236b26b32: Creating session context with user_id: 94309d50-4f52-5250-31bd-74fecac179db
2025.11.02 19:47:46.151672 [ 77 ] {22fbc9ac-4a8c-4768-a91d-443c6568c9b8} <Debug> executeQuery: (from 172.19.0.7:41156) SELECT MAX(`id`) FROM `db_agg_col`.`t_dist_local` WHERE (_partition_id = '2') AND ((1=1) AND (1=1))  (stage: Complete)
2025.11.02 19:47:46.153164 [ 77 ] {22fbc9ac-4a8c-4768-a91d-443c6568c9b8} <Debug> executeQuery: Read 1 rows, 60.00 B in 0.001534 sec., 651.890482398957 rows/sec., 38.20 KiB/sec.
2025.11.02 19:47:46.153543 [ 77 ] {22fbc9ac-4a8c-4768-a91d-443c6568c9b8} <Debug> DynamicQueryHandler: Done processing query
2025.11.02 19:47:46.153607 [ 77 ] {22fbc9ac-4a8c-4768-a91d-443c6568c9b8} <Debug> MemoryTracker: Query peak memory usage: 4.03 MiB.
2025.11.02 19:47:46.153706 [ 77 ] {} <Debug> HTTP-Session-d27d00c6-c70f-4781-ae5e-625236b26b32: d27d00c6-c70f-4781-ae5e-625236b26b32 Logout, user_id: 94309d50-4f52-5250-31bd-74fecac179db
2025.11.02 19:47:46.190824 [ 77 ] {} <Debug> HTTP-Session-b2f0eda8-4f99-4b69-9be0-775c1f4b4c9d: Authenticating user 'default' from 172.19.0.7:41166
2025.11.02 19:47:46.190894 [ 77 ] {} <Debug> HTTP-Session-b2f0eda8-4f99-4b69-9be0-775c1f4b4c9d: b2f0eda8-4f99-4b69-9be0-775c1f4b4c9d Authenticated with global context as user 94309d50-4f52-5250-31bd-74fecac179db
2025.11.02 19:47:46.190953 [ 77 ] {} <Debug> HTTP-Session-b2f0eda8-4f99-4b69-9be0-775c1f4b4c9d: Creating session context with user_id: 94309d50-4f52-5250-31bd-74fecac179db
2025.11.02 19:47:46.191132 [ 77 ] {827e6e77-5d26-4b8f-82cd-b3fbf0d7fcd9} <Debug> executeQuery: (from 172.19.0.7:41166) SELECT MAX(`id`) FROM `db_agg_col`.`t_dist_local` WHERE (_partition_id = '2') AND ((1=1) AND (1=1))  (stage: Complete)
2025.11.02 19:47:46.198395 [ 77 ] {827e6e77-5d26-4b8f-82cd-b3fbf0d7fcd9} <Debug> executeQuery: Read 1 rows, 60.00 B in 0.007325 sec., 136.51877133105802 rows/sec., 8.00 KiB/sec.
2025.11.02 19:47:46.198752 [ 77 ] {827e6e77-5d26-4b8f-82cd-b3fbf0d7fcd9} <Debug> DynamicQueryHandler: Done processing query
2025.11.02 19:47:46.198825 [ 77 ] {827e6e77-5d26-4b8f-82cd-b3fbf0d7fcd9} <Debug> MemoryTracker: Query peak memory usage: 4.03 MiB.
2025.11.02 19:47:46.198883 [ 77 ] {} <Debug> HTTP-Session-b2f0eda8-4f99-4b69-9be0-775c1f4b4c9d: b2f0eda8-4f99-4b69-9be0-775c1f4b4c9d Logout, user_id: 94309d50-4f52-5250-31bd-74fecac179db
2025.11.02 19:47:46.219507 [ 76 ] {b485dc15-2ab6-44a7-898f-a18b8f24255a} <Debug> executeQuery: (from 172.19.0.5:33960, initial_query_id: f229919b-0da2-4486-8417-f82b9e1213d5) SELECT `__table1`.`create_time` AS `create_time`, `__table1`.`y` AS `y`, `__table1`.`m` AS `m`, `__table1`.`id` AS `id`, `__table1`.`value` AS `value` FROM `db_agg_col`.`t_dist_local` AS `__table1` WHERE _CAST(0, 'UInt8') (stage: Complete)
2025.11.02 19:47:46.219852 [ 76 ] {b485dc15-2ab6-44a7-898f-a18b8f24255a} <Debug> db_agg_col.t_dist_local (8cba62cd-75e8-471d-ae47-243ec4716c01) (SelectExecutor): Selected 0/0 parts by partition key, 0 parts by primary key, 0/0 marks by primary key, 0 marks to read from 0 ranges
2025.11.02 19:47:46.220302 [ 76 ] {b485dc15-2ab6-44a7-898f-a18b8f24255a} <Debug> TCPHandler: Processed in 0.001044334 sec.
2025.11.02 19:47:46.247924 [ 77 ] {} <Debug> HTTP-Session-1911ba2b-ceb7-4268-884d-d326a09a8051: Authenticating user 'default' from 172.19.0.7:41180
2025.11.02 19:47:46.248078 [ 77 ] {} <Debug> HTTP-Session-1911ba2b-ceb7-4268-884d-d326a09a8051: 1911ba2b-ceb7-4268-884d-d326a09a8051 Authenticated with global context as user 94309d50-4f52-5250-31bd-74fecac179db
2025.11.02 19:47:46.248143 [ 77 ] {} <Debug> HTTP-Session-1911ba2b-ceb7-4268-884d-d326a09a8051: Creating session context with user_id: 94309d50-4f52-5250-31bd-74fecac179db
2025.11.02 19:47:46.248362 [ 77 ] {53304e19-842c-4308-b64f-7c1e6a7837fc} <Debug> executeQuery: (from 172.19.0.7:41180) SELECT partition, -- String
 partition_id, -- String
 sum(rows) AS row_count, -- UInt64
 sum(bytes_on_disk) AS size_in_bytes -- UInt64
 FROM `system`.`parts` WHERE `database`='db_agg_col' AND `table`='t_dist_local' AND `active`=1 GROUP BY `partition`, `partition_id` ORDER BY `partition` ASC, partition_id ASC  (stage: Complete)
2025.11.02 19:47:46.249843 [ 77 ] {53304e19-842c-4308-b64f-7c1e6a7837fc} <Debug> executeQuery: Read 1 rows, 77.00 B in 0.001574 sec., 635.3240152477763 rows/sec., 47.77 KiB/sec.
2025.11.02 19:47:46.250168 [ 77 ] {53304e19-842c-4308-b64f-7c1e6a7837fc} <Debug> DynamicQueryHandler: Done processing query
2025.11.02 19:47:46.250246 [ 77 ] {53304e19-842c-4308-b64f-7c1e6a7837fc} <Debug> MemoryTracker: Query peak memory usage: 4.01 MiB.
2025.11.02 19:47:46.250322 [ 77 ] {} <Debug> HTTP-Session-1911ba2b-ceb7-4268-884d-d326a09a8051: 1911ba2b-ceb7-4268-884d-d326a09a8051 Logout, user_id: 94309d50-4f52-5250-31bd-74fecac179db
2025.11.02 19:47:46.270450 [ 77 ] {} <Debug> HTTP-Session-ac922575-2aef-4d07-adc7-40fe46442d2b: Authenticating user 'default' from 172.19.0.7:41188
2025.11.02 19:47:46.270529 [ 77 ] {} <Debug> HTTP-Session-ac922575-2aef-4d07-adc7-40fe46442d2b: ac922575-2aef-4d07-adc7-40fe46442d2b Authenticated with global context as user 94309d50-4f52-5250-31bd-74fecac179db
2025.11.02 19:47:46.270579 [ 77 ] {} <Debug> HTTP-Session-ac922575-2aef-4d07-adc7-40fe46442d2b: Creating session context with user_id: 94309d50-4f52-5250-31bd-74fecac179db
2025.11.02 19:47:46.270784 [ 77 ] {1f8d1f04-c107-48c5-8168-c6ab364c30e0} <Debug> executeQuery: (from 172.19.0.7:41188) SELECT partition, -- String
 partition_id, -- String
 sum(rows) AS row_count, -- UInt64
 sum(bytes_on_disk) AS size_in_bytes -- UInt64
 FROM `system`.`parts` WHERE `database`='db_agg_col' AND `table`='t_dist_local' AND `active`=1 GROUP BY `partition`, `partition_id` ORDER BY `partition` ASC, partition_id ASC  (stage: Complete)
2025.11.02 19:47:46.272520 [ 77 ] {1f8d1f04-c107-48c5-8168-c6ab364c30e0} <Debug> executeQuery: Read 1 rows, 77.00 B in 0.001813 sec., 551.5719801434087 rows/sec., 41.48 KiB/sec.
2025.11.02 19:47:46.272841 [ 77 ] {1f8d1f04-c107-48c5-8168-c6ab364c30e0} <Debug> DynamicQueryHandler: Done processing query
2025.11.02 19:47:46.272906 [ 77 ] {1f8d1f04-c107-48c5-8168-c6ab364c30e0} <Debug> MemoryTracker: Query peak memory usage: 4.01 MiB.
2025.11.02 19:47:46.272970 [ 77 ] {} <Debug> HTTP-Session-ac922575-2aef-4d07-adc7-40fe46442d2b: ac922575-2aef-4d07-adc7-40fe46442d2b Logout, user_id: 94309d50-4f52-5250-31bd-74fecac179db
2025.11.02 19:47:46.299336 [ 77 ] {} <Debug> HTTP-Session-4251889f-0238-4bd3-b939-57ac3590359e: Authenticating user 'default' from 172.19.0.7:41196
2025.11.02 19:47:46.299433 [ 77 ] {} <Debug> HTTP-Session-4251889f-0238-4bd3-b939-57ac3590359e: 4251889f-0238-4bd3-b939-57ac3590359e Authenticated with global context as user 94309d50-4f52-5250-31bd-74fecac179db
2025.11.02 19:47:46.299488 [ 77 ] {} <Debug> HTTP-Session-4251889f-0238-4bd3-b939-57ac3590359e: Creating session context with user_id: 94309d50-4f52-5250-31bd-74fecac179db
2025.11.02 19:47:46.299711 [ 77 ] {5bd498fc-de07-4e22-b763-273911ae41e9} <Debug> executeQuery: (from 172.19.0.7:41196) SELECT `m`, `id` FROM `db_agg_col`.`t_dist_local` WHERE (_partition_id = '2') AND ((1=1) AND (1=1))  (stage: Complete)
2025.11.02 19:47:46.300149 [ 77 ] {5bd498fc-de07-4e22-b763-273911ae41e9} <Debug> db_agg_col.t_dist_local (8cba62cd-75e8-471d-ae47-243ec4716c01) (SelectExecutor): Key condition: unknown, true, and
2025.11.02 19:47:46.300244 [ 77 ] {5bd498fc-de07-4e22-b763-273911ae41e9} <Debug> db_agg_col.t_dist_local (8cba62cd-75e8-471d-ae47-243ec4716c01) (SelectExecutor): MinMax index condition: unknown, true, and
2025.11.02 19:47:46.300288 [ 77 ] {5bd498fc-de07-4e22-b763-273911ae41e9} <Debug> db_agg_col.t_dist_local (8cba62cd-75e8-471d-ae47-243ec4716c01) (SelectExecutor): PK index has dropped 0/1 granules, it took 0ms across 1 threads.
2025.11.02 19:47:46.300326 [ 77 ] {5bd498fc-de07-4e22-b763-273911ae41e9} <Debug> db_agg_col.t_dist_local (8cba62cd-75e8-471d-ae47-243ec4716c01) (SelectExecutor): Selected 1/1 parts by partition key, 1 parts by primary key, 1/1 marks by primary key, 1 marks to read from 1 ranges
2025.11.02 19:47:46.300930 [ 77 ] {5bd498fc-de07-4e22-b763-273911ae41e9} <Debug> executeQuery: Read 1 rows, 12.00 B in 0.001281 sec., 780.64012490242 rows/sec., 9.15 KiB/sec.
2025.11.02 19:47:46.301261 [ 77 ] {5bd498fc-de07-4e22-b763-273911ae41e9} <Debug> DynamicQueryHandler: Done processing query
2025.11.02 19:47:46.301324 [ 77 ] {5bd498fc-de07-4e22-b763-273911ae41e9} <Debug> MemoryTracker: Query peak memory usage: 4.00 MiB.
2025.11.02 19:47:46.301443 [ 77 ] {} <Debug> HTTP-Session-4251889f-0238-4bd3-b939-57ac3590359e: 4251889f-0238-4bd3-b939-57ac3590359e Logout, user_id: 94309d50-4f52-5250-31bd-74fecac179db
2025.11.02 19:47:46.369056 [ 77 ] {} <Debug> HTTP-Session-6a464276-b359-46f4-8e57-eb9762285c36: Authenticating user 'default' from 172.19.0.7:41200
2025.11.02 19:47:46.369211 [ 77 ] {} <Debug> HTTP-Session-6a464276-b359-46f4-8e57-eb9762285c36: 6a464276-b359-46f4-8e57-eb9762285c36 Authenticated with global context as user 94309d50-4f52-5250-31bd-74fecac179db
2025.11.02 19:47:46.369274 [ 77 ] {} <Debug> HTTP-Session-6a464276-b359-46f4-8e57-eb9762285c36: Creating session context with user_id: 94309d50-4f52-5250-31bd-74fecac179db
2025.11.02 19:47:46.369501 [ 77 ] {a3b851a8-9f09-4ca9-9da6-069645c1a504} <Debug> executeQuery: (from 172.19.0.7:41200) SELECT `m`, `id` FROM `db_agg_col`.`t_dist_local` WHERE (_partition_id = '2') AND ((1=1) AND (1=1))  (stage: Complete)
2025.11.02 19:47:46.370074 [ 77 ] {a3b851a8-9f09-4ca9-9da6-069645c1a504} <Debug> db_agg_col.t_dist_local (8cba62cd-75e8-471d-ae47-243ec4716c01) (SelectExecutor): Key condition: unknown, true, and
2025.11.02 19:47:46.370139 [ 77 ] {a3b851a8-9f09-4ca9-9da6-069645c1a504} <Debug> db_agg_col.t_dist_local (8cba62cd-75e8-471d-ae47-243ec4716c01) (SelectExecutor): MinMax index condition: unknown, true, and
2025.11.02 19:47:46.370208 [ 77 ] {a3b851a8-9f09-4ca9-9da6-069645c1a504} <Debug> db_agg_col.t_dist_local (8cba62cd-75e8-471d-ae47-243ec4716c01) (SelectExecutor): PK index has dropped 0/1 granules, it took 0ms across 1 threads.
2025.11.02 19:47:46.370299 [ 77 ] {a3b851a8-9f09-4ca9-9da6-069645c1a504} <Debug> db_agg_col.t_dist_local (8cba62cd-75e8-471d-ae47-243ec4716c01) (SelectExecutor): Selected 1/1 parts by partition key, 1 parts by primary key, 1/1 marks by primary key, 1 marks to read from 1 ranges
2025.11.02 19:47:46.371075 [ 77 ] {a3b851a8-9f09-4ca9-9da6-069645c1a504} <Debug> executeQuery: Read 1 rows, 12.00 B in 0.001661 sec., 602.0469596628537 rows/sec., 7.06 KiB/sec.
2025.11.02 19:47:46.371364 [ 77 ] {a3b851a8-9f09-4ca9-9da6-069645c1a504} <Debug> DynamicQueryHandler: Done processing query
2025.11.02 19:47:46.371464 [ 77 ] {a3b851a8-9f09-4ca9-9da6-069645c1a504} <Debug> MemoryTracker: Query peak memory usage: 4.00 MiB.
2025.11.02 19:47:46.371543 [ 77 ] {} <Debug> HTTP-Session-6a464276-b359-46f4-8e57-eb9762285c36: 6a464276-b359-46f4-8e57-eb9762285c36 Logout, user_id: 94309d50-4f52-5250-31bd-74fecac179db
2025.11.02 19:47:46.409025 [ 76 ] {6b2bf4d2-3aa0-4991-b9ab-cf95e5b50a41} <Debug> executeQuery: (from 172.19.0.5:33960, initial_query_id: 53e35ef0-eb4e-4fe9-b5ee-1c6b9762c5e7) SELECT `__table1`.`create_time` AS `create_time`, `__table1`.`y` AS `y`, `__table1`.`m` AS `m`, `__table1`.`id` AS `id`, `__table1`.`value` AS `value` FROM `db_agg_col`.`t_dist_local` AS `__table1` WHERE _CAST(0, 'UInt8') (stage: Complete)
2025.11.02 19:47:46.409481 [ 76 ] {6b2bf4d2-3aa0-4991-b9ab-cf95e5b50a41} <Debug> db_agg_col.t_dist_local (8cba62cd-75e8-471d-ae47-243ec4716c01) (SelectExecutor): Selected 0/0 parts by partition key, 0 parts by primary key, 0/0 marks by primary key, 0 marks to read from 0 ranges
2025.11.02 19:47:46.410073 [ 76 ] {6b2bf4d2-3aa0-4991-b9ab-cf95e5b50a41} <Debug> TCPHandler: Processed in 0.001328708 sec.
2025.11.02 19:47:46.442138 [ 77 ] {} <Debug> HTTP-Session-f746bbb6-6eac-4a39-b7db-71037fe249a6: Authenticating user 'default' from 172.19.0.7:41216
2025.11.02 19:47:46.442287 [ 77 ] {} <Debug> HTTP-Session-f746bbb6-6eac-4a39-b7db-71037fe249a6: f746bbb6-6eac-4a39-b7db-71037fe249a6 Authenticated with global context as user 94309d50-4f52-5250-31bd-74fecac179db
2025.11.02 19:47:46.442474 [ 77 ] {} <Debug> HTTP-Session-f746bbb6-6eac-4a39-b7db-71037fe249a6: Creating session context with user_id: 94309d50-4f52-5250-31bd-74fecac179db
2025.11.02 19:47:46.442997 [ 77 ] {f8a91ff7-756f-49a0-99c3-b0223b2fc288} <Debug> executeQuery: (from 172.19.0.7:41216) SELECT partition, -- String
 partition_id, -- String
 sum(rows) AS row_count, -- UInt64
 sum(bytes_on_disk) AS size_in_bytes -- UInt64
 FROM `system`.`parts` WHERE `database`='db_agg_col' AND `table`='t_dist_local' AND `active`=1 GROUP BY `partition`, `partition_id` ORDER BY `partition` ASC, partition_id ASC  (stage: Complete)
2025.11.02 19:47:46.446967 [ 77 ] {f8a91ff7-756f-49a0-99c3-b0223b2fc288} <Debug> executeQuery: Read 1 rows, 77.00 B in 0.004216 sec., 237.19165085388994 rows/sec., 17.84 KiB/sec.
2025.11.02 19:47:46.447546 [ 77 ] {f8a91ff7-756f-49a0-99c3-b0223b2fc288} <Debug> DynamicQueryHandler: Done processing query
2025.11.02 19:47:46.447618 [ 77 ] {f8a91ff7-756f-49a0-99c3-b0223b2fc288} <Debug> MemoryTracker: Query peak memory usage: 4.02 MiB.
2025.11.02 19:47:46.447722 [ 77 ] {} <Debug> HTTP-Session-f746bbb6-6eac-4a39-b7db-71037fe249a6: f746bbb6-6eac-4a39-b7db-71037fe249a6 Logout, user_id: 94309d50-4f52-5250-31bd-74fecac179db
2025.11.02 19:47:46.477295 [ 77 ] {} <Debug> HTTP-Session-530adb10-62db-41a0-8b3b-311ffa78a751: Authenticating user 'default' from 172.19.0.7:41220
2025.11.02 19:47:46.477383 [ 77 ] {} <Debug> HTTP-Session-530adb10-62db-41a0-8b3b-311ffa78a751: 530adb10-62db-41a0-8b3b-311ffa78a751 Authenticated with global context as user 94309d50-4f52-5250-31bd-74fecac179db
2025.11.02 19:47:46.477440 [ 77 ] {} <Debug> HTTP-Session-530adb10-62db-41a0-8b3b-311ffa78a751: Creating session context with user_id: 94309d50-4f52-5250-31bd-74fecac179db
2025.11.02 19:47:46.477679 [ 77 ] {02f71c56-852a-4bc3-b155-984802453108} <Debug> executeQuery: (from 172.19.0.7:41220) SELECT partition, -- String
 partition_id, -- String
 sum(rows) AS row_count, -- UInt64
 sum(bytes_on_disk) AS size_in_bytes -- UInt64
 FROM `system`.`parts` WHERE `database`='db_agg_col' AND `table`='t_dist_local' AND `active`=1 GROUP BY `partition`, `partition_id` ORDER BY `partition` ASC, partition_id ASC  (stage: Complete)
2025.11.02 19:47:46.479615 [ 77 ] {02f71c56-852a-4bc3-b155-984802453108} <Debug> executeQuery: Read 1 rows, 77.00 B in 0.002038 sec., 490.6771344455349 rows/sec., 36.90 KiB/sec.
2025.11.02 19:47:46.480166 [ 77 ] {02f71c56-852a-4bc3-b155-984802453108} <Debug> DynamicQueryHandler: Done processing query
2025.11.02 19:47:46.480249 [ 77 ] {02f71c56-852a-4bc3-b155-984802453108} <Debug> MemoryTracker: Query peak memory usage: 4.02 MiB.
2025.11.02 19:47:46.480354 [ 77 ] {} <Debug> HTTP-Session-530adb10-62db-41a0-8b3b-311ffa78a751: 530adb10-62db-41a0-8b3b-311ffa78a751 Logout, user_id: 94309d50-4f52-5250-31bd-74fecac179db
2025.11.02 19:47:46.501377 [ 77 ] {} <Debug> HTTP-Session-9466b8e5-f9b2-4aa6-a536-f0b2448aca84: Authenticating user 'default' from 172.19.0.7:41228
2025.11.02 19:47:46.501453 [ 77 ] {} <Debug> HTTP-Session-9466b8e5-f9b2-4aa6-a536-f0b2448aca84: 9466b8e5-f9b2-4aa6-a536-f0b2448aca84 Authenticated with global context as user 94309d50-4f52-5250-31bd-74fecac179db
2025.11.02 19:47:46.501500 [ 77 ] {} <Debug> HTTP-Session-9466b8e5-f9b2-4aa6-a536-f0b2448aca84: Creating session context with user_id: 94309d50-4f52-5250-31bd-74fecac179db
2025.11.02 19:47:46.501677 [ 77 ] {ecd73afb-facf-481f-b483-7c1ad098ea70} <Debug> executeQuery: (from 172.19.0.7:41228) SELECT `m`, `id` FROM `db_agg_col`.`t_dist_local` WHERE (_partition_id = '2') AND ((1=1) AND (1=1))  (stage: Complete)
2025.11.02 19:47:46.502075 [ 77 ] {ecd73afb-facf-481f-b483-7c1ad098ea70} <Debug> db_agg_col.t_dist_local (8cba62cd-75e8-471d-ae47-243ec4716c01) (SelectExecutor): Key condition: unknown, true, and
2025.11.02 19:47:46.502122 [ 77 ] {ecd73afb-facf-481f-b483-7c1ad098ea70} <Debug> db_agg_col.t_dist_local (8cba62cd-75e8-471d-ae47-243ec4716c01) (SelectExecutor): MinMax index condition: unknown, true, and
2025.11.02 19:47:46.502163 [ 77 ] {ecd73afb-facf-481f-b483-7c1ad098ea70} <Debug> db_agg_col.t_dist_local (8cba62cd-75e8-471d-ae47-243ec4716c01) (SelectExecutor): PK index has dropped 0/1 granules, it took 0ms across 1 threads.
2025.11.02 19:47:46.502195 [ 77 ] {ecd73afb-facf-481f-b483-7c1ad098ea70} <Debug> db_agg_col.t_dist_local (8cba62cd-75e8-471d-ae47-243ec4716c01) (SelectExecutor): Selected 1/1 parts by partition key, 1 parts by primary key, 1/1 marks by primary key, 1 marks to read from 1 ranges
2025.11.02 19:47:46.502677 [ 77 ] {ecd73afb-facf-481f-b483-7c1ad098ea70} <Debug> executeQuery: Read 1 rows, 12.00 B in 0.00105 sec., 952.3809523809524 rows/sec., 11.16 KiB/sec.
2025.11.02 19:47:46.503048 [ 77 ] {ecd73afb-facf-481f-b483-7c1ad098ea70} <Debug> DynamicQueryHandler: Done processing query
2025.11.02 19:47:46.503142 [ 77 ] {ecd73afb-facf-481f-b483-7c1ad098ea70} <Debug> MemoryTracker: Query peak memory usage: 4.00 MiB.
2025.11.02 19:47:46.503253 [ 77 ] {} <Debug> HTTP-Session-9466b8e5-f9b2-4aa6-a536-f0b2448aca84: 9466b8e5-f9b2-4aa6-a536-f0b2448aca84 Logout, user_id: 94309d50-4f52-5250-31bd-74fecac179db
2025.11.02 19:47:46.559186 [ 77 ] {} <Debug> HTTP-Session-bbee9690-8223-468e-8803-fafb68a157a2: Authenticating user 'default' from 172.19.0.7:41230
2025.11.02 19:47:46.559293 [ 77 ] {} <Debug> HTTP-Session-bbee9690-8223-468e-8803-fafb68a157a2: bbee9690-8223-468e-8803-fafb68a157a2 Authenticated with global context as user 94309d50-4f52-5250-31bd-74fecac179db
2025.11.02 19:47:46.559474 [ 77 ] {} <Debug> HTTP-Session-bbee9690-8223-468e-8803-fafb68a157a2: Creating session context with user_id: 94309d50-4f52-5250-31bd-74fecac179db
2025.11.02 19:47:46.559742 [ 77 ] {776175db-0de9-49b6-9531-739a704fc271} <Debug> executeQuery: (from 172.19.0.7:41230) SELECT `m`, `id` FROM `db_agg_col`.`t_dist_local` WHERE (_partition_id = '2') AND ((1=1) AND (1=1))  (stage: Complete)
2025.11.02 19:47:46.560296 [ 77 ] {776175db-0de9-49b6-9531-739a704fc271} <Debug> db_agg_col.t_dist_local (8cba62cd-75e8-471d-ae47-243ec4716c01) (SelectExecutor): Key condition: unknown, true, and
2025.11.02 19:47:46.560372 [ 77 ] {776175db-0de9-49b6-9531-739a704fc271} <Debug> db_agg_col.t_dist_local (8cba62cd-75e8-471d-ae47-243ec4716c01) (SelectExecutor): MinMax index condition: unknown, true, and
2025.11.02 19:47:46.560507 [ 77 ] {776175db-0de9-49b6-9531-739a704fc271} <Debug> db_agg_col.t_dist_local (8cba62cd-75e8-471d-ae47-243ec4716c01) (SelectExecutor): PK index has dropped 0/1 granules, it took 0ms across 1 threads.
2025.11.02 19:47:46.560555 [ 77 ] {776175db-0de9-49b6-9531-739a704fc271} <Debug> db_agg_col.t_dist_local (8cba62cd-75e8-471d-ae47-243ec4716c01) (SelectExecutor): Selected 1/1 parts by partition key, 1 parts by primary key, 1/1 marks by primary key, 1 marks to read from 1 ranges
2025.11.02 19:47:46.561610 [ 77 ] {776175db-0de9-49b6-9531-739a704fc271} <Debug> executeQuery: Read 1 rows, 12.00 B in 0.001943 sec., 514.668039114771 rows/sec., 6.03 KiB/sec.
2025.11.02 19:47:46.561905 [ 77 ] {776175db-0de9-49b6-9531-739a704fc271} <Debug> DynamicQueryHandler: Done processing query
2025.11.02 19:47:46.562000 [ 77 ] {776175db-0de9-49b6-9531-739a704fc271} <Debug> MemoryTracker: Query peak memory usage: 4.00 MiB.
2025.11.02 19:47:46.562137 [ 77 ] {} <Debug> HTTP-Session-bbee9690-8223-468e-8803-fafb68a157a2: bbee9690-8223-468e-8803-fafb68a157a2 Logout, user_id: 94309d50-4f52-5250-31bd-74fecac179db
2025.11.02 19:47:46.600382 [ 734 ] {} <Debug> DDLWorker: Scheduling tasks
2025.11.02 19:47:46.600891 [ 734 ] {} <Debug> DDLWorker: Will schedule 1 tasks starting from query-0000000009
2025.11.02 19:47:46.601808 [ 734 ] {} <Debug> DDLWorker: Processing task query-0000000009 (query: DROP TABLE IF EXISTS db_agg_col.t_dist, backup restore: false)
2025.11.02 19:47:46.602771 [ 734 ] {} <Debug> DDLWorker: Executing query: DROP TABLE IF EXISTS db_agg_col.t_dist
2025.11.02 19:47:46.602934 [ 734 ] {cca6c486-1341-4bf0-b834-a708026f4fb5} <Debug> executeQuery: (from 0.0.0.0:0, user: , initial_query_id: 7f360487-f5e5-4c96-a274-4c6ba718caf3) /* ddl_entry=query-0000000009 */ DROP TABLE IF EXISTS db_agg_col.t_dist (stage: Complete)
2025.11.02 19:47:46.603149 [ 734 ] {cca6c486-1341-4bf0-b834-a708026f4fb5} <Information> StorageDistributed (t_dist): Flushing pending INSERT blocks
2025.11.02 19:47:46.603242 [ 734 ] {cca6c486-1341-4bf0-b834-a708026f4fb5} <Information> StorageDistributed (t_dist): Pending INSERT blocks flushed, took 0 ms.
2025.11.02 19:47:46.603294 [ 734 ] {cca6c486-1341-4bf0-b834-a708026f4fb5} <Debug> StorageDistributed (t_dist): Joining background threads for async INSERT
2025.11.02 19:47:46.603363 [ 734 ] {cca6c486-1341-4bf0-b834-a708026f4fb5} <Debug> StorageDistributed (t_dist): Background threads for async INSERT joined
2025.11.02 19:47:46.603612 [ 734 ] {cca6c486-1341-4bf0-b834-a708026f4fb5} <Debug> DDLWorker: Executed query: /* ddl_entry=query-0000000009 */ DROP TABLE IF EXISTS db_agg_col.t_dist
2025.11.02 19:47:46.604587 [ 734 ] {} <Debug> DDLWorker: Waiting for queue updates
2025.11.02 19:47:46.664009 [ 734 ] {} <Debug> DDLWorker: Scheduling tasks
2025.11.02 19:47:46.665103 [ 734 ] {} <Debug> DDLWorker: Will schedule 1 tasks starting from query-0000000010
2025.11.02 19:47:46.665846 [ 734 ] {} <Debug> DDLWorker: Processing task query-0000000010 (query: DROP TABLE IF EXISTS db_agg_col.t_dist_local, backup restore: false)
2025.11.02 19:47:46.666652 [ 734 ] {} <Debug> DDLWorker: Executing query: DROP TABLE IF EXISTS db_agg_col.t_dist_local
2025.11.02 19:47:46.666806 [ 734 ] {7b7d4291-cfdc-4b22-a071-e573b49a1c77} <Debug> executeQuery: (from 0.0.0.0:0, user: , initial_query_id: cfcb94e6-8b80-4a06-a1df-19c6236f44df) /* ddl_entry=query-0000000010 */ DROP TABLE IF EXISTS db_agg_col.t_dist_local (stage: Complete)
2025.11.02 19:47:46.667064 [ 734 ] {7b7d4291-cfdc-4b22-a071-e573b49a1c77} <Debug> DDLWorker: Executed query: /* ddl_entry=query-0000000010 */ DROP TABLE IF EXISTS db_agg_col.t_dist_local
2025.11.02 19:47:46.668010 [ 734 ] {} <Debug> DDLWorker: Waiting for queue updates
2025.11.02 19:47:46.728523 [ 734 ] {} <Debug> DDLWorker: Scheduling tasks
2025.11.02 19:47:46.729117 [ 734 ] {} <Debug> DDLWorker: Will schedule 1 tasks starting from query-0000000011
2025.11.02 19:47:46.730124 [ 734 ] {} <Debug> DDLWorker: Processing task query-0000000011 (query: DROP DATABASE IF EXISTS db_agg_col, backup restore: false)
2025.11.02 19:47:46.730994 [ 734 ] {} <Debug> DDLWorker: Executing query: DROP DATABASE IF EXISTS db_agg_col
2025.11.02 19:47:46.731364 [ 734 ] {21ec8651-242e-4f04-8514-af32083f962c} <Debug> executeQuery: (from 0.0.0.0:0, user: , initial_query_id: bd063579-d066-4c1b-a4b1-1e1f10129e53) /* ddl_entry=query-0000000011 */ DROP DATABASE IF EXISTS db_agg_col (stage: Complete)
2025.11.02 19:47:46.731452 [ 734 ] {21ec8651-242e-4f04-8514-af32083f962c} <Debug> DatabaseAtomic (db_agg_col): There are 0 detached tables. Start searching non used tables.
2025.11.02 19:47:46.731500 [ 734 ] {21ec8651-242e-4f04-8514-af32083f962c} <Debug> DatabaseAtomic (db_agg_col): Found 0 non used tables in detached tables.
2025.11.02 19:47:46.731756 [ 734 ] {21ec8651-242e-4f04-8514-af32083f962c} <Debug> DDLWorker: Executed query: /* ddl_entry=query-0000000011 */ DROP DATABASE IF EXISTS db_agg_col
2025.11.02 19:47:46.732852 [ 734 ] {} <Debug> DDLWorker: Waiting for queue updates
2025.11.02 19:47:46.793957 [ 734 ] {} <Debug> DDLWorker: Scheduling tasks
2025.11.02 19:47:46.794381 [ 734 ] {} <Debug> DDLWorker: Will schedule 1 tasks starting from query-0000000012
2025.11.02 19:47:46.795418 [ 734 ] {} <Debug> DDLWorker: Processing task query-0000000012 (query: CREATE DATABASE IF NOT EXISTS runtime_db UUID 'f432f52e-3f96-4e89-bb2e-6fb59c9b768b', backup restore: false)
2025.11.02 19:47:46.796218 [ 734 ] {} <Debug> DDLWorker: Executing query: CREATE DATABASE IF NOT EXISTS runtime_db UUID 'f432f52e-3f96-4e89-bb2e-6fb59c9b768b'
2025.11.02 19:47:46.796327 [ 734 ] {1a106162-dc41-40d8-b3c2-00e2b1068f11} <Debug> executeQuery: (from 0.0.0.0:0, user: , initial_query_id: 000fefd6-c6e8-405f-b8c6-2582f8d3c99b) /* ddl_entry=query-0000000012 */ CREATE DATABASE IF NOT EXISTS runtime_db UUID 'f432f52e-3f96-4e89-bb2e-6fb59c9b768b' (stage: Complete)
2025.11.02 19:47:46.797354 [ 734 ] {1a106162-dc41-40d8-b3c2-00e2b1068f11} <Information> DatabaseAtomic (runtime_db): Metadata processed, database runtime_db has 0 tables and 0 dictionaries in total.
2025.11.02 19:47:46.797425 [ 734 ] {1a106162-dc41-40d8-b3c2-00e2b1068f11} <Information> TablesLoader: Parsed metadata of 0 tables in 1 databases in 7.7125e-05 sec
2025.11.02 19:47:46.797509 [ 734 ] {1a106162-dc41-40d8-b3c2-00e2b1068f11} <Debug> AsyncLoader: Prioritize load job 'startup Atomic database runtime_db': BackgrndStartup -> ForegroundLoad
2025.11.02 19:47:46.797596 [ 734 ] {1a106162-dc41-40d8-b3c2-00e2b1068f11} <Debug> AsyncLoader: Prioritize load job 'startup Ordinary database runtime_db': BackgrndStartup -> ForegroundLoad
2025.11.02 19:47:46.797651 [ 734 ] {1a106162-dc41-40d8-b3c2-00e2b1068f11} <Debug> AsyncLoader: Schedule load job 'startup Ordinary database runtime_db' into ForegroundLoad
2025.11.02 19:47:46.797726 [ 734 ] {1a106162-dc41-40d8-b3c2-00e2b1068f11} <Debug> AsyncLoader: Schedule load job 'startup Atomic database runtime_db' into ForegroundLoad
2025.11.02 19:47:46.797793 [ 734 ] {1a106162-dc41-40d8-b3c2-00e2b1068f11} <Debug> AsyncLoader: Change current priority: none -> 0
2025.11.02 19:47:46.797843 [ 734 ] {1a106162-dc41-40d8-b3c2-00e2b1068f11} <Debug> AsyncLoader: Spawn loader worker #1 in ForegroundLoad
2025.11.02 19:47:46.797971 [ 734 ] {1a106162-dc41-40d8-b3c2-00e2b1068f11} <Debug> AsyncLoader: Wait load job 'startup Atomic database runtime_db' in ForegroundLoad
2025.11.02 19:47:46.797984 [ 761 ] {} <Debug> AsyncLoader: Execute load job 'startup Ordinary database runtime_db' in ForegroundLoad
2025.11.02 19:47:46.798135 [ 761 ] {} <Debug> AsyncLoader: Finish load job 'startup Ordinary database runtime_db' with status OK
2025.11.02 19:47:46.798165 [ 761 ] {} <Debug> AsyncLoader: Spawn loader worker #2 in ForegroundLoad
2025.11.02 19:47:46.798210 [ 761 ] {} <Debug> AsyncLoader: Execute load job 'startup Atomic database runtime_db' in ForegroundLoad
2025.11.02 19:47:46.798276 [ 761 ] {} <Debug> AsyncLoader: Finish load job 'startup Atomic database runtime_db' with status OK
2025.11.02 19:47:46.798329 [ 761 ] {} <Debug> AsyncLoader: Stop worker in ForegroundLoad
2025.11.02 19:47:46.798369 [ 734 ] {1a106162-dc41-40d8-b3c2-00e2b1068f11} <Debug> DDLWorker: Executed query: /* ddl_entry=query-0000000012 */ CREATE DATABASE IF NOT EXISTS runtime_db UUID 'f432f52e-3f96-4e89-bb2e-6fb59c9b768b'
2025.11.02 19:47:46.798379 [ 758 ] {} <Debug> AsyncLoader: Stop worker in ForegroundLoad
2025.11.02 19:47:46.798520 [ 758 ] {} <Debug> AsyncLoader: Change current priority: 0 -> none
2025.11.02 19:47:46.799115 [ 734 ] {} <Debug> DDLWorker: Waiting for queue updates
2025.11.02 19:47:46.858344 [ 734 ] {} <Debug> DDLWorker: Scheduling tasks
2025.11.02 19:47:46.858994 [ 734 ] {} <Debug> DDLWorker: Will schedule 1 tasks starting from query-0000000013
2025.11.02 19:47:46.860070 [ 734 ] {} <Debug> DDLWorker: Processing task query-0000000013 (query: CREATE TABLE runtime_db.runtime_tbl_local UUID '8dc211c3-34d4-4455-8272-2ead0556e752' (`create_time` DateTime, `y` Int32 COMMENT 'shard key', `m` Int32 COMMENT 'part key', `id` Int64 COMMENT 'sort key', `value` Nullable(String)) ENGINE = MergeTree PARTITION BY m ORDER BY id SETTINGS index_granularity = 8192, backup restore: false)
2025.11.02 19:47:46.860746 [ 734 ] {} <Debug> DDLWorker: Executing query: CREATE TABLE runtime_db.runtime_tbl_local UUID '8dc211c3-34d4-4455-8272-2ead0556e752' (`create_time` DateTime, `y` Int32 COMMENT 'shard key', `m` Int32 COMMENT 'part key', `id` Int64 COMMENT 'sort key', `value` Nullable(String)) ENGINE = MergeTree PARTITION BY m ORDER BY id SETTINGS index_granularity = 8192
2025.11.02 19:47:46.861076 [ 734 ] {afafa077-7566-44eb-8949-78134c13fa84} <Debug> executeQuery: (from 0.0.0.0:0, user: , initial_query_id: b9c7e80f-2dc0-4eb9-8390-158c2abeed50) /* ddl_entry=query-0000000013 */ CREATE TABLE runtime_db.runtime_tbl_local UUID '8dc211c3-34d4-4455-8272-2ead0556e752' (`create_time` DateTime, `y` Int32 COMMENT 'shard key', `m` Int32 COMMENT 'part key', `id` Int64 COMMENT 'sort key', `value` Nullable(String)) ENGINE = MergeTree PARTITION BY m ORDER BY id SETTINGS index_granularity = 8192 (stage: Complete)
2025.11.02 19:47:46.862481 [ 734 ] {afafa077-7566-44eb-8949-78134c13fa84} <Debug> runtime_db.runtime_tbl_local (8dc211c3-34d4-4455-8272-2ead0556e752): Loading data parts
2025.11.02 19:47:46.862696 [ 734 ] {afafa077-7566-44eb-8949-78134c13fa84} <Debug> runtime_db.runtime_tbl_local (8dc211c3-34d4-4455-8272-2ead0556e752): There are no data parts
2025.11.02 19:47:46.863883 [ 734 ] {afafa077-7566-44eb-8949-78134c13fa84} <Debug> DatabaseAtomic (runtime_db): There are 0 detached tables. Start searching non used tables.
2025.11.02 19:47:46.863956 [ 734 ] {afafa077-7566-44eb-8949-78134c13fa84} <Debug> DatabaseAtomic (runtime_db): Found 0 non used tables in detached tables.
2025.11.02 19:47:46.864206 [ 734 ] {afafa077-7566-44eb-8949-78134c13fa84} <Debug> DDLWorker: Executed query: /* ddl_entry=query-0000000013 */ CREATE TABLE runtime_db.runtime_tbl_local UUID '8dc211c3-34d4-4455-8272-2ead0556e752' (`create_time` DateTime, `y` Int32 COMMENT 'shard key', `m` Int32 COMMENT 'part key', `id` Int64 COMMENT 'sort key', `value` Nullable(String)) ENGINE = MergeTree PARTITION BY m ORDER BY id SETTINGS index_granularity = 8192
2025.11.02 19:47:46.864804 [ 734 ] {} <Debug> DDLWorker: Waiting for queue updates
2025.11.02 19:47:46.917545 [ 734 ] {} <Debug> DDLWorker: Scheduling tasks
2025.11.02 19:47:46.918073 [ 734 ] {} <Debug> DDLWorker: Will schedule 1 tasks starting from query-0000000014
2025.11.02 19:47:46.918888 [ 734 ] {} <Debug> DDLWorker: Processing task query-0000000014 (query: CREATE TABLE runtime_db.runtime_tbl UUID 'b45fdf3f-2bbe-4b49-ada2-e884e8915115' (`create_time` DateTime, `y` Int32 COMMENT 'shard key', `m` Int32 COMMENT 'part key', `id` Int64 COMMENT 'sort key', `value` Nullable(String)) ENGINE = Distributed(single_replica, 'runtime_db', 'runtime_tbl_local', y), backup restore: false)
2025.11.02 19:47:46.919628 [ 734 ] {} <Debug> DDLWorker: Executing query: CREATE TABLE runtime_db.runtime_tbl UUID 'b45fdf3f-2bbe-4b49-ada2-e884e8915115' (`create_time` DateTime, `y` Int32 COMMENT 'shard key', `m` Int32 COMMENT 'part key', `id` Int64 COMMENT 'sort key', `value` Nullable(String)) ENGINE = Distributed(single_replica, 'runtime_db', 'runtime_tbl_local', y)
2025.11.02 19:47:46.919752 [ 734 ] {e5b1bf86-43d9-4640-a77d-a02bc6d2210c} <Debug> executeQuery: (from 0.0.0.0:0, user: , initial_query_id: 66ab419b-fb90-4ee1-b0f9-657432cd7ecb) /* ddl_entry=query-0000000014 */ CREATE TABLE runtime_db.runtime_tbl UUID 'b45fdf3f-2bbe-4b49-ada2-e884e8915115' (`create_time` DateTime, `y` Int32 COMMENT 'shard key', `m` Int32 COMMENT 'part key', `id` Int64 COMMENT 'sort key', `value` Nullable(String)) ENGINE = Distributed(single_replica, 'runtime_db', 'runtime_tbl_local', y) (stage: Complete)
2025.11.02 19:47:46.920210 [ 734 ] {e5b1bf86-43d9-4640-a77d-a02bc6d2210c} <Debug> StorageDistributed (runtime_tbl): Auto-increment is 0
2025.11.02 19:47:46.922122 [ 734 ] {e5b1bf86-43d9-4640-a77d-a02bc6d2210c} <Debug> DatabaseAtomic (runtime_db): There are 0 detached tables. Start searching non used tables.
2025.11.02 19:47:46.922181 [ 734 ] {e5b1bf86-43d9-4640-a77d-a02bc6d2210c} <Debug> DatabaseAtomic (runtime_db): Found 0 non used tables in detached tables.
2025.11.02 19:47:46.922358 [ 734 ] {e5b1bf86-43d9-4640-a77d-a02bc6d2210c} <Debug> DDLWorker: Executed query: /* ddl_entry=query-0000000014 */ CREATE TABLE runtime_db.runtime_tbl UUID 'b45fdf3f-2bbe-4b49-ada2-e884e8915115' (`create_time` DateTime, `y` Int32 COMMENT 'shard key', `m` Int32 COMMENT 'part key', `id` Int64 COMMENT 'sort key', `value` Nullable(String)) ENGINE = Distributed(single_replica, 'runtime_db', 'runtime_tbl_local', y)
2025.11.02 19:47:46.923427 [ 734 ] {} <Debug> DDLWorker: Waiting for queue updates
2025.11.02 19:47:46.974837 [ 76 ] {1b617cea-e924-4687-947a-ef7983502e1d} <Debug> executeQuery: (from 172.19.0.5:33960, initial_query_id: 50246757-a7b9-4b01-af0d-fa3691e087aa) SELECT `__table1`.`create_time` AS `create_time`, `__table1`.`y` AS `y`, `__table1`.`m` AS `m`, `__table1`.`id` AS `id`, `__table1`.`value` AS `value` FROM `runtime_db`.`runtime_tbl_local` AS `__table1` WHERE _CAST(0, 'UInt8') (stage: Complete)
2025.11.02 19:47:46.975601 [ 76 ] {1b617cea-e924-4687-947a-ef7983502e1d} <Debug> TCPHandler: Processed in 0.000949291 sec.
2025.11.02 19:47:46.982065 [ 76 ] {e6d72bed-2148-41a6-bfef-0b48d5eacd31} <Debug> executeQuery: (from 172.19.0.5:33960, initial_query_id: 24f275e3-749b-41cc-b884-8f4e0eb14490) SELECT `__table1`.`create_time` AS `create_time`, `__table1`.`y` AS `y`, `__table1`.`m` AS `m`, `__table1`.`id` AS `id`, `__table1`.`value` AS `value` FROM `runtime_db`.`runtime_tbl_local` AS `__table1` WHERE _CAST(0, 'UInt8') (stage: Complete)
2025.11.02 19:47:46.982589 [ 76 ] {e6d72bed-2148-41a6-bfef-0b48d5eacd31} <Debug> TCPHandler: Processed in 0.000734667 sec.
2025.11.02 19:47:47.003664 [ 76 ] {9997e2dc-ed9f-4a5e-beb9-2f808097ce14} <Debug> executeQuery: (from 172.19.0.5:33960, initial_query_id: 854fca88-fe3c-450b-b9f1-31001c7ff9f8) SELECT `__table1`.`create_time` AS `create_time`, `__table1`.`y` AS `y`, `__table1`.`m` AS `m`, `__table1`.`id` AS `id`, `__table1`.`value` AS `value` FROM `runtime_db`.`runtime_tbl_local` AS `__table1` WHERE _CAST(0, 'UInt8') (stage: Complete)
2025.11.02 19:47:47.004318 [ 76 ] {9997e2dc-ed9f-4a5e-beb9-2f808097ce14} <Debug> TCPHandler: Processed in 0.000912958 sec.
2025.11.02 19:47:47.038917 [ 77 ] {} <Debug> HTTP-Session-6500a0d6-a8c0-4885-a1f5-ab715c4b801e: Authenticating user 'default' from 172.19.0.7:41232
2025.11.02 19:47:47.039020 [ 77 ] {} <Debug> HTTP-Session-6500a0d6-a8c0-4885-a1f5-ab715c4b801e: 6500a0d6-a8c0-4885-a1f5-ab715c4b801e Authenticated with global context as user 94309d50-4f52-5250-31bd-74fecac179db
2025.11.02 19:47:47.039080 [ 77 ] {} <Debug> HTTP-Session-6500a0d6-a8c0-4885-a1f5-ab715c4b801e: Creating session context with user_id: 94309d50-4f52-5250-31bd-74fecac179db
2025.11.02 19:47:47.039241 [ 77 ] {06dcdf9b-c88f-4288-a7ca-d08a330e038e} <Debug> executeQuery: (from 172.19.0.7:41232) INSERT INTO `runtime_db`.`runtime_tbl` FORMAT ArrowStream  (stage: Complete)
2025.11.02 19:47:47.099411 [ 632 ] {} <Debug> runtime_db.runtime_tbl.DistributedInsertQueue.default: Sending `/var/lib/clickhouse/store/b45/b45fdf3f-2bbe-4b49-ada2-e884e8915115/shard2_replica1/1.bin` to clickhouse-s1r2:9000 (1.00 rows, 31.00 B bytes)
2025.11.02 19:47:47.100058 [ 751 ] {53b6ee57-e8b8-4bfe-8f43-8a370bb2337c} <Debug> AsynchronousInsertQueue: Flushed 2 rows, 62 bytes for query 'INSERT INTO runtime_db.runtime_tbl (create_time, y, m, id, value) FORMAT ArrowStream'
2025.11.02 19:47:47.100174 [ 751 ] {53b6ee57-e8b8-4bfe-8f43-8a370bb2337c} <Debug> MemoryTracker: Query peak memory usage: 3.38 MiB.
2025.11.02 19:47:47.100225 [ 77 ] {06dcdf9b-c88f-4288-a7ca-d08a330e038e} <Debug> DynamicQueryHandler: Done processing query
2025.11.02 19:47:47.100337 [ 77 ] {} <Debug> HTTP-Session-6500a0d6-a8c0-4885-a1f5-ab715c4b801e: 6500a0d6-a8c0-4885-a1f5-ab715c4b801e Logout, user_id: 94309d50-4f52-5250-31bd-74fecac179db
2025.11.02 19:47:47.169742 [ 76 ] {49145fa4-0444-407f-977d-510b8dc95339} <Debug> executeQuery: (from 172.19.0.5:33960, initial_query_id: 572e0d13-ec83-4ceb-be35-cd189513fa7a) SELECT `__table1`.`create_time` AS `create_time`, `__table1`.`y` AS `y`, `__table1`.`m` AS `m`, `__table1`.`id` AS `id`, `__table1`.`value` AS `value` FROM `runtime_db`.`runtime_tbl_local` AS `__table1` WHERE _CAST(0, 'UInt8') (stage: Complete)
2025.11.02 19:47:47.170192 [ 76 ] {49145fa4-0444-407f-977d-510b8dc95339} <Debug> runtime_db.runtime_tbl_local (8dc211c3-34d4-4455-8272-2ead0556e752) (SelectExecutor): Selected 0/0 parts by partition key, 0 parts by primary key, 0/0 marks by primary key, 0 marks to read from 0 ranges
2025.11.02 19:47:47.170672 [ 76 ] {49145fa4-0444-407f-977d-510b8dc95339} <Debug> TCPHandler: Processed in 0.001109167 sec.
2025.11.02 19:47:47.209037 [ 77 ] {} <Debug> HTTP-Session-5fe8ace9-f161-449a-8178-0357daea3f10: Authenticating user 'default' from 172.19.0.7:41244
2025.11.02 19:47:47.209108 [ 77 ] {} <Debug> HTTP-Session-5fe8ace9-f161-449a-8178-0357daea3f10: 5fe8ace9-f161-449a-8178-0357daea3f10 Authenticated with global context as user 94309d50-4f52-5250-31bd-74fecac179db
2025.11.02 19:47:47.209147 [ 77 ] {} <Debug> HTTP-Session-5fe8ace9-f161-449a-8178-0357daea3f10: Creating session context with user_id: 94309d50-4f52-5250-31bd-74fecac179db
2025.11.02 19:47:47.209361 [ 77 ] {3f1a9ad9-7a1b-4e2c-a32f-dc6f4d63731f} <Debug> executeQuery: (from 172.19.0.7:41244) SELECT partition, -- String
 partition_id, -- String
 sum(rows) AS row_count, -- UInt64
 sum(bytes_on_disk) AS size_in_bytes -- UInt64
 FROM `system`.`parts` WHERE `database`='runtime_db' AND `table`='runtime_tbl_local' AND `active`=1 GROUP BY `partition`, `partition_id` ORDER BY `partition` ASC, partition_id ASC  (stage: Complete)
2025.11.02 19:47:47.211103 [ 77 ] {3f1a9ad9-7a1b-4e2c-a32f-dc6f4d63731f} <Debug> executeQuery: Read 1 rows, 82.00 B in 0.001842 sec., 542.8881650380022 rows/sec., 43.47 KiB/sec.
2025.11.02 19:47:47.211457 [ 77 ] {3f1a9ad9-7a1b-4e2c-a32f-dc6f4d63731f} <Debug> DynamicQueryHandler: Done processing query
2025.11.02 19:47:47.211499 [ 77 ] {3f1a9ad9-7a1b-4e2c-a32f-dc6f4d63731f} <Debug> MemoryTracker: Query peak memory usage: 4.02 MiB.
2025.11.02 19:47:47.211531 [ 77 ] {} <Debug> HTTP-Session-5fe8ace9-f161-449a-8178-0357daea3f10: 5fe8ace9-f161-449a-8178-0357daea3f10 Logout, user_id: 94309d50-4f52-5250-31bd-74fecac179db
2025.11.02 19:47:47.230655 [ 77 ] {} <Debug> HTTP-Session-b7ab104b-b267-471e-bb2a-3a8e1ca794bf: Authenticating user 'default' from 172.19.0.7:41254
2025.11.02 19:47:47.230758 [ 77 ] {} <Debug> HTTP-Session-b7ab104b-b267-471e-bb2a-3a8e1ca794bf: b7ab104b-b267-471e-bb2a-3a8e1ca794bf Authenticated with global context as user 94309d50-4f52-5250-31bd-74fecac179db
2025.11.02 19:47:47.230835 [ 77 ] {} <Debug> HTTP-Session-b7ab104b-b267-471e-bb2a-3a8e1ca794bf: Creating session context with user_id: 94309d50-4f52-5250-31bd-74fecac179db
2025.11.02 19:47:47.231079 [ 77 ] {69a3fe97-aaf0-432f-b665-674bbc41d657} <Debug> executeQuery: (from 172.19.0.7:41254) SELECT partition, -- String
 partition_id, -- String
 sum(rows) AS row_count, -- UInt64
 sum(bytes_on_disk) AS size_in_bytes -- UInt64
 FROM `system`.`parts` WHERE `database`='runtime_db' AND `table`='runtime_tbl_local' AND `active`=1 GROUP BY `partition`, `partition_id` ORDER BY `partition` ASC, partition_id ASC  (stage: Complete)
2025.11.02 19:47:47.232612 [ 77 ] {69a3fe97-aaf0-432f-b665-674bbc41d657} <Debug> executeQuery: Read 1 rows, 82.00 B in 0.001633 sec., 612.369871402327 rows/sec., 49.04 KiB/sec.
2025.11.02 19:47:47.232985 [ 77 ] {69a3fe97-aaf0-432f-b665-674bbc41d657} <Debug> DynamicQueryHandler: Done processing query
2025.11.02 19:47:47.233104 [ 77 ] {69a3fe97-aaf0-432f-b665-674bbc41d657} <Debug> MemoryTracker: Query peak memory usage: 4.02 MiB.
2025.11.02 19:47:47.233188 [ 77 ] {} <Debug> HTTP-Session-b7ab104b-b267-471e-bb2a-3a8e1ca794bf: b7ab104b-b267-471e-bb2a-3a8e1ca794bf Logout, user_id: 94309d50-4f52-5250-31bd-74fecac179db
2025.11.02 19:47:47.269724 [ 77 ] {} <Debug> HTTP-Session-3dc66adb-c193-407b-9ade-0e75a0c52df4: Authenticating user 'default' from 172.19.0.7:41264
2025.11.02 19:47:47.269797 [ 77 ] {} <Debug> HTTP-Session-3dc66adb-c193-407b-9ade-0e75a0c52df4: 3dc66adb-c193-407b-9ade-0e75a0c52df4 Authenticated with global context as user 94309d50-4f52-5250-31bd-74fecac179db
2025.11.02 19:47:47.269850 [ 77 ] {} <Debug> HTTP-Session-3dc66adb-c193-407b-9ade-0e75a0c52df4: Creating session context with user_id: 94309d50-4f52-5250-31bd-74fecac179db
2025.11.02 19:47:47.270181 [ 77 ] {ef951e18-db68-466e-b25d-fde317a49c5f} <Debug> executeQuery: (from 172.19.0.7:41264) SELECT partition, -- String
 partition_id, -- String
 sum(rows) AS row_count, -- UInt64
 sum(bytes_on_disk) AS size_in_bytes -- UInt64
 FROM `system`.`parts` WHERE `database`='runtime_db' AND `table`='runtime_tbl_local' AND `active`=1 GROUP BY `partition`, `partition_id` ORDER BY `partition` ASC, partition_id ASC  (stage: Complete)
2025.11.02 19:47:47.271756 [ 77 ] {ef951e18-db68-466e-b25d-fde317a49c5f} <Debug> executeQuery: Read 1 rows, 82.00 B in 0.001673 sec., 597.7286312014345 rows/sec., 47.86 KiB/sec.
2025.11.02 19:47:47.272161 [ 77 ] {ef951e18-db68-466e-b25d-fde317a49c5f} <Debug> DynamicQueryHandler: Done processing query
2025.11.02 19:47:47.272235 [ 77 ] {ef951e18-db68-466e-b25d-fde317a49c5f} <Debug> MemoryTracker: Query peak memory usage: 4.02 MiB.
2025.11.02 19:47:47.272332 [ 77 ] {} <Debug> HTTP-Session-3dc66adb-c193-407b-9ade-0e75a0c52df4: 3dc66adb-c193-407b-9ade-0e75a0c52df4 Logout, user_id: 94309d50-4f52-5250-31bd-74fecac179db
2025.11.02 19:47:47.289692 [ 77 ] {} <Debug> HTTP-Session-2f9e5154-14b7-4a9f-84ae-ac263de193c2: Authenticating user 'default' from 172.19.0.7:41270
2025.11.02 19:47:47.289763 [ 77 ] {} <Debug> HTTP-Session-2f9e5154-14b7-4a9f-84ae-ac263de193c2: 2f9e5154-14b7-4a9f-84ae-ac263de193c2 Authenticated with global context as user 94309d50-4f52-5250-31bd-74fecac179db
2025.11.02 19:47:47.289811 [ 77 ] {} <Debug> HTTP-Session-2f9e5154-14b7-4a9f-84ae-ac263de193c2: Creating session context with user_id: 94309d50-4f52-5250-31bd-74fecac179db
2025.11.02 19:47:47.290020 [ 77 ] {4603cc72-460f-49be-ba9a-b8f5df87fbde} <Debug> executeQuery: (from 172.19.0.7:41270) SELECT partition, -- String
 partition_id, -- String
 sum(rows) AS row_count, -- UInt64
 sum(bytes_on_disk) AS size_in_bytes -- UInt64
 FROM `system`.`parts` WHERE `database`='runtime_db' AND `table`='runtime_tbl_local' AND `active`=1 GROUP BY `partition`, `partition_id` ORDER BY `partition` ASC, partition_id ASC  (stage: Complete)
2025.11.02 19:47:47.291434 [ 77 ] {4603cc72-460f-49be-ba9a-b8f5df87fbde} <Debug> executeQuery: Read 1 rows, 82.00 B in 0.001503 sec., 665.3359946773121 rows/sec., 53.28 KiB/sec.
2025.11.02 19:47:47.291750 [ 77 ] {4603cc72-460f-49be-ba9a-b8f5df87fbde} <Debug> DynamicQueryHandler: Done processing query
2025.11.02 19:47:47.291826 [ 77 ] {4603cc72-460f-49be-ba9a-b8f5df87fbde} <Debug> MemoryTracker: Query peak memory usage: 4.01 MiB.
2025.11.02 19:47:47.292012 [ 77 ] {} <Debug> HTTP-Session-2f9e5154-14b7-4a9f-84ae-ac263de193c2: 2f9e5154-14b7-4a9f-84ae-ac263de193c2 Logout, user_id: 94309d50-4f52-5250-31bd-74fecac179db
2025.11.02 19:47:47.316197 [ 77 ] {} <Debug> HTTP-Session-fa6ecbd9-7aeb-459e-b874-b93302f130f4: Authenticating user 'default' from 172.19.0.7:41284
2025.11.02 19:47:47.316292 [ 77 ] {} <Debug> HTTP-Session-fa6ecbd9-7aeb-459e-b874-b93302f130f4: fa6ecbd9-7aeb-459e-b874-b93302f130f4 Authenticated with global context as user 94309d50-4f52-5250-31bd-74fecac179db
2025.11.02 19:47:47.316343 [ 77 ] {} <Debug> HTTP-Session-fa6ecbd9-7aeb-459e-b874-b93302f130f4: Creating session context with user_id: 94309d50-4f52-5250-31bd-74fecac179db
2025.11.02 19:47:47.316525 [ 77 ] {84a91cc0-2b59-4382-94f1-27901334b1c5} <Debug> executeQuery: (from 172.19.0.7:41284) SELECT `id` FROM `runtime_db`.`runtime_tbl_local` WHERE (_partition_id = '2') AND ((1=1) AND (1=1))  (stage: Complete)
2025.11.02 19:47:47.316938 [ 77 ] {84a91cc0-2b59-4382-94f1-27901334b1c5} <Debug> runtime_db.runtime_tbl_local (8dc211c3-34d4-4455-8272-2ead0556e752) (SelectExecutor): Key condition: unknown, true, and
2025.11.02 19:47:47.317006 [ 77 ] {84a91cc0-2b59-4382-94f1-27901334b1c5} <Debug> runtime_db.runtime_tbl_local (8dc211c3-34d4-4455-8272-2ead0556e752) (SelectExecutor): MinMax index condition: unknown, true, and
2025.11.02 19:47:47.317050 [ 77 ] {84a91cc0-2b59-4382-94f1-27901334b1c5} <Debug> runtime_db.runtime_tbl_local (8dc211c3-34d4-4455-8272-2ead0556e752) (SelectExecutor): PK index has dropped 0/1 granules, it took 0ms across 1 threads.
2025.11.02 19:47:47.317189 [ 77 ] {84a91cc0-2b59-4382-94f1-27901334b1c5} <Debug> runtime_db.runtime_tbl_local (8dc211c3-34d4-4455-8272-2ead0556e752) (SelectExecutor): Selected 1/1 parts by partition key, 1 parts by primary key, 1/1 marks by primary key, 1 marks to read from 1 ranges
2025.11.02 19:47:47.317796 [ 77 ] {84a91cc0-2b59-4382-94f1-27901334b1c5} <Debug> executeQuery: Read 1 rows, 8.00 B in 0.001328 sec., 753.0120481927711 rows/sec., 5.88 KiB/sec.
2025.11.02 19:47:47.318120 [ 77 ] {84a91cc0-2b59-4382-94f1-27901334b1c5} <Debug> DynamicQueryHandler: Done processing query
2025.11.02 19:47:47.318237 [ 77 ] {84a91cc0-2b59-4382-94f1-27901334b1c5} <Debug> MemoryTracker: Query peak memory usage: 4.00 MiB.
2025.11.02 19:47:47.318299 [ 77 ] {} <Debug> HTTP-Session-fa6ecbd9-7aeb-459e-b874-b93302f130f4: fa6ecbd9-7aeb-459e-b874-b93302f130f4 Logout, user_id: 94309d50-4f52-5250-31bd-74fecac179db
2025.11.02 19:47:47.343371 [ 77 ] {} <Debug> HTTP-Session-16f3ae0a-58e1-4a04-9d12-8560fa7eb170: Authenticating user 'default' from 172.19.0.7:41298
2025.11.02 19:47:47.343507 [ 77 ] {} <Debug> HTTP-Session-16f3ae0a-58e1-4a04-9d12-8560fa7eb170: 16f3ae0a-58e1-4a04-9d12-8560fa7eb170 Authenticated with global context as user 94309d50-4f52-5250-31bd-74fecac179db
2025.11.02 19:47:47.343614 [ 77 ] {} <Debug> HTTP-Session-16f3ae0a-58e1-4a04-9d12-8560fa7eb170: Creating session context with user_id: 94309d50-4f52-5250-31bd-74fecac179db
2025.11.02 19:47:47.343962 [ 77 ] {6980e43b-5041-4817-a65f-4354910e0cb0} <Debug> executeQuery: (from 172.19.0.7:41298) SELECT `create_time`, `id` FROM `runtime_db`.`runtime_tbl_local` WHERE (_partition_id = '2') AND ((1=1) AND (1=1))  (stage: Complete)
2025.11.02 19:47:47.344514 [ 77 ] {6980e43b-5041-4817-a65f-4354910e0cb0} <Debug> runtime_db.runtime_tbl_local (8dc211c3-34d4-4455-8272-2ead0556e752) (SelectExecutor): Key condition: unknown, true, and
2025.11.02 19:47:47.344698 [ 77 ] {6980e43b-5041-4817-a65f-4354910e0cb0} <Debug> runtime_db.runtime_tbl_local (8dc211c3-34d4-4455-8272-2ead0556e752) (SelectExecutor): MinMax index condition: unknown, true, and
2025.11.02 19:47:47.344822 [ 77 ] {6980e43b-5041-4817-a65f-4354910e0cb0} <Debug> runtime_db.runtime_tbl_local (8dc211c3-34d4-4455-8272-2ead0556e752) (SelectExecutor): PK index has dropped 0/1 granules, it took 0ms across 1 threads.
2025.11.02 19:47:47.344973 [ 77 ] {6980e43b-5041-4817-a65f-4354910e0cb0} <Debug> runtime_db.runtime_tbl_local (8dc211c3-34d4-4455-8272-2ead0556e752) (SelectExecutor): Selected 1/1 parts by partition key, 1 parts by primary key, 1/1 marks by primary key, 1 marks to read from 1 ranges
2025.11.02 19:47:47.345641 [ 77 ] {6980e43b-5041-4817-a65f-4354910e0cb0} <Debug> executeQuery: Read 1 rows, 12.00 B in 0.001848 sec., 541.1255411255411 rows/sec., 6.34 KiB/sec.
2025.11.02 19:47:47.347301 [ 77 ] {6980e43b-5041-4817-a65f-4354910e0cb0} <Debug> DynamicQueryHandler: Done processing query
2025.11.02 19:47:47.347640 [ 77 ] {6980e43b-5041-4817-a65f-4354910e0cb0} <Debug> MemoryTracker: Query peak memory usage: 4.00 MiB.
2025.11.02 19:47:47.347856 [ 77 ] {} <Debug> HTTP-Session-16f3ae0a-58e1-4a04-9d12-8560fa7eb170: 16f3ae0a-58e1-4a04-9d12-8560fa7eb170 Logout, user_id: 94309d50-4f52-5250-31bd-74fecac179db
2025.11.02 19:47:47.411010 [ 77 ] {} <Debug> HTTP-Session-a8b09564-c843-4411-9a3d-7954968ee7a3: Authenticating user 'default' from 172.19.0.7:41300
2025.11.02 19:47:47.411089 [ 77 ] {} <Debug> HTTP-Session-a8b09564-c843-4411-9a3d-7954968ee7a3: a8b09564-c843-4411-9a3d-7954968ee7a3 Authenticated with global context as user 94309d50-4f52-5250-31bd-74fecac179db
2025.11.02 19:47:47.411152 [ 77 ] {} <Debug> HTTP-Session-a8b09564-c843-4411-9a3d-7954968ee7a3: Creating session context with user_id: 94309d50-4f52-5250-31bd-74fecac179db
2025.11.02 19:47:47.411368 [ 77 ] {7524725c-db6a-4a7c-9caa-f8c3f80e4901} <Debug> executeQuery: (from 172.19.0.7:41300) SELECT `id` FROM `runtime_db`.`runtime_tbl_local` WHERE (_partition_id = '2') AND ((1=1) AND (1=1))  (stage: Complete)
2025.11.02 19:47:47.411735 [ 77 ] {7524725c-db6a-4a7c-9caa-f8c3f80e4901} <Debug> runtime_db.runtime_tbl_local (8dc211c3-34d4-4455-8272-2ead0556e752) (SelectExecutor): Key condition: unknown, true, and
2025.11.02 19:47:47.411839 [ 77 ] {7524725c-db6a-4a7c-9caa-f8c3f80e4901} <Debug> runtime_db.runtime_tbl_local (8dc211c3-34d4-4455-8272-2ead0556e752) (SelectExecutor): MinMax index condition: unknown, true, and
2025.11.02 19:47:47.411925 [ 77 ] {7524725c-db6a-4a7c-9caa-f8c3f80e4901} <Debug> runtime_db.runtime_tbl_local (8dc211c3-34d4-4455-8272-2ead0556e752) (SelectExecutor): PK index has dropped 0/1 granules, it took 0ms across 1 threads.
2025.11.02 19:47:47.411991 [ 77 ] {7524725c-db6a-4a7c-9caa-f8c3f80e4901} <Debug> runtime_db.runtime_tbl_local (8dc211c3-34d4-4455-8272-2ead0556e752) (SelectExecutor): Selected 1/1 parts by partition key, 1 parts by primary key, 1/1 marks by primary key, 1 marks to read from 1 ranges
2025.11.02 19:47:47.412502 [ 77 ] {7524725c-db6a-4a7c-9caa-f8c3f80e4901} <Debug> executeQuery: Read 1 rows, 8.00 B in 0.001198 sec., 834.7245409015025 rows/sec., 6.52 KiB/sec.
2025.11.02 19:47:47.412881 [ 77 ] {7524725c-db6a-4a7c-9caa-f8c3f80e4901} <Debug> DynamicQueryHandler: Done processing query
2025.11.02 19:47:47.412996 [ 77 ] {7524725c-db6a-4a7c-9caa-f8c3f80e4901} <Debug> MemoryTracker: Query peak memory usage: 4.00 MiB.
2025.11.02 19:47:47.413117 [ 77 ] {} <Debug> HTTP-Session-a8b09564-c843-4411-9a3d-7954968ee7a3: a8b09564-c843-4411-9a3d-7954968ee7a3 Logout, user_id: 94309d50-4f52-5250-31bd-74fecac179db
2025.11.02 19:47:47.429353 [ 77 ] {} <Debug> HTTP-Session-70541178-bc05-44d9-af46-485bbdd5cf0b: Authenticating user 'default' from 172.19.0.7:41304
2025.11.02 19:47:47.429457 [ 77 ] {} <Debug> HTTP-Session-70541178-bc05-44d9-af46-485bbdd5cf0b: 70541178-bc05-44d9-af46-485bbdd5cf0b Authenticated with global context as user 94309d50-4f52-5250-31bd-74fecac179db
2025.11.02 19:47:47.429503 [ 77 ] {} <Debug> HTTP-Session-70541178-bc05-44d9-af46-485bbdd5cf0b: Creating session context with user_id: 94309d50-4f52-5250-31bd-74fecac179db
2025.11.02 19:47:47.430021 [ 77 ] {aba97f6b-cd95-4c3e-81be-584f7c223629} <Debug> executeQuery: (from 172.19.0.7:41304) SELECT `create_time`, `id` FROM `runtime_db`.`runtime_tbl_local` WHERE (_partition_id = '2') AND ((1=1) AND (1=1))  (stage: Complete)
2025.11.02 19:47:47.430707 [ 77 ] {aba97f6b-cd95-4c3e-81be-584f7c223629} <Debug> runtime_db.runtime_tbl_local (8dc211c3-34d4-4455-8272-2ead0556e752) (SelectExecutor): Key condition: unknown, true, and
2025.11.02 19:47:47.430875 [ 77 ] {aba97f6b-cd95-4c3e-81be-584f7c223629} <Debug> runtime_db.runtime_tbl_local (8dc211c3-34d4-4455-8272-2ead0556e752) (SelectExecutor): MinMax index condition: unknown, true, and
2025.11.02 19:47:47.431042 [ 77 ] {aba97f6b-cd95-4c3e-81be-584f7c223629} <Debug> runtime_db.runtime_tbl_local (8dc211c3-34d4-4455-8272-2ead0556e752) (SelectExecutor): PK index has dropped 0/1 granules, it took 0ms across 1 threads.
2025.11.02 19:47:47.431161 [ 77 ] {aba97f6b-cd95-4c3e-81be-584f7c223629} <Debug> runtime_db.runtime_tbl_local (8dc211c3-34d4-4455-8272-2ead0556e752) (SelectExecutor): Selected 1/1 parts by partition key, 1 parts by primary key, 1/1 marks by primary key, 1 marks to read from 1 ranges
2025.11.02 19:47:47.432528 [ 77 ] {aba97f6b-cd95-4c3e-81be-584f7c223629} <Debug> executeQuery: Read 1 rows, 12.00 B in 0.00268 sec., 373.13432835820896 rows/sec., 4.37 KiB/sec.
2025.11.02 19:47:47.433060 [ 77 ] {aba97f6b-cd95-4c3e-81be-584f7c223629} <Debug> DynamicQueryHandler: Done processing query
2025.11.02 19:47:47.433394 [ 77 ] {aba97f6b-cd95-4c3e-81be-584f7c223629} <Debug> MemoryTracker: Query peak memory usage: 4.00 MiB.
2025.11.02 19:47:47.433546 [ 77 ] {} <Debug> HTTP-Session-70541178-bc05-44d9-af46-485bbdd5cf0b: 70541178-bc05-44d9-af46-485bbdd5cf0b Logout, user_id: 94309d50-4f52-5250-31bd-74fecac179db
2025.11.02 19:47:47.462547 [ 76 ] {5ae3cbfe-3b48-488c-ad12-b54336458c2d} <Debug> executeQuery: (from 172.19.0.5:33960, initial_query_id: 929e640a-183e-4a79-860d-ba6c637f951c) SELECT `__table1`.`create_time` AS `create_time`, `__table1`.`y` AS `y`, `__table1`.`m` AS `m`, `__table1`.`id` AS `id`, `__table1`.`value` AS `value` FROM `runtime_db`.`runtime_tbl_local` AS `__table1` WHERE _CAST(0, 'UInt8') (stage: Complete)
2025.11.02 19:47:47.462970 [ 76 ] {5ae3cbfe-3b48-488c-ad12-b54336458c2d} <Debug> runtime_db.runtime_tbl_local (8dc211c3-34d4-4455-8272-2ead0556e752) (SelectExecutor): Selected 0/0 parts by partition key, 0 parts by primary key, 0/0 marks by primary key, 0 marks to read from 0 ranges
2025.11.02 19:47:47.463378 [ 76 ] {5ae3cbfe-3b48-488c-ad12-b54336458c2d} <Debug> TCPHandler: Processed in 0.001014166 sec.
2025.11.02 19:47:47.491946 [ 77 ] {} <Debug> HTTP-Session-166d0fd1-d69b-42ac-a4f8-c387cac21c59: Authenticating user 'default' from 172.19.0.7:41312
2025.11.02 19:47:47.492056 [ 77 ] {} <Debug> HTTP-Session-166d0fd1-d69b-42ac-a4f8-c387cac21c59: 166d0fd1-d69b-42ac-a4f8-c387cac21c59 Authenticated with global context as user 94309d50-4f52-5250-31bd-74fecac179db
2025.11.02 19:47:47.492135 [ 77 ] {} <Debug> HTTP-Session-166d0fd1-d69b-42ac-a4f8-c387cac21c59: Creating session context with user_id: 94309d50-4f52-5250-31bd-74fecac179db
2025.11.02 19:47:47.492359 [ 77 ] {0b8ab142-5299-4877-ab68-d9203baa932c} <Debug> executeQuery: (from 172.19.0.7:41312) SELECT partition, -- String
 partition_id, -- String
 sum(rows) AS row_count, -- UInt64
 sum(bytes_on_disk) AS size_in_bytes -- UInt64
 FROM `system`.`parts` WHERE `database`='runtime_db' AND `table`='runtime_tbl_local' AND `active`=1 GROUP BY `partition`, `partition_id` ORDER BY `partition` ASC, partition_id ASC  (stage: Complete)
2025.11.02 19:47:47.494071 [ 77 ] {0b8ab142-5299-4877-ab68-d9203baa932c} <Debug> executeQuery: Read 1 rows, 82.00 B in 0.001797 sec., 556.4830272676684 rows/sec., 44.56 KiB/sec.
2025.11.02 19:47:47.494445 [ 77 ] {0b8ab142-5299-4877-ab68-d9203baa932c} <Debug> DynamicQueryHandler: Done processing query
2025.11.02 19:47:47.494504 [ 77 ] {0b8ab142-5299-4877-ab68-d9203baa932c} <Debug> MemoryTracker: Query peak memory usage: 4.02 MiB.
2025.11.02 19:47:47.494682 [ 77 ] {} <Debug> HTTP-Session-166d0fd1-d69b-42ac-a4f8-c387cac21c59: 166d0fd1-d69b-42ac-a4f8-c387cac21c59 Logout, user_id: 94309d50-4f52-5250-31bd-74fecac179db
2025.11.02 19:47:47.511305 [ 77 ] {} <Debug> HTTP-Session-30f12b06-38c4-4d4e-8b97-206fe00a35ba: Authenticating user 'default' from 172.19.0.7:41324
2025.11.02 19:47:47.511367 [ 77 ] {} <Debug> HTTP-Session-30f12b06-38c4-4d4e-8b97-206fe00a35ba: 30f12b06-38c4-4d4e-8b97-206fe00a35ba Authenticated with global context as user 94309d50-4f52-5250-31bd-74fecac179db
2025.11.02 19:47:47.511398 [ 77 ] {} <Debug> HTTP-Session-30f12b06-38c4-4d4e-8b97-206fe00a35ba: Creating session context with user_id: 94309d50-4f52-5250-31bd-74fecac179db
2025.11.02 19:47:47.511591 [ 77 ] {268e6308-5aa0-472e-9b7f-a76a2ca3add8} <Debug> executeQuery: (from 172.19.0.7:41324) SELECT partition, -- String
 partition_id, -- String
 sum(rows) AS row_count, -- UInt64
 sum(bytes_on_disk) AS size_in_bytes -- UInt64
 FROM `system`.`parts` WHERE `database`='runtime_db' AND `table`='runtime_tbl_local' AND `active`=1 GROUP BY `partition`, `partition_id` ORDER BY `partition` ASC, partition_id ASC  (stage: Complete)
2025.11.02 19:47:47.513142 [ 77 ] {268e6308-5aa0-472e-9b7f-a76a2ca3add8} <Debug> executeQuery: Read 1 rows, 82.00 B in 0.001641 sec., 609.3845216331505 rows/sec., 48.80 KiB/sec.
2025.11.02 19:47:47.513534 [ 77 ] {268e6308-5aa0-472e-9b7f-a76a2ca3add8} <Debug> DynamicQueryHandler: Done processing query
2025.11.02 19:47:47.513586 [ 77 ] {268e6308-5aa0-472e-9b7f-a76a2ca3add8} <Debug> MemoryTracker: Query peak memory usage: 4.02 MiB.
2025.11.02 19:47:47.513667 [ 77 ] {} <Debug> HTTP-Session-30f12b06-38c4-4d4e-8b97-206fe00a35ba: 30f12b06-38c4-4d4e-8b97-206fe00a35ba Logout, user_id: 94309d50-4f52-5250-31bd-74fecac179db
2025.11.02 19:47:47.540949 [ 77 ] {} <Debug> HTTP-Session-43584396-6820-4a2c-974d-30bf81e9b779: Authenticating user 'default' from 172.19.0.7:41328
2025.11.02 19:47:47.541083 [ 77 ] {} <Debug> HTTP-Session-43584396-6820-4a2c-974d-30bf81e9b779: 43584396-6820-4a2c-974d-30bf81e9b779 Authenticated with global context as user 94309d50-4f52-5250-31bd-74fecac179db
2025.11.02 19:47:47.541232 [ 77 ] {} <Debug> HTTP-Session-43584396-6820-4a2c-974d-30bf81e9b779: Creating session context with user_id: 94309d50-4f52-5250-31bd-74fecac179db
2025.11.02 19:47:47.541489 [ 77 ] {0b3f2b7b-41e4-4af4-9f90-8c7880f43f5a} <Debug> executeQuery: (from 172.19.0.7:41328) SELECT partition, -- String
 partition_id, -- String
 sum(rows) AS row_count, -- UInt64
 sum(bytes_on_disk) AS size_in_bytes -- UInt64
 FROM `system`.`parts` WHERE `database`='runtime_db' AND `table`='runtime_tbl_local' AND `active`=1 GROUP BY `partition`, `partition_id` ORDER BY `partition` ASC, partition_id ASC  (stage: Complete)
2025.11.02 19:47:47.543127 [ 77 ] {0b3f2b7b-41e4-4af4-9f90-8c7880f43f5a} <Debug> executeQuery: Read 1 rows, 82.00 B in 0.001746 sec., 572.737686139748 rows/sec., 45.86 KiB/sec.
2025.11.02 19:47:47.543512 [ 77 ] {0b3f2b7b-41e4-4af4-9f90-8c7880f43f5a} <Debug> DynamicQueryHandler: Done processing query
2025.11.02 19:47:47.543601 [ 77 ] {0b3f2b7b-41e4-4af4-9f90-8c7880f43f5a} <Debug> MemoryTracker: Query peak memory usage: 4.02 MiB.
2025.11.02 19:47:47.543710 [ 77 ] {} <Debug> HTTP-Session-43584396-6820-4a2c-974d-30bf81e9b779: 43584396-6820-4a2c-974d-30bf81e9b779 Logout, user_id: 94309d50-4f52-5250-31bd-74fecac179db
2025.11.02 19:47:47.560491 [ 77 ] {} <Debug> HTTP-Session-32f0f5f9-b0a5-4b3b-ab8e-f120011f5017: Authenticating user 'default' from 172.19.0.7:41340
2025.11.02 19:47:47.560583 [ 77 ] {} <Debug> HTTP-Session-32f0f5f9-b0a5-4b3b-ab8e-f120011f5017: 32f0f5f9-b0a5-4b3b-ab8e-f120011f5017 Authenticated with global context as user 94309d50-4f52-5250-31bd-74fecac179db
2025.11.02 19:47:47.560640 [ 77 ] {} <Debug> HTTP-Session-32f0f5f9-b0a5-4b3b-ab8e-f120011f5017: Creating session context with user_id: 94309d50-4f52-5250-31bd-74fecac179db
2025.11.02 19:47:47.560888 [ 77 ] {7caaaf49-924d-458d-a45c-278ac857c4c4} <Debug> executeQuery: (from 172.19.0.7:41340) SELECT partition, -- String
 partition_id, -- String
 sum(rows) AS row_count, -- UInt64
 sum(bytes_on_disk) AS size_in_bytes -- UInt64
 FROM `system`.`parts` WHERE `database`='runtime_db' AND `table`='runtime_tbl_local' AND `active`=1 GROUP BY `partition`, `partition_id` ORDER BY `partition` ASC, partition_id ASC  (stage: Complete)
2025.11.02 19:47:47.562592 [ 77 ] {7caaaf49-924d-458d-a45c-278ac857c4c4} <Debug> executeQuery: Read 1 rows, 82.00 B in 0.001816 sec., 550.6607929515419 rows/sec., 44.10 KiB/sec.
2025.11.02 19:47:47.563024 [ 77 ] {7caaaf49-924d-458d-a45c-278ac857c4c4} <Debug> DynamicQueryHandler: Done processing query
2025.11.02 19:47:47.563085 [ 77 ] {7caaaf49-924d-458d-a45c-278ac857c4c4} <Debug> MemoryTracker: Query peak memory usage: 4.02 MiB.
2025.11.02 19:47:47.563153 [ 77 ] {} <Debug> HTTP-Session-32f0f5f9-b0a5-4b3b-ab8e-f120011f5017: 32f0f5f9-b0a5-4b3b-ab8e-f120011f5017 Logout, user_id: 94309d50-4f52-5250-31bd-74fecac179db
2025.11.02 19:47:47.585380 [ 77 ] {} <Debug> HTTP-Session-3e97fe8b-75de-4d7f-8013-72463076c2a2: Authenticating user 'default' from 172.19.0.7:41344
2025.11.02 19:47:47.585453 [ 77 ] {} <Debug> HTTP-Session-3e97fe8b-75de-4d7f-8013-72463076c2a2: 3e97fe8b-75de-4d7f-8013-72463076c2a2 Authenticated with global context as user 94309d50-4f52-5250-31bd-74fecac179db
2025.11.02 19:47:47.585517 [ 77 ] {} <Debug> HTTP-Session-3e97fe8b-75de-4d7f-8013-72463076c2a2: Creating session context with user_id: 94309d50-4f52-5250-31bd-74fecac179db
2025.11.02 19:47:47.585688 [ 77 ] {d97b03e7-ad9e-4dac-b083-6d22f22a60dd} <Debug> executeQuery: (from 172.19.0.7:41344) SELECT `id` FROM `runtime_db`.`runtime_tbl_local` WHERE (_partition_id = '2') AND ((1=1) AND (1=1))  (stage: Complete)
2025.11.02 19:47:47.586123 [ 77 ] {d97b03e7-ad9e-4dac-b083-6d22f22a60dd} <Debug> runtime_db.runtime_tbl_local (8dc211c3-34d4-4455-8272-2ead0556e752) (SelectExecutor): Key condition: unknown, true, and
2025.11.02 19:47:47.586186 [ 77 ] {d97b03e7-ad9e-4dac-b083-6d22f22a60dd} <Debug> runtime_db.runtime_tbl_local (8dc211c3-34d4-4455-8272-2ead0556e752) (SelectExecutor): MinMax index condition: unknown, true, and
2025.11.02 19:47:47.586244 [ 77 ] {d97b03e7-ad9e-4dac-b083-6d22f22a60dd} <Debug> runtime_db.runtime_tbl_local (8dc211c3-34d4-4455-8272-2ead0556e752) (SelectExecutor): PK index has dropped 0/1 granules, it took 0ms across 1 threads.
2025.11.02 19:47:47.586385 [ 77 ] {d97b03e7-ad9e-4dac-b083-6d22f22a60dd} <Debug> runtime_db.runtime_tbl_local (8dc211c3-34d4-4455-8272-2ead0556e752) (SelectExecutor): Selected 1/1 parts by partition key, 1 parts by primary key, 1/1 marks by primary key, 1 marks to read from 1 ranges
2025.11.02 19:47:47.586846 [ 77 ] {d97b03e7-ad9e-4dac-b083-6d22f22a60dd} <Debug> executeQuery: Read 1 rows, 8.00 B in 0.00121 sec., 826.4462809917355 rows/sec., 6.46 KiB/sec.
2025.11.02 19:47:47.587230 [ 77 ] {d97b03e7-ad9e-4dac-b083-6d22f22a60dd} <Debug> DynamicQueryHandler: Done processing query
2025.11.02 19:47:47.587304 [ 77 ] {d97b03e7-ad9e-4dac-b083-6d22f22a60dd} <Debug> MemoryTracker: Query peak memory usage: 4.00 MiB.
2025.11.02 19:47:47.587413 [ 77 ] {} <Debug> HTTP-Session-3e97fe8b-75de-4d7f-8013-72463076c2a2: 3e97fe8b-75de-4d7f-8013-72463076c2a2 Logout, user_id: 94309d50-4f52-5250-31bd-74fecac179db
2025.11.02 19:47:47.605917 [ 77 ] {} <Debug> HTTP-Session-7fbe4ecf-0c16-45f8-b91e-966de7838d5f: Authenticating user 'default' from 172.19.0.7:41360
2025.11.02 19:47:47.606261 [ 77 ] {} <Debug> HTTP-Session-7fbe4ecf-0c16-45f8-b91e-966de7838d5f: 7fbe4ecf-0c16-45f8-b91e-966de7838d5f Authenticated with global context as user 94309d50-4f52-5250-31bd-74fecac179db
2025.11.02 19:47:47.606744 [ 77 ] {} <Debug> HTTP-Session-7fbe4ecf-0c16-45f8-b91e-966de7838d5f: Creating session context with user_id: 94309d50-4f52-5250-31bd-74fecac179db
2025.11.02 19:47:47.607154 [ 77 ] {fa4fbf00-f50a-4ec1-b30a-f5aefe45ebf4} <Debug> executeQuery: (from 172.19.0.7:41360) SELECT `create_time`, `id` FROM `runtime_db`.`runtime_tbl_local` WHERE (_partition_id = '2') AND ((1=1) AND (1=1))  (stage: Complete)
2025.11.02 19:47:47.608318 [ 77 ] {fa4fbf00-f50a-4ec1-b30a-f5aefe45ebf4} <Debug> runtime_db.runtime_tbl_local (8dc211c3-34d4-4455-8272-2ead0556e752) (SelectExecutor): Key condition: unknown, true, and
2025.11.02 19:47:47.609045 [ 77 ] {fa4fbf00-f50a-4ec1-b30a-f5aefe45ebf4} <Debug> runtime_db.runtime_tbl_local (8dc211c3-34d4-4455-8272-2ead0556e752) (SelectExecutor): MinMax index condition: unknown, true, and
2025.11.02 19:47:47.609234 [ 77 ] {fa4fbf00-f50a-4ec1-b30a-f5aefe45ebf4} <Debug> runtime_db.runtime_tbl_local (8dc211c3-34d4-4455-8272-2ead0556e752) (SelectExecutor): PK index has dropped 0/1 granules, it took 0ms across 1 threads.
2025.11.02 19:47:47.609475 [ 77 ] {fa4fbf00-f50a-4ec1-b30a-f5aefe45ebf4} <Debug> runtime_db.runtime_tbl_local (8dc211c3-34d4-4455-8272-2ead0556e752) (SelectExecutor): Selected 1/1 parts by partition key, 1 parts by primary key, 1/1 marks by primary key, 1 marks to read from 1 ranges
2025.11.02 19:47:47.610311 [ 77 ] {fa4fbf00-f50a-4ec1-b30a-f5aefe45ebf4} <Debug> executeQuery: Read 1 rows, 12.00 B in 0.003249 sec., 307.7870113881194 rows/sec., 3.61 KiB/sec.
2025.11.02 19:47:47.611174 [ 77 ] {fa4fbf00-f50a-4ec1-b30a-f5aefe45ebf4} <Debug> DynamicQueryHandler: Done processing query
2025.11.02 19:47:47.611397 [ 77 ] {fa4fbf00-f50a-4ec1-b30a-f5aefe45ebf4} <Debug> MemoryTracker: Query peak memory usage: 4.00 MiB.
2025.11.02 19:47:47.611588 [ 77 ] {} <Debug> HTTP-Session-7fbe4ecf-0c16-45f8-b91e-966de7838d5f: 7fbe4ecf-0c16-45f8-b91e-966de7838d5f Logout, user_id: 94309d50-4f52-5250-31bd-74fecac179db
2025.11.02 19:47:47.650640 [ 77 ] {} <Debug> HTTP-Session-81966a98-185f-46f9-ad0e-34a38c035cc8: Authenticating user 'default' from 172.19.0.7:41366
2025.11.02 19:47:47.650715 [ 77 ] {} <Debug> HTTP-Session-81966a98-185f-46f9-ad0e-34a38c035cc8: 81966a98-185f-46f9-ad0e-34a38c035cc8 Authenticated with global context as user 94309d50-4f52-5250-31bd-74fecac179db
2025.11.02 19:47:47.650759 [ 77 ] {} <Debug> HTTP-Session-81966a98-185f-46f9-ad0e-34a38c035cc8: Creating session context with user_id: 94309d50-4f52-5250-31bd-74fecac179db
2025.11.02 19:47:47.650951 [ 77 ] {f5e45ecc-79be-43a1-9b4e-7880b6de0a20} <Debug> executeQuery: (from 172.19.0.7:41366) SELECT `id` FROM `runtime_db`.`runtime_tbl_local` WHERE (_partition_id = '2') AND ((1=1) AND (1=1))  (stage: Complete)
2025.11.02 19:47:47.653361 [ 77 ] {f5e45ecc-79be-43a1-9b4e-7880b6de0a20} <Debug> runtime_db.runtime_tbl_local (8dc211c3-34d4-4455-8272-2ead0556e752) (SelectExecutor): Key condition: unknown, true, and
2025.11.02 19:47:47.653461 [ 77 ] {f5e45ecc-79be-43a1-9b4e-7880b6de0a20} <Debug> runtime_db.runtime_tbl_local (8dc211c3-34d4-4455-8272-2ead0556e752) (SelectExecutor): MinMax index condition: unknown, true, and
2025.11.02 19:47:47.653515 [ 77 ] {f5e45ecc-79be-43a1-9b4e-7880b6de0a20} <Debug> runtime_db.runtime_tbl_local (8dc211c3-34d4-4455-8272-2ead0556e752) (SelectExecutor): PK index has dropped 0/1 granules, it took 0ms across 1 threads.
2025.11.02 19:47:47.653551 [ 77 ] {f5e45ecc-79be-43a1-9b4e-7880b6de0a20} <Debug> runtime_db.runtime_tbl_local (8dc211c3-34d4-4455-8272-2ead0556e752) (SelectExecutor): Selected 1/1 parts by partition key, 1 parts by primary key, 1/1 marks by primary key, 1 marks to read from 1 ranges
2025.11.02 19:47:47.654068 [ 77 ] {f5e45ecc-79be-43a1-9b4e-7880b6de0a20} <Debug> executeQuery: Read 1 rows, 8.00 B in 0.00317 sec., 315.45741324921136 rows/sec., 2.46 KiB/sec.
2025.11.02 19:47:47.655426 [ 77 ] {f5e45ecc-79be-43a1-9b4e-7880b6de0a20} <Debug> DynamicQueryHandler: Done processing query
2025.11.02 19:47:47.655575 [ 77 ] {f5e45ecc-79be-43a1-9b4e-7880b6de0a20} <Debug> MemoryTracker: Query peak memory usage: 4.00 MiB.
2025.11.02 19:47:47.655663 [ 77 ] {} <Debug> HTTP-Session-81966a98-185f-46f9-ad0e-34a38c035cc8: 81966a98-185f-46f9-ad0e-34a38c035cc8 Logout, user_id: 94309d50-4f52-5250-31bd-74fecac179db
2025.11.02 19:47:47.674851 [ 77 ] {} <Debug> HTTP-Session-4b344855-4f23-4982-bfd7-21d2c15e88fb: Authenticating user 'default' from 172.19.0.7:41376
2025.11.02 19:47:47.675017 [ 77 ] {} <Debug> HTTP-Session-4b344855-4f23-4982-bfd7-21d2c15e88fb: 4b344855-4f23-4982-bfd7-21d2c15e88fb Authenticated with global context as user 94309d50-4f52-5250-31bd-74fecac179db
2025.11.02 19:47:47.675114 [ 77 ] {} <Debug> HTTP-Session-4b344855-4f23-4982-bfd7-21d2c15e88fb: Creating session context with user_id: 94309d50-4f52-5250-31bd-74fecac179db
2025.11.02 19:47:47.675597 [ 77 ] {21024e43-fe37-446d-be79-394eba9f914b} <Debug> executeQuery: (from 172.19.0.7:41376) SELECT `create_time`, `id` FROM `runtime_db`.`runtime_tbl_local` WHERE (_partition_id = '2') AND ((1=1) AND (1=1))  (stage: Complete)
2025.11.02 19:47:47.676335 [ 77 ] {21024e43-fe37-446d-be79-394eba9f914b} <Debug> runtime_db.runtime_tbl_local (8dc211c3-34d4-4455-8272-2ead0556e752) (SelectExecutor): Key condition: unknown, true, and
2025.11.02 19:47:47.676484 [ 77 ] {21024e43-fe37-446d-be79-394eba9f914b} <Debug> runtime_db.runtime_tbl_local (8dc211c3-34d4-4455-8272-2ead0556e752) (SelectExecutor): MinMax index condition: unknown, true, and
2025.11.02 19:47:47.676677 [ 77 ] {21024e43-fe37-446d-be79-394eba9f914b} <Debug> runtime_db.runtime_tbl_local (8dc211c3-34d4-4455-8272-2ead0556e752) (SelectExecutor): PK index has dropped 0/1 granules, it took 0ms across 1 threads.
2025.11.02 19:47:47.676807 [ 77 ] {21024e43-fe37-446d-be79-394eba9f914b} <Debug> runtime_db.runtime_tbl_local (8dc211c3-34d4-4455-8272-2ead0556e752) (SelectExecutor): Selected 1/1 parts by partition key, 1 parts by primary key, 1/1 marks by primary key, 1 marks to read from 1 ranges
2025.11.02 19:47:47.677759 [ 77 ] {21024e43-fe37-446d-be79-394eba9f914b} <Debug> executeQuery: Read 1 rows, 12.00 B in 0.002256 sec., 443.2624113475177 rows/sec., 5.19 KiB/sec.
2025.11.02 19:47:47.678193 [ 77 ] {21024e43-fe37-446d-be79-394eba9f914b} <Debug> DynamicQueryHandler: Done processing query
2025.11.02 19:47:47.678263 [ 77 ] {21024e43-fe37-446d-be79-394eba9f914b} <Debug> MemoryTracker: Query peak memory usage: 4.00 MiB.
2025.11.02 19:47:47.678548 [ 77 ] {} <Debug> HTTP-Session-4b344855-4f23-4982-bfd7-21d2c15e88fb: 4b344855-4f23-4982-bfd7-21d2c15e88fb Logout, user_id: 94309d50-4f52-5250-31bd-74fecac179db
2025.11.02 19:47:47.706649 [ 734 ] {} <Debug> DDLWorker: Scheduling tasks
2025.11.02 19:47:47.707406 [ 734 ] {} <Debug> DDLWorker: Will schedule 1 tasks starting from query-0000000015
2025.11.02 19:47:47.708112 [ 734 ] {} <Debug> DDLWorker: Processing task query-0000000015 (query: DROP TABLE IF EXISTS runtime_db.runtime_tbl, backup restore: false)
2025.11.02 19:47:47.709656 [ 734 ] {} <Debug> DDLWorker: Executing query: DROP TABLE IF EXISTS runtime_db.runtime_tbl
2025.11.02 19:47:47.709780 [ 734 ] {87a3fbac-882d-4353-8052-5fcca553c4e8} <Debug> executeQuery: (from 0.0.0.0:0, user: , initial_query_id: c0fa714f-28bd-4517-a2c0-360a36bc05a4) /* ddl_entry=query-0000000015 */ DROP TABLE IF EXISTS runtime_db.runtime_tbl (stage: Complete)
2025.11.02 19:47:47.709878 [ 734 ] {87a3fbac-882d-4353-8052-5fcca553c4e8} <Information> StorageDistributed (runtime_tbl): Flushing pending INSERT blocks
2025.11.02 19:47:47.710098 [ 734 ] {87a3fbac-882d-4353-8052-5fcca553c4e8} <Information> StorageDistributed (runtime_tbl): Pending INSERT blocks flushed, took 0 ms.
2025.11.02 19:47:47.710163 [ 734 ] {87a3fbac-882d-4353-8052-5fcca553c4e8} <Debug> StorageDistributed (runtime_tbl): Joining background threads for async INSERT
2025.11.02 19:47:47.710227 [ 734 ] {87a3fbac-882d-4353-8052-5fcca553c4e8} <Debug> StorageDistributed (runtime_tbl): Background threads for async INSERT joined
2025.11.02 19:47:47.710455 [ 734 ] {87a3fbac-882d-4353-8052-5fcca553c4e8} <Debug> DDLWorker: Executed query: /* ddl_entry=query-0000000015 */ DROP TABLE IF EXISTS runtime_db.runtime_tbl
2025.11.02 19:47:47.711615 [ 734 ] {} <Debug> DDLWorker: Waiting for queue updates
2025.11.02 19:47:47.769396 [ 734 ] {} <Debug> DDLWorker: Scheduling tasks
2025.11.02 19:47:47.769810 [ 734 ] {} <Debug> DDLWorker: Will schedule 1 tasks starting from query-0000000016
2025.11.02 19:47:47.770495 [ 734 ] {} <Debug> DDLWorker: Processing task query-0000000016 (query: DROP TABLE IF EXISTS runtime_db.runtime_tbl_local, backup restore: false)
2025.11.02 19:47:47.771312 [ 734 ] {} <Debug> DDLWorker: Executing query: DROP TABLE IF EXISTS runtime_db.runtime_tbl_local
2025.11.02 19:47:47.771451 [ 734 ] {971017be-694f-427d-9636-03b783d4e3e2} <Debug> executeQuery: (from 0.0.0.0:0, user: , initial_query_id: c52b84a7-5367-4b1b-8496-b3ded377f9f4) /* ddl_entry=query-0000000016 */ DROP TABLE IF EXISTS runtime_db.runtime_tbl_local (stage: Complete)
2025.11.02 19:47:47.771690 [ 734 ] {971017be-694f-427d-9636-03b783d4e3e2} <Debug> DDLWorker: Executed query: /* ddl_entry=query-0000000016 */ DROP TABLE IF EXISTS runtime_db.runtime_tbl_local
2025.11.02 19:47:47.773165 [ 734 ] {} <Debug> DDLWorker: Waiting for queue updates
2025.11.02 19:47:47.832379 [ 734 ] {} <Debug> DDLWorker: Scheduling tasks
2025.11.02 19:47:47.832962 [ 734 ] {} <Debug> DDLWorker: Will schedule 1 tasks starting from query-0000000017
2025.11.02 19:47:47.833781 [ 734 ] {} <Debug> DDLWorker: Processing task query-0000000017 (query: DROP DATABASE IF EXISTS runtime_db, backup restore: false)
2025.11.02 19:47:47.834443 [ 734 ] {} <Debug> DDLWorker: Executing query: DROP DATABASE IF EXISTS runtime_db
2025.11.02 19:47:47.834551 [ 734 ] {5c20d082-4fa9-4441-8847-af96542b47e0} <Debug> executeQuery: (from 0.0.0.0:0, user: , initial_query_id: 6c7476a1-354b-43cf-b49a-34b668acc81e) /* ddl_entry=query-0000000017 */ DROP DATABASE IF EXISTS runtime_db (stage: Complete)
2025.11.02 19:47:47.834620 [ 734 ] {5c20d082-4fa9-4441-8847-af96542b47e0} <Debug> DatabaseAtomic (runtime_db): There are 0 detached tables. Start searching non used tables.
2025.11.02 19:47:47.834675 [ 734 ] {5c20d082-4fa9-4441-8847-af96542b47e0} <Debug> DatabaseAtomic (runtime_db): Found 0 non used tables in detached tables.
2025.11.02 19:47:47.835016 [ 734 ] {5c20d082-4fa9-4441-8847-af96542b47e0} <Debug> DDLWorker: Executed query: /* ddl_entry=query-0000000017 */ DROP DATABASE IF EXISTS runtime_db
2025.11.02 19:47:47.835614 [ 734 ] {} <Debug> DDLWorker: Waiting for queue updates
2025.11.02 19:47:48.501722 [ 75 ] {} <Information> Application: Received termination signal (Terminated)
2025.11.02 19:47:48.501908 [ 1 ] {} <Debug> Application: Received termination signal.
2025.11.02 19:47:48.502451 [ 1 ] {} <Debug> Application: Waiting for current connections to close.
2025.11.02 19:47:48.503353 [ 1 ] {} <Warning> Application: Closed all listening sockets. Waiting for 2 outstanding connections.
2025.11.02 19:47:52.313217 [ 1 ] {} <Information> SentryWriter: Sending crash reports is disabled
2025.11.02 19:47:52.350334 [ 1 ] {} <Information> Application: Starting ClickHouse 25.3.7.194 (revision: 54502, git hash: 36637934778b7d39b37f378d258359dd6ffdd110, build id: E09B0ADBF9AF0530703B179DBA02705D5DF508C0), PID 1
2025.11.02 19:47:52.350445 [ 1 ] {} <Information> Application: starting up
2025.11.02 19:47:52.350490 [ 1 ] {} <Information> Application: OS name: Linux, version: 6.10.14-linuxkit, architecture: aarch64
2025.11.02 19:47:52.350560 [ 1 ] {} <Information> Jemalloc: Value for background_thread set to true (from true)
2025.11.02 19:47:52.352370 [ 1 ] {} <Information> Application: Available RAM: 7.65 GiB; logical cores: 14; used cores: 14.
2025.11.02 19:47:52.352791 [ 1 ] {} <Information> CgroupsReader: Will create cgroup reader from '/sys/fs/cgroup/' (cgroups version: v2)
2025.11.02 19:47:52.355327 [ 1 ] {} <Warning> Application: Integrity check of the executable skipped because the reference checksum could not be read.
2025.11.02 19:47:52.355426 [ 1 ] {} <Information> Application: It looks like the process has no CAP_IPC_LOCK capability, binary mlock will be disabled. It could happen due to incorrect ClickHouse package installation. You could resolve the problem manually with 'sudo setcap cap_ipc_lock=+ep /usr/bin/clickhouse'. Note that it will not work on 'nosuid' mounted filesystems.
2025.11.02 19:47:52.355466 [ 1 ] {} <Information> MemoryWorker: Starting background memory thread with period of 50ms, using Cgroups as source
2025.11.02 19:47:52.355577 [ 1 ] {} <Information> BackgroundSchedulePool/BgSchPool: Create BackgroundSchedulePool with 512 threads
2025.11.02 19:47:52.396418 [ 1 ] {} <Debug> Application: rlimit on number of file descriptors is 1048576
2025.11.02 19:47:52.396606 [ 1 ] {} <Debug> Application: rlimit on number of threads is 18446744073709551615
2025.11.02 19:47:52.396689 [ 1 ] {} <Debug> Application: Initializing DateLUT.
2025.11.02 19:47:52.396738 [ 1 ] {} <Debug> Context: Setting up /var/lib/clickhouse/tmp/ to store temporary data in it
2025.11.02 19:47:52.397837 [ 1 ] {} <Debug> Application: Initializing interserver credentials.
2025.11.02 19:47:52.397908 [ 1 ] {} <Information> Application: Lowered uncompressed cache size to 3.83 GiB because the system has limited RAM
2025.11.02 19:47:52.398031 [ 1 ] {} <Information> Application: Lowered mark cache size to 3.83 GiB because the system has limited RAM
2025.11.02 19:47:52.398172 [ 1 ] {} <Information> Application: Lowered primary index cache size to 3.83 GiB because the system has limited RAM
2025.11.02 19:47:52.398288 [ 1 ] {} <Information> Application: Lowered index mark cache size to 3.83 GiB because the system has limited RAM
2025.11.02 19:47:52.398656 [ 1 ] {} <Debug> FileCacheFactory: Will load 0 caches from default cache config
2025.11.02 19:47:52.399258 [ 1 ] {} <Debug> ConfigReloader: Loading config '/etc/clickhouse-server/config.xml'
2025.11.02 19:47:52.399541 [ 1 ] {} <Debug> ConfigProcessor: Processing configuration file '/etc/clickhouse-server/config.xml'.
2025.11.02 19:47:52.401724 [ 1 ] {} <Debug> ConfigProcessor: Merging configuration file '/etc/clickhouse-server/config.d/docker_related_config.xml'.
2025.11.02 19:47:52.401882 [ 1 ] {} <Debug> ConfigProcessor: Merging configuration file '/etc/clickhouse-server/config.d/interserver_http_host.xml'.
2025.11.02 19:47:52.402269 [ 1 ] {} <Debug> ConfigProcessor: Merging configuration file '/etc/clickhouse-server/config.d/macros.xml'.
2025.11.02 19:47:52.402619 [ 1 ] {} <Debug> ConfigProcessor: Merging configuration file '/etc/clickhouse-server/config.d/remote_servers.xml'.
2025.11.02 19:47:52.402990 [ 1 ] {} <Debug> ConfigProcessor: Merging configuration file '/etc/clickhouse-server/config.d/zookeeper.xml'.
2025.11.02 19:47:52.403679 [ 1 ] {} <Debug> ConfigProcessor: Saved preprocessed configuration to '/var/lib/clickhouse/preprocessed_configs/config.xml'.
2025.11.02 19:47:52.403859 [ 1 ] {} <Debug> ConfigReloader: Loaded config '/etc/clickhouse-server/config.xml', performing update on configuration
2025.11.02 19:47:52.404459 [ 1 ] {} <Information> Application: Changed setting 'max_server_memory_usage' to 6.89 GiB (7.65 GiB available memory * 0.90 max_server_memory_usage_to_ram_ratio)
2025.11.02 19:47:52.404509 [ 1 ] {} <Information> Application: Setting merges_mutations_memory_usage_soft_limit was set to 3.83 GiB (7.65 GiB available * 0.50 merges_mutations_memory_usage_to_ram_ratio)
2025.11.02 19:47:52.404549 [ 1 ] {} <Information> Application: Merges and mutations memory limit is set to 3.83 GiB
2025.11.02 19:47:52.405361 [ 1 ] {} <Information> Application: Setting max_remote_read_network_bandwidth_for_server was set to 0
2025.11.02 19:47:52.405412 [ 1 ] {} <Information> Application: Setting max_remote_write_network_bandwidth_for_server was set to 0
2025.11.02 19:47:52.405538 [ 1 ] {} <Information> Application: Setting max_local_read_bandwidth_for_server was set to 0
2025.11.02 19:47:52.405613 [ 1 ] {} <Information> Application: Setting max_local_write_bandwidth_for_server was set to 0
2025.11.02 19:47:52.405680 [ 1 ] {} <Information> Application: ConcurrencyControl limit is set to UNLIMITED CPU slots with 'round_robin' scheduler
2025.11.02 19:47:52.405762 [ 1 ] {} <Information> BackgroundSchedulePool/BgBufSchPool: Create BackgroundSchedulePool with 16 threads
2025.11.02 19:47:52.406621 [ 86 ] {} <Information> MemoryTracker: Correcting the value of global memory tracker from 11.29 MiB to 343.22 MiB
2025.11.02 19:47:52.407032 [ 1 ] {} <Information> BackgroundSchedulePool/BgMBSchPool: Create BackgroundSchedulePool with 16 threads
2025.11.02 19:47:52.407947 [ 1 ] {} <Information> BackgroundSchedulePool/BgDistSchPool: Create BackgroundSchedulePool with 16 threads
2025.11.02 19:47:52.408937 [ 1 ] {} <Debug> ConfigReloader: Loaded config '/etc/clickhouse-server/config.xml', performed update on configuration
2025.11.02 19:47:52.409181 [ 1 ] {} <Warning> Application: Listen [::]:9009 failed: Poco::Exception. Code: 1000, e.code() = 0, DNS error: EAI: Address family for hostname not supported (version 25.3.7.194 (official build)). If it is an IPv6 or IPv4 address and your host has disabled IPv6 or IPv4, then consider to specify not disabled IPv4 or IPv6 address to listen in <listen_host> element of configuration file. Example for disabled IPv6: <listen_host>0.0.0.0</listen_host> . Example for disabled IPv4: <listen_host>::</listen_host>
2025.11.02 19:47:52.409471 [ 1 ] {} <Information> Application: Listening for replica communication (interserver): http://0.0.0.0:9009
2025.11.02 19:47:52.409626 [ 1 ] {} <Warning> Access(local_directory): File /var/lib/clickhouse/access/users.list doesn't exist
2025.11.02 19:47:52.409744 [ 1 ] {} <Warning> Access(local_directory): Recovering lists in directory /var/lib/clickhouse/access/
2025.11.02 19:47:52.410000 [ 1 ] {} <Debug> Access(user directories): Added local_directory access storage 'local_directory', path: /var/lib/clickhouse/access/
2025.11.02 19:47:52.410256 [ 1 ] {} <Debug> ConfigReloader: Loading config '/etc/clickhouse-server/users.xml'
2025.11.02 19:47:52.410356 [ 1 ] {} <Debug> ConfigProcessor: Processing configuration file '/etc/clickhouse-server/users.xml'.
2025.11.02 19:47:52.410477 [ 1 ] {} <Debug> ConfigProcessor: Merging configuration file '/etc/clickhouse-server/users.d/users.xml'.
2025.11.02 19:47:52.411166 [ 1 ] {} <Debug> ConfigProcessor: Saved preprocessed configuration to '/var/lib/clickhouse/preprocessed_configs/users.xml'.
2025.11.02 19:47:52.411219 [ 1 ] {} <Debug> ConfigReloader: Loaded config '/etc/clickhouse-server/users.xml', performing update on configuration
2025.11.02 19:47:52.411574 [ 1 ] {} <Debug> ConfigReloader: Loaded config '/etc/clickhouse-server/users.xml', performed update on configuration
2025.11.02 19:47:52.411700 [ 1 ] {} <Debug> Access(user directories): Added users_xml access storage 'users_xml', path: /etc/clickhouse-server/users.xml
2025.11.02 19:47:52.411829 [ 1 ] {} <Information> CgroupsMemoryUsageObserver: Started cgroup current memory usage observer thread
2025.11.02 19:47:52.411892 [ 654 ] {} <Information> CgroupsMemoryUsageObserver: Memory amount initially available to the process is 7.65 GiB
2025.11.02 19:47:52.412537 [ 1 ] {} <Information> Context: Initialized background executor for merges and mutations with num_threads=16, num_tasks=32, scheduling_policy=round_robin
2025.11.02 19:47:52.412893 [ 1 ] {} <Information> Context: Initialized background executor for move operations with num_threads=8, num_tasks=8
2025.11.02 19:47:52.413495 [ 1 ] {} <Information> Context: Initialized background executor for fetches with num_threads=16, num_tasks=16
2025.11.02 19:47:52.413876 [ 1 ] {} <Information> Context: Initialized background executor for common operations (e.g. clearing old parts) with num_threads=8, num_tasks=8
2025.11.02 19:47:52.414485 [ 1 ] {} <Warning> Context: Linux transparent hugepages are set to "always". Check /sys/kernel/mm/transparent_hugepage/enabled
2025.11.02 19:47:52.414632 [ 1 ] {} <Warning> Context: Delay accounting is not enabled, OSIOWaitMicroseconds will not be gathered. You can enable it using `echo 1 > /proc/sys/kernel/task_delayacct` or by using sysctl.
2025.11.02 19:47:52.414753 [ 1 ] {} <Information> DNSCacheUpdater: Update period 15 seconds
2025.11.02 19:47:52.414782 [ 1 ] {} <Information> Application: Loading metadata from /var/lib/clickhouse/
2025.11.02 19:47:52.414828 [ 1 ] {} <Information> Context: Database disk name: default
2025.11.02 19:47:52.414856 [ 1 ] {} <Information> Context: Database disk name: default, path: /var/lib/clickhouse/
2025.11.02 19:47:52.414900 [ 1 ] {} <Debug> loadSystemDatabase: metadata_file_path metadata/system.sql, existsFile false
2025.11.02 19:47:52.414793 [ 89 ] {} <Debug> DNSResolver: Updating DNS cache
2025.11.02 19:47:52.415487 [ 89 ] {} <Debug> DNSResolver: Updated DNS cache
2025.11.02 19:47:52.415736 [ 1 ] {} <Debug> loadSystemDatabase: metadata_file_path metadata/information_schema.sql, existsFile false
2025.11.02 19:47:52.416433 [ 1 ] {} <Debug> loadSystemDatabase: metadata_file_path metadata/INFORMATION_SCHEMA.sql, existsFile false
2025.11.02 19:47:52.417066 [ 1 ] {} <Information> DatabaseAtomic (system): Metadata processed, database system has 0 tables and 0 dictionaries in total.
2025.11.02 19:47:52.417109 [ 1 ] {} <Information> TablesLoader: Parsed metadata of 0 tables in 1 databases in 5.2667e-05 sec
2025.11.02 19:47:52.417166 [ 1 ] {} <Debug> AsyncLoader: Prioritize load job 'startup Atomic database system': BackgrndStartup -> ForegroundLoad
2025.11.02 19:47:52.417224 [ 1 ] {} <Debug> AsyncLoader: Prioritize load job 'startup Ordinary database system': BackgrndStartup -> ForegroundLoad
2025.11.02 19:47:52.417270 [ 1 ] {} <Debug> AsyncLoader: Schedule load job 'startup Ordinary database system' into ForegroundLoad
2025.11.02 19:47:52.417320 [ 1 ] {} <Debug> AsyncLoader: Schedule load job 'startup Atomic database system' into ForegroundLoad
2025.11.02 19:47:52.417349 [ 1 ] {} <Debug> AsyncLoader: Change current priority: none -> 0
2025.11.02 19:47:52.417382 [ 1 ] {} <Debug> AsyncLoader: Spawn loader worker #1 in ForegroundLoad
2025.11.02 19:47:52.417437 [ 1 ] {} <Debug> AsyncLoader: Wait load job 'startup Atomic database system' in ForegroundLoad
2025.11.02 19:47:52.417471 [ 723 ] {} <Debug> AsyncLoader: Execute load job 'startup Ordinary database system' in ForegroundLoad
2025.11.02 19:47:52.417574 [ 723 ] {} <Debug> AsyncLoader: Finish load job 'startup Ordinary database system' with status OK
2025.11.02 19:47:52.417618 [ 723 ] {} <Debug> AsyncLoader: Spawn loader worker #2 in ForegroundLoad
2025.11.02 19:47:52.417699 [ 723 ] {} <Debug> AsyncLoader: Execute load job 'startup Atomic database system' in ForegroundLoad
2025.11.02 19:47:52.417758 [ 724 ] {} <Debug> AsyncLoader: Stop worker in ForegroundLoad
2025.11.02 19:47:52.417874 [ 723 ] {} <Debug> AsyncLoader: Finish load job 'startup Atomic database system' with status OK
2025.11.02 19:47:52.417987 [ 723 ] {} <Debug> AsyncLoader: Stop worker in ForegroundLoad
2025.11.02 19:47:52.418107 [ 723 ] {} <Debug> AsyncLoader: Change current priority: 0 -> none
2025.11.02 19:47:52.417896 [ 1 ] {} <Debug> SystemLog: Creating system.query_log from query_log
2025.11.02 19:47:52.422765 [ 1 ] {} <Debug> SystemLog: Creating system.query_thread_log from query_thread_log
2025.11.02 19:47:52.423043 [ 1 ] {} <Debug> SystemLog: Not creating system.part_log since corresponding section 'part_log' is missing from config
2025.11.02 19:47:52.423111 [ 1 ] {} <Debug> SystemLog: Not creating system.trace_log since corresponding section 'trace_log' is missing from config
2025.11.02 19:47:52.423171 [ 1 ] {} <Debug> SystemLog: Not creating system.crash_log since corresponding section 'crash_log' is missing from config
2025.11.02 19:47:52.423219 [ 1 ] {} <Debug> SystemLog: Not creating system.text_log since corresponding section 'text_log' is missing from config
2025.11.02 19:47:52.423260 [ 1 ] {} <Debug> SystemLog: Creating system.metric_log from metric_log
2025.11.02 19:47:52.425234 [ 1 ] {} <Debug> SystemLog: Not creating system.latency_log since corresponding section 'latency_log' is missing from config
2025.11.02 19:47:52.425300 [ 1 ] {} <Debug> SystemLog: Not creating system.error_log since corresponding section 'error_log' is missing from config
2025.11.02 19:47:52.425350 [ 1 ] {} <Debug> SystemLog: Not creating system.filesystem_cache_log since corresponding section 'filesystem_cache_log' is missing from config
2025.11.02 19:47:52.425404 [ 1 ] {} <Debug> SystemLog: Not creating system.filesystem_read_prefetches_log since corresponding section 'filesystem_read_prefetches_log' is missing from config
2025.11.02 19:47:52.425469 [ 1 ] {} <Debug> SystemLog: Not creating system.s3queue_log since corresponding section 's3queue_log' is missing from config
2025.11.02 19:47:52.425520 [ 1 ] {} <Debug> SystemLog: Not creating system.azure_queue_log since corresponding section 'azure_queue_log' is missing from config
2025.11.02 19:47:52.425583 [ 1 ] {} <Debug> SystemLog: Not creating system.asynchronous_metric_log since corresponding section 'asynchronous_metric_log' is missing from config
2025.11.02 19:47:52.425650 [ 1 ] {} <Debug> SystemLog: Not creating system.opentelemetry_span_log since corresponding section 'opentelemetry_span_log' is missing from config
2025.11.02 19:47:52.425714 [ 1 ] {} <Debug> SystemLog: Not creating system.query_views_log since corresponding section 'query_views_log' is missing from config
2025.11.02 19:47:52.425795 [ 1 ] {} <Debug> SystemLog: Not creating system.zookeeper_log since corresponding section 'zookeeper_log' is missing from config
2025.11.02 19:47:52.425927 [ 1 ] {} <Debug> SystemLog: Not creating system.session_log since corresponding section 'session_log' is missing from config
2025.11.02 19:47:52.425989 [ 1 ] {} <Debug> SystemLog: Not creating system.transactions_info_log since corresponding section 'transactions_info_log' is missing from config
2025.11.02 19:47:52.426062 [ 1 ] {} <Debug> SystemLog: Not creating system.processors_profile_log since corresponding section 'processors_profile_log' is missing from config
2025.11.02 19:47:52.426128 [ 1 ] {} <Debug> SystemLog: Not creating system.asynchronous_insert_log since corresponding section 'asynchronous_insert_log' is missing from config
2025.11.02 19:47:52.426189 [ 1 ] {} <Debug> SystemLog: Not creating system.backup_log since corresponding section 'backup_log' is missing from config
2025.11.02 19:47:52.426284 [ 1 ] {} <Debug> SystemLog: Not creating system.blob_storage_log since corresponding section 'blob_storage_log' is missing from config
2025.11.02 19:47:52.426348 [ 1 ] {} <Debug> SystemLog: Not creating system.query_metric_log since corresponding section 'query_metric_log' is missing from config
2025.11.02 19:47:52.426728 [ 1 ] {} <Debug> DatabaseAtomic (system): There are 0 detached tables. Start searching non used tables.
2025.11.02 19:47:52.426772 [ 1 ] {} <Debug> DatabaseAtomic (system): Found 0 non used tables in detached tables.
2025.11.02 19:47:52.427438 [ 1 ] {} <Debug> DatabaseAtomic (system): There are 0 detached tables. Start searching non used tables.
2025.11.02 19:47:52.427577 [ 1 ] {} <Debug> DatabaseAtomic (system): Found 0 non used tables in detached tables.
2025.11.02 19:47:52.427661 [ 1 ] {} <Debug> DatabaseAtomic (system): There are 0 detached tables. Start searching non used tables.
2025.11.02 19:47:52.427712 [ 1 ] {} <Debug> DatabaseAtomic (system): Found 0 non used tables in detached tables.
2025.11.02 19:47:52.427774 [ 1 ] {} <Debug> DatabaseAtomic (system): There are 0 detached tables. Start searching non used tables.
2025.11.02 19:47:52.427810 [ 1 ] {} <Debug> DatabaseAtomic (system): Found 0 non used tables in detached tables.
2025.11.02 19:47:52.427857 [ 1 ] {} <Debug> DatabaseAtomic (system): There are 0 detached tables. Start searching non used tables.
2025.11.02 19:47:52.427892 [ 1 ] {} <Debug> DatabaseAtomic (system): Found 0 non used tables in detached tables.
2025.11.02 19:47:52.427956 [ 1 ] {} <Debug> DatabaseAtomic (system): There are 0 detached tables. Start searching non used tables.
2025.11.02 19:47:52.427996 [ 1 ] {} <Debug> DatabaseAtomic (system): Found 0 non used tables in detached tables.
2025.11.02 19:47:52.428098 [ 1 ] {} <Debug> DatabaseAtomic (system): There are 0 detached tables. Start searching non used tables.
2025.11.02 19:47:52.428140 [ 1 ] {} <Debug> DatabaseAtomic (system): Found 0 non used tables in detached tables.
2025.11.02 19:47:52.428213 [ 1 ] {} <Debug> DatabaseAtomic (system): There are 0 detached tables. Start searching non used tables.
2025.11.02 19:47:52.428300 [ 1 ] {} <Debug> DatabaseAtomic (system): Found 0 non used tables in detached tables.
2025.11.02 19:47:52.428429 [ 1 ] {} <Debug> DatabaseAtomic (system): There are 0 detached tables. Start searching non used tables.
2025.11.02 19:47:52.428485 [ 1 ] {} <Debug> DatabaseAtomic (system): Found 0 non used tables in detached tables.
2025.11.02 19:47:52.428563 [ 1 ] {} <Debug> DatabaseAtomic (system): There are 0 detached tables. Start searching non used tables.
2025.11.02 19:47:52.428600 [ 1 ] {} <Debug> DatabaseAtomic (system): Found 0 non used tables in detached tables.
2025.11.02 19:47:52.428643 [ 1 ] {} <Debug> DatabaseAtomic (system): There are 0 detached tables. Start searching non used tables.
2025.11.02 19:47:52.428666 [ 1 ] {} <Debug> DatabaseAtomic (system): Found 0 non used tables in detached tables.
2025.11.02 19:47:52.428713 [ 1 ] {} <Debug> DatabaseAtomic (system): There are 0 detached tables. Start searching non used tables.
2025.11.02 19:47:52.428734 [ 1 ] {} <Debug> DatabaseAtomic (system): Found 0 non used tables in detached tables.
2025.11.02 19:47:52.428805 [ 1 ] {} <Debug> DatabaseAtomic (system): There are 0 detached tables. Start searching non used tables.
2025.11.02 19:47:52.428834 [ 1 ] {} <Debug> DatabaseAtomic (system): Found 0 non used tables in detached tables.
2025.11.02 19:47:52.428910 [ 1 ] {} <Debug> DatabaseAtomic (system): There are 0 detached tables. Start searching non used tables.
2025.11.02 19:47:52.428961 [ 1 ] {} <Debug> DatabaseAtomic (system): Found 0 non used tables in detached tables.
2025.11.02 19:47:52.429046 [ 1 ] {} <Debug> DatabaseAtomic (system): There are 0 detached tables. Start searching non used tables.
2025.11.02 19:47:52.429087 [ 1 ] {} <Debug> DatabaseAtomic (system): Found 0 non used tables in detached tables.
2025.11.02 19:47:52.429147 [ 1 ] {} <Debug> DatabaseAtomic (system): There are 0 detached tables. Start searching non used tables.
2025.11.02 19:47:52.429180 [ 1 ] {} <Debug> DatabaseAtomic (system): Found 0 non used tables in detached tables.
2025.11.02 19:47:52.429222 [ 1 ] {} <Debug> DatabaseAtomic (system): There are 0 detached tables. Start searching non used tables.
2025.11.02 19:47:52.429251 [ 1 ] {} <Debug> DatabaseAtomic (system): Found 0 non used tables in detached tables.
2025.11.02 19:47:52.429292 [ 1 ] {} <Debug> DatabaseAtomic (system): There are 0 detached tables. Start searching non used tables.
2025.11.02 19:47:52.429324 [ 1 ] {} <Debug> DatabaseAtomic (system): Found 0 non used tables in detached tables.
2025.11.02 19:47:52.429435 [ 1 ] {} <Debug> DatabaseAtomic (system): There are 0 detached tables. Start searching non used tables.
2025.11.02 19:47:52.429458 [ 1 ] {} <Debug> DatabaseAtomic (system): Found 0 non used tables in detached tables.
2025.11.02 19:47:52.429491 [ 1 ] {} <Debug> DatabaseAtomic (system): There are 0 detached tables. Start searching non used tables.
2025.11.02 19:47:52.429526 [ 1 ] {} <Debug> DatabaseAtomic (system): Found 0 non used tables in detached tables.
2025.11.02 19:47:52.429562 [ 1 ] {} <Debug> DatabaseAtomic (system): There are 0 detached tables. Start searching non used tables.
2025.11.02 19:47:52.429585 [ 1 ] {} <Debug> DatabaseAtomic (system): Found 0 non used tables in detached tables.
2025.11.02 19:47:52.429629 [ 1 ] {} <Debug> DatabaseAtomic (system): There are 0 detached tables. Start searching non used tables.
2025.11.02 19:47:52.429669 [ 1 ] {} <Debug> DatabaseAtomic (system): Found 0 non used tables in detached tables.
2025.11.02 19:47:52.429757 [ 1 ] {} <Debug> DatabaseAtomic (system): There are 0 detached tables. Start searching non used tables.
2025.11.02 19:47:52.429814 [ 1 ] {} <Debug> DatabaseAtomic (system): Found 0 non used tables in detached tables.
2025.11.02 19:47:52.429900 [ 1 ] {} <Debug> DatabaseAtomic (system): There are 0 detached tables. Start searching non used tables.
2025.11.02 19:47:52.429940 [ 1 ] {} <Debug> DatabaseAtomic (system): Found 0 non used tables in detached tables.
2025.11.02 19:47:52.429983 [ 1 ] {} <Debug> DatabaseAtomic (system): There are 0 detached tables. Start searching non used tables.
2025.11.02 19:47:52.430010 [ 1 ] {} <Debug> DatabaseAtomic (system): Found 0 non used tables in detached tables.
2025.11.02 19:47:52.430066 [ 1 ] {} <Debug> DatabaseAtomic (system): There are 0 detached tables. Start searching non used tables.
2025.11.02 19:47:52.430100 [ 1 ] {} <Debug> DatabaseAtomic (system): Found 0 non used tables in detached tables.
2025.11.02 19:47:52.430153 [ 1 ] {} <Debug> DatabaseAtomic (system): There are 0 detached tables. Start searching non used tables.
2025.11.02 19:47:52.430201 [ 1 ] {} <Debug> DatabaseAtomic (system): Found 0 non used tables in detached tables.
2025.11.02 19:47:52.430344 [ 1 ] {} <Debug> DatabaseAtomic (system): There are 0 detached tables. Start searching non used tables.
2025.11.02 19:47:52.430437 [ 1 ] {} <Debug> DatabaseAtomic (system): Found 0 non used tables in detached tables.
2025.11.02 19:47:52.430537 [ 1 ] {} <Debug> DatabaseAtomic (system): There are 0 detached tables. Start searching non used tables.
2025.11.02 19:47:52.430589 [ 1 ] {} <Debug> DatabaseAtomic (system): Found 0 non used tables in detached tables.
2025.11.02 19:47:52.430658 [ 1 ] {} <Debug> DatabaseAtomic (system): There are 0 detached tables. Start searching non used tables.
2025.11.02 19:47:52.430694 [ 1 ] {} <Debug> DatabaseAtomic (system): Found 0 non used tables in detached tables.
2025.11.02 19:47:52.430738 [ 1 ] {} <Debug> DatabaseAtomic (system): There are 0 detached tables. Start searching non used tables.
2025.11.02 19:47:52.430767 [ 1 ] {} <Debug> DatabaseAtomic (system): Found 0 non used tables in detached tables.
2025.11.02 19:47:52.430819 [ 1 ] {} <Debug> DatabaseAtomic (system): There are 0 detached tables. Start searching non used tables.
2025.11.02 19:47:52.430879 [ 1 ] {} <Debug> DatabaseAtomic (system): Found 0 non used tables in detached tables.
2025.11.02 19:47:52.430963 [ 1 ] {} <Debug> DatabaseAtomic (system): There are 0 detached tables. Start searching non used tables.
2025.11.02 19:47:52.431027 [ 1 ] {} <Debug> DatabaseAtomic (system): Found 0 non used tables in detached tables.
2025.11.02 19:47:52.431126 [ 1 ] {} <Debug> DatabaseAtomic (system): There are 0 detached tables. Start searching non used tables.
2025.11.02 19:47:52.431181 [ 1 ] {} <Debug> DatabaseAtomic (system): Found 0 non used tables in detached tables.
2025.11.02 19:47:52.431251 [ 1 ] {} <Debug> DatabaseAtomic (system): There are 0 detached tables. Start searching non used tables.
2025.11.02 19:47:52.431318 [ 1 ] {} <Debug> DatabaseAtomic (system): Found 0 non used tables in detached tables.
2025.11.02 19:47:52.431454 [ 1 ] {} <Debug> DatabaseAtomic (system): There are 0 detached tables. Start searching non used tables.
2025.11.02 19:47:52.431502 [ 1 ] {} <Debug> DatabaseAtomic (system): Found 0 non used tables in detached tables.
2025.11.02 19:47:52.431621 [ 1 ] {} <Debug> DatabaseAtomic (system): There are 0 detached tables. Start searching non used tables.
2025.11.02 19:47:52.431670 [ 1 ] {} <Debug> DatabaseAtomic (system): Found 0 non used tables in detached tables.
2025.11.02 19:47:52.431744 [ 1 ] {} <Debug> DatabaseAtomic (system): There are 0 detached tables. Start searching non used tables.
2025.11.02 19:47:52.431820 [ 1 ] {} <Debug> DatabaseAtomic (system): Found 0 non used tables in detached tables.
2025.11.02 19:47:52.431964 [ 1 ] {} <Debug> DatabaseAtomic (system): There are 0 detached tables. Start searching non used tables.
2025.11.02 19:47:52.432040 [ 1 ] {} <Debug> DatabaseAtomic (system): Found 0 non used tables in detached tables.
2025.11.02 19:47:52.432168 [ 1 ] {} <Debug> DatabaseAtomic (system): There are 0 detached tables. Start searching non used tables.
2025.11.02 19:47:52.432322 [ 1 ] {} <Debug> DatabaseAtomic (system): Found 0 non used tables in detached tables.
2025.11.02 19:47:52.432400 [ 1 ] {} <Debug> DatabaseAtomic (system): There are 0 detached tables. Start searching non used tables.
2025.11.02 19:47:52.432465 [ 1 ] {} <Debug> DatabaseAtomic (system): Found 0 non used tables in detached tables.
2025.11.02 19:47:52.432523 [ 1 ] {} <Debug> DatabaseAtomic (system): There are 0 detached tables. Start searching non used tables.
2025.11.02 19:47:52.432557 [ 1 ] {} <Debug> DatabaseAtomic (system): Found 0 non used tables in detached tables.
2025.11.02 19:47:52.432639 [ 1 ] {} <Debug> DatabaseAtomic (system): There are 0 detached tables. Start searching non used tables.
2025.11.02 19:47:52.432708 [ 1 ] {} <Debug> DatabaseAtomic (system): Found 0 non used tables in detached tables.
2025.11.02 19:47:52.432768 [ 1 ] {} <Debug> DatabaseAtomic (system): There are 0 detached tables. Start searching non used tables.
2025.11.02 19:47:52.432808 [ 1 ] {} <Debug> DatabaseAtomic (system): Found 0 non used tables in detached tables.
2025.11.02 19:47:52.432854 [ 1 ] {} <Debug> DatabaseAtomic (system): There are 0 detached tables. Start searching non used tables.
2025.11.02 19:47:52.432913 [ 1 ] {} <Debug> DatabaseAtomic (system): Found 0 non used tables in detached tables.
2025.11.02 19:47:52.432983 [ 1 ] {} <Debug> DatabaseAtomic (system): There are 0 detached tables. Start searching non used tables.
2025.11.02 19:47:52.433069 [ 1 ] {} <Debug> DatabaseAtomic (system): Found 0 non used tables in detached tables.
2025.11.02 19:47:52.433148 [ 1 ] {} <Debug> DatabaseAtomic (system): There are 0 detached tables. Start searching non used tables.
2025.11.02 19:47:52.433217 [ 1 ] {} <Debug> DatabaseAtomic (system): Found 0 non used tables in detached tables.
2025.11.02 19:47:52.433275 [ 1 ] {} <Debug> DatabaseAtomic (system): There are 0 detached tables. Start searching non used tables.
2025.11.02 19:47:52.433311 [ 1 ] {} <Debug> DatabaseAtomic (system): Found 0 non used tables in detached tables.
2025.11.02 19:47:52.433379 [ 1 ] {} <Debug> DatabaseAtomic (system): There are 0 detached tables. Start searching non used tables.
2025.11.02 19:47:52.433427 [ 1 ] {} <Debug> DatabaseAtomic (system): Found 0 non used tables in detached tables.
2025.11.02 19:47:52.433589 [ 1 ] {} <Debug> DatabaseAtomic (system): There are 0 detached tables. Start searching non used tables.
2025.11.02 19:47:52.433632 [ 1 ] {} <Debug> DatabaseAtomic (system): Found 0 non used tables in detached tables.
2025.11.02 19:47:52.433718 [ 1 ] {} <Debug> DatabaseAtomic (system): There are 0 detached tables. Start searching non used tables.
2025.11.02 19:47:52.433813 [ 1 ] {} <Debug> DatabaseAtomic (system): Found 0 non used tables in detached tables.
2025.11.02 19:47:52.433883 [ 1 ] {} <Debug> DatabaseAtomic (system): There are 0 detached tables. Start searching non used tables.
2025.11.02 19:47:52.433997 [ 1 ] {} <Debug> DatabaseAtomic (system): Found 0 non used tables in detached tables.
2025.11.02 19:47:52.434053 [ 1 ] {} <Debug> DatabaseAtomic (system): There are 0 detached tables. Start searching non used tables.
2025.11.02 19:47:52.434099 [ 1 ] {} <Debug> DatabaseAtomic (system): Found 0 non used tables in detached tables.
2025.11.02 19:47:52.434188 [ 1 ] {} <Debug> DatabaseAtomic (system): There are 0 detached tables. Start searching non used tables.
2025.11.02 19:47:52.434227 [ 1 ] {} <Debug> DatabaseAtomic (system): Found 0 non used tables in detached tables.
2025.11.02 19:47:52.434319 [ 1 ] {} <Debug> DatabaseAtomic (system): There are 0 detached tables. Start searching non used tables.
2025.11.02 19:47:52.434377 [ 1 ] {} <Debug> DatabaseAtomic (system): Found 0 non used tables in detached tables.
2025.11.02 19:47:52.434444 [ 1 ] {} <Debug> DatabaseAtomic (system): There are 0 detached tables. Start searching non used tables.
2025.11.02 19:47:52.434486 [ 1 ] {} <Debug> DatabaseAtomic (system): Found 0 non used tables in detached tables.
2025.11.02 19:47:52.434561 [ 1 ] {} <Debug> DatabaseAtomic (system): There are 0 detached tables. Start searching non used tables.
2025.11.02 19:47:52.434609 [ 1 ] {} <Debug> DatabaseAtomic (system): Found 0 non used tables in detached tables.
2025.11.02 19:47:52.434750 [ 1 ] {} <Debug> DatabaseAtomic (system): There are 0 detached tables. Start searching non used tables.
2025.11.02 19:47:52.434820 [ 1 ] {} <Debug> DatabaseAtomic (system): Found 0 non used tables in detached tables.
2025.11.02 19:47:52.434967 [ 1 ] {} <Debug> DatabaseAtomic (system): There are 0 detached tables. Start searching non used tables.
2025.11.02 19:47:52.435025 [ 1 ] {} <Debug> DatabaseAtomic (system): Found 0 non used tables in detached tables.
2025.11.02 19:47:52.435107 [ 1 ] {} <Debug> DatabaseAtomic (system): There are 0 detached tables. Start searching non used tables.
2025.11.02 19:47:52.435170 [ 1 ] {} <Debug> DatabaseAtomic (system): Found 0 non used tables in detached tables.
2025.11.02 19:47:52.435325 [ 1 ] {} <Debug> DatabaseAtomic (system): There are 0 detached tables. Start searching non used tables.
2025.11.02 19:47:52.435447 [ 1 ] {} <Debug> DatabaseAtomic (system): Found 0 non used tables in detached tables.
2025.11.02 19:47:52.435650 [ 1 ] {} <Debug> DatabaseAtomic (system): There are 0 detached tables. Start searching non used tables.
2025.11.02 19:47:52.435708 [ 1 ] {} <Debug> DatabaseAtomic (system): Found 0 non used tables in detached tables.
2025.11.02 19:47:52.435810 [ 1 ] {} <Debug> DatabaseAtomic (system): There are 0 detached tables. Start searching non used tables.
2025.11.02 19:47:52.435889 [ 1 ] {} <Debug> DatabaseAtomic (system): Found 0 non used tables in detached tables.
2025.11.02 19:47:52.435997 [ 1 ] {} <Debug> DatabaseAtomic (system): There are 0 detached tables. Start searching non used tables.
2025.11.02 19:47:52.436057 [ 1 ] {} <Debug> DatabaseAtomic (system): Found 0 non used tables in detached tables.
2025.11.02 19:47:52.436201 [ 1 ] {} <Debug> DatabaseAtomic (system): There are 0 detached tables. Start searching non used tables.
2025.11.02 19:47:52.436290 [ 1 ] {} <Debug> DatabaseAtomic (system): Found 0 non used tables in detached tables.
2025.11.02 19:47:52.436380 [ 1 ] {} <Debug> DatabaseAtomic (system): There are 0 detached tables. Start searching non used tables.
2025.11.02 19:47:52.436430 [ 1 ] {} <Debug> DatabaseAtomic (system): Found 0 non used tables in detached tables.
2025.11.02 19:47:52.436523 [ 1 ] {} <Debug> DatabaseAtomic (system): There are 0 detached tables. Start searching non used tables.
2025.11.02 19:47:52.436573 [ 1 ] {} <Debug> DatabaseAtomic (system): Found 0 non used tables in detached tables.
2025.11.02 19:47:52.436666 [ 1 ] {} <Debug> DatabaseAtomic (system): There are 0 detached tables. Start searching non used tables.
2025.11.02 19:47:52.436721 [ 1 ] {} <Debug> DatabaseAtomic (system): Found 0 non used tables in detached tables.
2025.11.02 19:47:52.436800 [ 1 ] {} <Debug> DatabaseAtomic (system): There are 0 detached tables. Start searching non used tables.
2025.11.02 19:47:52.436936 [ 1 ] {} <Debug> DatabaseAtomic (system): Found 0 non used tables in detached tables.
2025.11.02 19:47:52.437054 [ 1 ] {} <Debug> DatabaseAtomic (system): There are 0 detached tables. Start searching non used tables.
2025.11.02 19:47:52.437129 [ 1 ] {} <Debug> DatabaseAtomic (system): Found 0 non used tables in detached tables.
2025.11.02 19:47:52.437251 [ 1 ] {} <Debug> DatabaseAtomic (system): There are 0 detached tables. Start searching non used tables.
2025.11.02 19:47:52.437288 [ 1 ] {} <Debug> DatabaseAtomic (system): Found 0 non used tables in detached tables.
2025.11.02 19:47:52.437364 [ 1 ] {} <Debug> DatabaseAtomic (system): There are 0 detached tables. Start searching non used tables.
2025.11.02 19:47:52.437413 [ 1 ] {} <Debug> DatabaseAtomic (system): Found 0 non used tables in detached tables.
2025.11.02 19:47:52.437525 [ 1 ] {} <Debug> DatabaseAtomic (system): There are 0 detached tables. Start searching non used tables.
2025.11.02 19:47:52.437572 [ 1 ] {} <Debug> DatabaseAtomic (system): Found 0 non used tables in detached tables.
2025.11.02 19:47:52.437650 [ 1 ] {} <Debug> DatabaseAtomic (system): There are 0 detached tables. Start searching non used tables.
2025.11.02 19:47:52.437728 [ 1 ] {} <Debug> DatabaseAtomic (system): Found 0 non used tables in detached tables.
2025.11.02 19:47:52.437806 [ 1 ] {} <Debug> DatabaseAtomic (system): There are 0 detached tables. Start searching non used tables.
2025.11.02 19:47:52.437856 [ 1 ] {} <Debug> DatabaseAtomic (system): Found 0 non used tables in detached tables.
2025.11.02 19:47:52.437938 [ 1 ] {} <Debug> DatabaseAtomic (system): There are 0 detached tables. Start searching non used tables.
2025.11.02 19:47:52.438030 [ 1 ] {} <Debug> DatabaseAtomic (system): Found 0 non used tables in detached tables.
2025.11.02 19:47:52.438134 [ 1 ] {} <Debug> DatabaseAtomic (system): There are 0 detached tables. Start searching non used tables.
2025.11.02 19:47:52.438187 [ 1 ] {} <Debug> DatabaseAtomic (system): Found 0 non used tables in detached tables.
2025.11.02 19:47:52.438246 [ 1 ] {} <Debug> DatabaseAtomic (system): There are 0 detached tables. Start searching non used tables.
2025.11.02 19:47:52.438290 [ 1 ] {} <Debug> DatabaseAtomic (system): Found 0 non used tables in detached tables.
2025.11.02 19:47:52.438350 [ 1 ] {} <Debug> DatabaseAtomic (system): There are 0 detached tables. Start searching non used tables.
2025.11.02 19:47:52.438401 [ 1 ] {} <Debug> DatabaseAtomic (system): Found 0 non used tables in detached tables.
2025.11.02 19:47:52.438481 [ 1 ] {} <Debug> DatabaseAtomic (system): There are 0 detached tables. Start searching non used tables.
2025.11.02 19:47:52.438608 [ 1 ] {} <Debug> DatabaseAtomic (system): Found 0 non used tables in detached tables.
2025.11.02 19:47:52.438670 [ 1 ] {} <Debug> DatabaseAtomic (system): There are 0 detached tables. Start searching non used tables.
2025.11.02 19:47:52.438732 [ 1 ] {} <Debug> DatabaseAtomic (system): Found 0 non used tables in detached tables.
2025.11.02 19:47:52.438827 [ 1 ] {} <Debug> DatabaseAtomic (system): There are 0 detached tables. Start searching non used tables.
2025.11.02 19:47:52.438886 [ 1 ] {} <Debug> DatabaseAtomic (system): Found 0 non used tables in detached tables.
2025.11.02 19:47:52.438971 [ 1 ] {} <Debug> DatabaseAtomic (system): There are 0 detached tables. Start searching non used tables.
2025.11.02 19:47:52.439025 [ 1 ] {} <Debug> DatabaseAtomic (system): Found 0 non used tables in detached tables.
2025.11.02 19:47:52.439111 [ 1 ] {} <Debug> DatabaseAtomic (system): There are 0 detached tables. Start searching non used tables.
2025.11.02 19:47:52.439154 [ 1 ] {} <Debug> DatabaseAtomic (system): Found 0 non used tables in detached tables.
2025.11.02 19:47:52.439216 [ 1 ] {} <Debug> DatabaseAtomic (system): There are 0 detached tables. Start searching non used tables.
2025.11.02 19:47:52.439278 [ 1 ] {} <Debug> DatabaseAtomic (system): Found 0 non used tables in detached tables.
2025.11.02 19:47:52.439349 [ 1 ] {} <Debug> DatabaseAtomic (system): There are 0 detached tables. Start searching non used tables.
2025.11.02 19:47:52.439416 [ 1 ] {} <Debug> DatabaseAtomic (system): Found 0 non used tables in detached tables.
2025.11.02 19:47:52.439470 [ 1 ] {} <Debug> DatabaseAtomic (system): There are 0 detached tables. Start searching non used tables.
2025.11.02 19:47:52.439530 [ 1 ] {} <Debug> DatabaseAtomic (system): Found 0 non used tables in detached tables.
2025.11.02 19:47:52.439611 [ 1 ] {} <Debug> DatabaseAtomic (system): There are 0 detached tables. Start searching non used tables.
2025.11.02 19:47:52.439692 [ 1 ] {} <Debug> DatabaseAtomic (system): Found 0 non used tables in detached tables.
2025.11.02 19:47:52.439768 [ 1 ] {} <Debug> DatabaseAtomic (system): There are 0 detached tables. Start searching non used tables.
2025.11.02 19:47:52.439840 [ 1 ] {} <Debug> DatabaseAtomic (system): Found 0 non used tables in detached tables.
2025.11.02 19:47:52.439925 [ 1 ] {} <Debug> DatabaseAtomic (system): There are 0 detached tables. Start searching non used tables.
2025.11.02 19:47:52.439985 [ 1 ] {} <Debug> DatabaseAtomic (system): Found 0 non used tables in detached tables.
2025.11.02 19:47:52.440105 [ 1 ] {} <Debug> DatabaseAtomic (system): There are 0 detached tables. Start searching non used tables.
2025.11.02 19:47:52.440233 [ 1 ] {} <Debug> DatabaseAtomic (system): Found 0 non used tables in detached tables.
2025.11.02 19:47:52.440309 [ 1 ] {} <Debug> DatabaseAtomic (system): There are 0 detached tables. Start searching non used tables.
2025.11.02 19:47:52.440344 [ 1 ] {} <Debug> DatabaseAtomic (system): Found 0 non used tables in detached tables.
2025.11.02 19:47:52.440437 [ 1 ] {} <Debug> DatabaseAtomic (system): There are 0 detached tables. Start searching non used tables.
2025.11.02 19:47:52.440486 [ 1 ] {} <Debug> DatabaseAtomic (system): Found 0 non used tables in detached tables.
2025.11.02 19:47:52.440602 [ 1 ] {} <Debug> DatabaseAtomic (system): There are 0 detached tables. Start searching non used tables.
2025.11.02 19:47:52.440683 [ 1 ] {} <Debug> DatabaseAtomic (system): Found 0 non used tables in detached tables.
2025.11.02 19:47:52.440755 [ 1 ] {} <Debug> DatabaseAtomic (system): There are 0 detached tables. Start searching non used tables.
2025.11.02 19:47:52.440809 [ 1 ] {} <Debug> DatabaseAtomic (system): Found 0 non used tables in detached tables.
2025.11.02 19:47:52.440876 [ 1 ] {} <Debug> DatabaseAtomic (system): There are 0 detached tables. Start searching non used tables.
2025.11.02 19:47:52.440938 [ 1 ] {} <Debug> DatabaseAtomic (system): Found 0 non used tables in detached tables.
2025.11.02 19:47:52.441003 [ 1 ] {} <Debug> DatabaseAtomic (system): There are 0 detached tables. Start searching non used tables.
2025.11.02 19:47:52.441077 [ 1 ] {} <Debug> DatabaseAtomic (system): Found 0 non used tables in detached tables.
2025.11.02 19:47:52.441198 [ 1 ] {} <Debug> DatabaseAtomic (system): There are 0 detached tables. Start searching non used tables.
2025.11.02 19:47:52.441259 [ 1 ] {} <Debug> DatabaseAtomic (system): Found 0 non used tables in detached tables.
2025.11.02 19:47:52.441355 [ 1 ] {} <Debug> DatabaseAtomic (system): There are 0 detached tables. Start searching non used tables.
2025.11.02 19:47:52.441406 [ 1 ] {} <Debug> DatabaseAtomic (system): Found 0 non used tables in detached tables.
2025.11.02 19:47:52.441492 [ 1 ] {} <Debug> DatabaseAtomic (system): There are 0 detached tables. Start searching non used tables.
2025.11.02 19:47:52.441572 [ 1 ] {} <Debug> DatabaseAtomic (system): Found 0 non used tables in detached tables.
2025.11.02 19:47:52.441647 [ 1 ] {} <Debug> DatabaseAtomic (system): There are 0 detached tables. Start searching non used tables.
2025.11.02 19:47:52.441699 [ 1 ] {} <Debug> DatabaseAtomic (system): Found 0 non used tables in detached tables.
2025.11.02 19:47:52.441784 [ 1 ] {} <Debug> DatabaseAtomic (system): There are 0 detached tables. Start searching non used tables.
2025.11.02 19:47:52.441880 [ 1 ] {} <Debug> DatabaseAtomic (system): Found 0 non used tables in detached tables.
2025.11.02 19:47:52.442056 [ 1 ] {} <Debug> DatabaseAtomic (system): There are 0 detached tables. Start searching non used tables.
2025.11.02 19:47:52.442102 [ 1 ] {} <Debug> DatabaseAtomic (system): Found 0 non used tables in detached tables.
2025.11.02 19:47:52.445080 [ 1 ] {} <Information> DatabaseCatalog: Found 0 partially dropped tables. Will load them and retry removal.
2025.11.02 19:47:52.445855 [ 1 ] {} <Information> DatabaseAtomic (default): Metadata processed, database default has 0 tables and 0 dictionaries in total.
2025.11.02 19:47:52.445891 [ 1 ] {} <Information> TablesLoader: Parsed metadata of 0 tables in 1 databases in 3.9667e-05 sec
2025.11.02 19:47:52.445931 [ 1 ] {} <Information> loadMetadata: Start asynchronous loading of databases
2025.11.02 19:47:52.445959 [ 1 ] {} <Debug> AsyncLoader: Schedule load job 'startup Ordinary database default' into BackgrndStartup
2025.11.02 19:47:52.445984 [ 1 ] {} <Debug> AsyncLoader: Schedule load job 'startup Atomic database default' into BackgrndStartup
2025.11.02 19:47:52.446010 [ 1 ] {} <Debug> AsyncLoader: Change current priority: none -> 2
2025.11.02 19:47:52.446041 [ 1 ] {} <Debug> AsyncLoader: Spawn loader worker #1 in BackgrndStartup
2025.11.02 19:47:52.446151 [ 1 ] {} <Information> UserDefinedSQLObjectsLoaderFromDisk: Loading user defined objects from /var/lib/clickhouse/user_defined/
2025.11.02 19:47:52.446187 [ 1 ] {} <Debug> UserDefinedSQLObjectsLoaderFromDisk: The directory for user defined objects (/var/lib/clickhouse/user_defined/) does not exist: nothing to load
2025.11.02 19:47:52.446172 [ 727 ] {} <Debug> AsyncLoader: Execute load job 'startup Ordinary database default' in BackgrndStartup
2025.11.02 19:47:52.446255 [ 727 ] {} <Debug> AsyncLoader: Finish load job 'startup Ordinary database default' with status OK
2025.11.02 19:47:52.446285 [ 727 ] {} <Debug> AsyncLoader: Spawn loader worker #2 in BackgrndStartup
2025.11.02 19:47:52.446225 [ 1 ] {} <Information> WorkloadEntityDiskStorage: Loading workload entities from /var/lib/clickhouse/workload/
2025.11.02 19:47:52.446345 [ 1 ] {} <Debug> WorkloadEntityDiskStorage: The directory for workload entities (/var/lib/clickhouse/workload/) does not exist: nothing to load
2025.11.02 19:47:52.446353 [ 727 ] {} <Debug> AsyncLoader: Execute load job 'startup Atomic database default' in BackgrndStartup
2025.11.02 19:47:52.446420 [ 727 ] {} <Debug> AsyncLoader: Finish load job 'startup Atomic database default' with status OK
2025.11.02 19:47:52.446450 [ 727 ] {} <Debug> AsyncLoader: Stop worker in BackgrndStartup
2025.11.02 19:47:52.446505 [ 734 ] {} <Debug> AsyncLoader: Stop worker in BackgrndStartup
2025.11.02 19:47:52.446569 [ 734 ] {} <Debug> AsyncLoader: Change current priority: 2 -> none
2025.11.02 19:47:52.447559 [ 1 ] {} <Information> ZooKeeperClient: Connected to ZooKeeper at 172.19.0.2:2181 with session_id 72057600198836227
2025.11.02 19:47:52.448150 [ 1 ] {} <Information> ZooKeeperClient: Keeper feature flag FILTERED_LIST: disabled
2025.11.02 19:47:52.448189 [ 1 ] {} <Information> ZooKeeperClient: Keeper feature flag MULTI_READ: disabled
2025.11.02 19:47:52.448224 [ 1 ] {} <Information> ZooKeeperClient: Keeper feature flag CHECK_NOT_EXISTS: disabled
2025.11.02 19:47:52.448257 [ 1 ] {} <Information> ZooKeeperClient: Keeper feature flag CREATE_IF_NOT_EXISTS: disabled
2025.11.02 19:47:52.448290 [ 1 ] {} <Information> ZooKeeperClient: Keeper feature flag REMOVE_RECURSIVE: disabled
2025.11.02 19:47:52.450285 [ 1 ] {} <Debug> Application: Loaded metadata.
2025.11.02 19:47:52.450346 [ 1 ] {} <Information> Application: Tasks stats provider: procfs
2025.11.02 19:47:52.450386 [ 1 ] {} <Information> Application: It looks like the process has no CAP_SYS_NICE capability, the setting 'os_thread_priority' will have no effect. It could happen due to incorrect ClickHouse package installation. You could resolve the problem manually with 'sudo setcap cap_sys_nice=+ep /usr/bin/clickhouse'. Note that it will not work on 'nosuid' mounted filesystems.
2025.11.02 19:47:52.450470 [ 1 ] {} <Debug> DatabaseAtomic (system): There are 0 detached tables. Start searching non used tables.
2025.11.02 19:47:52.450565 [ 1 ] {} <Debug> DatabaseAtomic (system): Found 0 non used tables in detached tables.
2025.11.02 19:47:52.450690 [ 1 ] {} <Warning> Application: Listen [::]:8123 failed: Poco::Exception. Code: 1000, e.code() = 0, DNS error: EAI: Address family for hostname not supported (version 25.3.7.194 (official build)). If it is an IPv6 or IPv4 address and your host has disabled IPv6 or IPv4, then consider to specify not disabled IPv4 or IPv6 address to listen in <listen_host> element of configuration file. Example for disabled IPv6: <listen_host>0.0.0.0</listen_host> . Example for disabled IPv4: <listen_host>::</listen_host>
2025.11.02 19:47:52.450792 [ 1 ] {} <Warning> Application: Listen [::]:9000 failed: Poco::Exception. Code: 1000, e.code() = 0, DNS error: EAI: Address family for hostname not supported (version 25.3.7.194 (official build)). If it is an IPv6 or IPv4 address and your host has disabled IPv6 or IPv4, then consider to specify not disabled IPv4 or IPv6 address to listen in <listen_host> element of configuration file. Example for disabled IPv6: <listen_host>0.0.0.0</listen_host> . Example for disabled IPv4: <listen_host>::</listen_host>
2025.11.02 19:47:52.450883 [ 1 ] {} <Warning> Application: Listen [::]:8001 failed: Poco::Exception. Code: 1000, e.code() = 0, DNS error: EAI: Address family for hostname not supported (version 25.3.7.194 (official build)). If it is an IPv6 or IPv4 address and your host has disabled IPv6 or IPv4, then consider to specify not disabled IPv4 or IPv6 address to listen in <listen_host> element of configuration file. Example for disabled IPv6: <listen_host>0.0.0.0</listen_host> . Example for disabled IPv4: <listen_host>::</listen_host>
2025.11.02 19:47:52.451003 [ 1 ] {} <Information> CertificateReloader: One of paths is empty. Cannot apply new configuration for certificates. Fill all paths and try again.
2025.11.02 19:47:52.451031 [ 1 ] {} <Information> CertificateReloader: One of paths is empty. Cannot apply new configuration for certificates. Fill all paths and try again.
2025.11.02 19:47:52.452292 [ 1 ] {} <Debug> AsyncLoader: Schedule load job 'startup ddl worker' into BackgrndStartup
2025.11.02 19:47:52.452332 [ 1 ] {} <Debug> AsyncLoader: Change current priority: none -> 2
2025.11.02 19:47:52.452358 [ 1 ] {} <Debug> AsyncLoader: Spawn loader worker #1 in BackgrndStartup
2025.11.02 19:47:52.452435 [ 1 ] {} <Information> Application: Listening for http://0.0.0.0:8123
2025.11.02 19:47:52.452434 [ 739 ] {} <Debug> AsyncLoader: Execute load job 'startup ddl worker' in BackgrndStartup
2025.11.02 19:47:52.452496 [ 1 ] {} <Information> Application: Listening for native protocol (tcp): 0.0.0.0:9000
2025.11.02 19:47:52.452604 [ 1 ] {} <Information> Application: Listening for Prometheus: http://0.0.0.0:8001
2025.11.02 19:47:52.452665 [ 740 ] {} <Debug> DDLWorker: Starting DDLWorker thread
2025.11.02 19:47:52.452718 [ 740 ] {} <Debug> DDLWorker: Initializing DDLWorker thread
2025.11.02 19:47:52.452674 [ 1 ] {} <Information> Application: Ready for connections.
2025.11.02 19:47:52.452671 [ 739 ] {} <Debug> AsyncLoader: Finish load job 'startup ddl worker' with status OK
2025.11.02 19:47:52.452869 [ 739 ] {} <Debug> AsyncLoader: Stop worker in BackgrndStartup
2025.11.02 19:47:52.452699 [ 745 ] {} <Debug> DDLWorker: Started DDLWorker cleanup thread
2025.11.02 19:47:52.452937 [ 739 ] {} <Debug> AsyncLoader: Change current priority: 2 -> none
2025.11.02 19:47:52.455484 [ 740 ] {} <Debug> DDLWorker: Initialized DDLWorker thread
2025.11.02 19:47:52.455563 [ 745 ] {} <Debug> DDLWorker: Cleaning queue
2025.11.02 19:47:52.456844 [ 740 ] {} <Debug> DDLWorker: Scheduling tasks
2025.11.02 19:47:52.457133 [ 740 ] {} <Debug> DDLWorker: No tasks to schedule
2025.11.02 19:47:52.457171 [ 740 ] {} <Debug> DDLWorker: Waiting for queue updates
2025.11.02 19:47:52.538095 [ 81 ] {} <Information> TCPHandler: Client has not sent any data.
2025.11.02 19:47:52.538232 [ 81 ] {} <Debug> TCPHandler: Done processing connection.
2025.11.02 19:47:52.840650 [ 740 ] {} <Debug> DDLWorker: Scheduling tasks
2025.11.02 19:47:52.842655 [ 740 ] {} <Debug> DDLWorker: Will schedule 1 tasks starting from query-0000000000
2025.11.02 19:47:52.843894 [ 740 ] {} <Debug> DDLWorker: Processing task query-0000000000 (query: CREATE DATABASE IF NOT EXISTS db_part UUID 'd0d57282-771e-4432-b291-1a82b12c9dec', backup restore: false)
2025.11.02 19:47:52.844888 [ 740 ] {} <Debug> DDLWorker: Executing query: CREATE DATABASE IF NOT EXISTS db_part UUID 'd0d57282-771e-4432-b291-1a82b12c9dec'
2025.11.02 19:47:52.845026 [ 740 ] {7463661f-7d55-4bd2-a4e5-e5f12b0d2c95} <Debug> executeQuery: (from 0.0.0.0:0, user: , initial_query_id: dfd8887b-7fb6-4555-8eff-6e2b1561a789) /* ddl_entry=query-0000000000 */ CREATE DATABASE IF NOT EXISTS db_part UUID 'd0d57282-771e-4432-b291-1a82b12c9dec' (stage: Complete)
2025.11.02 19:47:52.845941 [ 740 ] {7463661f-7d55-4bd2-a4e5-e5f12b0d2c95} <Information> DatabaseAtomic (db_part): Metadata processed, database db_part has 0 tables and 0 dictionaries in total.
2025.11.02 19:47:52.845983 [ 740 ] {7463661f-7d55-4bd2-a4e5-e5f12b0d2c95} <Information> TablesLoader: Parsed metadata of 0 tables in 1 databases in 5.1291e-05 sec
2025.11.02 19:47:52.846030 [ 740 ] {7463661f-7d55-4bd2-a4e5-e5f12b0d2c95} <Debug> AsyncLoader: Prioritize load job 'startup Atomic database db_part': BackgrndStartup -> ForegroundLoad
2025.11.02 19:47:52.846058 [ 740 ] {7463661f-7d55-4bd2-a4e5-e5f12b0d2c95} <Debug> AsyncLoader: Prioritize load job 'startup Ordinary database db_part': BackgrndStartup -> ForegroundLoad
2025.11.02 19:47:52.846086 [ 740 ] {7463661f-7d55-4bd2-a4e5-e5f12b0d2c95} <Debug> AsyncLoader: Schedule load job 'startup Ordinary database db_part' into ForegroundLoad
2025.11.02 19:47:52.846128 [ 740 ] {7463661f-7d55-4bd2-a4e5-e5f12b0d2c95} <Debug> AsyncLoader: Schedule load job 'startup Atomic database db_part' into ForegroundLoad
2025.11.02 19:47:52.846163 [ 740 ] {7463661f-7d55-4bd2-a4e5-e5f12b0d2c95} <Debug> AsyncLoader: Change current priority: none -> 0
2025.11.02 19:47:52.846202 [ 740 ] {7463661f-7d55-4bd2-a4e5-e5f12b0d2c95} <Debug> AsyncLoader: Spawn loader worker #1 in ForegroundLoad
2025.11.02 19:47:52.846282 [ 740 ] {7463661f-7d55-4bd2-a4e5-e5f12b0d2c95} <Debug> AsyncLoader: Wait load job 'startup Atomic database db_part' in ForegroundLoad
2025.11.02 19:47:52.846306 [ 743 ] {} <Debug> AsyncLoader: Execute load job 'startup Ordinary database db_part' in ForegroundLoad
2025.11.02 19:47:52.846428 [ 743 ] {} <Debug> AsyncLoader: Finish load job 'startup Ordinary database db_part' with status OK
2025.11.02 19:47:52.846485 [ 743 ] {} <Debug> AsyncLoader: Spawn loader worker #2 in ForegroundLoad
2025.11.02 19:47:52.846630 [ 743 ] {} <Debug> AsyncLoader: Execute load job 'startup Atomic database db_part' in ForegroundLoad
2025.11.02 19:47:52.846709 [ 743 ] {} <Debug> AsyncLoader: Finish load job 'startup Atomic database db_part' with status OK
2025.11.02 19:47:52.846777 [ 743 ] {} <Debug> AsyncLoader: Stop worker in ForegroundLoad
2025.11.02 19:47:52.846864 [ 760 ] {} <Debug> AsyncLoader: Stop worker in ForegroundLoad
2025.11.02 19:47:52.846934 [ 760 ] {} <Debug> AsyncLoader: Change current priority: 0 -> none
2025.11.02 19:47:52.846911 [ 740 ] {7463661f-7d55-4bd2-a4e5-e5f12b0d2c95} <Debug> DDLWorker: Executed query: /* ddl_entry=query-0000000000 */ CREATE DATABASE IF NOT EXISTS db_part UUID 'd0d57282-771e-4432-b291-1a82b12c9dec'
2025.11.02 19:47:52.848837 [ 740 ] {} <Debug> DDLWorker: Waiting for queue updates
2025.11.02 19:47:52.910478 [ 740 ] {} <Debug> DDLWorker: Scheduling tasks
2025.11.02 19:47:52.911004 [ 740 ] {} <Debug> DDLWorker: Will schedule 1 tasks starting from query-0000000001
2025.11.02 19:47:52.912007 [ 740 ] {} <Debug> DDLWorker: Processing task query-0000000001 (query: CREATE TABLE db_part.tbl_part_local UUID 'b5c3be3c-8183-4895-9517-ab88c0e7e9e0' (`create_time` DateTime, `y` Int32 COMMENT 'shard key', `m` Int32 COMMENT 'part key', `id` Int64 COMMENT 'sort key', `value` Nullable(String)) ENGINE = MergeTree PARTITION BY m ORDER BY id SETTINGS index_granularity = 8192, backup restore: false)
2025.11.02 19:47:52.913194 [ 740 ] {} <Debug> DDLWorker: Executing query: CREATE TABLE db_part.tbl_part_local UUID 'b5c3be3c-8183-4895-9517-ab88c0e7e9e0' (`create_time` DateTime, `y` Int32 COMMENT 'shard key', `m` Int32 COMMENT 'part key', `id` Int64 COMMENT 'sort key', `value` Nullable(String)) ENGINE = MergeTree PARTITION BY m ORDER BY id SETTINGS index_granularity = 8192
2025.11.02 19:47:52.913333 [ 740 ] {4b159fb2-f5b8-4e27-a31e-9b1c76a9df29} <Debug> executeQuery: (from 0.0.0.0:0, user: , initial_query_id: fe72a395-5590-4b55-98b4-dce072ba4ad7) /* ddl_entry=query-0000000001 */ CREATE TABLE db_part.tbl_part_local UUID 'b5c3be3c-8183-4895-9517-ab88c0e7e9e0' (`create_time` DateTime, `y` Int32 COMMENT 'shard key', `m` Int32 COMMENT 'part key', `id` Int64 COMMENT 'sort key', `value` Nullable(String)) ENGINE = MergeTree PARTITION BY m ORDER BY id SETTINGS index_granularity = 8192 (stage: Complete)
2025.11.02 19:47:52.914448 [ 740 ] {4b159fb2-f5b8-4e27-a31e-9b1c76a9df29} <Debug> db_part.tbl_part_local (b5c3be3c-8183-4895-9517-ab88c0e7e9e0): Loading data parts
2025.11.02 19:47:52.914646 [ 740 ] {4b159fb2-f5b8-4e27-a31e-9b1c76a9df29} <Debug> db_part.tbl_part_local (b5c3be3c-8183-4895-9517-ab88c0e7e9e0): There are no data parts
2025.11.02 19:47:52.915773 [ 740 ] {4b159fb2-f5b8-4e27-a31e-9b1c76a9df29} <Debug> DatabaseAtomic (db_part): There are 0 detached tables. Start searching non used tables.
2025.11.02 19:47:52.915844 [ 740 ] {4b159fb2-f5b8-4e27-a31e-9b1c76a9df29} <Debug> DatabaseAtomic (db_part): Found 0 non used tables in detached tables.
2025.11.02 19:47:52.916029 [ 740 ] {4b159fb2-f5b8-4e27-a31e-9b1c76a9df29} <Debug> DDLWorker: Executed query: /* ddl_entry=query-0000000001 */ CREATE TABLE db_part.tbl_part_local UUID 'b5c3be3c-8183-4895-9517-ab88c0e7e9e0' (`create_time` DateTime, `y` Int32 COMMENT 'shard key', `m` Int32 COMMENT 'part key', `id` Int64 COMMENT 'sort key', `value` Nullable(String)) ENGINE = MergeTree PARTITION BY m ORDER BY id SETTINGS index_granularity = 8192
2025.11.02 19:47:52.917792 [ 740 ] {} <Debug> DDLWorker: Waiting for queue updates
2025.11.02 19:47:52.970855 [ 740 ] {} <Debug> DDLWorker: Scheduling tasks
2025.11.02 19:47:52.972103 [ 740 ] {} <Debug> DDLWorker: Will schedule 1 tasks starting from query-0000000002
2025.11.02 19:47:52.973116 [ 740 ] {} <Debug> DDLWorker: Processing task query-0000000002 (query: CREATE TABLE db_part.tbl_part UUID '94024975-7708-4f86-8872-274a85878c5b' (`create_time` DateTime, `y` Int32 COMMENT 'shard key', `m` Int32 COMMENT 'part key', `id` Int64 COMMENT 'sort key', `value` Nullable(String)) ENGINE = Distributed(single_replica, 'db_part', 'tbl_part_local', y), backup restore: false)
2025.11.02 19:47:52.974161 [ 740 ] {} <Debug> DDLWorker: Executing query: CREATE TABLE db_part.tbl_part UUID '94024975-7708-4f86-8872-274a85878c5b' (`create_time` DateTime, `y` Int32 COMMENT 'shard key', `m` Int32 COMMENT 'part key', `id` Int64 COMMENT 'sort key', `value` Nullable(String)) ENGINE = Distributed(single_replica, 'db_part', 'tbl_part_local', y)
2025.11.02 19:47:52.974384 [ 740 ] {f6110a35-9c5c-4e00-9aa1-eb97a2db03fa} <Debug> executeQuery: (from 0.0.0.0:0, user: , initial_query_id: ca234592-532e-4747-9185-9be8e79d69ac) /* ddl_entry=query-0000000002 */ CREATE TABLE db_part.tbl_part UUID '94024975-7708-4f86-8872-274a85878c5b' (`create_time` DateTime, `y` Int32 COMMENT 'shard key', `m` Int32 COMMENT 'part key', `id` Int64 COMMENT 'sort key', `value` Nullable(String)) ENGINE = Distributed(single_replica, 'db_part', 'tbl_part_local', y) (stage: Complete)
2025.11.02 19:47:52.975823 [ 740 ] {f6110a35-9c5c-4e00-9aa1-eb97a2db03fa} <Debug> StorageDistributed (tbl_part): Auto-increment is 0
2025.11.02 19:47:52.976779 [ 740 ] {f6110a35-9c5c-4e00-9aa1-eb97a2db03fa} <Debug> DatabaseAtomic (db_part): There are 0 detached tables. Start searching non used tables.
2025.11.02 19:47:52.976830 [ 740 ] {f6110a35-9c5c-4e00-9aa1-eb97a2db03fa} <Debug> DatabaseAtomic (db_part): Found 0 non used tables in detached tables.
2025.11.02 19:47:52.977032 [ 740 ] {f6110a35-9c5c-4e00-9aa1-eb97a2db03fa} <Debug> DDLWorker: Executed query: /* ddl_entry=query-0000000002 */ CREATE TABLE db_part.tbl_part UUID '94024975-7708-4f86-8872-274a85878c5b' (`create_time` DateTime, `y` Int32 COMMENT 'shard key', `m` Int32 COMMENT 'part key', `id` Int64 COMMENT 'sort key', `value` Nullable(String)) ENGINE = Distributed(single_replica, 'db_part', 'tbl_part_local', y)
2025.11.02 19:47:52.979175 [ 740 ] {} <Debug> DDLWorker: Waiting for queue updates
2025.11.02 19:47:53.029747 [ 81 ] {} <Debug> TCPHandler: Connected ClickHouse server version 25.3.0, revision: 54476, user: default.
2025.11.02 19:47:53.030174 [ 81 ] {} <Debug> TCP-Session-75e118f2-798d-4cd4-a8f3-ecf8ee875838: Authenticating user 'default' from 172.19.0.4:33600
2025.11.02 19:47:53.030473 [ 81 ] {} <Debug> TCP-Session-75e118f2-798d-4cd4-a8f3-ecf8ee875838: 75e118f2-798d-4cd4-a8f3-ecf8ee875838 Authenticated with global context as user 94309d50-4f52-5250-31bd-74fecac179db
2025.11.02 19:47:53.030526 [ 81 ] {} <Debug> TCP-Session-75e118f2-798d-4cd4-a8f3-ecf8ee875838: Creating session context with user_id: 94309d50-4f52-5250-31bd-74fecac179db
2025.11.02 19:47:53.031911 [ 81 ] {59a261c8-6c91-47cd-98f6-898e443acb05} <Debug> executeQuery: (from 172.19.0.4:33600, initial_query_id: 53fc27bc-4c8d-492b-81d2-8414de3afeec) SELECT `__table1`.`create_time` AS `create_time`, `__table1`.`y` AS `y`, `__table1`.`m` AS `m`, `__table1`.`id` AS `id`, `__table1`.`value` AS `value` FROM `db_part`.`tbl_part_local` AS `__table1` WHERE _CAST(0, 'UInt8') (stage: Complete)
2025.11.02 19:47:53.032562 [ 81 ] {59a261c8-6c91-47cd-98f6-898e443acb05} <Debug> TCPHandler: Processed in 0.001119334 sec.
2025.11.02 19:47:53.072172 [ 81 ] {f93643bb-8338-4d55-99c8-286d0f3275c7} <Debug> executeQuery: (from 172.19.0.4:33600, initial_query_id: a74811af-2221-41e7-a939-0b40f0a845d5) SELECT `__table1`.`create_time` AS `create_time`, `__table1`.`y` AS `y`, `__table1`.`m` AS `m`, `__table1`.`id` AS `id`, `__table1`.`value` AS `value` FROM `db_part`.`tbl_part_local` AS `__table1` WHERE _CAST(0, 'UInt8') (stage: Complete)
2025.11.02 19:47:53.072661 [ 81 ] {f93643bb-8338-4d55-99c8-286d0f3275c7} <Debug> TCPHandler: Processed in 0.000646583 sec.
2025.11.02 19:47:53.100494 [ 81 ] {922edd04-097e-4343-80d6-29f0a0d49984} <Debug> executeQuery: (from 172.19.0.4:33600, initial_query_id: a9f485d9-9e39-4937-8d25-c25e0b1a823f) SELECT `__table1`.`create_time` AS `create_time`, `__table1`.`y` AS `y`, `__table1`.`m` AS `m`, `__table1`.`id` AS `id`, `__table1`.`value` AS `value` FROM `db_part`.`tbl_part_local` AS `__table1` WHERE _CAST(0, 'UInt8') (stage: Complete)
2025.11.02 19:47:53.101133 [ 81 ] {922edd04-097e-4343-80d6-29f0a0d49984} <Debug> TCPHandler: Processed in 0.000823125 sec.
2025.11.02 19:47:53.203989 [ 84 ] {} <Debug> TCPHandler: Connected ClickHouse server version 25.3.0, revision: 54476, user: default.
2025.11.02 19:47:53.204212 [ 84 ] {} <Debug> TCP-Session-f68e7c81-b2d2-4c24-9c3d-54cc3b0f4811: Authenticating user 'default' from 172.19.0.3:49548
2025.11.02 19:47:53.204361 [ 84 ] {} <Debug> TCP-Session-f68e7c81-b2d2-4c24-9c3d-54cc3b0f4811: f68e7c81-b2d2-4c24-9c3d-54cc3b0f4811 Authenticated with global context as user 94309d50-4f52-5250-31bd-74fecac179db
2025.11.02 19:47:53.204447 [ 84 ] {} <Debug> TCP-Session-f68e7c81-b2d2-4c24-9c3d-54cc3b0f4811: Creating session context with user_id: 94309d50-4f52-5250-31bd-74fecac179db
2025.11.02 19:47:53.205161 [ 84 ] {c1321e53-e1b0-4b93-b7d8-841f263cc13e} <Debug> executeQuery: (from 172.19.0.3:49548, initial_query_id: 8eae60f1-2c4d-4c39-969a-fdab9d479c2f) INSERT INTO db_part.tbl_part_local (create_time, y, m, id, value) VALUES (stage: Complete)
2025.11.02 19:47:53.205983 [ 84 ] {c1321e53-e1b0-4b93-b7d8-841f263cc13e} <Debug> executeQuery: Read 1 rows, 31.00 B in 0.00085 sec., 1176.4705882352941 rows/sec., 35.62 KiB/sec.
2025.11.02 19:47:53.206152 [ 84 ] {c1321e53-e1b0-4b93-b7d8-841f263cc13e} <Debug> MemoryTracker: Query peak memory usage: 4.30 MiB.
2025.11.02 19:47:53.206257 [ 84 ] {c1321e53-e1b0-4b93-b7d8-841f263cc13e} <Debug> TCPHandler: Processed in 0.00124975 sec.
2025.11.02 19:47:53.272048 [ 81 ] {6d771924-320c-4895-a5dc-36af4085dea0} <Debug> executeQuery: (from 172.19.0.4:33600, initial_query_id: 5f78e26c-550e-4b7d-8831-1c77d29c30d1) SELECT `__table1`.`create_time` AS `create_time`, `__table1`.`y` AS `y`, `__table1`.`m` AS `m`, `__table1`.`id` AS `id`, `__table1`.`value` AS `value` FROM `db_part`.`tbl_part_local` AS `__table1` WHERE _CAST(0, 'UInt8') (stage: Complete)
2025.11.02 19:47:53.272359 [ 81 ] {6d771924-320c-4895-a5dc-36af4085dea0} <Debug> db_part.tbl_part_local (b5c3be3c-8183-4895-9517-ab88c0e7e9e0) (SelectExecutor): Selected 0/0 parts by partition key, 0 parts by primary key, 0/0 marks by primary key, 0 marks to read from 0 ranges
2025.11.02 19:47:53.272781 [ 81 ] {6d771924-320c-4895-a5dc-36af4085dea0} <Debug> TCPHandler: Processed in 0.000903667 sec.
2025.11.02 19:47:53.300573 [ 83 ] {} <Debug> HTTP-Session-36ca8cee-cc5c-4894-99d7-9b00715407c6: Authenticating user 'default' from 172.19.0.7:44394
2025.11.02 19:47:53.300749 [ 83 ] {} <Debug> HTTP-Session-36ca8cee-cc5c-4894-99d7-9b00715407c6: 36ca8cee-cc5c-4894-99d7-9b00715407c6 Authenticated with global context as user 94309d50-4f52-5250-31bd-74fecac179db
2025.11.02 19:47:53.300865 [ 83 ] {} <Debug> HTTP-Session-36ca8cee-cc5c-4894-99d7-9b00715407c6: Creating session context with user_id: 94309d50-4f52-5250-31bd-74fecac179db
2025.11.02 19:47:53.301153 [ 83 ] {43ff4cde-dcfc-4ea0-b3b9-48a7ff4b0ca5} <Debug> executeQuery: (from 172.19.0.7:44394) SELECT partition, -- String
 partition_id, -- String
 sum(rows) AS row_count, -- UInt64
 sum(bytes_on_disk) AS size_in_bytes -- UInt64
 FROM `system`.`parts` WHERE `database`='db_part' AND `table`='tbl_part_local' AND `active`=1 GROUP BY `partition`, `partition_id` ORDER BY `partition` ASC, partition_id ASC  (stage: Complete)
2025.11.02 19:47:53.302926 [ 83 ] {43ff4cde-dcfc-4ea0-b3b9-48a7ff4b0ca5} <Debug> executeQuery: Read 1 rows, 76.00 B in 0.001858 sec., 538.2131324004306 rows/sec., 39.95 KiB/sec.
2025.11.02 19:47:53.303236 [ 83 ] {43ff4cde-dcfc-4ea0-b3b9-48a7ff4b0ca5} <Debug> DynamicQueryHandler: Done processing query
2025.11.02 19:47:53.303299 [ 83 ] {43ff4cde-dcfc-4ea0-b3b9-48a7ff4b0ca5} <Debug> MemoryTracker: Query peak memory usage: 4.01 MiB.
2025.11.02 19:47:53.303380 [ 83 ] {} <Debug> HTTP-Session-36ca8cee-cc5c-4894-99d7-9b00715407c6: 36ca8cee-cc5c-4894-99d7-9b00715407c6 Logout, user_id: 94309d50-4f52-5250-31bd-74fecac179db
2025.11.02 19:47:53.332157 [ 81 ] {6769b7bb-6869-4d9e-beb0-def04fcebf66} <Debug> executeQuery: (from 172.19.0.4:33600, initial_query_id: 5cf56869-879a-46ee-afdc-692dfe706d0a) SELECT `__table1`.`create_time` AS `create_time`, `__table1`.`y` AS `y`, `__table1`.`m` AS `m`, `__table1`.`id` AS `id`, `__table1`.`value` AS `value` FROM `db_part`.`tbl_part_local` AS `__table1` WHERE _CAST(0, 'UInt8') (stage: Complete)
2025.11.02 19:47:53.332627 [ 81 ] {6769b7bb-6869-4d9e-beb0-def04fcebf66} <Debug> db_part.tbl_part_local (b5c3be3c-8183-4895-9517-ab88c0e7e9e0) (SelectExecutor): Selected 0/0 parts by partition key, 0 parts by primary key, 0/0 marks by primary key, 0 marks to read from 0 ranges
2025.11.02 19:47:53.333099 [ 81 ] {6769b7bb-6869-4d9e-beb0-def04fcebf66} <Debug> TCPHandler: Processed in 0.001131875 sec.
2025.11.02 19:47:53.359253 [ 83 ] {} <Debug> HTTP-Session-b060eaff-12ed-4e0e-815a-a71dbbbd0c0a: Authenticating user 'default' from 172.19.0.7:44410
2025.11.02 19:47:53.359355 [ 83 ] {} <Debug> HTTP-Session-b060eaff-12ed-4e0e-815a-a71dbbbd0c0a: b060eaff-12ed-4e0e-815a-a71dbbbd0c0a Authenticated with global context as user 94309d50-4f52-5250-31bd-74fecac179db
2025.11.02 19:47:53.359449 [ 83 ] {} <Debug> HTTP-Session-b060eaff-12ed-4e0e-815a-a71dbbbd0c0a: Creating session context with user_id: 94309d50-4f52-5250-31bd-74fecac179db
2025.11.02 19:47:53.359675 [ 83 ] {97705834-c437-4693-a941-ffd264bb7000} <Debug> executeQuery: (from 172.19.0.7:44410) SELECT partition, -- String
 partition_id, -- String
 sum(rows) AS row_count, -- UInt64
 sum(bytes_on_disk) AS size_in_bytes -- UInt64
 FROM `system`.`parts` WHERE `database`='db_part' AND `table`='tbl_part_local' AND `active`=1 GROUP BY `partition`, `partition_id` ORDER BY `partition` ASC, partition_id ASC  (stage: Complete)
2025.11.02 19:47:53.361408 [ 83 ] {97705834-c437-4693-a941-ffd264bb7000} <Debug> executeQuery: Read 1 rows, 76.00 B in 0.001817 sec., 550.357732526142 rows/sec., 40.85 KiB/sec.
2025.11.02 19:47:53.361812 [ 83 ] {97705834-c437-4693-a941-ffd264bb7000} <Debug> DynamicQueryHandler: Done processing query
2025.11.02 19:47:53.361900 [ 83 ] {97705834-c437-4693-a941-ffd264bb7000} <Debug> MemoryTracker: Query peak memory usage: 4.02 MiB.
2025.11.02 19:47:53.362014 [ 83 ] {} <Debug> HTTP-Session-b060eaff-12ed-4e0e-815a-a71dbbbd0c0a: b060eaff-12ed-4e0e-815a-a71dbbbd0c0a Logout, user_id: 94309d50-4f52-5250-31bd-74fecac179db
2025.11.02 19:47:53.381327 [ 81 ] {191128b9-ff0e-4e0c-9bc0-3e9ea97399b5} <Debug> executeQuery: (from 172.19.0.4:33600, initial_query_id: c467e528-6db6-4906-9001-1f01fef81c14) SELECT `__table1`.`create_time` AS `create_time`, `__table1`.`y` AS `y`, `__table1`.`m` AS `m`, `__table1`.`id` AS `id`, `__table1`.`value` AS `value` FROM `db_part`.`tbl_part_local` AS `__table1` WHERE _CAST(0, 'UInt8') (stage: Complete)
2025.11.02 19:47:53.381827 [ 81 ] {191128b9-ff0e-4e0c-9bc0-3e9ea97399b5} <Debug> db_part.tbl_part_local (b5c3be3c-8183-4895-9517-ab88c0e7e9e0) (SelectExecutor): Selected 0/0 parts by partition key, 0 parts by primary key, 0/0 marks by primary key, 0 marks to read from 0 ranges
2025.11.02 19:47:53.382254 [ 81 ] {191128b9-ff0e-4e0c-9bc0-3e9ea97399b5} <Debug> TCPHandler: Processed in 0.00113275 sec.
2025.11.02 19:47:53.405618 [ 83 ] {} <Debug> HTTP-Session-be54af0d-fb4d-40f6-bf49-18be9973a1e7: Authenticating user 'default' from 172.19.0.7:44426
2025.11.02 19:47:53.405685 [ 83 ] {} <Debug> HTTP-Session-be54af0d-fb4d-40f6-bf49-18be9973a1e7: be54af0d-fb4d-40f6-bf49-18be9973a1e7 Authenticated with global context as user 94309d50-4f52-5250-31bd-74fecac179db
2025.11.02 19:47:53.405738 [ 83 ] {} <Debug> HTTP-Session-be54af0d-fb4d-40f6-bf49-18be9973a1e7: Creating session context with user_id: 94309d50-4f52-5250-31bd-74fecac179db
2025.11.02 19:47:53.405918 [ 83 ] {dd7fd666-64b4-4559-bac4-77f56f78add7} <Debug> executeQuery: (from 172.19.0.7:44426) SELECT partition, -- String
 partition_id, -- String
 sum(rows) AS row_count, -- UInt64
 sum(bytes_on_disk) AS size_in_bytes -- UInt64
 FROM `system`.`parts` WHERE `database`='db_part' AND `table`='tbl_part_local' AND `active`=1 GROUP BY `partition`, `partition_id` ORDER BY `partition` ASC, partition_id ASC  (stage: Complete)
2025.11.02 19:47:53.407298 [ 83 ] {dd7fd666-64b4-4559-bac4-77f56f78add7} <Debug> executeQuery: Read 1 rows, 76.00 B in 0.001447 sec., 691.0850034554251 rows/sec., 51.29 KiB/sec.
2025.11.02 19:47:53.407885 [ 83 ] {dd7fd666-64b4-4559-bac4-77f56f78add7} <Debug> DynamicQueryHandler: Done processing query
2025.11.02 19:47:53.408054 [ 83 ] {dd7fd666-64b4-4559-bac4-77f56f78add7} <Debug> MemoryTracker: Query peak memory usage: 4.02 MiB.
2025.11.02 19:47:53.408147 [ 83 ] {} <Debug> HTTP-Session-be54af0d-fb4d-40f6-bf49-18be9973a1e7: be54af0d-fb4d-40f6-bf49-18be9973a1e7 Logout, user_id: 94309d50-4f52-5250-31bd-74fecac179db
2025.11.02 19:47:53.419730 [ 740 ] {} <Debug> DDLWorker: Scheduling tasks
2025.11.02 19:47:53.420364 [ 740 ] {} <Debug> DDLWorker: Will schedule 1 tasks starting from query-0000000003
2025.11.02 19:47:53.421267 [ 740 ] {} <Debug> DDLWorker: Processing task query-0000000003 (query: ALTER TABLE db_part.tbl_part_local (DROP PARTITION 2), backup restore: false)
2025.11.02 19:47:53.422259 [ 740 ] {} <Debug> DDLWorker: Executing query: ALTER TABLE db_part.tbl_part_local (DROP PARTITION 2)
2025.11.02 19:47:53.422333 [ 740 ] {3a4a426e-5654-4abd-a183-ff71ad6e59c8} <Debug> executeQuery: (from 0.0.0.0:0, user: , initial_query_id: 7ca880d8-8c7a-4589-b59a-458b892dce0d) /* ddl_entry=query-0000000003 */ ALTER TABLE db_part.tbl_part_local (DROP PARTITION 2) (stage: Complete)
2025.11.02 19:47:53.422842 [ 740 ] {3a4a426e-5654-4abd-a183-ff71ad6e59c8} <Information> db_part.tbl_part_local (b5c3be3c-8183-4895-9517-ab88c0e7e9e0): Remove 1 parts by covering them with empty 1 parts. With txn (1, 1, 00000000-0000-0000-0000-000000000000).
2025.11.02 19:47:53.422981 [ 740 ] {3a4a426e-5654-4abd-a183-ff71ad6e59c8} <Information> db_part.tbl_part_local (b5c3be3c-8183-4895-9517-ab88c0e7e9e0): Dropped partition with 1 parts by replacing them with new empty 1 parts. With txn (1, 1, 00000000-0000-0000-0000-000000000000)
2025.11.02 19:47:53.423043 [ 740 ] {3a4a426e-5654-4abd-a183-ff71ad6e59c8} <Debug> db_part.tbl_part_local (b5c3be3c-8183-4895-9517-ab88c0e7e9e0): Removing 1 parts from filesystem (serially): Parts: [2_1_1_0]
2025.11.02 19:47:53.423229 [ 740 ] {3a4a426e-5654-4abd-a183-ff71ad6e59c8} <Debug> db_part.tbl_part_local (b5c3be3c-8183-4895-9517-ab88c0e7e9e0): Removing 1 parts from memory: Parts: [2_1_1_0]
2025.11.02 19:47:53.423286 [ 740 ] {3a4a426e-5654-4abd-a183-ff71ad6e59c8} <Debug> db_part.tbl_part_local (b5c3be3c-8183-4895-9517-ab88c0e7e9e0): Removed 1 old parts
2025.11.02 19:47:53.423342 [ 740 ] {3a4a426e-5654-4abd-a183-ff71ad6e59c8} <Information> db_part.tbl_part_local (b5c3be3c-8183-4895-9517-ab88c0e7e9e0): Will drop empty part 2_1_1_1
2025.11.02 19:47:53.423459 [ 740 ] {3a4a426e-5654-4abd-a183-ff71ad6e59c8} <Debug> DDLWorker: Executed query: /* ddl_entry=query-0000000003 */ ALTER TABLE db_part.tbl_part_local (DROP PARTITION 2)
2025.11.02 19:47:53.424941 [ 740 ] {} <Debug> DDLWorker: Waiting for queue updates
2025.11.02 19:47:53.478135 [ 81 ] {c40e3b94-e894-4081-9d9f-fcb47095e818} <Debug> executeQuery: (from 172.19.0.4:33600, initial_query_id: 187852eb-e5d2-44f4-80aa-95a8e2c678da) SELECT `__table1`.`create_time` AS `create_time`, `__table1`.`y` AS `y`, `__table1`.`m` AS `m`, `__table1`.`id` AS `id`, `__table1`.`value` AS `value` FROM `db_part`.`tbl_part_local` AS `__table1` WHERE _CAST(0, 'UInt8') (stage: Complete)
2025.11.02 19:47:53.478738 [ 81 ] {c40e3b94-e894-4081-9d9f-fcb47095e818} <Debug> TCPHandler: Processed in 0.000775875 sec.
2025.11.02 19:47:53.516973 [ 83 ] {} <Debug> HTTP-Session-30700814-cc79-45e9-8e4b-6cd03466ce1f: Authenticating user 'default' from 172.19.0.7:44436
2025.11.02 19:47:53.517060 [ 83 ] {} <Debug> HTTP-Session-30700814-cc79-45e9-8e4b-6cd03466ce1f: 30700814-cc79-45e9-8e4b-6cd03466ce1f Authenticated with global context as user 94309d50-4f52-5250-31bd-74fecac179db
2025.11.02 19:47:53.517119 [ 83 ] {} <Debug> HTTP-Session-30700814-cc79-45e9-8e4b-6cd03466ce1f: Creating session context with user_id: 94309d50-4f52-5250-31bd-74fecac179db
2025.11.02 19:47:53.517351 [ 83 ] {2ac1321d-95db-449c-991e-5d50a8dd089c} <Debug> executeQuery: (from 172.19.0.7:44436) SELECT partition, -- String
 partition_id, -- String
 sum(rows) AS row_count, -- UInt64
 sum(bytes_on_disk) AS size_in_bytes -- UInt64
 FROM `system`.`parts` WHERE `database`='db_part' AND `table`='tbl_part_local' AND `active`=1 GROUP BY `partition`, `partition_id` ORDER BY `partition` ASC, partition_id ASC  (stage: Complete)
2025.11.02 19:47:53.525761 [ 83 ] {2ac1321d-95db-449c-991e-5d50a8dd089c} <Debug> DynamicQueryHandler: Done processing query
2025.11.02 19:47:53.525839 [ 83 ] {2ac1321d-95db-449c-991e-5d50a8dd089c} <Debug> MemoryTracker: Query peak memory usage: 3.03 MiB.
2025.11.02 19:47:53.525971 [ 83 ] {} <Debug> HTTP-Session-30700814-cc79-45e9-8e4b-6cd03466ce1f: 30700814-cc79-45e9-8e4b-6cd03466ce1f Logout, user_id: 94309d50-4f52-5250-31bd-74fecac179db
2025.11.02 19:47:53.555330 [ 740 ] {} <Debug> DDLWorker: Scheduling tasks
2025.11.02 19:47:53.556043 [ 740 ] {} <Debug> DDLWorker: Will schedule 1 tasks starting from query-0000000004
2025.11.02 19:47:53.556914 [ 740 ] {} <Debug> DDLWorker: Processing task query-0000000004 (query: DROP TABLE IF EXISTS db_part.tbl_part, backup restore: false)
2025.11.02 19:47:53.557841 [ 740 ] {} <Debug> DDLWorker: Executing query: DROP TABLE IF EXISTS db_part.tbl_part
2025.11.02 19:47:53.557994 [ 740 ] {e9809af7-b638-4715-bbcc-3eadf98b2710} <Debug> executeQuery: (from 0.0.0.0:0, user: , initial_query_id: 165891de-8f36-4442-9b25-baf412962af8) /* ddl_entry=query-0000000004 */ DROP TABLE IF EXISTS db_part.tbl_part (stage: Complete)
2025.11.02 19:47:53.558065 [ 740 ] {e9809af7-b638-4715-bbcc-3eadf98b2710} <Information> StorageDistributed (tbl_part): Flushing pending INSERT blocks
2025.11.02 19:47:53.558156 [ 740 ] {e9809af7-b638-4715-bbcc-3eadf98b2710} <Information> StorageDistributed (tbl_part): Pending INSERT blocks flushed, took 0 ms.
2025.11.02 19:47:53.558229 [ 740 ] {e9809af7-b638-4715-bbcc-3eadf98b2710} <Debug> StorageDistributed (tbl_part): Joining background threads for async INSERT
2025.11.02 19:47:53.558285 [ 740 ] {e9809af7-b638-4715-bbcc-3eadf98b2710} <Debug> StorageDistributed (tbl_part): Background threads for async INSERT joined
2025.11.02 19:47:53.558541 [ 740 ] {e9809af7-b638-4715-bbcc-3eadf98b2710} <Debug> DDLWorker: Executed query: /* ddl_entry=query-0000000004 */ DROP TABLE IF EXISTS db_part.tbl_part
2025.11.02 19:47:53.559882 [ 740 ] {} <Debug> DDLWorker: Waiting for queue updates
2025.11.02 19:47:53.619420 [ 740 ] {} <Debug> DDLWorker: Scheduling tasks
2025.11.02 19:47:53.619924 [ 740 ] {} <Debug> DDLWorker: Will schedule 1 tasks starting from query-0000000005
2025.11.02 19:47:53.620673 [ 740 ] {} <Debug> DDLWorker: Processing task query-0000000005 (query: DROP TABLE IF EXISTS db_part.tbl_part_local, backup restore: false)
2025.11.02 19:47:53.621359 [ 740 ] {} <Debug> DDLWorker: Executing query: DROP TABLE IF EXISTS db_part.tbl_part_local
2025.11.02 19:47:53.621466 [ 740 ] {5cf87806-9a95-41ca-b2c8-97f76d74d13e} <Debug> executeQuery: (from 0.0.0.0:0, user: , initial_query_id: 7ed8ecdd-5b4e-4974-9035-c42e0f08d5a2) /* ddl_entry=query-0000000005 */ DROP TABLE IF EXISTS db_part.tbl_part_local (stage: Complete)
2025.11.02 19:47:53.621713 [ 740 ] {5cf87806-9a95-41ca-b2c8-97f76d74d13e} <Debug> DDLWorker: Executed query: /* ddl_entry=query-0000000005 */ DROP TABLE IF EXISTS db_part.tbl_part_local
2025.11.02 19:47:53.622414 [ 740 ] {} <Debug> DDLWorker: Waiting for queue updates
2025.11.02 19:47:53.682389 [ 740 ] {} <Debug> DDLWorker: Scheduling tasks
2025.11.02 19:47:53.682931 [ 740 ] {} <Debug> DDLWorker: Will schedule 1 tasks starting from query-0000000006
2025.11.02 19:47:53.683785 [ 740 ] {} <Debug> DDLWorker: Processing task query-0000000006 (query: DROP DATABASE IF EXISTS db_part, backup restore: false)
2025.11.02 19:47:53.685129 [ 740 ] {} <Debug> DDLWorker: Executing query: DROP DATABASE IF EXISTS db_part
2025.11.02 19:47:53.685235 [ 740 ] {27a63437-50a1-40b1-afb1-87d09acccb84} <Debug> executeQuery: (from 0.0.0.0:0, user: , initial_query_id: 3c285806-09d2-4988-b3ef-ca6fb5511f98) /* ddl_entry=query-0000000006 */ DROP DATABASE IF EXISTS db_part (stage: Complete)
2025.11.02 19:47:53.685322 [ 740 ] {27a63437-50a1-40b1-afb1-87d09acccb84} <Debug> DatabaseAtomic (db_part): There are 0 detached tables. Start searching non used tables.
2025.11.02 19:47:53.685372 [ 740 ] {27a63437-50a1-40b1-afb1-87d09acccb84} <Debug> DatabaseAtomic (db_part): Found 0 non used tables in detached tables.
2025.11.02 19:47:53.685681 [ 740 ] {27a63437-50a1-40b1-afb1-87d09acccb84} <Debug> DDLWorker: Executed query: /* ddl_entry=query-0000000006 */ DROP DATABASE IF EXISTS db_part
2025.11.02 19:47:53.686575 [ 740 ] {} <Debug> DDLWorker: Waiting for queue updates
2025.11.02 19:47:54.388231 [ 80 ] {} <Information> Application: Received termination signal (Terminated)
2025.11.02 19:47:54.388786 [ 1 ] {} <Debug> Application: Received termination signal.
2025.11.02 19:47:54.389183 [ 1 ] {} <Debug> Application: Waiting for current connections to close.
2025.11.02 19:47:54.389675 [ 1 ] {} <Warning> Application: Closed all listening sockets. Waiting for 2 outstanding connections.
