2025.11.02 19:46:58.251547 [ 1 ] {} <Information> SentryWriter: Sending crash reports is disabled
2025.11.02 19:46:58.310395 [ 1 ] {} <Information> Application: Starting ClickHouse 25.3.7.194 (revision: 54502, git hash: 36637934778b7d39b37f378d258359dd6ffdd110, build id: E09B0ADBF9AF0530703B179DBA02705D5DF508C0), PID 1
2025.11.02 19:46:58.311012 [ 1 ] {} <Information> Application: starting up
2025.11.02 19:46:58.311165 [ 1 ] {} <Information> Application: OS name: Linux, version: 6.10.14-linuxkit, architecture: aarch64
2025.11.02 19:46:58.311779 [ 1 ] {} <Information> Jemalloc: Value for background_thread set to true (from true)
2025.11.02 19:46:58.329151 [ 1 ] {} <Information> Application: Available RAM: 7.65 GiB; logical cores: 14; used cores: 14.
2025.11.02 19:46:58.332769 [ 1 ] {} <Information> CgroupsReader: Will create cgroup reader from '/sys/fs/cgroup/' (cgroups version: v2)
2025.11.02 19:46:58.337535 [ 1 ] {} <Warning> Application: Integrity check of the executable skipped because the reference checksum could not be read.
2025.11.02 19:46:58.337767 [ 1 ] {} <Information> Application: It looks like the process has no CAP_IPC_LOCK capability, binary mlock will be disabled. It could happen due to incorrect ClickHouse package installation. You could resolve the problem manually with 'sudo setcap cap_ipc_lock=+ep /usr/bin/clickhouse'. Note that it will not work on 'nosuid' mounted filesystems.
2025.11.02 19:46:58.337908 [ 1 ] {} <Information> MemoryWorker: Starting background memory thread with period of 50ms, using Cgroups as source
2025.11.02 19:46:58.338150 [ 1 ] {} <Information> BackgroundSchedulePool/BgSchPool: Create BackgroundSchedulePool with 512 threads
2025.11.02 19:46:58.394138 [ 84 ] {} <Information> MemoryTracker: Correcting the value of global memory tracker from 810.47 KiB to 178.43 MiB
2025.11.02 19:46:58.497455 [ 1 ] {} <Debug> Application: rlimit on number of file descriptors is 1048576
2025.11.02 19:46:58.502369 [ 1 ] {} <Debug> Application: rlimit on number of threads is 18446744073709551615
2025.11.02 19:46:58.503139 [ 1 ] {} <Debug> Application: Initializing DateLUT.
2025.11.02 19:46:58.503206 [ 1 ] {} <Debug> Context: Setting up /var/lib/clickhouse/tmp/ to store temporary data in it
2025.11.02 19:46:58.503968 [ 1 ] {} <Debug> Application: Initializing interserver credentials.
2025.11.02 19:46:58.504272 [ 1 ] {} <Information> Application: Lowered uncompressed cache size to 3.83 GiB because the system has limited RAM
2025.11.02 19:46:58.504305 [ 1 ] {} <Information> Application: Lowered mark cache size to 3.83 GiB because the system has limited RAM
2025.11.02 19:46:58.504333 [ 1 ] {} <Information> Application: Lowered primary index cache size to 3.83 GiB because the system has limited RAM
2025.11.02 19:46:58.504359 [ 1 ] {} <Information> Application: Lowered index mark cache size to 3.83 GiB because the system has limited RAM
2025.11.02 19:46:58.504415 [ 1 ] {} <Debug> FileCacheFactory: Will load 0 caches from default cache config
2025.11.02 19:46:58.509741 [ 1 ] {} <Debug> ConfigReloader: Loading config '/etc/clickhouse-server/config.xml'
2025.11.02 19:46:58.509838 [ 1 ] {} <Debug> ConfigProcessor: Processing configuration file '/etc/clickhouse-server/config.xml'.
2025.11.02 19:46:58.511224 [ 1 ] {} <Debug> ConfigProcessor: Merging configuration file '/etc/clickhouse-server/config.d/docker_related_config.xml'.
2025.11.02 19:46:58.511355 [ 1 ] {} <Debug> ConfigProcessor: Merging configuration file '/etc/clickhouse-server/config.d/interserver_http_host.xml'.
2025.11.02 19:46:58.511936 [ 1 ] {} <Debug> ConfigProcessor: Merging configuration file '/etc/clickhouse-server/config.d/macros.xml'.
2025.11.02 19:46:58.512403 [ 1 ] {} <Debug> ConfigProcessor: Merging configuration file '/etc/clickhouse-server/config.d/remote_servers.xml'.
2025.11.02 19:46:58.512739 [ 1 ] {} <Debug> ConfigProcessor: Merging configuration file '/etc/clickhouse-server/config.d/zookeeper.xml'.
2025.11.02 19:46:58.513232 [ 1 ] {} <Debug> ConfigProcessor: Saved preprocessed configuration to '/var/lib/clickhouse/preprocessed_configs/config.xml'.
2025.11.02 19:46:58.513348 [ 1 ] {} <Debug> ConfigReloader: Loaded config '/etc/clickhouse-server/config.xml', performing update on configuration
2025.11.02 19:46:58.514003 [ 1 ] {} <Information> Application: Changed setting 'max_server_memory_usage' to 6.89 GiB (7.65 GiB available memory * 0.90 max_server_memory_usage_to_ram_ratio)
2025.11.02 19:46:58.514052 [ 1 ] {} <Information> Application: Setting merges_mutations_memory_usage_soft_limit was set to 3.83 GiB (7.65 GiB available * 0.50 merges_mutations_memory_usage_to_ram_ratio)
2025.11.02 19:46:58.514077 [ 1 ] {} <Information> Application: Merges and mutations memory limit is set to 3.83 GiB
2025.11.02 19:46:58.514981 [ 1 ] {} <Information> Application: Setting max_remote_read_network_bandwidth_for_server was set to 0
2025.11.02 19:46:58.515024 [ 1 ] {} <Information> Application: Setting max_remote_write_network_bandwidth_for_server was set to 0
2025.11.02 19:46:58.515054 [ 1 ] {} <Information> Application: Setting max_local_read_bandwidth_for_server was set to 0
2025.11.02 19:46:58.515074 [ 1 ] {} <Information> Application: Setting max_local_write_bandwidth_for_server was set to 0
2025.11.02 19:46:58.515106 [ 1 ] {} <Information> Application: ConcurrencyControl limit is set to UNLIMITED CPU slots with 'round_robin' scheduler
2025.11.02 19:46:58.515158 [ 1 ] {} <Information> BackgroundSchedulePool/BgBufSchPool: Create BackgroundSchedulePool with 16 threads
2025.11.02 19:46:58.516150 [ 1 ] {} <Information> BackgroundSchedulePool/BgMBSchPool: Create BackgroundSchedulePool with 16 threads
2025.11.02 19:46:58.517616 [ 1 ] {} <Information> BackgroundSchedulePool/BgDistSchPool: Create BackgroundSchedulePool with 16 threads
2025.11.02 19:46:58.519851 [ 1 ] {} <Debug> ConfigReloader: Loaded config '/etc/clickhouse-server/config.xml', performed update on configuration
2025.11.02 19:46:58.522364 [ 1 ] {} <Warning> Application: Listen [::]:9009 failed: Poco::Exception. Code: 1000, e.code() = 0, DNS error: EAI: Address family for hostname not supported (version 25.3.7.194 (official build)). If it is an IPv6 or IPv4 address and your host has disabled IPv6 or IPv4, then consider to specify not disabled IPv4 or IPv6 address to listen in <listen_host> element of configuration file. Example for disabled IPv6: <listen_host>0.0.0.0</listen_host> . Example for disabled IPv4: <listen_host>::</listen_host>
2025.11.02 19:46:58.522569 [ 1 ] {} <Information> Application: Listening for replica communication (interserver): http://0.0.0.0:9009
2025.11.02 19:46:58.522713 [ 1 ] {} <Warning> Access(local_directory): File /var/lib/clickhouse/access/users.list doesn't exist
2025.11.02 19:46:58.523338 [ 1 ] {} <Warning> Access(local_directory): Recovering lists in directory /var/lib/clickhouse/access/
2025.11.02 19:46:58.525885 [ 1 ] {} <Debug> Access(user directories): Added local_directory access storage 'local_directory', path: /var/lib/clickhouse/access/
2025.11.02 19:46:58.527356 [ 1 ] {} <Debug> ConfigReloader: Loading config '/etc/clickhouse-server/users.xml'
2025.11.02 19:46:58.527543 [ 1 ] {} <Debug> ConfigProcessor: Processing configuration file '/etc/clickhouse-server/users.xml'.
2025.11.02 19:46:58.527755 [ 1 ] {} <Debug> ConfigProcessor: Merging configuration file '/etc/clickhouse-server/users.d/users.xml'.
2025.11.02 19:46:58.530390 [ 1 ] {} <Debug> ConfigProcessor: Saved preprocessed configuration to '/var/lib/clickhouse/preprocessed_configs/users.xml'.
2025.11.02 19:46:58.530511 [ 1 ] {} <Debug> ConfigReloader: Loaded config '/etc/clickhouse-server/users.xml', performing update on configuration
2025.11.02 19:46:58.530836 [ 1 ] {} <Debug> ConfigReloader: Loaded config '/etc/clickhouse-server/users.xml', performed update on configuration
2025.11.02 19:46:58.533604 [ 1 ] {} <Debug> Access(user directories): Added users_xml access storage 'users_xml', path: /etc/clickhouse-server/users.xml
2025.11.02 19:46:58.535848 [ 1 ] {} <Information> CgroupsMemoryUsageObserver: Started cgroup current memory usage observer thread
2025.11.02 19:46:58.535991 [ 650 ] {} <Information> CgroupsMemoryUsageObserver: Memory amount initially available to the process is 7.65 GiB
2025.11.02 19:46:58.538484 [ 1 ] {} <Information> Context: Initialized background executor for merges and mutations with num_threads=16, num_tasks=32, scheduling_policy=round_robin
2025.11.02 19:46:58.544384 [ 1 ] {} <Information> Context: Initialized background executor for move operations with num_threads=8, num_tasks=8
2025.11.02 19:46:58.546734 [ 1 ] {} <Information> Context: Initialized background executor for fetches with num_threads=16, num_tasks=16
2025.11.02 19:46:58.549779 [ 1 ] {} <Information> Context: Initialized background executor for common operations (e.g. clearing old parts) with num_threads=8, num_tasks=8
2025.11.02 19:46:58.551088 [ 1 ] {} <Warning> Context: Linux transparent hugepages are set to "always". Check /sys/kernel/mm/transparent_hugepage/enabled
2025.11.02 19:46:58.551505 [ 1 ] {} <Warning> Context: Delay accounting is not enabled, OSIOWaitMicroseconds will not be gathered. You can enable it using `echo 1 > /proc/sys/kernel/task_delayacct` or by using sysctl.
2025.11.02 19:46:58.551707 [ 1 ] {} <Information> DNSCacheUpdater: Update period 15 seconds
2025.11.02 19:46:58.551748 [ 1 ] {} <Information> Application: Loading metadata from /var/lib/clickhouse/
2025.11.02 19:46:58.551769 [ 87 ] {} <Debug> DNSResolver: Updating DNS cache
2025.11.02 19:46:58.551855 [ 1 ] {} <Information> Context: Database disk name: default
2025.11.02 19:46:58.551938 [ 1 ] {} <Information> Context: Database disk name: default, path: /var/lib/clickhouse/
2025.11.02 19:46:58.552006 [ 1 ] {} <Debug> loadSystemDatabase: metadata_file_path metadata/system.sql, existsFile false
2025.11.02 19:46:58.552701 [ 87 ] {} <Debug> DNSResolver: Updated DNS cache
2025.11.02 19:46:58.553147 [ 1 ] {} <Debug> loadSystemDatabase: metadata_file_path metadata/information_schema.sql, existsFile false
2025.11.02 19:46:58.554362 [ 1 ] {} <Debug> loadSystemDatabase: metadata_file_path metadata/INFORMATION_SCHEMA.sql, existsFile false
2025.11.02 19:46:58.556691 [ 1 ] {} <Information> DatabaseAtomic (system): Metadata processed, database system has 0 tables and 0 dictionaries in total.
2025.11.02 19:46:58.556720 [ 1 ] {} <Information> TablesLoader: Parsed metadata of 0 tables in 1 databases in 4.1166e-05 sec
2025.11.02 19:46:58.556760 [ 1 ] {} <Debug> AsyncLoader: Prioritize load job 'startup Atomic database system': BackgrndStartup -> ForegroundLoad
2025.11.02 19:46:58.556780 [ 1 ] {} <Debug> AsyncLoader: Prioritize load job 'startup Ordinary database system': BackgrndStartup -> ForegroundLoad
2025.11.02 19:46:58.556799 [ 1 ] {} <Debug> AsyncLoader: Schedule load job 'startup Ordinary database system' into ForegroundLoad
2025.11.02 19:46:58.556818 [ 1 ] {} <Debug> AsyncLoader: Schedule load job 'startup Atomic database system' into ForegroundLoad
2025.11.02 19:46:58.556836 [ 1 ] {} <Debug> AsyncLoader: Change current priority: none -> 0
2025.11.02 19:46:58.556854 [ 1 ] {} <Debug> AsyncLoader: Spawn loader worker #1 in ForegroundLoad
2025.11.02 19:46:58.556919 [ 1 ] {} <Debug> AsyncLoader: Wait load job 'startup Atomic database system' in ForegroundLoad
2025.11.02 19:46:58.556979 [ 715 ] {} <Debug> AsyncLoader: Execute load job 'startup Ordinary database system' in ForegroundLoad
2025.11.02 19:46:58.557274 [ 715 ] {} <Debug> AsyncLoader: Finish load job 'startup Ordinary database system' with status OK
2025.11.02 19:46:58.557318 [ 715 ] {} <Debug> AsyncLoader: Spawn loader worker #2 in ForegroundLoad
2025.11.02 19:46:58.557544 [ 715 ] {} <Debug> AsyncLoader: Execute load job 'startup Atomic database system' in ForegroundLoad
2025.11.02 19:46:58.557597 [ 716 ] {} <Debug> AsyncLoader: Stop worker in ForegroundLoad
2025.11.02 19:46:58.557697 [ 715 ] {} <Debug> AsyncLoader: Finish load job 'startup Atomic database system' with status OK
2025.11.02 19:46:58.557789 [ 715 ] {} <Debug> AsyncLoader: Stop worker in ForegroundLoad
2025.11.02 19:46:58.557871 [ 715 ] {} <Debug> AsyncLoader: Change current priority: 0 -> none
2025.11.02 19:46:58.557773 [ 1 ] {} <Debug> SystemLog: Creating system.query_log from query_log
2025.11.02 19:46:58.568584 [ 1 ] {} <Debug> SystemLog: Creating system.query_thread_log from query_thread_log
2025.11.02 19:46:58.569021 [ 1 ] {} <Debug> SystemLog: Not creating system.part_log since corresponding section 'part_log' is missing from config
2025.11.02 19:46:58.569062 [ 1 ] {} <Debug> SystemLog: Not creating system.trace_log since corresponding section 'trace_log' is missing from config
2025.11.02 19:46:58.569093 [ 1 ] {} <Debug> SystemLog: Not creating system.crash_log since corresponding section 'crash_log' is missing from config
2025.11.02 19:46:58.569128 [ 1 ] {} <Debug> SystemLog: Not creating system.text_log since corresponding section 'text_log' is missing from config
2025.11.02 19:46:58.569157 [ 1 ] {} <Debug> SystemLog: Creating system.metric_log from metric_log
2025.11.02 19:46:58.572148 [ 1 ] {} <Debug> SystemLog: Not creating system.latency_log since corresponding section 'latency_log' is missing from config
2025.11.02 19:46:58.572246 [ 1 ] {} <Debug> SystemLog: Not creating system.error_log since corresponding section 'error_log' is missing from config
2025.11.02 19:46:58.572382 [ 1 ] {} <Debug> SystemLog: Not creating system.filesystem_cache_log since corresponding section 'filesystem_cache_log' is missing from config
2025.11.02 19:46:58.572441 [ 1 ] {} <Debug> SystemLog: Not creating system.filesystem_read_prefetches_log since corresponding section 'filesystem_read_prefetches_log' is missing from config
2025.11.02 19:46:58.572510 [ 1 ] {} <Debug> SystemLog: Not creating system.s3queue_log since corresponding section 's3queue_log' is missing from config
2025.11.02 19:46:58.572561 [ 1 ] {} <Debug> SystemLog: Not creating system.azure_queue_log since corresponding section 'azure_queue_log' is missing from config
2025.11.02 19:46:58.572652 [ 1 ] {} <Debug> SystemLog: Not creating system.asynchronous_metric_log since corresponding section 'asynchronous_metric_log' is missing from config
2025.11.02 19:46:58.572677 [ 1 ] {} <Debug> SystemLog: Not creating system.opentelemetry_span_log since corresponding section 'opentelemetry_span_log' is missing from config
2025.11.02 19:46:58.572701 [ 1 ] {} <Debug> SystemLog: Not creating system.query_views_log since corresponding section 'query_views_log' is missing from config
2025.11.02 19:46:58.572741 [ 1 ] {} <Debug> SystemLog: Not creating system.zookeeper_log since corresponding section 'zookeeper_log' is missing from config
2025.11.02 19:46:58.572769 [ 1 ] {} <Debug> SystemLog: Not creating system.session_log since corresponding section 'session_log' is missing from config
2025.11.02 19:46:58.572812 [ 1 ] {} <Debug> SystemLog: Not creating system.transactions_info_log since corresponding section 'transactions_info_log' is missing from config
2025.11.02 19:46:58.572875 [ 1 ] {} <Debug> SystemLog: Not creating system.processors_profile_log since corresponding section 'processors_profile_log' is missing from config
2025.11.02 19:46:58.572944 [ 1 ] {} <Debug> SystemLog: Not creating system.asynchronous_insert_log since corresponding section 'asynchronous_insert_log' is missing from config
2025.11.02 19:46:58.573172 [ 1 ] {} <Debug> SystemLog: Not creating system.backup_log since corresponding section 'backup_log' is missing from config
2025.11.02 19:46:58.573251 [ 1 ] {} <Debug> SystemLog: Not creating system.blob_storage_log since corresponding section 'blob_storage_log' is missing from config
2025.11.02 19:46:58.573334 [ 1 ] {} <Debug> SystemLog: Not creating system.query_metric_log since corresponding section 'query_metric_log' is missing from config
2025.11.02 19:46:58.575146 [ 1 ] {} <Debug> DatabaseAtomic (system): There are 0 detached tables. Start searching non used tables.
2025.11.02 19:46:58.575229 [ 1 ] {} <Debug> DatabaseAtomic (system): Found 0 non used tables in detached tables.
2025.11.02 19:46:58.575915 [ 1 ] {} <Debug> DatabaseAtomic (system): There are 0 detached tables. Start searching non used tables.
2025.11.02 19:46:58.576060 [ 1 ] {} <Debug> DatabaseAtomic (system): Found 0 non used tables in detached tables.
2025.11.02 19:46:58.576286 [ 1 ] {} <Debug> DatabaseAtomic (system): There are 0 detached tables. Start searching non used tables.
2025.11.02 19:46:58.576319 [ 1 ] {} <Debug> DatabaseAtomic (system): Found 0 non used tables in detached tables.
2025.11.02 19:46:58.576403 [ 1 ] {} <Debug> DatabaseAtomic (system): There are 0 detached tables. Start searching non used tables.
2025.11.02 19:46:58.576442 [ 1 ] {} <Debug> DatabaseAtomic (system): Found 0 non used tables in detached tables.
2025.11.02 19:46:58.576501 [ 1 ] {} <Debug> DatabaseAtomic (system): There are 0 detached tables. Start searching non used tables.
2025.11.02 19:46:58.576583 [ 1 ] {} <Debug> DatabaseAtomic (system): Found 0 non used tables in detached tables.
2025.11.02 19:46:58.576704 [ 1 ] {} <Debug> DatabaseAtomic (system): There are 0 detached tables. Start searching non used tables.
2025.11.02 19:46:58.576754 [ 1 ] {} <Debug> DatabaseAtomic (system): Found 0 non used tables in detached tables.
2025.11.02 19:46:58.577172 [ 1 ] {} <Debug> DatabaseAtomic (system): There are 0 detached tables. Start searching non used tables.
2025.11.02 19:46:58.577261 [ 1 ] {} <Debug> DatabaseAtomic (system): Found 0 non used tables in detached tables.
2025.11.02 19:46:58.577471 [ 1 ] {} <Debug> DatabaseAtomic (system): There are 0 detached tables. Start searching non used tables.
2025.11.02 19:46:58.577564 [ 1 ] {} <Debug> DatabaseAtomic (system): Found 0 non used tables in detached tables.
2025.11.02 19:46:58.577634 [ 1 ] {} <Debug> DatabaseAtomic (system): There are 0 detached tables. Start searching non used tables.
2025.11.02 19:46:58.577679 [ 1 ] {} <Debug> DatabaseAtomic (system): Found 0 non used tables in detached tables.
2025.11.02 19:46:58.577754 [ 1 ] {} <Debug> DatabaseAtomic (system): There are 0 detached tables. Start searching non used tables.
2025.11.02 19:46:58.577830 [ 1 ] {} <Debug> DatabaseAtomic (system): Found 0 non used tables in detached tables.
2025.11.02 19:46:58.577999 [ 1 ] {} <Debug> DatabaseAtomic (system): There are 0 detached tables. Start searching non used tables.
2025.11.02 19:46:58.578074 [ 1 ] {} <Debug> DatabaseAtomic (system): Found 0 non used tables in detached tables.
2025.11.02 19:46:58.578252 [ 1 ] {} <Debug> DatabaseAtomic (system): There are 0 detached tables. Start searching non used tables.
2025.11.02 19:46:58.578324 [ 1 ] {} <Debug> DatabaseAtomic (system): Found 0 non used tables in detached tables.
2025.11.02 19:46:58.578447 [ 1 ] {} <Debug> DatabaseAtomic (system): There are 0 detached tables. Start searching non used tables.
2025.11.02 19:46:58.578524 [ 1 ] {} <Debug> DatabaseAtomic (system): Found 0 non used tables in detached tables.
2025.11.02 19:46:58.578664 [ 1 ] {} <Debug> DatabaseAtomic (system): There are 0 detached tables. Start searching non used tables.
2025.11.02 19:46:58.578755 [ 1 ] {} <Debug> DatabaseAtomic (system): Found 0 non used tables in detached tables.
2025.11.02 19:46:58.578883 [ 1 ] {} <Debug> DatabaseAtomic (system): There are 0 detached tables. Start searching non used tables.
2025.11.02 19:46:58.578930 [ 1 ] {} <Debug> DatabaseAtomic (system): Found 0 non used tables in detached tables.
2025.11.02 19:46:58.579049 [ 1 ] {} <Debug> DatabaseAtomic (system): There are 0 detached tables. Start searching non used tables.
2025.11.02 19:46:58.579150 [ 1 ] {} <Debug> DatabaseAtomic (system): Found 0 non used tables in detached tables.
2025.11.02 19:46:58.579267 [ 1 ] {} <Debug> DatabaseAtomic (system): There are 0 detached tables. Start searching non used tables.
2025.11.02 19:46:58.579348 [ 1 ] {} <Debug> DatabaseAtomic (system): Found 0 non used tables in detached tables.
2025.11.02 19:46:58.579417 [ 1 ] {} <Debug> DatabaseAtomic (system): There are 0 detached tables. Start searching non used tables.
2025.11.02 19:46:58.579527 [ 1 ] {} <Debug> DatabaseAtomic (system): Found 0 non used tables in detached tables.
2025.11.02 19:46:58.579613 [ 1 ] {} <Debug> DatabaseAtomic (system): There are 0 detached tables. Start searching non used tables.
2025.11.02 19:46:58.579683 [ 1 ] {} <Debug> DatabaseAtomic (system): Found 0 non used tables in detached tables.
2025.11.02 19:46:58.579831 [ 1 ] {} <Debug> DatabaseAtomic (system): There are 0 detached tables. Start searching non used tables.
2025.11.02 19:46:58.579904 [ 1 ] {} <Debug> DatabaseAtomic (system): Found 0 non used tables in detached tables.
2025.11.02 19:46:58.579986 [ 1 ] {} <Debug> DatabaseAtomic (system): There are 0 detached tables. Start searching non used tables.
2025.11.02 19:46:58.580088 [ 1 ] {} <Debug> DatabaseAtomic (system): Found 0 non used tables in detached tables.
2025.11.02 19:46:58.580203 [ 1 ] {} <Debug> DatabaseAtomic (system): There are 0 detached tables. Start searching non used tables.
2025.11.02 19:46:58.580302 [ 1 ] {} <Debug> DatabaseAtomic (system): Found 0 non used tables in detached tables.
2025.11.02 19:46:58.580358 [ 1 ] {} <Debug> DatabaseAtomic (system): There are 0 detached tables. Start searching non used tables.
2025.11.02 19:46:58.580406 [ 1 ] {} <Debug> DatabaseAtomic (system): Found 0 non used tables in detached tables.
2025.11.02 19:46:58.580551 [ 1 ] {} <Debug> DatabaseAtomic (system): There are 0 detached tables. Start searching non used tables.
2025.11.02 19:46:58.580675 [ 1 ] {} <Debug> DatabaseAtomic (system): Found 0 non used tables in detached tables.
2025.11.02 19:46:58.580826 [ 1 ] {} <Debug> DatabaseAtomic (system): There are 0 detached tables. Start searching non used tables.
2025.11.02 19:46:58.580897 [ 1 ] {} <Debug> DatabaseAtomic (system): Found 0 non used tables in detached tables.
2025.11.02 19:46:58.581042 [ 1 ] {} <Debug> DatabaseAtomic (system): There are 0 detached tables. Start searching non used tables.
2025.11.02 19:46:58.581176 [ 1 ] {} <Debug> DatabaseAtomic (system): Found 0 non used tables in detached tables.
2025.11.02 19:46:58.581367 [ 1 ] {} <Debug> DatabaseAtomic (system): There are 0 detached tables. Start searching non used tables.
2025.11.02 19:46:58.581469 [ 1 ] {} <Debug> DatabaseAtomic (system): Found 0 non used tables in detached tables.
2025.11.02 19:46:58.581871 [ 1 ] {} <Debug> DatabaseAtomic (system): There are 0 detached tables. Start searching non used tables.
2025.11.02 19:46:58.581910 [ 1 ] {} <Debug> DatabaseAtomic (system): Found 0 non used tables in detached tables.
2025.11.02 19:46:58.582026 [ 1 ] {} <Debug> DatabaseAtomic (system): There are 0 detached tables. Start searching non used tables.
2025.11.02 19:46:58.582082 [ 1 ] {} <Debug> DatabaseAtomic (system): Found 0 non used tables in detached tables.
2025.11.02 19:46:58.582155 [ 1 ] {} <Debug> DatabaseAtomic (system): There are 0 detached tables. Start searching non used tables.
2025.11.02 19:46:58.582210 [ 1 ] {} <Debug> DatabaseAtomic (system): Found 0 non used tables in detached tables.
2025.11.02 19:46:58.582267 [ 1 ] {} <Debug> DatabaseAtomic (system): There are 0 detached tables. Start searching non used tables.
2025.11.02 19:46:58.582321 [ 1 ] {} <Debug> DatabaseAtomic (system): Found 0 non used tables in detached tables.
2025.11.02 19:46:58.582428 [ 1 ] {} <Debug> DatabaseAtomic (system): There are 0 detached tables. Start searching non used tables.
2025.11.02 19:46:58.582549 [ 1 ] {} <Debug> DatabaseAtomic (system): Found 0 non used tables in detached tables.
2025.11.02 19:46:58.582718 [ 1 ] {} <Debug> DatabaseAtomic (system): There are 0 detached tables. Start searching non used tables.
2025.11.02 19:46:58.582804 [ 1 ] {} <Debug> DatabaseAtomic (system): Found 0 non used tables in detached tables.
2025.11.02 19:46:58.582925 [ 1 ] {} <Debug> DatabaseAtomic (system): There are 0 detached tables. Start searching non used tables.
2025.11.02 19:46:58.583002 [ 1 ] {} <Debug> DatabaseAtomic (system): Found 0 non used tables in detached tables.
2025.11.02 19:46:58.583135 [ 1 ] {} <Debug> DatabaseAtomic (system): There are 0 detached tables. Start searching non used tables.
2025.11.02 19:46:58.583191 [ 1 ] {} <Debug> DatabaseAtomic (system): Found 0 non used tables in detached tables.
2025.11.02 19:46:58.583356 [ 1 ] {} <Debug> DatabaseAtomic (system): There are 0 detached tables. Start searching non used tables.
2025.11.02 19:46:58.583444 [ 1 ] {} <Debug> DatabaseAtomic (system): Found 0 non used tables in detached tables.
2025.11.02 19:46:58.583731 [ 1 ] {} <Debug> DatabaseAtomic (system): There are 0 detached tables. Start searching non used tables.
2025.11.02 19:46:58.583816 [ 1 ] {} <Debug> DatabaseAtomic (system): Found 0 non used tables in detached tables.
2025.11.02 19:46:58.584209 [ 1 ] {} <Debug> DatabaseAtomic (system): There are 0 detached tables. Start searching non used tables.
2025.11.02 19:46:58.584315 [ 1 ] {} <Debug> DatabaseAtomic (system): Found 0 non used tables in detached tables.
2025.11.02 19:46:58.584485 [ 1 ] {} <Debug> DatabaseAtomic (system): There are 0 detached tables. Start searching non used tables.
2025.11.02 19:46:58.584517 [ 1 ] {} <Debug> DatabaseAtomic (system): Found 0 non used tables in detached tables.
2025.11.02 19:46:58.584722 [ 1 ] {} <Debug> DatabaseAtomic (system): There are 0 detached tables. Start searching non used tables.
2025.11.02 19:46:58.584754 [ 1 ] {} <Debug> DatabaseAtomic (system): Found 0 non used tables in detached tables.
2025.11.02 19:46:58.584868 [ 1 ] {} <Debug> DatabaseAtomic (system): There are 0 detached tables. Start searching non used tables.
2025.11.02 19:46:58.584932 [ 1 ] {} <Debug> DatabaseAtomic (system): Found 0 non used tables in detached tables.
2025.11.02 19:46:58.585016 [ 1 ] {} <Debug> DatabaseAtomic (system): There are 0 detached tables. Start searching non used tables.
2025.11.02 19:46:58.585078 [ 1 ] {} <Debug> DatabaseAtomic (system): Found 0 non used tables in detached tables.
2025.11.02 19:46:58.585213 [ 1 ] {} <Debug> DatabaseAtomic (system): There are 0 detached tables. Start searching non used tables.
2025.11.02 19:46:58.585240 [ 1 ] {} <Debug> DatabaseAtomic (system): Found 0 non used tables in detached tables.
2025.11.02 19:46:58.585343 [ 1 ] {} <Debug> DatabaseAtomic (system): There are 0 detached tables. Start searching non used tables.
2025.11.02 19:46:58.585422 [ 1 ] {} <Debug> DatabaseAtomic (system): Found 0 non used tables in detached tables.
2025.11.02 19:46:58.585526 [ 1 ] {} <Debug> DatabaseAtomic (system): There are 0 detached tables. Start searching non used tables.
2025.11.02 19:46:58.585578 [ 1 ] {} <Debug> DatabaseAtomic (system): Found 0 non used tables in detached tables.
2025.11.02 19:46:58.585659 [ 1 ] {} <Debug> DatabaseAtomic (system): There are 0 detached tables. Start searching non used tables.
2025.11.02 19:46:58.585715 [ 1 ] {} <Debug> DatabaseAtomic (system): Found 0 non used tables in detached tables.
2025.11.02 19:46:58.585903 [ 1 ] {} <Debug> DatabaseAtomic (system): There are 0 detached tables. Start searching non used tables.
2025.11.02 19:46:58.585938 [ 1 ] {} <Debug> DatabaseAtomic (system): Found 0 non used tables in detached tables.
2025.11.02 19:46:58.586045 [ 1 ] {} <Debug> DatabaseAtomic (system): There are 0 detached tables. Start searching non used tables.
2025.11.02 19:46:58.586104 [ 1 ] {} <Debug> DatabaseAtomic (system): Found 0 non used tables in detached tables.
2025.11.02 19:46:58.586168 [ 1 ] {} <Debug> DatabaseAtomic (system): There are 0 detached tables. Start searching non used tables.
2025.11.02 19:46:58.586266 [ 1 ] {} <Debug> DatabaseAtomic (system): Found 0 non used tables in detached tables.
2025.11.02 19:46:58.586803 [ 1 ] {} <Debug> DatabaseAtomic (system): There are 0 detached tables. Start searching non used tables.
2025.11.02 19:46:58.586872 [ 1 ] {} <Debug> DatabaseAtomic (system): Found 0 non used tables in detached tables.
2025.11.02 19:46:58.587172 [ 1 ] {} <Debug> DatabaseAtomic (system): There are 0 detached tables. Start searching non used tables.
2025.11.02 19:46:58.587255 [ 1 ] {} <Debug> DatabaseAtomic (system): Found 0 non used tables in detached tables.
2025.11.02 19:46:58.587402 [ 1 ] {} <Debug> DatabaseAtomic (system): There are 0 detached tables. Start searching non used tables.
2025.11.02 19:46:58.587477 [ 1 ] {} <Debug> DatabaseAtomic (system): Found 0 non used tables in detached tables.
2025.11.02 19:46:58.587545 [ 1 ] {} <Debug> DatabaseAtomic (system): There are 0 detached tables. Start searching non used tables.
2025.11.02 19:46:58.587636 [ 1 ] {} <Debug> DatabaseAtomic (system): Found 0 non used tables in detached tables.
2025.11.02 19:46:58.587826 [ 1 ] {} <Debug> DatabaseAtomic (system): There are 0 detached tables. Start searching non used tables.
2025.11.02 19:46:58.587891 [ 1 ] {} <Debug> DatabaseAtomic (system): Found 0 non used tables in detached tables.
2025.11.02 19:46:58.587932 [ 1 ] {} <Debug> DatabaseAtomic (system): There are 0 detached tables. Start searching non used tables.
2025.11.02 19:46:58.587953 [ 1 ] {} <Debug> DatabaseAtomic (system): Found 0 non used tables in detached tables.
2025.11.02 19:46:58.588073 [ 1 ] {} <Debug> DatabaseAtomic (system): There are 0 detached tables. Start searching non used tables.
2025.11.02 19:46:58.588125 [ 1 ] {} <Debug> DatabaseAtomic (system): Found 0 non used tables in detached tables.
2025.11.02 19:46:58.588178 [ 1 ] {} <Debug> DatabaseAtomic (system): There are 0 detached tables. Start searching non used tables.
2025.11.02 19:46:58.588231 [ 1 ] {} <Debug> DatabaseAtomic (system): Found 0 non used tables in detached tables.
2025.11.02 19:46:58.588342 [ 1 ] {} <Debug> DatabaseAtomic (system): There are 0 detached tables. Start searching non used tables.
2025.11.02 19:46:58.588382 [ 1 ] {} <Debug> DatabaseAtomic (system): Found 0 non used tables in detached tables.
2025.11.02 19:46:58.588503 [ 1 ] {} <Debug> DatabaseAtomic (system): There are 0 detached tables. Start searching non used tables.
2025.11.02 19:46:58.588527 [ 1 ] {} <Debug> DatabaseAtomic (system): Found 0 non used tables in detached tables.
2025.11.02 19:46:58.588591 [ 1 ] {} <Debug> DatabaseAtomic (system): There are 0 detached tables. Start searching non used tables.
2025.11.02 19:46:58.588622 [ 1 ] {} <Debug> DatabaseAtomic (system): Found 0 non used tables in detached tables.
2025.11.02 19:46:58.588717 [ 1 ] {} <Debug> DatabaseAtomic (system): There are 0 detached tables. Start searching non used tables.
2025.11.02 19:46:58.588796 [ 1 ] {} <Debug> DatabaseAtomic (system): Found 0 non used tables in detached tables.
2025.11.02 19:46:58.588904 [ 1 ] {} <Debug> DatabaseAtomic (system): There are 0 detached tables. Start searching non used tables.
2025.11.02 19:46:58.588983 [ 1 ] {} <Debug> DatabaseAtomic (system): Found 0 non used tables in detached tables.
2025.11.02 19:46:58.589069 [ 1 ] {} <Debug> DatabaseAtomic (system): There are 0 detached tables. Start searching non used tables.
2025.11.02 19:46:58.589112 [ 1 ] {} <Debug> DatabaseAtomic (system): Found 0 non used tables in detached tables.
2025.11.02 19:46:58.589191 [ 1 ] {} <Debug> DatabaseAtomic (system): There are 0 detached tables. Start searching non used tables.
2025.11.02 19:46:58.589212 [ 1 ] {} <Debug> DatabaseAtomic (system): Found 0 non used tables in detached tables.
2025.11.02 19:46:58.590083 [ 1 ] {} <Debug> DatabaseAtomic (system): There are 0 detached tables. Start searching non used tables.
2025.11.02 19:46:58.592867 [ 1 ] {} <Debug> DatabaseAtomic (system): Found 0 non used tables in detached tables.
2025.11.02 19:46:58.592974 [ 1 ] {} <Debug> DatabaseAtomic (system): There are 0 detached tables. Start searching non used tables.
2025.11.02 19:46:58.593006 [ 1 ] {} <Debug> DatabaseAtomic (system): Found 0 non used tables in detached tables.
2025.11.02 19:46:58.593052 [ 1 ] {} <Debug> DatabaseAtomic (system): There are 0 detached tables. Start searching non used tables.
2025.11.02 19:46:58.593071 [ 1 ] {} <Debug> DatabaseAtomic (system): Found 0 non used tables in detached tables.
2025.11.02 19:46:58.593108 [ 1 ] {} <Debug> DatabaseAtomic (system): There are 0 detached tables. Start searching non used tables.
2025.11.02 19:46:58.593126 [ 1 ] {} <Debug> DatabaseAtomic (system): Found 0 non used tables in detached tables.
2025.11.02 19:46:58.593165 [ 1 ] {} <Debug> DatabaseAtomic (system): There are 0 detached tables. Start searching non used tables.
2025.11.02 19:46:58.593183 [ 1 ] {} <Debug> DatabaseAtomic (system): Found 0 non used tables in detached tables.
2025.11.02 19:46:58.593218 [ 1 ] {} <Debug> DatabaseAtomic (system): There are 0 detached tables. Start searching non used tables.
2025.11.02 19:46:58.593257 [ 1 ] {} <Debug> DatabaseAtomic (system): Found 0 non used tables in detached tables.
2025.11.02 19:46:58.593354 [ 1 ] {} <Debug> DatabaseAtomic (system): There are 0 detached tables. Start searching non used tables.
2025.11.02 19:46:58.593375 [ 1 ] {} <Debug> DatabaseAtomic (system): Found 0 non used tables in detached tables.
2025.11.02 19:46:58.593416 [ 1 ] {} <Debug> DatabaseAtomic (system): There are 0 detached tables. Start searching non used tables.
2025.11.02 19:46:58.593434 [ 1 ] {} <Debug> DatabaseAtomic (system): Found 0 non used tables in detached tables.
2025.11.02 19:46:58.593494 [ 1 ] {} <Debug> DatabaseAtomic (system): There are 0 detached tables. Start searching non used tables.
2025.11.02 19:46:58.593520 [ 1 ] {} <Debug> DatabaseAtomic (system): Found 0 non used tables in detached tables.
2025.11.02 19:46:58.593584 [ 1 ] {} <Debug> DatabaseAtomic (system): There are 0 detached tables. Start searching non used tables.
2025.11.02 19:46:58.593606 [ 1 ] {} <Debug> DatabaseAtomic (system): Found 0 non used tables in detached tables.
2025.11.02 19:46:58.593650 [ 1 ] {} <Debug> DatabaseAtomic (system): There are 0 detached tables. Start searching non used tables.
2025.11.02 19:46:58.593668 [ 1 ] {} <Debug> DatabaseAtomic (system): Found 0 non used tables in detached tables.
2025.11.02 19:46:58.593711 [ 1 ] {} <Debug> DatabaseAtomic (system): There are 0 detached tables. Start searching non used tables.
2025.11.02 19:46:58.593758 [ 1 ] {} <Debug> DatabaseAtomic (system): Found 0 non used tables in detached tables.
2025.11.02 19:46:58.593933 [ 1 ] {} <Debug> DatabaseAtomic (system): There are 0 detached tables. Start searching non used tables.
2025.11.02 19:46:58.594036 [ 1 ] {} <Debug> DatabaseAtomic (system): Found 0 non used tables in detached tables.
2025.11.02 19:46:58.594139 [ 1 ] {} <Debug> DatabaseAtomic (system): There are 0 detached tables. Start searching non used tables.
2025.11.02 19:46:58.594235 [ 1 ] {} <Debug> DatabaseAtomic (system): Found 0 non used tables in detached tables.
2025.11.02 19:46:58.594314 [ 1 ] {} <Debug> DatabaseAtomic (system): There are 0 detached tables. Start searching non used tables.
2025.11.02 19:46:58.594402 [ 1 ] {} <Debug> DatabaseAtomic (system): Found 0 non used tables in detached tables.
2025.11.02 19:46:58.594720 [ 1 ] {} <Debug> DatabaseAtomic (system): There are 0 detached tables. Start searching non used tables.
2025.11.02 19:46:58.594852 [ 1 ] {} <Debug> DatabaseAtomic (system): Found 0 non used tables in detached tables.
2025.11.02 19:46:58.594982 [ 1 ] {} <Debug> DatabaseAtomic (system): There are 0 detached tables. Start searching non used tables.
2025.11.02 19:46:58.595114 [ 1 ] {} <Debug> DatabaseAtomic (system): Found 0 non used tables in detached tables.
2025.11.02 19:46:58.595185 [ 1 ] {} <Debug> DatabaseAtomic (system): There are 0 detached tables. Start searching non used tables.
2025.11.02 19:46:58.595951 [ 1 ] {} <Debug> DatabaseAtomic (system): Found 0 non used tables in detached tables.
2025.11.02 19:46:58.596090 [ 1 ] {} <Debug> DatabaseAtomic (system): There are 0 detached tables. Start searching non used tables.
2025.11.02 19:46:58.596145 [ 1 ] {} <Debug> DatabaseAtomic (system): Found 0 non used tables in detached tables.
2025.11.02 19:46:58.596249 [ 1 ] {} <Debug> DatabaseAtomic (system): There are 0 detached tables. Start searching non used tables.
2025.11.02 19:46:58.596287 [ 1 ] {} <Debug> DatabaseAtomic (system): Found 0 non used tables in detached tables.
2025.11.02 19:46:58.596337 [ 1 ] {} <Debug> DatabaseAtomic (system): There are 0 detached tables. Start searching non used tables.
2025.11.02 19:46:58.596377 [ 1 ] {} <Debug> DatabaseAtomic (system): Found 0 non used tables in detached tables.
2025.11.02 19:46:58.596440 [ 1 ] {} <Debug> DatabaseAtomic (system): There are 0 detached tables. Start searching non used tables.
2025.11.02 19:46:58.596478 [ 1 ] {} <Debug> DatabaseAtomic (system): Found 0 non used tables in detached tables.
2025.11.02 19:46:58.596579 [ 1 ] {} <Debug> DatabaseAtomic (system): There are 0 detached tables. Start searching non used tables.
2025.11.02 19:46:58.596625 [ 1 ] {} <Debug> DatabaseAtomic (system): Found 0 non used tables in detached tables.
2025.11.02 19:46:58.596680 [ 1 ] {} <Debug> DatabaseAtomic (system): There are 0 detached tables. Start searching non used tables.
2025.11.02 19:46:58.596701 [ 1 ] {} <Debug> DatabaseAtomic (system): Found 0 non used tables in detached tables.
2025.11.02 19:46:58.596737 [ 1 ] {} <Debug> DatabaseAtomic (system): There are 0 detached tables. Start searching non used tables.
2025.11.02 19:46:58.596755 [ 1 ] {} <Debug> DatabaseAtomic (system): Found 0 non used tables in detached tables.
2025.11.02 19:46:58.596803 [ 1 ] {} <Debug> DatabaseAtomic (system): There are 0 detached tables. Start searching non used tables.
2025.11.02 19:46:58.596859 [ 1 ] {} <Debug> DatabaseAtomic (system): Found 0 non used tables in detached tables.
2025.11.02 19:46:58.596955 [ 1 ] {} <Debug> DatabaseAtomic (system): There are 0 detached tables. Start searching non used tables.
2025.11.02 19:46:58.597001 [ 1 ] {} <Debug> DatabaseAtomic (system): Found 0 non used tables in detached tables.
2025.11.02 19:46:58.597070 [ 1 ] {} <Debug> DatabaseAtomic (system): There are 0 detached tables. Start searching non used tables.
2025.11.02 19:46:58.597106 [ 1 ] {} <Debug> DatabaseAtomic (system): Found 0 non used tables in detached tables.
2025.11.02 19:46:58.597163 [ 1 ] {} <Debug> DatabaseAtomic (system): There are 0 detached tables. Start searching non used tables.
2025.11.02 19:46:58.597198 [ 1 ] {} <Debug> DatabaseAtomic (system): Found 0 non used tables in detached tables.
2025.11.02 19:46:58.597248 [ 1 ] {} <Debug> DatabaseAtomic (system): There are 0 detached tables. Start searching non used tables.
2025.11.02 19:46:58.597279 [ 1 ] {} <Debug> DatabaseAtomic (system): Found 0 non used tables in detached tables.
2025.11.02 19:46:58.597343 [ 1 ] {} <Debug> DatabaseAtomic (system): There are 0 detached tables. Start searching non used tables.
2025.11.02 19:46:58.597379 [ 1 ] {} <Debug> DatabaseAtomic (system): Found 0 non used tables in detached tables.
2025.11.02 19:46:58.597438 [ 1 ] {} <Debug> DatabaseAtomic (system): There are 0 detached tables. Start searching non used tables.
2025.11.02 19:46:58.597471 [ 1 ] {} <Debug> DatabaseAtomic (system): Found 0 non used tables in detached tables.
2025.11.02 19:46:58.597503 [ 1 ] {} <Debug> DatabaseAtomic (system): There are 0 detached tables. Start searching non used tables.
2025.11.02 19:46:58.597521 [ 1 ] {} <Debug> DatabaseAtomic (system): Found 0 non used tables in detached tables.
2025.11.02 19:46:58.597569 [ 1 ] {} <Debug> DatabaseAtomic (system): There are 0 detached tables. Start searching non used tables.
2025.11.02 19:46:58.597603 [ 1 ] {} <Debug> DatabaseAtomic (system): Found 0 non used tables in detached tables.
2025.11.02 19:46:58.597669 [ 1 ] {} <Debug> DatabaseAtomic (system): There are 0 detached tables. Start searching non used tables.
2025.11.02 19:46:58.597699 [ 1 ] {} <Debug> DatabaseAtomic (system): Found 0 non used tables in detached tables.
2025.11.02 19:46:58.597755 [ 1 ] {} <Debug> DatabaseAtomic (system): There are 0 detached tables. Start searching non used tables.
2025.11.02 19:46:58.597797 [ 1 ] {} <Debug> DatabaseAtomic (system): Found 0 non used tables in detached tables.
2025.11.02 19:46:58.597862 [ 1 ] {} <Debug> DatabaseAtomic (system): There are 0 detached tables. Start searching non used tables.
2025.11.02 19:46:58.597890 [ 1 ] {} <Debug> DatabaseAtomic (system): Found 0 non used tables in detached tables.
2025.11.02 19:46:58.597950 [ 1 ] {} <Debug> DatabaseAtomic (system): There are 0 detached tables. Start searching non used tables.
2025.11.02 19:46:58.598010 [ 1 ] {} <Debug> DatabaseAtomic (system): Found 0 non used tables in detached tables.
2025.11.02 19:46:58.598100 [ 1 ] {} <Debug> DatabaseAtomic (system): There are 0 detached tables. Start searching non used tables.
2025.11.02 19:46:58.598141 [ 1 ] {} <Debug> DatabaseAtomic (system): Found 0 non used tables in detached tables.
2025.11.02 19:46:58.602230 [ 1 ] {} <Information> DatabaseCatalog: Found 0 partially dropped tables. Will load them and retry removal.
2025.11.02 19:46:58.602976 [ 1 ] {} <Information> DatabaseAtomic (default): Metadata processed, database default has 0 tables and 0 dictionaries in total.
2025.11.02 19:46:58.603007 [ 1 ] {} <Information> TablesLoader: Parsed metadata of 0 tables in 1 databases in 3.6542e-05 sec
2025.11.02 19:46:58.603059 [ 1 ] {} <Information> loadMetadata: Start asynchronous loading of databases
2025.11.02 19:46:58.603127 [ 1 ] {} <Debug> AsyncLoader: Schedule load job 'startup Ordinary database default' into BackgrndStartup
2025.11.02 19:46:58.603178 [ 1 ] {} <Debug> AsyncLoader: Schedule load job 'startup Atomic database default' into BackgrndStartup
2025.11.02 19:46:58.603217 [ 1 ] {} <Debug> AsyncLoader: Change current priority: none -> 2
2025.11.02 19:46:58.603238 [ 1 ] {} <Debug> AsyncLoader: Spawn loader worker #1 in BackgrndStartup
2025.11.02 19:46:58.603337 [ 1 ] {} <Information> UserDefinedSQLObjectsLoaderFromDisk: Loading user defined objects from /var/lib/clickhouse/user_defined/
2025.11.02 19:46:58.603378 [ 1 ] {} <Debug> UserDefinedSQLObjectsLoaderFromDisk: The directory for user defined objects (/var/lib/clickhouse/user_defined/) does not exist: nothing to load
2025.11.02 19:46:58.603357 [ 719 ] {} <Debug> AsyncLoader: Execute load job 'startup Ordinary database default' in BackgrndStartup
2025.11.02 19:46:58.603481 [ 719 ] {} <Debug> AsyncLoader: Finish load job 'startup Ordinary database default' with status OK
2025.11.02 19:46:58.603521 [ 719 ] {} <Debug> AsyncLoader: Spawn loader worker #2 in BackgrndStartup
2025.11.02 19:46:58.603448 [ 1 ] {} <Information> WorkloadEntityDiskStorage: Loading workload entities from /var/lib/clickhouse/workload/
2025.11.02 19:46:58.603597 [ 1 ] {} <Debug> WorkloadEntityDiskStorage: The directory for workload entities (/var/lib/clickhouse/workload/) does not exist: nothing to load
2025.11.02 19:46:58.603631 [ 719 ] {} <Debug> AsyncLoader: Execute load job 'startup Atomic database default' in BackgrndStartup
2025.11.02 19:46:58.603769 [ 719 ] {} <Debug> AsyncLoader: Finish load job 'startup Atomic database default' with status OK
2025.11.02 19:46:58.603809 [ 719 ] {} <Debug> AsyncLoader: Stop worker in BackgrndStartup
2025.11.02 19:46:58.603872 [ 721 ] {} <Debug> AsyncLoader: Stop worker in BackgrndStartup
2025.11.02 19:46:58.604311 [ 721 ] {} <Debug> AsyncLoader: Change current priority: 2 -> none
2025.11.02 19:46:58.608632 [ 1 ] {} <Information> ZooKeeperClient: Connected to ZooKeeper at 172.19.0.2:2181 with session_id 72057596655828995
2025.11.02 19:46:58.611246 [ 1 ] {} <Information> ZooKeeperClient: Keeper feature flag FILTERED_LIST: disabled
2025.11.02 19:46:58.611302 [ 1 ] {} <Information> ZooKeeperClient: Keeper feature flag MULTI_READ: disabled
2025.11.02 19:46:58.611340 [ 1 ] {} <Information> ZooKeeperClient: Keeper feature flag CHECK_NOT_EXISTS: disabled
2025.11.02 19:46:58.611362 [ 1 ] {} <Information> ZooKeeperClient: Keeper feature flag CREATE_IF_NOT_EXISTS: disabled
2025.11.02 19:46:58.611382 [ 1 ] {} <Information> ZooKeeperClient: Keeper feature flag REMOVE_RECURSIVE: disabled
2025.11.02 19:46:58.621629 [ 1 ] {} <Debug> Application: Loaded metadata.
2025.11.02 19:46:58.621712 [ 1 ] {} <Information> Application: Tasks stats provider: procfs
2025.11.02 19:46:58.621739 [ 1 ] {} <Information> Application: It looks like the process has no CAP_SYS_NICE capability, the setting 'os_thread_priority' will have no effect. It could happen due to incorrect ClickHouse package installation. You could resolve the problem manually with 'sudo setcap cap_sys_nice=+ep /usr/bin/clickhouse'. Note that it will not work on 'nosuid' mounted filesystems.
2025.11.02 19:46:58.621947 [ 1 ] {} <Debug> DatabaseAtomic (system): There are 0 detached tables. Start searching non used tables.
2025.11.02 19:46:58.622044 [ 1 ] {} <Debug> DatabaseAtomic (system): Found 0 non used tables in detached tables.
2025.11.02 19:46:58.622350 [ 1 ] {} <Warning> Application: Listen [::]:8123 failed: Poco::Exception. Code: 1000, e.code() = 0, DNS error: EAI: Address family for hostname not supported (version 25.3.7.194 (official build)). If it is an IPv6 or IPv4 address and your host has disabled IPv6 or IPv4, then consider to specify not disabled IPv4 or IPv6 address to listen in <listen_host> element of configuration file. Example for disabled IPv6: <listen_host>0.0.0.0</listen_host> . Example for disabled IPv4: <listen_host>::</listen_host>
2025.11.02 19:46:58.622681 [ 1 ] {} <Warning> Application: Listen [::]:9000 failed: Poco::Exception. Code: 1000, e.code() = 0, DNS error: EAI: Address family for hostname not supported (version 25.3.7.194 (official build)). If it is an IPv6 or IPv4 address and your host has disabled IPv6 or IPv4, then consider to specify not disabled IPv4 or IPv6 address to listen in <listen_host> element of configuration file. Example for disabled IPv6: <listen_host>0.0.0.0</listen_host> . Example for disabled IPv4: <listen_host>::</listen_host>
2025.11.02 19:46:58.622888 [ 1 ] {} <Warning> Application: Listen [::]:8001 failed: Poco::Exception. Code: 1000, e.code() = 0, DNS error: EAI: Address family for hostname not supported (version 25.3.7.194 (official build)). If it is an IPv6 or IPv4 address and your host has disabled IPv6 or IPv4, then consider to specify not disabled IPv4 or IPv6 address to listen in <listen_host> element of configuration file. Example for disabled IPv6: <listen_host>0.0.0.0</listen_host> . Example for disabled IPv4: <listen_host>::</listen_host>
2025.11.02 19:46:58.623321 [ 1 ] {} <Information> CertificateReloader: One of paths is empty. Cannot apply new configuration for certificates. Fill all paths and try again.
2025.11.02 19:46:58.624085 [ 1 ] {} <Information> CertificateReloader: One of paths is empty. Cannot apply new configuration for certificates. Fill all paths and try again.
2025.11.02 19:46:58.630399 [ 1 ] {} <Debug> AsyncLoader: Schedule load job 'startup ddl worker' into BackgrndStartup
2025.11.02 19:46:58.630538 [ 1 ] {} <Debug> AsyncLoader: Change current priority: none -> 2
2025.11.02 19:46:58.630703 [ 1 ] {} <Debug> AsyncLoader: Spawn loader worker #1 in BackgrndStartup
2025.11.02 19:46:58.631331 [ 1 ] {} <Information> Application: Listening for http://0.0.0.0:8123
2025.11.02 19:46:58.631474 [ 1 ] {} <Information> Application: Listening for native protocol (tcp): 0.0.0.0:9000
2025.11.02 19:46:58.631256 [ 727 ] {} <Debug> AsyncLoader: Execute load job 'startup ddl worker' in BackgrndStartup
2025.11.02 19:46:58.631805 [ 1 ] {} <Information> Application: Listening for Prometheus: http://0.0.0.0:8001
2025.11.02 19:46:58.632136 [ 731 ] {} <Debug> DDLWorker: Starting DDLWorker thread
2025.11.02 19:46:58.632387 [ 731 ] {} <Debug> DDLWorker: Initializing DDLWorker thread
2025.11.02 19:46:58.632282 [ 726 ] {} <Debug> DDLWorker: Started DDLWorker cleanup thread
2025.11.02 19:46:58.632314 [ 1 ] {} <Information> Application: Ready for connections.
2025.11.02 19:46:58.632240 [ 727 ] {} <Debug> AsyncLoader: Finish load job 'startup ddl worker' with status OK
2025.11.02 19:46:58.633970 [ 727 ] {} <Debug> AsyncLoader: Stop worker in BackgrndStartup
2025.11.02 19:46:58.634075 [ 727 ] {} <Debug> AsyncLoader: Change current priority: 2 -> none
2025.11.02 19:46:58.641925 [ 731 ] {} <Debug> DDLWorker: Initialized DDLWorker thread
2025.11.02 19:46:58.642025 [ 726 ] {} <Debug> DDLWorker: Cleaning queue
2025.11.02 19:46:58.644112 [ 731 ] {} <Debug> DDLWorker: Scheduling tasks
2025.11.02 19:46:58.645007 [ 731 ] {} <Debug> DDLWorker: No tasks to schedule
2025.11.02 19:46:58.645054 [ 731 ] {} <Debug> DDLWorker: Waiting for queue updates
2025.11.02 19:46:58.866398 [ 79 ] {} <Information> TCPHandler: Client has not sent any data.
2025.11.02 19:46:58.866540 [ 79 ] {} <Debug> TCPHandler: Done processing connection.
2025.11.02 19:46:58.901184 [ 79 ] {} <Information> TCPHandler: Client has not sent any data.
2025.11.02 19:46:58.901402 [ 79 ] {} <Debug> TCPHandler: Done processing connection.
2025.11.02 19:46:58.979303 [ 731 ] {} <Debug> DDLWorker: Scheduling tasks
2025.11.02 19:46:58.981494 [ 731 ] {} <Debug> DDLWorker: Will schedule 1 tasks starting from query-0000000000
2025.11.02 19:46:58.983243 [ 731 ] {} <Debug> DDLWorker: Processing task query-0000000000 (query: CREATE DATABASE IF NOT EXISTS db_rand_shard UUID 'd6fe2a96-6775-4f13-82a7-79e137a66d33', backup restore: false)
2025.11.02 19:46:58.984476 [ 731 ] {} <Debug> DDLWorker: Executing query: CREATE DATABASE IF NOT EXISTS db_rand_shard UUID 'd6fe2a96-6775-4f13-82a7-79e137a66d33'
2025.11.02 19:46:58.984605 [ 731 ] {48b59538-b747-443c-9e3a-e2423927ed57} <Debug> executeQuery: (from 0.0.0.0:0, user: , initial_query_id: 99d5c253-1feb-4b7f-becf-30be9556b7f1) /* ddl_entry=query-0000000000 */ CREATE DATABASE IF NOT EXISTS db_rand_shard UUID 'd6fe2a96-6775-4f13-82a7-79e137a66d33' (stage: Complete)
2025.11.02 19:46:58.986127 [ 731 ] {48b59538-b747-443c-9e3a-e2423927ed57} <Information> DatabaseAtomic (db_rand_shard): Metadata processed, database db_rand_shard has 0 tables and 0 dictionaries in total.
2025.11.02 19:46:58.986166 [ 731 ] {48b59538-b747-443c-9e3a-e2423927ed57} <Information> TablesLoader: Parsed metadata of 0 tables in 1 databases in 4.6541e-05 sec
2025.11.02 19:46:58.986206 [ 731 ] {48b59538-b747-443c-9e3a-e2423927ed57} <Debug> AsyncLoader: Prioritize load job 'startup Atomic database db_rand_shard': BackgrndStartup -> ForegroundLoad
2025.11.02 19:46:58.986244 [ 731 ] {48b59538-b747-443c-9e3a-e2423927ed57} <Debug> AsyncLoader: Prioritize load job 'startup Ordinary database db_rand_shard': BackgrndStartup -> ForegroundLoad
2025.11.02 19:46:58.986284 [ 731 ] {48b59538-b747-443c-9e3a-e2423927ed57} <Debug> AsyncLoader: Schedule load job 'startup Ordinary database db_rand_shard' into ForegroundLoad
2025.11.02 19:46:58.986330 [ 731 ] {48b59538-b747-443c-9e3a-e2423927ed57} <Debug> AsyncLoader: Schedule load job 'startup Atomic database db_rand_shard' into ForegroundLoad
2025.11.02 19:46:58.986385 [ 731 ] {48b59538-b747-443c-9e3a-e2423927ed57} <Debug> AsyncLoader: Change current priority: none -> 0
2025.11.02 19:46:58.986463 [ 731 ] {48b59538-b747-443c-9e3a-e2423927ed57} <Debug> AsyncLoader: Spawn loader worker #1 in ForegroundLoad
2025.11.02 19:46:58.986588 [ 731 ] {48b59538-b747-443c-9e3a-e2423927ed57} <Debug> AsyncLoader: Wait load job 'startup Atomic database db_rand_shard' in ForegroundLoad
2025.11.02 19:46:58.986632 [ 732 ] {} <Debug> AsyncLoader: Execute load job 'startup Ordinary database db_rand_shard' in ForegroundLoad
2025.11.02 19:46:58.986756 [ 732 ] {} <Debug> AsyncLoader: Finish load job 'startup Ordinary database db_rand_shard' with status OK
2025.11.02 19:46:58.986828 [ 732 ] {} <Debug> AsyncLoader: Spawn loader worker #2 in ForegroundLoad
2025.11.02 19:46:58.987434 [ 732 ] {} <Debug> AsyncLoader: Execute load job 'startup Atomic database db_rand_shard' in ForegroundLoad
2025.11.02 19:46:58.987536 [ 732 ] {} <Debug> AsyncLoader: Finish load job 'startup Atomic database db_rand_shard' with status OK
2025.11.02 19:46:58.987606 [ 732 ] {} <Debug> AsyncLoader: Stop worker in ForegroundLoad
2025.11.02 19:46:58.987684 [ 727 ] {} <Debug> AsyncLoader: Stop worker in ForegroundLoad
2025.11.02 19:46:58.987742 [ 727 ] {} <Debug> AsyncLoader: Change current priority: 0 -> none
2025.11.02 19:46:58.987823 [ 731 ] {48b59538-b747-443c-9e3a-e2423927ed57} <Debug> DDLWorker: Executed query: /* ddl_entry=query-0000000000 */ CREATE DATABASE IF NOT EXISTS db_rand_shard UUID 'd6fe2a96-6775-4f13-82a7-79e137a66d33'
2025.11.02 19:46:58.989843 [ 731 ] {} <Debug> DDLWorker: Waiting for queue updates
2025.11.02 19:46:59.063337 [ 731 ] {} <Debug> DDLWorker: Scheduling tasks
2025.11.02 19:46:59.064177 [ 731 ] {} <Debug> DDLWorker: Will schedule 1 tasks starting from query-0000000001
2025.11.02 19:46:59.065264 [ 731 ] {} <Debug> DDLWorker: Processing task query-0000000001 (query: CREATE TABLE db_rand_shard.tbl_rand_shard_local UUID 'd7039b8c-7c46-4499-959e-b501b7d0925e' (`create_time` DateTime, `value` Nullable(String)) ENGINE = MergeTree ORDER BY create_time, backup restore: false)
2025.11.02 19:46:59.066855 [ 731 ] {} <Debug> DDLWorker: Executing query: CREATE TABLE db_rand_shard.tbl_rand_shard_local UUID 'd7039b8c-7c46-4499-959e-b501b7d0925e' (`create_time` DateTime, `value` Nullable(String)) ENGINE = MergeTree ORDER BY create_time
2025.11.02 19:46:59.067139 [ 731 ] {fe5222e0-dfbd-4cd9-ba22-daadfde2fa2b} <Debug> executeQuery: (from 0.0.0.0:0, user: , initial_query_id: 5e9fd5a3-efde-4b84-8172-66e645b87968) /* ddl_entry=query-0000000001 */ CREATE TABLE db_rand_shard.tbl_rand_shard_local UUID 'd7039b8c-7c46-4499-959e-b501b7d0925e' (`create_time` DateTime, `value` Nullable(String)) ENGINE = MergeTree ORDER BY create_time (stage: Complete)
2025.11.02 19:46:59.071579 [ 731 ] {fe5222e0-dfbd-4cd9-ba22-daadfde2fa2b} <Debug> db_rand_shard.tbl_rand_shard_local (d7039b8c-7c46-4499-959e-b501b7d0925e): Loading data parts
2025.11.02 19:46:59.077637 [ 731 ] {fe5222e0-dfbd-4cd9-ba22-daadfde2fa2b} <Debug> db_rand_shard.tbl_rand_shard_local (d7039b8c-7c46-4499-959e-b501b7d0925e): There are no data parts
2025.11.02 19:46:59.078833 [ 731 ] {fe5222e0-dfbd-4cd9-ba22-daadfde2fa2b} <Debug> DatabaseAtomic (db_rand_shard): There are 0 detached tables. Start searching non used tables.
2025.11.02 19:46:59.078918 [ 731 ] {fe5222e0-dfbd-4cd9-ba22-daadfde2fa2b} <Debug> DatabaseAtomic (db_rand_shard): Found 0 non used tables in detached tables.
2025.11.02 19:46:59.079547 [ 731 ] {fe5222e0-dfbd-4cd9-ba22-daadfde2fa2b} <Debug> DDLWorker: Executed query: /* ddl_entry=query-0000000001 */ CREATE TABLE db_rand_shard.tbl_rand_shard_local UUID 'd7039b8c-7c46-4499-959e-b501b7d0925e' (`create_time` DateTime, `value` Nullable(String)) ENGINE = MergeTree ORDER BY create_time
2025.11.02 19:46:59.081572 [ 731 ] {} <Debug> DDLWorker: Waiting for queue updates
2025.11.02 19:46:59.136292 [ 731 ] {} <Debug> DDLWorker: Scheduling tasks
2025.11.02 19:46:59.136779 [ 731 ] {} <Debug> DDLWorker: Will schedule 1 tasks starting from query-0000000002
2025.11.02 19:46:59.138099 [ 731 ] {} <Debug> DDLWorker: Processing task query-0000000002 (query: CREATE TABLE db_rand_shard.tbl_rand_shard UUID '37760a6b-976b-4155-8e4e-8c147c0bb6b0' (`create_time` DateTime, `value` Nullable(String)) ENGINE = Distributed(single_replica, 'db_rand_shard', 'tbl_rand_shard_local', rand()), backup restore: false)
2025.11.02 19:46:59.138911 [ 731 ] {} <Debug> DDLWorker: Executing query: CREATE TABLE db_rand_shard.tbl_rand_shard UUID '37760a6b-976b-4155-8e4e-8c147c0bb6b0' (`create_time` DateTime, `value` Nullable(String)) ENGINE = Distributed(single_replica, 'db_rand_shard', 'tbl_rand_shard_local', rand())
2025.11.02 19:46:59.139027 [ 731 ] {c973a6ff-f25b-4dd6-93dd-b19969d730dc} <Debug> executeQuery: (from 0.0.0.0:0, user: , initial_query_id: 7481099c-83d8-46ce-9205-f5d5433fcf95) /* ddl_entry=query-0000000002 */ CREATE TABLE db_rand_shard.tbl_rand_shard UUID '37760a6b-976b-4155-8e4e-8c147c0bb6b0' (`create_time` DateTime, `value` Nullable(String)) ENGINE = Distributed(single_replica, 'db_rand_shard', 'tbl_rand_shard_local', rand()) (stage: Complete)
2025.11.02 19:46:59.139422 [ 731 ] {c973a6ff-f25b-4dd6-93dd-b19969d730dc} <Debug> StorageDistributed (tbl_rand_shard): Auto-increment is 0
2025.11.02 19:46:59.141106 [ 731 ] {c973a6ff-f25b-4dd6-93dd-b19969d730dc} <Debug> DatabaseAtomic (db_rand_shard): There are 0 detached tables. Start searching non used tables.
2025.11.02 19:46:59.141159 [ 731 ] {c973a6ff-f25b-4dd6-93dd-b19969d730dc} <Debug> DatabaseAtomic (db_rand_shard): Found 0 non used tables in detached tables.
2025.11.02 19:46:59.141289 [ 731 ] {c973a6ff-f25b-4dd6-93dd-b19969d730dc} <Debug> DDLWorker: Executed query: /* ddl_entry=query-0000000002 */ CREATE TABLE db_rand_shard.tbl_rand_shard UUID '37760a6b-976b-4155-8e4e-8c147c0bb6b0' (`create_time` DateTime, `value` Nullable(String)) ENGINE = Distributed(single_replica, 'db_rand_shard', 'tbl_rand_shard_local', rand())
2025.11.02 19:46:59.143231 [ 731 ] {} <Debug> DDLWorker: Waiting for queue updates
2025.11.02 19:46:59.233319 [ 79 ] {} <Debug> TCPHandler: Connected ClickHouse server version 25.3.0, revision: 54476, user: default.
2025.11.02 19:46:59.233630 [ 79 ] {} <Debug> TCP-Session-7c9c023f-5b6b-49f6-98bd-bf171ff55af7: Authenticating user 'default' from 172.19.0.5:52392
2025.11.02 19:46:59.233725 [ 79 ] {} <Debug> TCP-Session-7c9c023f-5b6b-49f6-98bd-bf171ff55af7: 7c9c023f-5b6b-49f6-98bd-bf171ff55af7 Authenticated with global context as user 94309d50-4f52-5250-31bd-74fecac179db
2025.11.02 19:46:59.233799 [ 79 ] {} <Debug> TCP-Session-7c9c023f-5b6b-49f6-98bd-bf171ff55af7: Creating session context with user_id: 94309d50-4f52-5250-31bd-74fecac179db
2025.11.02 19:46:59.235694 [ 79 ] {1d343ae4-b3de-4d8a-87cc-06e2caa998aa} <Debug> executeQuery: (from 172.19.0.5:52392, initial_query_id: 7a80713b-2a4c-4559-8098-f8a25252ba17) SELECT `__table1`.`create_time` AS `create_time`, `__table1`.`value` AS `value` FROM `db_rand_shard`.`tbl_rand_shard_local` AS `__table1` WHERE _CAST(0, 'UInt8') (stage: Complete)
2025.11.02 19:46:59.237042 [ 79 ] {1d343ae4-b3de-4d8a-87cc-06e2caa998aa} <Debug> TCPHandler: Processed in 0.00159975 sec.
2025.11.02 19:46:59.409027 [ 79 ] {f357cb7a-70d6-4997-a0fc-9b3828f28412} <Debug> executeQuery: (from 172.19.0.5:52392, initial_query_id: 9ee22f47-7b55-4c3a-9ddb-30642a5e429d) INSERT INTO db_rand_shard.tbl_rand_shard_local (create_time, value) VALUES (stage: Complete)
2025.11.02 19:46:59.410686 [ 79 ] {f357cb7a-70d6-4997-a0fc-9b3828f28412} <Debug> executeQuery: Read 1 rows, 15.00 B in 0.001698 sec., 588.9281507656066 rows/sec., 8.63 KiB/sec.
2025.11.02 19:46:59.410820 [ 79 ] {f357cb7a-70d6-4997-a0fc-9b3828f28412} <Debug> MemoryTracker: Query peak memory usage: 4.27 MiB.
2025.11.02 19:46:59.410883 [ 79 ] {f357cb7a-70d6-4997-a0fc-9b3828f28412} <Debug> TCPHandler: Processed in 0.002045125 sec.
2025.11.02 19:46:59.415728 [ 79 ] {590732ef-6159-49d9-9b38-c969077328ee} <Debug> executeQuery: (from 172.19.0.5:52392, initial_query_id: caa10846-8d60-4cb8-ba2d-ec962fd31dee) SELECT `__table1`.`create_time` AS `create_time`, `__table1`.`value` AS `value` FROM `db_rand_shard`.`tbl_rand_shard_local` AS `__table1` WHERE _CAST(0, 'UInt8') (stage: Complete)
2025.11.02 19:46:59.416093 [ 79 ] {590732ef-6159-49d9-9b38-c969077328ee} <Debug> db_rand_shard.tbl_rand_shard_local (d7039b8c-7c46-4499-959e-b501b7d0925e) (SelectExecutor): Selected 0/0 parts by partition key, 0 parts by primary key, 0/0 marks by primary key, 0 marks to read from 0 ranges
2025.11.02 19:46:59.416823 [ 79 ] {590732ef-6159-49d9-9b38-c969077328ee} <Debug> TCPHandler: Processed in 0.001263625 sec.
2025.11.02 19:46:59.444688 [ 80 ] {} <Debug> HTTP-Session-95aeed85-2178-4238-bbe2-10a7ea523829: Authenticating user 'default' from 172.19.0.7:40556
2025.11.02 19:46:59.444979 [ 80 ] {} <Debug> HTTP-Session-95aeed85-2178-4238-bbe2-10a7ea523829: 95aeed85-2178-4238-bbe2-10a7ea523829 Authenticated with global context as user 94309d50-4f52-5250-31bd-74fecac179db
2025.11.02 19:46:59.445017 [ 80 ] {} <Debug> HTTP-Session-95aeed85-2178-4238-bbe2-10a7ea523829: Creating session context with user_id: 94309d50-4f52-5250-31bd-74fecac179db
2025.11.02 19:46:59.445453 [ 80 ] {bef957a5-3feb-4c34-9934-05b508620068} <Debug> executeQuery: (from 172.19.0.7:40556) SELECT partition, -- String
 partition_id, -- String
 sum(rows) AS row_count, -- UInt64
 sum(bytes_on_disk) AS size_in_bytes -- UInt64
 FROM `system`.`parts` WHERE `database`='db_rand_shard' AND `table`='tbl_rand_shard_local' AND `active`=1 GROUP BY `partition`, `partition_id` ORDER BY `partition` ASC, partition_id ASC  (stage: Complete)
2025.11.02 19:46:59.448296 [ 80 ] {bef957a5-3feb-4c34-9934-05b508620068} <Debug> executeQuery: Read 1 rows, 96.00 B in 0.002928 sec., 341.53005464480873 rows/sec., 32.02 KiB/sec.
2025.11.02 19:46:59.448710 [ 80 ] {bef957a5-3feb-4c34-9934-05b508620068} <Debug> DynamicQueryHandler: Done processing query
2025.11.02 19:46:59.448757 [ 80 ] {bef957a5-3feb-4c34-9934-05b508620068} <Debug> MemoryTracker: Query peak memory usage: 4.01 MiB.
2025.11.02 19:46:59.448843 [ 80 ] {} <Debug> HTTP-Session-95aeed85-2178-4238-bbe2-10a7ea523829: 95aeed85-2178-4238-bbe2-10a7ea523829 Logout, user_id: 94309d50-4f52-5250-31bd-74fecac179db
2025.11.02 19:46:59.474072 [ 80 ] {} <Debug> HTTP-Session-01b79336-947d-41bc-a193-5ed3d3152260: Authenticating user 'default' from 172.19.0.7:40570
2025.11.02 19:46:59.474149 [ 80 ] {} <Debug> HTTP-Session-01b79336-947d-41bc-a193-5ed3d3152260: 01b79336-947d-41bc-a193-5ed3d3152260 Authenticated with global context as user 94309d50-4f52-5250-31bd-74fecac179db
2025.11.02 19:46:59.474205 [ 80 ] {} <Debug> HTTP-Session-01b79336-947d-41bc-a193-5ed3d3152260: Creating session context with user_id: 94309d50-4f52-5250-31bd-74fecac179db
2025.11.02 19:46:59.474385 [ 80 ] {25ecfb0b-2056-4f89-bf7a-d5231f9324b1} <Debug> executeQuery: (from 172.19.0.7:40570) SELECT partition, -- String
 partition_id, -- String
 sum(rows) AS row_count, -- UInt64
 sum(bytes_on_disk) AS size_in_bytes -- UInt64
 FROM `system`.`parts` WHERE `database`='db_rand_shard' AND `table`='tbl_rand_shard_local' AND `active`=1 GROUP BY `partition`, `partition_id` ORDER BY `partition` ASC, partition_id ASC  (stage: Complete)
2025.11.02 19:46:59.476062 [ 80 ] {25ecfb0b-2056-4f89-bf7a-d5231f9324b1} <Debug> executeQuery: Read 1 rows, 96.00 B in 0.001744 sec., 573.394495412844 rows/sec., 53.76 KiB/sec.
2025.11.02 19:46:59.476466 [ 80 ] {25ecfb0b-2056-4f89-bf7a-d5231f9324b1} <Debug> DynamicQueryHandler: Done processing query
2025.11.02 19:46:59.476521 [ 80 ] {25ecfb0b-2056-4f89-bf7a-d5231f9324b1} <Debug> MemoryTracker: Query peak memory usage: 4.02 MiB.
2025.11.02 19:46:59.476614 [ 80 ] {} <Debug> HTTP-Session-01b79336-947d-41bc-a193-5ed3d3152260: 01b79336-947d-41bc-a193-5ed3d3152260 Logout, user_id: 94309d50-4f52-5250-31bd-74fecac179db
2025.11.02 19:46:59.504429 [ 80 ] {} <Debug> HTTP-Session-04eb7498-ac47-4091-89cf-8560dd601a7c: Authenticating user 'default' from 172.19.0.7:40578
2025.11.02 19:46:59.504493 [ 80 ] {} <Debug> HTTP-Session-04eb7498-ac47-4091-89cf-8560dd601a7c: 04eb7498-ac47-4091-89cf-8560dd601a7c Authenticated with global context as user 94309d50-4f52-5250-31bd-74fecac179db
2025.11.02 19:46:59.504550 [ 80 ] {} <Debug> HTTP-Session-04eb7498-ac47-4091-89cf-8560dd601a7c: Creating session context with user_id: 94309d50-4f52-5250-31bd-74fecac179db
2025.11.02 19:46:59.504728 [ 80 ] {af75ca6c-e308-4bdc-bcbc-25f8ad2c8cad} <Debug> executeQuery: (from 172.19.0.7:40578) SELECT `create_time`, `value` FROM `db_rand_shard`.`tbl_rand_shard_local` WHERE (1=1) AND ((1=1) AND (1=1))  (stage: Complete)
2025.11.02 19:46:59.505043 [ 80 ] {af75ca6c-e308-4bdc-bcbc-25f8ad2c8cad} <Debug> db_rand_shard.tbl_rand_shard_local (d7039b8c-7c46-4499-959e-b501b7d0925e) (SelectExecutor): Key condition: unknown
2025.11.02 19:46:59.506095 [ 80 ] {af75ca6c-e308-4bdc-bcbc-25f8ad2c8cad} <Debug> db_rand_shard.tbl_rand_shard_local (d7039b8c-7c46-4499-959e-b501b7d0925e) (SelectExecutor): PK index has dropped 0/1 granules, it took 0ms across 1 threads.
2025.11.02 19:46:59.506193 [ 80 ] {af75ca6c-e308-4bdc-bcbc-25f8ad2c8cad} <Debug> db_rand_shard.tbl_rand_shard_local (d7039b8c-7c46-4499-959e-b501b7d0925e) (SelectExecutor): Selected 1/1 parts by partition key, 1 parts by primary key, 1/1 marks by primary key, 1 marks to read from 1 ranges
2025.11.02 19:46:59.508033 [ 80 ] {af75ca6c-e308-4bdc-bcbc-25f8ad2c8cad} <Debug> executeQuery: Read 1 rows, 15.00 B in 0.003347 sec., 298.7750224081267 rows/sec., 4.38 KiB/sec.
2025.11.02 19:46:59.508275 [ 80 ] {af75ca6c-e308-4bdc-bcbc-25f8ad2c8cad} <Debug> DynamicQueryHandler: Done processing query
2025.11.02 19:46:59.508344 [ 80 ] {af75ca6c-e308-4bdc-bcbc-25f8ad2c8cad} <Debug> MemoryTracker: Query peak memory usage: 4.00 MiB.
2025.11.02 19:46:59.508458 [ 80 ] {} <Debug> HTTP-Session-04eb7498-ac47-4091-89cf-8560dd601a7c: 04eb7498-ac47-4091-89cf-8560dd601a7c Logout, user_id: 94309d50-4f52-5250-31bd-74fecac179db
2025.11.02 19:46:59.525722 [ 80 ] {} <Debug> HTTP-Session-eba0ae27-eb2c-4ea5-8553-c9785e3d1833: Authenticating user 'default' from 172.19.0.7:40588
2025.11.02 19:46:59.526827 [ 80 ] {} <Debug> HTTP-Session-eba0ae27-eb2c-4ea5-8553-c9785e3d1833: eba0ae27-eb2c-4ea5-8553-c9785e3d1833 Authenticated with global context as user 94309d50-4f52-5250-31bd-74fecac179db
2025.11.02 19:46:59.526953 [ 80 ] {} <Debug> HTTP-Session-eba0ae27-eb2c-4ea5-8553-c9785e3d1833: Creating session context with user_id: 94309d50-4f52-5250-31bd-74fecac179db
2025.11.02 19:46:59.527167 [ 80 ] {f52cad45-dff4-4ac9-a91b-1d57a25c4622} <Debug> executeQuery: (from 172.19.0.7:40588) SELECT `create_time`, `value` FROM `db_rand_shard`.`tbl_rand_shard_local` WHERE (1=1) AND ((1=1) AND (1=1))  (stage: Complete)
2025.11.02 19:46:59.527455 [ 80 ] {f52cad45-dff4-4ac9-a91b-1d57a25c4622} <Debug> db_rand_shard.tbl_rand_shard_local (d7039b8c-7c46-4499-959e-b501b7d0925e) (SelectExecutor): Key condition: unknown
2025.11.02 19:46:59.527524 [ 80 ] {f52cad45-dff4-4ac9-a91b-1d57a25c4622} <Debug> db_rand_shard.tbl_rand_shard_local (d7039b8c-7c46-4499-959e-b501b7d0925e) (SelectExecutor): PK index has dropped 0/1 granules, it took 0ms across 1 threads.
2025.11.02 19:46:59.527578 [ 80 ] {f52cad45-dff4-4ac9-a91b-1d57a25c4622} <Debug> db_rand_shard.tbl_rand_shard_local (d7039b8c-7c46-4499-959e-b501b7d0925e) (SelectExecutor): Selected 1/1 parts by partition key, 1 parts by primary key, 1/1 marks by primary key, 1 marks to read from 1 ranges
2025.11.02 19:46:59.528731 [ 80 ] {f52cad45-dff4-4ac9-a91b-1d57a25c4622} <Debug> executeQuery: Read 1 rows, 15.00 B in 0.001614 sec., 619.5786864931846 rows/sec., 9.08 KiB/sec.
2025.11.02 19:46:59.529053 [ 80 ] {f52cad45-dff4-4ac9-a91b-1d57a25c4622} <Debug> DynamicQueryHandler: Done processing query
2025.11.02 19:46:59.529149 [ 80 ] {f52cad45-dff4-4ac9-a91b-1d57a25c4622} <Debug> MemoryTracker: Query peak memory usage: 4.00 MiB.
2025.11.02 19:46:59.529228 [ 80 ] {} <Debug> HTTP-Session-eba0ae27-eb2c-4ea5-8553-c9785e3d1833: eba0ae27-eb2c-4ea5-8553-c9785e3d1833 Logout, user_id: 94309d50-4f52-5250-31bd-74fecac179db
2025.11.02 19:46:59.574033 [ 80 ] {} <Debug> HTTP-Session-50efbeb7-1a1f-4a0b-8fb1-4415ff827291: Authenticating user 'default' from 172.19.0.7:40598
2025.11.02 19:46:59.574133 [ 80 ] {} <Debug> HTTP-Session-50efbeb7-1a1f-4a0b-8fb1-4415ff827291: 50efbeb7-1a1f-4a0b-8fb1-4415ff827291 Authenticated with global context as user 94309d50-4f52-5250-31bd-74fecac179db
2025.11.02 19:46:59.574199 [ 80 ] {} <Debug> HTTP-Session-50efbeb7-1a1f-4a0b-8fb1-4415ff827291: Creating session context with user_id: 94309d50-4f52-5250-31bd-74fecac179db
2025.11.02 19:46:59.574411 [ 80 ] {30e734d1-31c4-4083-b193-00b5fefbac64} <Debug> executeQuery: (from 172.19.0.7:40598) SELECT `create_time`, `value` FROM `db_rand_shard`.`tbl_rand_shard_local` WHERE (1=1) AND ((1=1) AND (1=1))  (stage: Complete)
2025.11.02 19:46:59.574686 [ 80 ] {30e734d1-31c4-4083-b193-00b5fefbac64} <Debug> db_rand_shard.tbl_rand_shard_local (d7039b8c-7c46-4499-959e-b501b7d0925e) (SelectExecutor): Key condition: unknown
2025.11.02 19:46:59.574753 [ 80 ] {30e734d1-31c4-4083-b193-00b5fefbac64} <Debug> db_rand_shard.tbl_rand_shard_local (d7039b8c-7c46-4499-959e-b501b7d0925e) (SelectExecutor): PK index has dropped 0/1 granules, it took 0ms across 1 threads.
2025.11.02 19:46:59.574809 [ 80 ] {30e734d1-31c4-4083-b193-00b5fefbac64} <Debug> db_rand_shard.tbl_rand_shard_local (d7039b8c-7c46-4499-959e-b501b7d0925e) (SelectExecutor): Selected 1/1 parts by partition key, 1 parts by primary key, 1/1 marks by primary key, 1 marks to read from 1 ranges
2025.11.02 19:46:59.575560 [ 80 ] {30e734d1-31c4-4083-b193-00b5fefbac64} <Debug> executeQuery: Read 1 rows, 15.00 B in 0.001203 sec., 831.2551953449708 rows/sec., 12.18 KiB/sec.
2025.11.02 19:46:59.575917 [ 80 ] {30e734d1-31c4-4083-b193-00b5fefbac64} <Debug> DynamicQueryHandler: Done processing query
2025.11.02 19:46:59.576060 [ 80 ] {30e734d1-31c4-4083-b193-00b5fefbac64} <Debug> MemoryTracker: Query peak memory usage: 4.00 MiB.
2025.11.02 19:46:59.576131 [ 80 ] {} <Debug> HTTP-Session-50efbeb7-1a1f-4a0b-8fb1-4415ff827291: 50efbeb7-1a1f-4a0b-8fb1-4415ff827291 Logout, user_id: 94309d50-4f52-5250-31bd-74fecac179db
2025.11.02 19:46:59.589039 [ 80 ] {} <Debug> HTTP-Session-b9c7c1c1-5db0-4659-bc7f-214dfc72c020: Authenticating user 'default' from 172.19.0.7:40614
2025.11.02 19:46:59.589144 [ 80 ] {} <Debug> HTTP-Session-b9c7c1c1-5db0-4659-bc7f-214dfc72c020: b9c7c1c1-5db0-4659-bc7f-214dfc72c020 Authenticated with global context as user 94309d50-4f52-5250-31bd-74fecac179db
2025.11.02 19:46:59.589305 [ 80 ] {} <Debug> HTTP-Session-b9c7c1c1-5db0-4659-bc7f-214dfc72c020: Creating session context with user_id: 94309d50-4f52-5250-31bd-74fecac179db
2025.11.02 19:46:59.589516 [ 80 ] {2610169c-9b7c-4c29-ad66-edf6821c4639} <Debug> executeQuery: (from 172.19.0.7:40614) SELECT `create_time`, `value` FROM `db_rand_shard`.`tbl_rand_shard_local` WHERE (1=1) AND ((1=1) AND (1=1))  (stage: Complete)
2025.11.02 19:46:59.589798 [ 80 ] {2610169c-9b7c-4c29-ad66-edf6821c4639} <Debug> db_rand_shard.tbl_rand_shard_local (d7039b8c-7c46-4499-959e-b501b7d0925e) (SelectExecutor): Key condition: unknown
2025.11.02 19:46:59.589872 [ 80 ] {2610169c-9b7c-4c29-ad66-edf6821c4639} <Debug> db_rand_shard.tbl_rand_shard_local (d7039b8c-7c46-4499-959e-b501b7d0925e) (SelectExecutor): PK index has dropped 0/1 granules, it took 0ms across 1 threads.
2025.11.02 19:46:59.589923 [ 80 ] {2610169c-9b7c-4c29-ad66-edf6821c4639} <Debug> db_rand_shard.tbl_rand_shard_local (d7039b8c-7c46-4499-959e-b501b7d0925e) (SelectExecutor): Selected 1/1 parts by partition key, 1 parts by primary key, 1/1 marks by primary key, 1 marks to read from 1 ranges
2025.11.02 19:46:59.590468 [ 80 ] {2610169c-9b7c-4c29-ad66-edf6821c4639} <Debug> executeQuery: Read 1 rows, 15.00 B in 0.001007 sec., 993.0486593843098 rows/sec., 14.55 KiB/sec.
2025.11.02 19:46:59.590893 [ 80 ] {2610169c-9b7c-4c29-ad66-edf6821c4639} <Debug> DynamicQueryHandler: Done processing query
2025.11.02 19:46:59.591092 [ 80 ] {2610169c-9b7c-4c29-ad66-edf6821c4639} <Debug> MemoryTracker: Query peak memory usage: 4.00 MiB.
2025.11.02 19:46:59.591247 [ 80 ] {} <Debug> HTTP-Session-b9c7c1c1-5db0-4659-bc7f-214dfc72c020: b9c7c1c1-5db0-4659-bc7f-214dfc72c020 Logout, user_id: 94309d50-4f52-5250-31bd-74fecac179db
2025.11.02 19:46:59.628509 [ 731 ] {} <Debug> DDLWorker: Scheduling tasks
2025.11.02 19:46:59.629134 [ 731 ] {} <Debug> DDLWorker: Will schedule 1 tasks starting from query-0000000003
2025.11.02 19:46:59.630160 [ 731 ] {} <Debug> DDLWorker: Processing task query-0000000003 (query: DROP TABLE IF EXISTS db_rand_shard.tbl_rand_shard, backup restore: false)
2025.11.02 19:46:59.631302 [ 731 ] {} <Debug> DDLWorker: Executing query: DROP TABLE IF EXISTS db_rand_shard.tbl_rand_shard
2025.11.02 19:46:59.631432 [ 731 ] {051a58c5-7c91-456f-83e5-a4726141bd94} <Debug> executeQuery: (from 0.0.0.0:0, user: , initial_query_id: 9622da8f-7d02-4a0a-896c-88a6e6c4ead9) /* ddl_entry=query-0000000003 */ DROP TABLE IF EXISTS db_rand_shard.tbl_rand_shard (stage: Complete)
2025.11.02 19:46:59.631501 [ 731 ] {051a58c5-7c91-456f-83e5-a4726141bd94} <Information> StorageDistributed (tbl_rand_shard): Flushing pending INSERT blocks
2025.11.02 19:46:59.631576 [ 731 ] {051a58c5-7c91-456f-83e5-a4726141bd94} <Information> StorageDistributed (tbl_rand_shard): Pending INSERT blocks flushed, took 0 ms.
2025.11.02 19:46:59.631633 [ 731 ] {051a58c5-7c91-456f-83e5-a4726141bd94} <Debug> StorageDistributed (tbl_rand_shard): Joining background threads for async INSERT
2025.11.02 19:46:59.631693 [ 731 ] {051a58c5-7c91-456f-83e5-a4726141bd94} <Debug> StorageDistributed (tbl_rand_shard): Background threads for async INSERT joined
2025.11.02 19:46:59.632023 [ 731 ] {051a58c5-7c91-456f-83e5-a4726141bd94} <Debug> DDLWorker: Executed query: /* ddl_entry=query-0000000003 */ DROP TABLE IF EXISTS db_rand_shard.tbl_rand_shard
2025.11.02 19:46:59.633927 [ 731 ] {} <Debug> DDLWorker: Waiting for queue updates
2025.11.02 19:46:59.694258 [ 731 ] {} <Debug> DDLWorker: Scheduling tasks
2025.11.02 19:46:59.694652 [ 731 ] {} <Debug> DDLWorker: Will schedule 1 tasks starting from query-0000000004
2025.11.02 19:46:59.695415 [ 731 ] {} <Debug> DDLWorker: Processing task query-0000000004 (query: DROP TABLE IF EXISTS db_rand_shard.tbl_rand_shard_local, backup restore: false)
2025.11.02 19:46:59.696190 [ 731 ] {} <Debug> DDLWorker: Executing query: DROP TABLE IF EXISTS db_rand_shard.tbl_rand_shard_local
2025.11.02 19:46:59.696334 [ 731 ] {1b4a6c31-a3d9-45f8-8250-b660dd7976f8} <Debug> executeQuery: (from 0.0.0.0:0, user: , initial_query_id: cdb70ef8-04bb-4726-909d-a5b0628bc044) /* ddl_entry=query-0000000004 */ DROP TABLE IF EXISTS db_rand_shard.tbl_rand_shard_local (stage: Complete)
2025.11.02 19:46:59.696713 [ 731 ] {1b4a6c31-a3d9-45f8-8250-b660dd7976f8} <Debug> DDLWorker: Executed query: /* ddl_entry=query-0000000004 */ DROP TABLE IF EXISTS db_rand_shard.tbl_rand_shard_local
2025.11.02 19:46:59.697689 [ 731 ] {} <Debug> DDLWorker: Waiting for queue updates
2025.11.02 19:46:59.760113 [ 731 ] {} <Debug> DDLWorker: Scheduling tasks
2025.11.02 19:46:59.760540 [ 731 ] {} <Debug> DDLWorker: Will schedule 1 tasks starting from query-0000000005
2025.11.02 19:46:59.761345 [ 731 ] {} <Debug> DDLWorker: Processing task query-0000000005 (query: DROP DATABASE IF EXISTS db_rand_shard, backup restore: false)
2025.11.02 19:46:59.761922 [ 731 ] {} <Debug> DDLWorker: Executing query: DROP DATABASE IF EXISTS db_rand_shard
2025.11.02 19:46:59.762133 [ 731 ] {2d0e3a0d-690a-4966-8f53-95d656aba60c} <Debug> executeQuery: (from 0.0.0.0:0, user: , initial_query_id: 1317d454-c349-47c7-889e-977e248f6d36) /* ddl_entry=query-0000000005 */ DROP DATABASE IF EXISTS db_rand_shard (stage: Complete)
2025.11.02 19:46:59.762246 [ 731 ] {2d0e3a0d-690a-4966-8f53-95d656aba60c} <Debug> DatabaseAtomic (db_rand_shard): There are 0 detached tables. Start searching non used tables.
2025.11.02 19:46:59.762312 [ 731 ] {2d0e3a0d-690a-4966-8f53-95d656aba60c} <Debug> DatabaseAtomic (db_rand_shard): Found 0 non used tables in detached tables.
2025.11.02 19:46:59.762600 [ 731 ] {2d0e3a0d-690a-4966-8f53-95d656aba60c} <Debug> DDLWorker: Executed query: /* ddl_entry=query-0000000005 */ DROP DATABASE IF EXISTS db_rand_shard
2025.11.02 19:46:59.763538 [ 731 ] {} <Debug> DDLWorker: Waiting for queue updates
2025.11.02 19:47:00.451110 [ 78 ] {} <Information> Application: Received termination signal (Terminated)
2025.11.02 19:47:00.452471 [ 1 ] {} <Debug> Application: Received termination signal.
2025.11.02 19:47:00.452777 [ 1 ] {} <Debug> Application: Waiting for current connections to close.
2025.11.02 19:47:00.453703 [ 1 ] {} <Warning> Application: Closed all listening sockets. Waiting for 1 outstanding connections.
2025.11.02 19:47:00.584868 [ 79 ] {} <Debug> TCPHandler: Done processing connection.
2025.11.02 19:47:00.584988 [ 79 ] {} <Debug> TCP-Session-7c9c023f-5b6b-49f6-98bd-bf171ff55af7: 7c9c023f-5b6b-49f6-98bd-bf171ff55af7 Logout, user_id: 94309d50-4f52-5250-31bd-74fecac179db
2025.11.02 19:47:00.655250 [ 1 ] {} <Information> Application: Closed connections.
2025.11.02 19:47:00.655345 [ 1 ] {} <Information> Application: Stopping AsyncLoader.
2025.11.02 19:47:00.655500 [ 1 ] {} <Information> CgroupsMemoryUsageObserver: Stopped cgroup current memory usage observer thread
2025.11.02 19:47:00.655671 [ 1 ] {} <Information> Application: Shutting down storages.
2025.11.02 19:47:00.656328 [ 1 ] {} <Debug> Context: Shutting down dictionaries loader
2025.11.02 19:47:00.656461 [ 1 ] {} <Debug> Context: Shutting down UDFs loader
2025.11.02 19:47:00.656567 [ 1 ] {} <Debug> Context: Shutting down another UDFs storage
2025.11.02 19:47:00.656621 [ 1 ] {} <Debug> Context: Shutting down workload entity storage
2025.11.02 19:47:00.656696 [ 1 ] {} <Debug> Context: Shutting down system logs
2025.11.02 19:47:00.656854 [ 716 ] {} <Debug> SystemLog (system.query_log): Creating new table system.query_log for QueryLog
2025.11.02 19:47:00.656950 [ 1 ] {} <Debug> SystemLogQueue (system.query_log): Requested flush up to offset 30
2025.11.02 19:47:00.656990 [ 718 ] {} <Debug> SystemLog (system.metric_log): Creating new table system.metric_log for MetricLog
2025.11.02 19:47:00.660441 [ 716 ] {} <Debug> system.query_log (12681631-8eac-4779-9d94-42ef201f949e): Loading data parts
2025.11.02 19:47:00.660633 [ 716 ] {} <Debug> system.query_log (12681631-8eac-4779-9d94-42ef201f949e): There are no data parts
2025.11.02 19:47:00.661670 [ 716 ] {} <Debug> DatabaseAtomic (system): There are 0 detached tables. Start searching non used tables.
2025.11.02 19:47:00.661800 [ 716 ] {} <Debug> DatabaseAtomic (system): Found 0 non used tables in detached tables.
2025.11.02 19:47:00.665139 [ 1 ] {} <Debug> SystemLogQueue (system.query_thread_log): Requested flush up to offset 0
2025.11.02 19:47:00.665165 [ 1 ] {} <Debug> SystemLogQueue (system.metric_log): Requested flush up to offset 3
2025.11.02 19:47:00.668628 [ 718 ] {} <Debug> system.metric_log (f1cf7b6c-a2d2-40f3-b195-6098536e4696): Loading data parts
2025.11.02 19:47:00.668998 [ 718 ] {} <Debug> system.metric_log (f1cf7b6c-a2d2-40f3-b195-6098536e4696): There are no data parts
2025.11.02 19:47:00.671649 [ 718 ] {} <Debug> DatabaseAtomic (system): There are 0 detached tables. Start searching non used tables.
2025.11.02 19:47:00.671695 [ 718 ] {} <Debug> DatabaseAtomic (system): Found 0 non used tables in detached tables.
2025.11.02 19:47:03.378183 [ 1 ] {} <Information> SentryWriter: Sending crash reports is disabled
2025.11.02 19:47:03.410712 [ 1 ] {} <Information> Application: Starting ClickHouse 25.3.7.194 (revision: 54502, git hash: 36637934778b7d39b37f378d258359dd6ffdd110, build id: E09B0ADBF9AF0530703B179DBA02705D5DF508C0), PID 1
2025.11.02 19:47:03.410871 [ 1 ] {} <Information> Application: starting up
2025.11.02 19:47:03.410933 [ 1 ] {} <Information> Application: OS name: Linux, version: 6.10.14-linuxkit, architecture: aarch64
2025.11.02 19:47:03.411050 [ 1 ] {} <Information> Jemalloc: Value for background_thread set to true (from true)
2025.11.02 19:47:03.413078 [ 1 ] {} <Information> Application: Available RAM: 7.65 GiB; logical cores: 14; used cores: 14.
2025.11.02 19:47:03.414947 [ 1 ] {} <Information> CgroupsReader: Will create cgroup reader from '/sys/fs/cgroup/' (cgroups version: v2)
2025.11.02 19:47:03.417819 [ 1 ] {} <Warning> Application: Integrity check of the executable skipped because the reference checksum could not be read.
2025.11.02 19:47:03.417985 [ 1 ] {} <Information> Application: It looks like the process has no CAP_IPC_LOCK capability, binary mlock will be disabled. It could happen due to incorrect ClickHouse package installation. You could resolve the problem manually with 'sudo setcap cap_ipc_lock=+ep /usr/bin/clickhouse'. Note that it will not work on 'nosuid' mounted filesystems.
2025.11.02 19:47:03.418059 [ 1 ] {} <Information> MemoryWorker: Starting background memory thread with period of 50ms, using Cgroups as source
2025.11.02 19:47:03.418234 [ 1 ] {} <Information> BackgroundSchedulePool/BgSchPool: Create BackgroundSchedulePool with 512 threads
2025.11.02 19:47:03.469079 [ 86 ] {} <Information> MemoryTracker: Correcting the value of global memory tracker from 3.04 MiB to 332.52 MiB
2025.11.02 19:47:03.475816 [ 1 ] {} <Debug> Application: rlimit on number of file descriptors is 1048576
2025.11.02 19:47:03.476020 [ 1 ] {} <Debug> Application: rlimit on number of threads is 18446744073709551615
2025.11.02 19:47:03.476253 [ 1 ] {} <Debug> Application: Initializing DateLUT.
2025.11.02 19:47:03.476467 [ 1 ] {} <Debug> Context: Setting up /var/lib/clickhouse/tmp/ to store temporary data in it
2025.11.02 19:47:03.476989 [ 1 ] {} <Debug> Application: Initializing interserver credentials.
2025.11.02 19:47:03.477142 [ 1 ] {} <Information> Application: Lowered uncompressed cache size to 3.83 GiB because the system has limited RAM
2025.11.02 19:47:03.477249 [ 1 ] {} <Information> Application: Lowered mark cache size to 3.83 GiB because the system has limited RAM
2025.11.02 19:47:03.477375 [ 1 ] {} <Information> Application: Lowered primary index cache size to 3.83 GiB because the system has limited RAM
2025.11.02 19:47:03.477889 [ 1 ] {} <Information> Application: Lowered index mark cache size to 3.83 GiB because the system has limited RAM
2025.11.02 19:47:03.478103 [ 1 ] {} <Debug> FileCacheFactory: Will load 0 caches from default cache config
2025.11.02 19:47:03.494087 [ 1 ] {} <Debug> ConfigReloader: Loading config '/etc/clickhouse-server/config.xml'
2025.11.02 19:47:03.495057 [ 1 ] {} <Debug> ConfigProcessor: Processing configuration file '/etc/clickhouse-server/config.xml'.
2025.11.02 19:47:03.498299 [ 1 ] {} <Debug> ConfigProcessor: Merging configuration file '/etc/clickhouse-server/config.d/docker_related_config.xml'.
2025.11.02 19:47:03.498378 [ 1 ] {} <Debug> ConfigProcessor: Merging configuration file '/etc/clickhouse-server/config.d/interserver_http_host.xml'.
2025.11.02 19:47:03.498933 [ 1 ] {} <Debug> ConfigProcessor: Merging configuration file '/etc/clickhouse-server/config.d/macros.xml'.
2025.11.02 19:47:03.499708 [ 1 ] {} <Debug> ConfigProcessor: Merging configuration file '/etc/clickhouse-server/config.d/remote_servers.xml'.
2025.11.02 19:47:03.500667 [ 1 ] {} <Debug> ConfigProcessor: Merging configuration file '/etc/clickhouse-server/config.d/zookeeper.xml'.
2025.11.02 19:47:03.501380 [ 1 ] {} <Debug> ConfigProcessor: Saved preprocessed configuration to '/var/lib/clickhouse/preprocessed_configs/config.xml'.
2025.11.02 19:47:03.501923 [ 1 ] {} <Debug> ConfigReloader: Loaded config '/etc/clickhouse-server/config.xml', performing update on configuration
2025.11.02 19:47:03.503218 [ 1 ] {} <Information> Application: Changed setting 'max_server_memory_usage' to 6.89 GiB (7.65 GiB available memory * 0.90 max_server_memory_usage_to_ram_ratio)
2025.11.02 19:47:03.503619 [ 1 ] {} <Information> Application: Setting merges_mutations_memory_usage_soft_limit was set to 3.83 GiB (7.65 GiB available * 0.50 merges_mutations_memory_usage_to_ram_ratio)
2025.11.02 19:47:03.504166 [ 1 ] {} <Information> Application: Merges and mutations memory limit is set to 3.83 GiB
2025.11.02 19:47:03.506421 [ 1 ] {} <Information> Application: Setting max_remote_read_network_bandwidth_for_server was set to 0
2025.11.02 19:47:03.506484 [ 1 ] {} <Information> Application: Setting max_remote_write_network_bandwidth_for_server was set to 0
2025.11.02 19:47:03.506559 [ 1 ] {} <Information> Application: Setting max_local_read_bandwidth_for_server was set to 0
2025.11.02 19:47:03.506726 [ 1 ] {} <Information> Application: Setting max_local_write_bandwidth_for_server was set to 0
2025.11.02 19:47:03.506812 [ 1 ] {} <Information> Application: ConcurrencyControl limit is set to UNLIMITED CPU slots with 'round_robin' scheduler
2025.11.02 19:47:03.506924 [ 1 ] {} <Information> BackgroundSchedulePool/BgBufSchPool: Create BackgroundSchedulePool with 16 threads
2025.11.02 19:47:03.507858 [ 1 ] {} <Information> BackgroundSchedulePool/BgMBSchPool: Create BackgroundSchedulePool with 16 threads
2025.11.02 19:47:03.514307 [ 1 ] {} <Information> BackgroundSchedulePool/BgDistSchPool: Create BackgroundSchedulePool with 16 threads
2025.11.02 19:47:03.515328 [ 1 ] {} <Debug> ConfigReloader: Loaded config '/etc/clickhouse-server/config.xml', performed update on configuration
2025.11.02 19:47:03.515840 [ 1 ] {} <Warning> Application: Listen [::]:9009 failed: Poco::Exception. Code: 1000, e.code() = 0, DNS error: EAI: Address family for hostname not supported (version 25.3.7.194 (official build)). If it is an IPv6 or IPv4 address and your host has disabled IPv6 or IPv4, then consider to specify not disabled IPv4 or IPv6 address to listen in <listen_host> element of configuration file. Example for disabled IPv6: <listen_host>0.0.0.0</listen_host> . Example for disabled IPv4: <listen_host>::</listen_host>
2025.11.02 19:47:03.516094 [ 1 ] {} <Information> Application: Listening for replica communication (interserver): http://0.0.0.0:9009
2025.11.02 19:47:03.516257 [ 1 ] {} <Warning> Access(local_directory): File /var/lib/clickhouse/access/users.list doesn't exist
2025.11.02 19:47:03.516365 [ 1 ] {} <Warning> Access(local_directory): Recovering lists in directory /var/lib/clickhouse/access/
2025.11.02 19:47:03.516524 [ 1 ] {} <Debug> Access(user directories): Added local_directory access storage 'local_directory', path: /var/lib/clickhouse/access/
2025.11.02 19:47:03.518581 [ 1 ] {} <Debug> ConfigReloader: Loading config '/etc/clickhouse-server/users.xml'
2025.11.02 19:47:03.518625 [ 1 ] {} <Debug> ConfigProcessor: Processing configuration file '/etc/clickhouse-server/users.xml'.
2025.11.02 19:47:03.518770 [ 1 ] {} <Debug> ConfigProcessor: Merging configuration file '/etc/clickhouse-server/users.d/users.xml'.
2025.11.02 19:47:03.519802 [ 1 ] {} <Debug> ConfigProcessor: Saved preprocessed configuration to '/var/lib/clickhouse/preprocessed_configs/users.xml'.
2025.11.02 19:47:03.519911 [ 1 ] {} <Debug> ConfigReloader: Loaded config '/etc/clickhouse-server/users.xml', performing update on configuration
2025.11.02 19:47:03.520261 [ 1 ] {} <Debug> ConfigReloader: Loaded config '/etc/clickhouse-server/users.xml', performed update on configuration
2025.11.02 19:47:03.520418 [ 1 ] {} <Debug> Access(user directories): Added users_xml access storage 'users_xml', path: /etc/clickhouse-server/users.xml
2025.11.02 19:47:03.520581 [ 1 ] {} <Information> CgroupsMemoryUsageObserver: Started cgroup current memory usage observer thread
2025.11.02 19:47:03.520654 [ 652 ] {} <Information> CgroupsMemoryUsageObserver: Memory amount initially available to the process is 7.65 GiB
2025.11.02 19:47:03.522024 [ 1 ] {} <Information> Context: Initialized background executor for merges and mutations with num_threads=16, num_tasks=32, scheduling_policy=round_robin
2025.11.02 19:47:03.522923 [ 1 ] {} <Information> Context: Initialized background executor for move operations with num_threads=8, num_tasks=8
2025.11.02 19:47:03.524335 [ 1 ] {} <Information> Context: Initialized background executor for fetches with num_threads=16, num_tasks=16
2025.11.02 19:47:03.525207 [ 1 ] {} <Information> Context: Initialized background executor for common operations (e.g. clearing old parts) with num_threads=8, num_tasks=8
2025.11.02 19:47:03.526811 [ 1 ] {} <Warning> Context: Linux transparent hugepages are set to "always". Check /sys/kernel/mm/transparent_hugepage/enabled
2025.11.02 19:47:03.527278 [ 1 ] {} <Warning> Context: Delay accounting is not enabled, OSIOWaitMicroseconds will not be gathered. You can enable it using `echo 1 > /proc/sys/kernel/task_delayacct` or by using sysctl.
2025.11.02 19:47:03.527726 [ 1 ] {} <Information> DNSCacheUpdater: Update period 15 seconds
2025.11.02 19:47:03.527910 [ 1 ] {} <Information> Application: Loading metadata from /var/lib/clickhouse/
2025.11.02 19:47:03.528114 [ 1 ] {} <Information> Context: Database disk name: default
2025.11.02 19:47:03.528260 [ 1 ] {} <Information> Context: Database disk name: default, path: /var/lib/clickhouse/
2025.11.02 19:47:03.527951 [ 89 ] {} <Debug> DNSResolver: Updating DNS cache
2025.11.02 19:47:03.528532 [ 1 ] {} <Debug> loadSystemDatabase: metadata_file_path metadata/system.sql, existsFile false
2025.11.02 19:47:03.530136 [ 89 ] {} <Debug> DNSResolver: Updated DNS cache
2025.11.02 19:47:03.530917 [ 1 ] {} <Debug> loadSystemDatabase: metadata_file_path metadata/information_schema.sql, existsFile false
2025.11.02 19:47:03.532146 [ 1 ] {} <Debug> loadSystemDatabase: metadata_file_path metadata/INFORMATION_SCHEMA.sql, existsFile false
2025.11.02 19:47:03.533048 [ 1 ] {} <Information> DatabaseAtomic (system): Metadata processed, database system has 0 tables and 0 dictionaries in total.
2025.11.02 19:47:03.533122 [ 1 ] {} <Information> TablesLoader: Parsed metadata of 0 tables in 1 databases in 8.2875e-05 sec
2025.11.02 19:47:03.533187 [ 1 ] {} <Debug> AsyncLoader: Prioritize load job 'startup Atomic database system': BackgrndStartup -> ForegroundLoad
2025.11.02 19:47:03.533228 [ 1 ] {} <Debug> AsyncLoader: Prioritize load job 'startup Ordinary database system': BackgrndStartup -> ForegroundLoad
2025.11.02 19:47:03.533328 [ 1 ] {} <Debug> AsyncLoader: Schedule load job 'startup Ordinary database system' into ForegroundLoad
2025.11.02 19:47:03.533505 [ 1 ] {} <Debug> AsyncLoader: Schedule load job 'startup Atomic database system' into ForegroundLoad
2025.11.02 19:47:03.533678 [ 1 ] {} <Debug> AsyncLoader: Change current priority: none -> 0
2025.11.02 19:47:03.533808 [ 1 ] {} <Debug> AsyncLoader: Spawn loader worker #1 in ForegroundLoad
2025.11.02 19:47:03.534022 [ 1 ] {} <Debug> AsyncLoader: Wait load job 'startup Atomic database system' in ForegroundLoad
2025.11.02 19:47:03.536441 [ 717 ] {} <Debug> AsyncLoader: Execute load job 'startup Ordinary database system' in ForegroundLoad
2025.11.02 19:47:03.540274 [ 717 ] {} <Debug> AsyncLoader: Finish load job 'startup Ordinary database system' with status OK
2025.11.02 19:47:03.540482 [ 717 ] {} <Debug> AsyncLoader: Spawn loader worker #2 in ForegroundLoad
2025.11.02 19:47:03.540652 [ 717 ] {} <Debug> AsyncLoader: Execute load job 'startup Atomic database system' in ForegroundLoad
2025.11.02 19:47:03.540852 [ 717 ] {} <Debug> AsyncLoader: Finish load job 'startup Atomic database system' with status OK
2025.11.02 19:47:03.540886 [ 1 ] {} <Debug> SystemLog: Creating system.query_log from query_log
2025.11.02 19:47:03.541053 [ 717 ] {} <Debug> AsyncLoader: Stop worker in ForegroundLoad
2025.11.02 19:47:03.543791 [ 718 ] {} <Debug> AsyncLoader: Stop worker in ForegroundLoad
2025.11.02 19:47:03.545940 [ 718 ] {} <Debug> AsyncLoader: Change current priority: 0 -> none
2025.11.02 19:47:03.562667 [ 1 ] {} <Debug> SystemLog: Creating system.query_thread_log from query_thread_log
2025.11.02 19:47:03.563115 [ 1 ] {} <Debug> SystemLog: Not creating system.part_log since corresponding section 'part_log' is missing from config
2025.11.02 19:47:03.563211 [ 1 ] {} <Debug> SystemLog: Not creating system.trace_log since corresponding section 'trace_log' is missing from config
2025.11.02 19:47:03.563373 [ 1 ] {} <Debug> SystemLog: Not creating system.crash_log since corresponding section 'crash_log' is missing from config
2025.11.02 19:47:03.563466 [ 1 ] {} <Debug> SystemLog: Not creating system.text_log since corresponding section 'text_log' is missing from config
2025.11.02 19:47:03.563577 [ 1 ] {} <Debug> SystemLog: Creating system.metric_log from metric_log
2025.11.02 19:47:03.603832 [ 1 ] {} <Debug> SystemLog: Not creating system.latency_log since corresponding section 'latency_log' is missing from config
2025.11.02 19:47:03.603999 [ 1 ] {} <Debug> SystemLog: Not creating system.error_log since corresponding section 'error_log' is missing from config
2025.11.02 19:47:03.604044 [ 1 ] {} <Debug> SystemLog: Not creating system.filesystem_cache_log since corresponding section 'filesystem_cache_log' is missing from config
2025.11.02 19:47:03.604126 [ 1 ] {} <Debug> SystemLog: Not creating system.filesystem_read_prefetches_log since corresponding section 'filesystem_read_prefetches_log' is missing from config
2025.11.02 19:47:03.604200 [ 1 ] {} <Debug> SystemLog: Not creating system.s3queue_log since corresponding section 's3queue_log' is missing from config
2025.11.02 19:47:03.604349 [ 1 ] {} <Debug> SystemLog: Not creating system.azure_queue_log since corresponding section 'azure_queue_log' is missing from config
2025.11.02 19:47:03.604420 [ 1 ] {} <Debug> SystemLog: Not creating system.asynchronous_metric_log since corresponding section 'asynchronous_metric_log' is missing from config
2025.11.02 19:47:03.604466 [ 1 ] {} <Debug> SystemLog: Not creating system.opentelemetry_span_log since corresponding section 'opentelemetry_span_log' is missing from config
2025.11.02 19:47:03.604733 [ 1 ] {} <Debug> SystemLog: Not creating system.query_views_log since corresponding section 'query_views_log' is missing from config
2025.11.02 19:47:03.604785 [ 1 ] {} <Debug> SystemLog: Not creating system.zookeeper_log since corresponding section 'zookeeper_log' is missing from config
2025.11.02 19:47:03.604876 [ 1 ] {} <Debug> SystemLog: Not creating system.session_log since corresponding section 'session_log' is missing from config
2025.11.02 19:47:03.604920 [ 1 ] {} <Debug> SystemLog: Not creating system.transactions_info_log since corresponding section 'transactions_info_log' is missing from config
2025.11.02 19:47:03.605440 [ 1 ] {} <Debug> SystemLog: Not creating system.processors_profile_log since corresponding section 'processors_profile_log' is missing from config
2025.11.02 19:47:03.605524 [ 1 ] {} <Debug> SystemLog: Not creating system.asynchronous_insert_log since corresponding section 'asynchronous_insert_log' is missing from config
2025.11.02 19:47:03.605559 [ 1 ] {} <Debug> SystemLog: Not creating system.backup_log since corresponding section 'backup_log' is missing from config
2025.11.02 19:47:03.607711 [ 1 ] {} <Debug> SystemLog: Not creating system.blob_storage_log since corresponding section 'blob_storage_log' is missing from config
2025.11.02 19:47:03.607755 [ 1 ] {} <Debug> SystemLog: Not creating system.query_metric_log since corresponding section 'query_metric_log' is missing from config
2025.11.02 19:47:03.608632 [ 1 ] {} <Debug> DatabaseAtomic (system): There are 0 detached tables. Start searching non used tables.
2025.11.02 19:47:03.608692 [ 1 ] {} <Debug> DatabaseAtomic (system): Found 0 non used tables in detached tables.
2025.11.02 19:47:03.610823 [ 1 ] {} <Debug> DatabaseAtomic (system): There are 0 detached tables. Start searching non used tables.
2025.11.02 19:47:03.610904 [ 1 ] {} <Debug> DatabaseAtomic (system): Found 0 non used tables in detached tables.
2025.11.02 19:47:03.611044 [ 1 ] {} <Debug> DatabaseAtomic (system): There are 0 detached tables. Start searching non used tables.
2025.11.02 19:47:03.611097 [ 1 ] {} <Debug> DatabaseAtomic (system): Found 0 non used tables in detached tables.
2025.11.02 19:47:03.611173 [ 1 ] {} <Debug> DatabaseAtomic (system): There are 0 detached tables. Start searching non used tables.
2025.11.02 19:47:03.611215 [ 1 ] {} <Debug> DatabaseAtomic (system): Found 0 non used tables in detached tables.
2025.11.02 19:47:03.611290 [ 1 ] {} <Debug> DatabaseAtomic (system): There are 0 detached tables. Start searching non used tables.
2025.11.02 19:47:03.611346 [ 1 ] {} <Debug> DatabaseAtomic (system): Found 0 non used tables in detached tables.
2025.11.02 19:47:03.611423 [ 1 ] {} <Debug> DatabaseAtomic (system): There are 0 detached tables. Start searching non used tables.
2025.11.02 19:47:03.611475 [ 1 ] {} <Debug> DatabaseAtomic (system): Found 0 non used tables in detached tables.
2025.11.02 19:47:03.611584 [ 1 ] {} <Debug> DatabaseAtomic (system): There are 0 detached tables. Start searching non used tables.
2025.11.02 19:47:03.611627 [ 1 ] {} <Debug> DatabaseAtomic (system): Found 0 non used tables in detached tables.
2025.11.02 19:47:03.611685 [ 1 ] {} <Debug> DatabaseAtomic (system): There are 0 detached tables. Start searching non used tables.
2025.11.02 19:47:03.611705 [ 1 ] {} <Debug> DatabaseAtomic (system): Found 0 non used tables in detached tables.
2025.11.02 19:47:03.611753 [ 1 ] {} <Debug> DatabaseAtomic (system): There are 0 detached tables. Start searching non used tables.
2025.11.02 19:47:03.611772 [ 1 ] {} <Debug> DatabaseAtomic (system): Found 0 non used tables in detached tables.
2025.11.02 19:47:03.611818 [ 1 ] {} <Debug> DatabaseAtomic (system): There are 0 detached tables. Start searching non used tables.
2025.11.02 19:47:03.611850 [ 1 ] {} <Debug> DatabaseAtomic (system): Found 0 non used tables in detached tables.
2025.11.02 19:47:03.611899 [ 1 ] {} <Debug> DatabaseAtomic (system): There are 0 detached tables. Start searching non used tables.
2025.11.02 19:47:03.611946 [ 1 ] {} <Debug> DatabaseAtomic (system): Found 0 non used tables in detached tables.
2025.11.02 19:47:03.612023 [ 1 ] {} <Debug> DatabaseAtomic (system): There are 0 detached tables. Start searching non used tables.
2025.11.02 19:47:03.612048 [ 1 ] {} <Debug> DatabaseAtomic (system): Found 0 non used tables in detached tables.
2025.11.02 19:47:03.612108 [ 1 ] {} <Debug> DatabaseAtomic (system): There are 0 detached tables. Start searching non used tables.
2025.11.02 19:47:03.612137 [ 1 ] {} <Debug> DatabaseAtomic (system): Found 0 non used tables in detached tables.
2025.11.02 19:47:03.612198 [ 1 ] {} <Debug> DatabaseAtomic (system): There are 0 detached tables. Start searching non used tables.
2025.11.02 19:47:03.612243 [ 1 ] {} <Debug> DatabaseAtomic (system): Found 0 non used tables in detached tables.
2025.11.02 19:47:03.612309 [ 1 ] {} <Debug> DatabaseAtomic (system): There are 0 detached tables. Start searching non used tables.
2025.11.02 19:47:03.612331 [ 1 ] {} <Debug> DatabaseAtomic (system): Found 0 non used tables in detached tables.
2025.11.02 19:47:03.612370 [ 1 ] {} <Debug> DatabaseAtomic (system): There are 0 detached tables. Start searching non used tables.
2025.11.02 19:47:03.612445 [ 1 ] {} <Debug> DatabaseAtomic (system): Found 0 non used tables in detached tables.
2025.11.02 19:47:03.612536 [ 1 ] {} <Debug> DatabaseAtomic (system): There are 0 detached tables. Start searching non used tables.
2025.11.02 19:47:03.612579 [ 1 ] {} <Debug> DatabaseAtomic (system): Found 0 non used tables in detached tables.
2025.11.02 19:47:03.612659 [ 1 ] {} <Debug> DatabaseAtomic (system): There are 0 detached tables. Start searching non used tables.
2025.11.02 19:47:03.612695 [ 1 ] {} <Debug> DatabaseAtomic (system): Found 0 non used tables in detached tables.
2025.11.02 19:47:03.612751 [ 1 ] {} <Debug> DatabaseAtomic (system): There are 0 detached tables. Start searching non used tables.
2025.11.02 19:47:03.612798 [ 1 ] {} <Debug> DatabaseAtomic (system): Found 0 non used tables in detached tables.
2025.11.02 19:47:03.612935 [ 1 ] {} <Debug> DatabaseAtomic (system): There are 0 detached tables. Start searching non used tables.
2025.11.02 19:47:03.613081 [ 1 ] {} <Debug> DatabaseAtomic (system): Found 0 non used tables in detached tables.
2025.11.02 19:47:03.613173 [ 1 ] {} <Debug> DatabaseAtomic (system): There are 0 detached tables. Start searching non used tables.
2025.11.02 19:47:03.613206 [ 1 ] {} <Debug> DatabaseAtomic (system): Found 0 non used tables in detached tables.
2025.11.02 19:47:03.613301 [ 1 ] {} <Debug> DatabaseAtomic (system): There are 0 detached tables. Start searching non used tables.
2025.11.02 19:47:03.614061 [ 1 ] {} <Debug> DatabaseAtomic (system): Found 0 non used tables in detached tables.
2025.11.02 19:47:03.614169 [ 1 ] {} <Debug> DatabaseAtomic (system): There are 0 detached tables. Start searching non used tables.
2025.11.02 19:47:03.614205 [ 1 ] {} <Debug> DatabaseAtomic (system): Found 0 non used tables in detached tables.
2025.11.02 19:47:03.614291 [ 1 ] {} <Debug> DatabaseAtomic (system): There are 0 detached tables. Start searching non used tables.
2025.11.02 19:47:03.614331 [ 1 ] {} <Debug> DatabaseAtomic (system): Found 0 non used tables in detached tables.
2025.11.02 19:47:03.614367 [ 1 ] {} <Debug> DatabaseAtomic (system): There are 0 detached tables. Start searching non used tables.
2025.11.02 19:47:03.614388 [ 1 ] {} <Debug> DatabaseAtomic (system): Found 0 non used tables in detached tables.
2025.11.02 19:47:03.614438 [ 1 ] {} <Debug> DatabaseAtomic (system): There are 0 detached tables. Start searching non used tables.
2025.11.02 19:47:03.614457 [ 1 ] {} <Debug> DatabaseAtomic (system): Found 0 non used tables in detached tables.
2025.11.02 19:47:03.614487 [ 1 ] {} <Debug> DatabaseAtomic (system): There are 0 detached tables. Start searching non used tables.
2025.11.02 19:47:03.614530 [ 1 ] {} <Debug> DatabaseAtomic (system): Found 0 non used tables in detached tables.
2025.11.02 19:47:03.614664 [ 1 ] {} <Debug> DatabaseAtomic (system): There are 0 detached tables. Start searching non used tables.
2025.11.02 19:47:03.614700 [ 1 ] {} <Debug> DatabaseAtomic (system): Found 0 non used tables in detached tables.
2025.11.02 19:47:03.614777 [ 1 ] {} <Debug> DatabaseAtomic (system): There are 0 detached tables. Start searching non used tables.
2025.11.02 19:47:03.614955 [ 1 ] {} <Debug> DatabaseAtomic (system): Found 0 non used tables in detached tables.
2025.11.02 19:47:03.615008 [ 1 ] {} <Debug> DatabaseAtomic (system): There are 0 detached tables. Start searching non used tables.
2025.11.02 19:47:03.615047 [ 1 ] {} <Debug> DatabaseAtomic (system): Found 0 non used tables in detached tables.
2025.11.02 19:47:03.615101 [ 1 ] {} <Debug> DatabaseAtomic (system): There are 0 detached tables. Start searching non used tables.
2025.11.02 19:47:03.615138 [ 1 ] {} <Debug> DatabaseAtomic (system): Found 0 non used tables in detached tables.
2025.11.02 19:47:03.615202 [ 1 ] {} <Debug> DatabaseAtomic (system): There are 0 detached tables. Start searching non used tables.
2025.11.02 19:47:03.615708 [ 1 ] {} <Debug> DatabaseAtomic (system): Found 0 non used tables in detached tables.
2025.11.02 19:47:03.615885 [ 1 ] {} <Debug> DatabaseAtomic (system): There are 0 detached tables. Start searching non used tables.
2025.11.02 19:47:03.615939 [ 1 ] {} <Debug> DatabaseAtomic (system): Found 0 non used tables in detached tables.
2025.11.02 19:47:03.616116 [ 1 ] {} <Debug> DatabaseAtomic (system): There are 0 detached tables. Start searching non used tables.
2025.11.02 19:47:03.616203 [ 1 ] {} <Debug> DatabaseAtomic (system): Found 0 non used tables in detached tables.
2025.11.02 19:47:03.616398 [ 1 ] {} <Debug> DatabaseAtomic (system): There are 0 detached tables. Start searching non used tables.
2025.11.02 19:47:03.616514 [ 1 ] {} <Debug> DatabaseAtomic (system): Found 0 non used tables in detached tables.
2025.11.02 19:47:03.616651 [ 1 ] {} <Debug> DatabaseAtomic (system): There are 0 detached tables. Start searching non used tables.
2025.11.02 19:47:03.616698 [ 1 ] {} <Debug> DatabaseAtomic (system): Found 0 non used tables in detached tables.
2025.11.02 19:47:03.616802 [ 1 ] {} <Debug> DatabaseAtomic (system): There are 0 detached tables. Start searching non used tables.
2025.11.02 19:47:03.616849 [ 1 ] {} <Debug> DatabaseAtomic (system): Found 0 non used tables in detached tables.
2025.11.02 19:47:03.616955 [ 1 ] {} <Debug> DatabaseAtomic (system): There are 0 detached tables. Start searching non used tables.
2025.11.02 19:47:03.617040 [ 1 ] {} <Debug> DatabaseAtomic (system): Found 0 non used tables in detached tables.
2025.11.02 19:47:03.617201 [ 1 ] {} <Debug> DatabaseAtomic (system): There are 0 detached tables. Start searching non used tables.
2025.11.02 19:47:03.617244 [ 1 ] {} <Debug> DatabaseAtomic (system): Found 0 non used tables in detached tables.
2025.11.02 19:47:03.617366 [ 1 ] {} <Debug> DatabaseAtomic (system): There are 0 detached tables. Start searching non used tables.
2025.11.02 19:47:03.617492 [ 1 ] {} <Debug> DatabaseAtomic (system): Found 0 non used tables in detached tables.
2025.11.02 19:47:03.617622 [ 1 ] {} <Debug> DatabaseAtomic (system): There are 0 detached tables. Start searching non used tables.
2025.11.02 19:47:03.617749 [ 1 ] {} <Debug> DatabaseAtomic (system): Found 0 non used tables in detached tables.
2025.11.02 19:47:03.617890 [ 1 ] {} <Debug> DatabaseAtomic (system): There are 0 detached tables. Start searching non used tables.
2025.11.02 19:47:03.618089 [ 1 ] {} <Debug> DatabaseAtomic (system): Found 0 non used tables in detached tables.
2025.11.02 19:47:03.618161 [ 1 ] {} <Debug> DatabaseAtomic (system): There are 0 detached tables. Start searching non used tables.
2025.11.02 19:47:03.618307 [ 1 ] {} <Debug> DatabaseAtomic (system): Found 0 non used tables in detached tables.
2025.11.02 19:47:03.618506 [ 1 ] {} <Debug> DatabaseAtomic (system): There are 0 detached tables. Start searching non used tables.
2025.11.02 19:47:03.618590 [ 1 ] {} <Debug> DatabaseAtomic (system): Found 0 non used tables in detached tables.
2025.11.02 19:47:03.618679 [ 1 ] {} <Debug> DatabaseAtomic (system): There are 0 detached tables. Start searching non used tables.
2025.11.02 19:47:03.618735 [ 1 ] {} <Debug> DatabaseAtomic (system): Found 0 non used tables in detached tables.
2025.11.02 19:47:03.618829 [ 1 ] {} <Debug> DatabaseAtomic (system): There are 0 detached tables. Start searching non used tables.
2025.11.02 19:47:03.618885 [ 1 ] {} <Debug> DatabaseAtomic (system): Found 0 non used tables in detached tables.
2025.11.02 19:47:03.619069 [ 1 ] {} <Debug> DatabaseAtomic (system): There are 0 detached tables. Start searching non used tables.
2025.11.02 19:47:03.619216 [ 1 ] {} <Debug> DatabaseAtomic (system): Found 0 non used tables in detached tables.
2025.11.02 19:47:03.619377 [ 1 ] {} <Debug> DatabaseAtomic (system): There are 0 detached tables. Start searching non used tables.
2025.11.02 19:47:03.619424 [ 1 ] {} <Debug> DatabaseAtomic (system): Found 0 non used tables in detached tables.
2025.11.02 19:47:03.619557 [ 1 ] {} <Debug> DatabaseAtomic (system): There are 0 detached tables. Start searching non used tables.
2025.11.02 19:47:03.619613 [ 1 ] {} <Debug> DatabaseAtomic (system): Found 0 non used tables in detached tables.
2025.11.02 19:47:03.619905 [ 1 ] {} <Debug> DatabaseAtomic (system): There are 0 detached tables. Start searching non used tables.
2025.11.02 19:47:03.619967 [ 1 ] {} <Debug> DatabaseAtomic (system): Found 0 non used tables in detached tables.
2025.11.02 19:47:03.620150 [ 1 ] {} <Debug> DatabaseAtomic (system): There are 0 detached tables. Start searching non used tables.
2025.11.02 19:47:03.620202 [ 1 ] {} <Debug> DatabaseAtomic (system): Found 0 non used tables in detached tables.
2025.11.02 19:47:03.620329 [ 1 ] {} <Debug> DatabaseAtomic (system): There are 0 detached tables. Start searching non used tables.
2025.11.02 19:47:03.620379 [ 1 ] {} <Debug> DatabaseAtomic (system): Found 0 non used tables in detached tables.
2025.11.02 19:47:03.620451 [ 1 ] {} <Debug> DatabaseAtomic (system): There are 0 detached tables. Start searching non used tables.
2025.11.02 19:47:03.620486 [ 1 ] {} <Debug> DatabaseAtomic (system): Found 0 non used tables in detached tables.
2025.11.02 19:47:03.620601 [ 1 ] {} <Debug> DatabaseAtomic (system): There are 0 detached tables. Start searching non used tables.
2025.11.02 19:47:03.620651 [ 1 ] {} <Debug> DatabaseAtomic (system): Found 0 non used tables in detached tables.
2025.11.02 19:47:03.620767 [ 1 ] {} <Debug> DatabaseAtomic (system): There are 0 detached tables. Start searching non used tables.
2025.11.02 19:47:03.620816 [ 1 ] {} <Debug> DatabaseAtomic (system): Found 0 non used tables in detached tables.
2025.11.02 19:47:03.620882 [ 1 ] {} <Debug> DatabaseAtomic (system): There are 0 detached tables. Start searching non used tables.
2025.11.02 19:47:03.620967 [ 1 ] {} <Debug> DatabaseAtomic (system): Found 0 non used tables in detached tables.
2025.11.02 19:47:03.621128 [ 1 ] {} <Debug> DatabaseAtomic (system): There are 0 detached tables. Start searching non used tables.
2025.11.02 19:47:03.621209 [ 1 ] {} <Debug> DatabaseAtomic (system): Found 0 non used tables in detached tables.
2025.11.02 19:47:03.621525 [ 1 ] {} <Debug> DatabaseAtomic (system): There are 0 detached tables. Start searching non used tables.
2025.11.02 19:47:03.622046 [ 1 ] {} <Debug> DatabaseAtomic (system): Found 0 non used tables in detached tables.
2025.11.02 19:47:03.622509 [ 1 ] {} <Debug> DatabaseAtomic (system): There are 0 detached tables. Start searching non used tables.
2025.11.02 19:47:03.622578 [ 1 ] {} <Debug> DatabaseAtomic (system): Found 0 non used tables in detached tables.
2025.11.02 19:47:03.622777 [ 1 ] {} <Debug> DatabaseAtomic (system): There are 0 detached tables. Start searching non used tables.
2025.11.02 19:47:03.622830 [ 1 ] {} <Debug> DatabaseAtomic (system): Found 0 non used tables in detached tables.
2025.11.02 19:47:03.623072 [ 1 ] {} <Debug> DatabaseAtomic (system): There are 0 detached tables. Start searching non used tables.
2025.11.02 19:47:03.623156 [ 1 ] {} <Debug> DatabaseAtomic (system): Found 0 non used tables in detached tables.
2025.11.02 19:47:03.623435 [ 1 ] {} <Debug> DatabaseAtomic (system): There are 0 detached tables. Start searching non used tables.
2025.11.02 19:47:03.623484 [ 1 ] {} <Debug> DatabaseAtomic (system): Found 0 non used tables in detached tables.
2025.11.02 19:47:03.623603 [ 1 ] {} <Debug> DatabaseAtomic (system): There are 0 detached tables. Start searching non used tables.
2025.11.02 19:47:03.623658 [ 1 ] {} <Debug> DatabaseAtomic (system): Found 0 non used tables in detached tables.
2025.11.02 19:47:03.623713 [ 1 ] {} <Debug> DatabaseAtomic (system): There are 0 detached tables. Start searching non used tables.
2025.11.02 19:47:03.623741 [ 1 ] {} <Debug> DatabaseAtomic (system): Found 0 non used tables in detached tables.
2025.11.02 19:47:03.623897 [ 1 ] {} <Debug> DatabaseAtomic (system): There are 0 detached tables. Start searching non used tables.
2025.11.02 19:47:03.623931 [ 1 ] {} <Debug> DatabaseAtomic (system): Found 0 non used tables in detached tables.
2025.11.02 19:47:03.624010 [ 1 ] {} <Debug> DatabaseAtomic (system): There are 0 detached tables. Start searching non used tables.
2025.11.02 19:47:03.624050 [ 1 ] {} <Debug> DatabaseAtomic (system): Found 0 non used tables in detached tables.
2025.11.02 19:47:03.624198 [ 1 ] {} <Debug> DatabaseAtomic (system): There are 0 detached tables. Start searching non used tables.
2025.11.02 19:47:03.624270 [ 1 ] {} <Debug> DatabaseAtomic (system): Found 0 non used tables in detached tables.
2025.11.02 19:47:03.624434 [ 1 ] {} <Debug> DatabaseAtomic (system): There are 0 detached tables. Start searching non used tables.
2025.11.02 19:47:03.624494 [ 1 ] {} <Debug> DatabaseAtomic (system): Found 0 non used tables in detached tables.
2025.11.02 19:47:03.624586 [ 1 ] {} <Debug> DatabaseAtomic (system): There are 0 detached tables. Start searching non used tables.
2025.11.02 19:47:03.624625 [ 1 ] {} <Debug> DatabaseAtomic (system): Found 0 non used tables in detached tables.
2025.11.02 19:47:03.624689 [ 1 ] {} <Debug> DatabaseAtomic (system): There are 0 detached tables. Start searching non used tables.
2025.11.02 19:47:03.624733 [ 1 ] {} <Debug> DatabaseAtomic (system): Found 0 non used tables in detached tables.
2025.11.02 19:47:03.624931 [ 1 ] {} <Debug> DatabaseAtomic (system): There are 0 detached tables. Start searching non used tables.
2025.11.02 19:47:03.624989 [ 1 ] {} <Debug> DatabaseAtomic (system): Found 0 non used tables in detached tables.
2025.11.02 19:47:03.625112 [ 1 ] {} <Debug> DatabaseAtomic (system): There are 0 detached tables. Start searching non used tables.
2025.11.02 19:47:03.625169 [ 1 ] {} <Debug> DatabaseAtomic (system): Found 0 non used tables in detached tables.
2025.11.02 19:47:03.625315 [ 1 ] {} <Debug> DatabaseAtomic (system): There are 0 detached tables. Start searching non used tables.
2025.11.02 19:47:03.625385 [ 1 ] {} <Debug> DatabaseAtomic (system): Found 0 non used tables in detached tables.
2025.11.02 19:47:03.625495 [ 1 ] {} <Debug> DatabaseAtomic (system): There are 0 detached tables. Start searching non used tables.
2025.11.02 19:47:03.625537 [ 1 ] {} <Debug> DatabaseAtomic (system): Found 0 non used tables in detached tables.
2025.11.02 19:47:03.625618 [ 1 ] {} <Debug> DatabaseAtomic (system): There are 0 detached tables. Start searching non used tables.
2025.11.02 19:47:03.625645 [ 1 ] {} <Debug> DatabaseAtomic (system): Found 0 non used tables in detached tables.
2025.11.02 19:47:03.625708 [ 1 ] {} <Debug> DatabaseAtomic (system): There are 0 detached tables. Start searching non used tables.
2025.11.02 19:47:03.625755 [ 1 ] {} <Debug> DatabaseAtomic (system): Found 0 non used tables in detached tables.
2025.11.02 19:47:03.625856 [ 1 ] {} <Debug> DatabaseAtomic (system): There are 0 detached tables. Start searching non used tables.
2025.11.02 19:47:03.625901 [ 1 ] {} <Debug> DatabaseAtomic (system): Found 0 non used tables in detached tables.
2025.11.02 19:47:03.625983 [ 1 ] {} <Debug> DatabaseAtomic (system): There are 0 detached tables. Start searching non used tables.
2025.11.02 19:47:03.626021 [ 1 ] {} <Debug> DatabaseAtomic (system): Found 0 non used tables in detached tables.
2025.11.02 19:47:03.626090 [ 1 ] {} <Debug> DatabaseAtomic (system): There are 0 detached tables. Start searching non used tables.
2025.11.02 19:47:03.626136 [ 1 ] {} <Debug> DatabaseAtomic (system): Found 0 non used tables in detached tables.
2025.11.02 19:47:03.626206 [ 1 ] {} <Debug> DatabaseAtomic (system): There are 0 detached tables. Start searching non used tables.
2025.11.02 19:47:03.626245 [ 1 ] {} <Debug> DatabaseAtomic (system): Found 0 non used tables in detached tables.
2025.11.02 19:47:03.626300 [ 1 ] {} <Debug> DatabaseAtomic (system): There are 0 detached tables. Start searching non used tables.
2025.11.02 19:47:03.626334 [ 1 ] {} <Debug> DatabaseAtomic (system): Found 0 non used tables in detached tables.
2025.11.02 19:47:03.626380 [ 1 ] {} <Debug> DatabaseAtomic (system): There are 0 detached tables. Start searching non used tables.
2025.11.02 19:47:03.626407 [ 1 ] {} <Debug> DatabaseAtomic (system): Found 0 non used tables in detached tables.
2025.11.02 19:47:03.626453 [ 1 ] {} <Debug> DatabaseAtomic (system): There are 0 detached tables. Start searching non used tables.
2025.11.02 19:47:03.626528 [ 1 ] {} <Debug> DatabaseAtomic (system): Found 0 non used tables in detached tables.
2025.11.02 19:47:03.626617 [ 1 ] {} <Debug> DatabaseAtomic (system): There are 0 detached tables. Start searching non used tables.
2025.11.02 19:47:03.626648 [ 1 ] {} <Debug> DatabaseAtomic (system): Found 0 non used tables in detached tables.
2025.11.02 19:47:03.626718 [ 1 ] {} <Debug> DatabaseAtomic (system): There are 0 detached tables. Start searching non used tables.
2025.11.02 19:47:03.626740 [ 1 ] {} <Debug> DatabaseAtomic (system): Found 0 non used tables in detached tables.
2025.11.02 19:47:03.626783 [ 1 ] {} <Debug> DatabaseAtomic (system): There are 0 detached tables. Start searching non used tables.
2025.11.02 19:47:03.626820 [ 1 ] {} <Debug> DatabaseAtomic (system): Found 0 non used tables in detached tables.
2025.11.02 19:47:03.626873 [ 1 ] {} <Debug> DatabaseAtomic (system): There are 0 detached tables. Start searching non used tables.
2025.11.02 19:47:03.626913 [ 1 ] {} <Debug> DatabaseAtomic (system): Found 0 non used tables in detached tables.
2025.11.02 19:47:03.627039 [ 1 ] {} <Debug> DatabaseAtomic (system): There are 0 detached tables. Start searching non used tables.
2025.11.02 19:47:03.627066 [ 1 ] {} <Debug> DatabaseAtomic (system): Found 0 non used tables in detached tables.
2025.11.02 19:47:03.627107 [ 1 ] {} <Debug> DatabaseAtomic (system): There are 0 detached tables. Start searching non used tables.
2025.11.02 19:47:03.627144 [ 1 ] {} <Debug> DatabaseAtomic (system): Found 0 non used tables in detached tables.
2025.11.02 19:47:03.627201 [ 1 ] {} <Debug> DatabaseAtomic (system): There are 0 detached tables. Start searching non used tables.
2025.11.02 19:47:03.627252 [ 1 ] {} <Debug> DatabaseAtomic (system): Found 0 non used tables in detached tables.
2025.11.02 19:47:03.627410 [ 1 ] {} <Debug> DatabaseAtomic (system): There are 0 detached tables. Start searching non used tables.
2025.11.02 19:47:03.627445 [ 1 ] {} <Debug> DatabaseAtomic (system): Found 0 non used tables in detached tables.
2025.11.02 19:47:03.627500 [ 1 ] {} <Debug> DatabaseAtomic (system): There are 0 detached tables. Start searching non used tables.
2025.11.02 19:47:03.627536 [ 1 ] {} <Debug> DatabaseAtomic (system): Found 0 non used tables in detached tables.
2025.11.02 19:47:03.627599 [ 1 ] {} <Debug> DatabaseAtomic (system): There are 0 detached tables. Start searching non used tables.
2025.11.02 19:47:03.627652 [ 1 ] {} <Debug> DatabaseAtomic (system): Found 0 non used tables in detached tables.
2025.11.02 19:47:03.627709 [ 1 ] {} <Debug> DatabaseAtomic (system): There are 0 detached tables. Start searching non used tables.
2025.11.02 19:47:03.627740 [ 1 ] {} <Debug> DatabaseAtomic (system): Found 0 non used tables in detached tables.
2025.11.02 19:47:03.627795 [ 1 ] {} <Debug> DatabaseAtomic (system): There are 0 detached tables. Start searching non used tables.
2025.11.02 19:47:03.627864 [ 1 ] {} <Debug> DatabaseAtomic (system): Found 0 non used tables in detached tables.
2025.11.02 19:47:03.627927 [ 1 ] {} <Debug> DatabaseAtomic (system): There are 0 detached tables. Start searching non used tables.
2025.11.02 19:47:03.627950 [ 1 ] {} <Debug> DatabaseAtomic (system): Found 0 non used tables in detached tables.
2025.11.02 19:47:03.628035 [ 1 ] {} <Debug> DatabaseAtomic (system): There are 0 detached tables. Start searching non used tables.
2025.11.02 19:47:03.628080 [ 1 ] {} <Debug> DatabaseAtomic (system): Found 0 non used tables in detached tables.
2025.11.02 19:47:03.628189 [ 1 ] {} <Debug> DatabaseAtomic (system): There are 0 detached tables. Start searching non used tables.
2025.11.02 19:47:03.628220 [ 1 ] {} <Debug> DatabaseAtomic (system): Found 0 non used tables in detached tables.
2025.11.02 19:47:03.628288 [ 1 ] {} <Debug> DatabaseAtomic (system): There are 0 detached tables. Start searching non used tables.
2025.11.02 19:47:03.628328 [ 1 ] {} <Debug> DatabaseAtomic (system): Found 0 non used tables in detached tables.
2025.11.02 19:47:03.628399 [ 1 ] {} <Debug> DatabaseAtomic (system): There are 0 detached tables. Start searching non used tables.
2025.11.02 19:47:03.628514 [ 1 ] {} <Debug> DatabaseAtomic (system): Found 0 non used tables in detached tables.
2025.11.02 19:47:03.628616 [ 1 ] {} <Debug> DatabaseAtomic (system): There are 0 detached tables. Start searching non used tables.
2025.11.02 19:47:03.628651 [ 1 ] {} <Debug> DatabaseAtomic (system): Found 0 non used tables in detached tables.
2025.11.02 19:47:03.628794 [ 1 ] {} <Debug> DatabaseAtomic (system): There are 0 detached tables. Start searching non used tables.
2025.11.02 19:47:03.628868 [ 1 ] {} <Debug> DatabaseAtomic (system): Found 0 non used tables in detached tables.
2025.11.02 19:47:03.628996 [ 1 ] {} <Debug> DatabaseAtomic (system): There are 0 detached tables. Start searching non used tables.
2025.11.02 19:47:03.629050 [ 1 ] {} <Debug> DatabaseAtomic (system): Found 0 non used tables in detached tables.
2025.11.02 19:47:03.634802 [ 1 ] {} <Information> DatabaseCatalog: Found 0 partially dropped tables. Will load them and retry removal.
2025.11.02 19:47:03.636245 [ 1 ] {} <Information> DatabaseAtomic (default): Metadata processed, database default has 0 tables and 0 dictionaries in total.
2025.11.02 19:47:03.636328 [ 1 ] {} <Information> TablesLoader: Parsed metadata of 0 tables in 1 databases in 0.000130333 sec
2025.11.02 19:47:03.636378 [ 1 ] {} <Information> loadMetadata: Start asynchronous loading of databases
2025.11.02 19:47:03.636428 [ 1 ] {} <Debug> AsyncLoader: Schedule load job 'startup Ordinary database default' into BackgrndStartup
2025.11.02 19:47:03.636482 [ 1 ] {} <Debug> AsyncLoader: Schedule load job 'startup Atomic database default' into BackgrndStartup
2025.11.02 19:47:03.636536 [ 1 ] {} <Debug> AsyncLoader: Change current priority: none -> 2
2025.11.02 19:47:03.636607 [ 1 ] {} <Debug> AsyncLoader: Spawn loader worker #1 in BackgrndStartup
2025.11.02 19:47:03.636768 [ 1 ] {} <Information> UserDefinedSQLObjectsLoaderFromDisk: Loading user defined objects from /var/lib/clickhouse/user_defined/
2025.11.02 19:47:03.636783 [ 721 ] {} <Debug> AsyncLoader: Execute load job 'startup Ordinary database default' in BackgrndStartup
2025.11.02 19:47:03.636855 [ 1 ] {} <Debug> UserDefinedSQLObjectsLoaderFromDisk: The directory for user defined objects (/var/lib/clickhouse/user_defined/) does not exist: nothing to load
2025.11.02 19:47:03.636931 [ 721 ] {} <Debug> AsyncLoader: Finish load job 'startup Ordinary database default' with status OK
2025.11.02 19:47:03.637159 [ 721 ] {} <Debug> AsyncLoader: Spawn loader worker #2 in BackgrndStartup
2025.11.02 19:47:03.637043 [ 1 ] {} <Information> WorkloadEntityDiskStorage: Loading workload entities from /var/lib/clickhouse/workload/
2025.11.02 19:47:03.637363 [ 721 ] {} <Debug> AsyncLoader: Execute load job 'startup Atomic database default' in BackgrndStartup
2025.11.02 19:47:03.637466 [ 721 ] {} <Debug> AsyncLoader: Finish load job 'startup Atomic database default' with status OK
2025.11.02 19:47:03.637534 [ 721 ] {} <Debug> AsyncLoader: Stop worker in BackgrndStartup
2025.11.02 19:47:03.637365 [ 1 ] {} <Debug> WorkloadEntityDiskStorage: The directory for workload entities (/var/lib/clickhouse/workload/) does not exist: nothing to load
2025.11.02 19:47:03.637657 [ 722 ] {} <Debug> AsyncLoader: Stop worker in BackgrndStartup
2025.11.02 19:47:03.637949 [ 722 ] {} <Debug> AsyncLoader: Change current priority: 2 -> none
2025.11.02 19:47:03.642174 [ 1 ] {} <Information> ZooKeeperClient: Connected to ZooKeeper at 172.19.0.2:2181 with session_id 72057596994191361
2025.11.02 19:47:03.646985 [ 1 ] {} <Information> ZooKeeperClient: Keeper feature flag FILTERED_LIST: disabled
2025.11.02 19:47:03.647117 [ 1 ] {} <Information> ZooKeeperClient: Keeper feature flag MULTI_READ: disabled
2025.11.02 19:47:03.647268 [ 1 ] {} <Information> ZooKeeperClient: Keeper feature flag CHECK_NOT_EXISTS: disabled
2025.11.02 19:47:03.647299 [ 1 ] {} <Information> ZooKeeperClient: Keeper feature flag CREATE_IF_NOT_EXISTS: disabled
2025.11.02 19:47:03.647365 [ 1 ] {} <Information> ZooKeeperClient: Keeper feature flag REMOVE_RECURSIVE: disabled
2025.11.02 19:47:03.656454 [ 1 ] {} <Debug> Application: Loaded metadata.
2025.11.02 19:47:03.656529 [ 1 ] {} <Information> Application: Tasks stats provider: procfs
2025.11.02 19:47:03.656569 [ 1 ] {} <Information> Application: It looks like the process has no CAP_SYS_NICE capability, the setting 'os_thread_priority' will have no effect. It could happen due to incorrect ClickHouse package installation. You could resolve the problem manually with 'sudo setcap cap_sys_nice=+ep /usr/bin/clickhouse'. Note that it will not work on 'nosuid' mounted filesystems.
2025.11.02 19:47:03.656661 [ 1 ] {} <Debug> DatabaseAtomic (system): There are 0 detached tables. Start searching non used tables.
2025.11.02 19:47:03.656726 [ 1 ] {} <Debug> DatabaseAtomic (system): Found 0 non used tables in detached tables.
2025.11.02 19:47:03.657064 [ 1 ] {} <Warning> Application: Listen [::]:8123 failed: Poco::Exception. Code: 1000, e.code() = 0, DNS error: EAI: Address family for hostname not supported (version 25.3.7.194 (official build)). If it is an IPv6 or IPv4 address and your host has disabled IPv6 or IPv4, then consider to specify not disabled IPv4 or IPv6 address to listen in <listen_host> element of configuration file. Example for disabled IPv6: <listen_host>0.0.0.0</listen_host> . Example for disabled IPv4: <listen_host>::</listen_host>
2025.11.02 19:47:03.657286 [ 1 ] {} <Warning> Application: Listen [::]:9000 failed: Poco::Exception. Code: 1000, e.code() = 0, DNS error: EAI: Address family for hostname not supported (version 25.3.7.194 (official build)). If it is an IPv6 or IPv4 address and your host has disabled IPv6 or IPv4, then consider to specify not disabled IPv4 or IPv6 address to listen in <listen_host> element of configuration file. Example for disabled IPv6: <listen_host>0.0.0.0</listen_host> . Example for disabled IPv4: <listen_host>::</listen_host>
2025.11.02 19:47:03.657509 [ 1 ] {} <Warning> Application: Listen [::]:8001 failed: Poco::Exception. Code: 1000, e.code() = 0, DNS error: EAI: Address family for hostname not supported (version 25.3.7.194 (official build)). If it is an IPv6 or IPv4 address and your host has disabled IPv6 or IPv4, then consider to specify not disabled IPv4 or IPv6 address to listen in <listen_host> element of configuration file. Example for disabled IPv6: <listen_host>0.0.0.0</listen_host> . Example for disabled IPv4: <listen_host>::</listen_host>
2025.11.02 19:47:03.657736 [ 1 ] {} <Information> CertificateReloader: One of paths is empty. Cannot apply new configuration for certificates. Fill all paths and try again.
2025.11.02 19:47:03.657883 [ 1 ] {} <Information> CertificateReloader: One of paths is empty. Cannot apply new configuration for certificates. Fill all paths and try again.
2025.11.02 19:47:03.662414 [ 1 ] {} <Debug> AsyncLoader: Schedule load job 'startup ddl worker' into BackgrndStartup
2025.11.02 19:47:03.662493 [ 1 ] {} <Debug> AsyncLoader: Change current priority: none -> 2
2025.11.02 19:47:03.662547 [ 1 ] {} <Debug> AsyncLoader: Spawn loader worker #1 in BackgrndStartup
2025.11.02 19:47:03.662632 [ 1 ] {} <Information> Application: Listening for http://0.0.0.0:8123
2025.11.02 19:47:03.662771 [ 1 ] {} <Information> Application: Listening for native protocol (tcp): 0.0.0.0:9000
2025.11.02 19:47:03.662926 [ 1 ] {} <Information> Application: Listening for Prometheus: http://0.0.0.0:8001
2025.11.02 19:47:03.662973 [ 1 ] {} <Information> Application: Ready for connections.
2025.11.02 19:47:03.663593 [ 729 ] {} <Debug> AsyncLoader: Execute load job 'startup ddl worker' in BackgrndStartup
2025.11.02 19:47:03.663731 [ 729 ] {} <Debug> AsyncLoader: Finish load job 'startup ddl worker' with status OK
2025.11.02 19:47:03.663861 [ 729 ] {} <Debug> AsyncLoader: Stop worker in BackgrndStartup
2025.11.02 19:47:03.663914 [ 729 ] {} <Debug> AsyncLoader: Change current priority: 2 -> none
2025.11.02 19:47:03.663814 [ 734 ] {} <Debug> DDLWorker: Started DDLWorker cleanup thread
2025.11.02 19:47:03.665427 [ 727 ] {} <Debug> DDLWorker: Starting DDLWorker thread
2025.11.02 19:47:03.665558 [ 727 ] {} <Debug> DDLWorker: Initializing DDLWorker thread
2025.11.02 19:47:03.671614 [ 727 ] {} <Debug> DDLWorker: Initialized DDLWorker thread
2025.11.02 19:47:03.671709 [ 734 ] {} <Debug> DDLWorker: Cleaning queue
2025.11.02 19:47:03.674560 [ 727 ] {} <Debug> DDLWorker: Scheduling tasks
2025.11.02 19:47:03.675121 [ 727 ] {} <Debug> DDLWorker: No tasks to schedule
2025.11.02 19:47:03.675167 [ 727 ] {} <Debug> DDLWorker: Waiting for queue updates
2025.11.02 19:47:03.958755 [ 83 ] {} <Information> TCPHandler: Client has not sent any data.
2025.11.02 19:47:03.958837 [ 83 ] {} <Debug> TCPHandler: Done processing connection.
2025.11.02 19:47:03.990277 [ 83 ] {} <Information> TCPHandler: Client has not sent any data.
2025.11.02 19:47:03.990499 [ 83 ] {} <Debug> TCPHandler: Done processing connection.
2025.11.02 19:47:04.056978 [ 727 ] {} <Debug> DDLWorker: Scheduling tasks
2025.11.02 19:47:04.059034 [ 727 ] {} <Debug> DDLWorker: Will schedule 1 tasks starting from query-0000000000
2025.11.02 19:47:04.060290 [ 727 ] {} <Debug> DDLWorker: Processing task query-0000000000 (query: CREATE DATABASE IF NOT EXISTS db_w UUID '593d77a3-bdd8-4bf3-b577-1262a156f505', backup restore: false)
2025.11.02 19:47:04.061400 [ 727 ] {} <Debug> DDLWorker: Executing query: CREATE DATABASE IF NOT EXISTS db_w UUID '593d77a3-bdd8-4bf3-b577-1262a156f505'
2025.11.02 19:47:04.061562 [ 727 ] {9a497b0f-342c-4626-a596-763a39cc9a95} <Debug> executeQuery: (from 0.0.0.0:0, user: , initial_query_id: db327c58-1dc1-4ea3-87fc-650068d20381) /* ddl_entry=query-0000000000 */ CREATE DATABASE IF NOT EXISTS db_w UUID '593d77a3-bdd8-4bf3-b577-1262a156f505' (stage: Complete)
2025.11.02 19:47:04.062412 [ 727 ] {9a497b0f-342c-4626-a596-763a39cc9a95} <Information> DatabaseAtomic (db_w): Metadata processed, database db_w has 0 tables and 0 dictionaries in total.
2025.11.02 19:47:04.062465 [ 727 ] {9a497b0f-342c-4626-a596-763a39cc9a95} <Information> TablesLoader: Parsed metadata of 0 tables in 1 databases in 6.125e-05 sec
2025.11.02 19:47:04.062514 [ 727 ] {9a497b0f-342c-4626-a596-763a39cc9a95} <Debug> AsyncLoader: Prioritize load job 'startup Atomic database db_w': BackgrndStartup -> ForegroundLoad
2025.11.02 19:47:04.062544 [ 727 ] {9a497b0f-342c-4626-a596-763a39cc9a95} <Debug> AsyncLoader: Prioritize load job 'startup Ordinary database db_w': BackgrndStartup -> ForegroundLoad
2025.11.02 19:47:04.062579 [ 727 ] {9a497b0f-342c-4626-a596-763a39cc9a95} <Debug> AsyncLoader: Schedule load job 'startup Ordinary database db_w' into ForegroundLoad
2025.11.02 19:47:04.062618 [ 727 ] {9a497b0f-342c-4626-a596-763a39cc9a95} <Debug> AsyncLoader: Schedule load job 'startup Atomic database db_w' into ForegroundLoad
2025.11.02 19:47:04.062666 [ 727 ] {9a497b0f-342c-4626-a596-763a39cc9a95} <Debug> AsyncLoader: Change current priority: none -> 0
2025.11.02 19:47:04.062697 [ 727 ] {9a497b0f-342c-4626-a596-763a39cc9a95} <Debug> AsyncLoader: Spawn loader worker #1 in ForegroundLoad
2025.11.02 19:47:04.062811 [ 727 ] {9a497b0f-342c-4626-a596-763a39cc9a95} <Debug> AsyncLoader: Wait load job 'startup Atomic database db_w' in ForegroundLoad
2025.11.02 19:47:04.062837 [ 733 ] {} <Debug> AsyncLoader: Execute load job 'startup Ordinary database db_w' in ForegroundLoad
2025.11.02 19:47:04.062925 [ 733 ] {} <Debug> AsyncLoader: Finish load job 'startup Ordinary database db_w' with status OK
2025.11.02 19:47:04.062983 [ 733 ] {} <Debug> AsyncLoader: Spawn loader worker #2 in ForegroundLoad
2025.11.02 19:47:04.063170 [ 733 ] {} <Debug> AsyncLoader: Execute load job 'startup Atomic database db_w' in ForegroundLoad
2025.11.02 19:47:04.063227 [ 733 ] {} <Debug> AsyncLoader: Finish load job 'startup Atomic database db_w' with status OK
2025.11.02 19:47:04.063300 [ 733 ] {} <Debug> AsyncLoader: Stop worker in ForegroundLoad
2025.11.02 19:47:04.063417 [ 755 ] {} <Debug> AsyncLoader: Stop worker in ForegroundLoad
2025.11.02 19:47:04.063469 [ 755 ] {} <Debug> AsyncLoader: Change current priority: 0 -> none
2025.11.02 19:47:04.063424 [ 727 ] {9a497b0f-342c-4626-a596-763a39cc9a95} <Debug> DDLWorker: Executed query: /* ddl_entry=query-0000000000 */ CREATE DATABASE IF NOT EXISTS db_w UUID '593d77a3-bdd8-4bf3-b577-1262a156f505'
2025.11.02 19:47:04.065352 [ 727 ] {} <Debug> DDLWorker: Waiting for queue updates
2025.11.02 19:47:04.134086 [ 727 ] {} <Debug> DDLWorker: Scheduling tasks
2025.11.02 19:47:04.135074 [ 727 ] {} <Debug> DDLWorker: Will schedule 1 tasks starting from query-0000000001
2025.11.02 19:47:04.136186 [ 727 ] {} <Debug> DDLWorker: Processing task query-0000000001 (query: CREATE TABLE db_w.t_dist_local UUID '76342c53-abaf-40f2-89fb-5cd7dd6d0b17' (`create_time` DateTime, `y` Int32 COMMENT 'shard key', `m` Int32 COMMENT 'part key', `id` Int64 COMMENT 'sort key', `value` Nullable(String)) ENGINE = MergeTree PARTITION BY m ORDER BY id SETTINGS index_granularity = 8192, backup restore: false)
2025.11.02 19:47:04.137289 [ 727 ] {} <Debug> DDLWorker: Executing query: CREATE TABLE db_w.t_dist_local UUID '76342c53-abaf-40f2-89fb-5cd7dd6d0b17' (`create_time` DateTime, `y` Int32 COMMENT 'shard key', `m` Int32 COMMENT 'part key', `id` Int64 COMMENT 'sort key', `value` Nullable(String)) ENGINE = MergeTree PARTITION BY m ORDER BY id SETTINGS index_granularity = 8192
2025.11.02 19:47:04.137466 [ 727 ] {3ad510fa-5ae3-423d-9c9a-445b7e544a43} <Debug> executeQuery: (from 0.0.0.0:0, user: , initial_query_id: 7e3f2d2f-b4b4-436e-b188-c9587383c27c) /* ddl_entry=query-0000000001 */ CREATE TABLE db_w.t_dist_local UUID '76342c53-abaf-40f2-89fb-5cd7dd6d0b17' (`create_time` DateTime, `y` Int32 COMMENT 'shard key', `m` Int32 COMMENT 'part key', `id` Int64 COMMENT 'sort key', `value` Nullable(String)) ENGINE = MergeTree PARTITION BY m ORDER BY id SETTINGS index_granularity = 8192 (stage: Complete)
2025.11.02 19:47:04.138970 [ 727 ] {3ad510fa-5ae3-423d-9c9a-445b7e544a43} <Debug> db_w.t_dist_local (76342c53-abaf-40f2-89fb-5cd7dd6d0b17): Loading data parts
2025.11.02 19:47:04.139578 [ 727 ] {3ad510fa-5ae3-423d-9c9a-445b7e544a43} <Debug> db_w.t_dist_local (76342c53-abaf-40f2-89fb-5cd7dd6d0b17): There are no data parts
2025.11.02 19:47:04.140408 [ 727 ] {3ad510fa-5ae3-423d-9c9a-445b7e544a43} <Debug> DatabaseAtomic (db_w): There are 0 detached tables. Start searching non used tables.
2025.11.02 19:47:04.140463 [ 727 ] {3ad510fa-5ae3-423d-9c9a-445b7e544a43} <Debug> DatabaseAtomic (db_w): Found 0 non used tables in detached tables.
2025.11.02 19:47:04.140743 [ 727 ] {3ad510fa-5ae3-423d-9c9a-445b7e544a43} <Debug> DDLWorker: Executed query: /* ddl_entry=query-0000000001 */ CREATE TABLE db_w.t_dist_local UUID '76342c53-abaf-40f2-89fb-5cd7dd6d0b17' (`create_time` DateTime, `y` Int32 COMMENT 'shard key', `m` Int32 COMMENT 'part key', `id` Int64 COMMENT 'sort key', `value` Nullable(String)) ENGINE = MergeTree PARTITION BY m ORDER BY id SETTINGS index_granularity = 8192
2025.11.02 19:47:04.142991 [ 727 ] {} <Debug> DDLWorker: Waiting for queue updates
2025.11.02 19:47:04.197848 [ 727 ] {} <Debug> DDLWorker: Scheduling tasks
2025.11.02 19:47:04.198361 [ 727 ] {} <Debug> DDLWorker: Will schedule 1 tasks starting from query-0000000002
2025.11.02 19:47:04.199255 [ 727 ] {} <Debug> DDLWorker: Processing task query-0000000002 (query: CREATE TABLE db_w.t_dist UUID '7b6e73c0-0bdc-4cd3-8505-7d01311ca3f8' (`create_time` DateTime, `y` Int32 COMMENT 'shard key', `m` Int32 COMMENT 'part key', `id` Int64 COMMENT 'sort key', `value` Nullable(String)) ENGINE = Distributed(single_replica, 'db_w', 't_dist_local', y), backup restore: false)
2025.11.02 19:47:04.200684 [ 727 ] {} <Debug> DDLWorker: Executing query: CREATE TABLE db_w.t_dist UUID '7b6e73c0-0bdc-4cd3-8505-7d01311ca3f8' (`create_time` DateTime, `y` Int32 COMMENT 'shard key', `m` Int32 COMMENT 'part key', `id` Int64 COMMENT 'sort key', `value` Nullable(String)) ENGINE = Distributed(single_replica, 'db_w', 't_dist_local', y)
2025.11.02 19:47:04.200832 [ 727 ] {cdb0d7a8-689e-411b-b91b-680a5ed99980} <Debug> executeQuery: (from 0.0.0.0:0, user: , initial_query_id: 98592e15-2e01-4898-84b8-66e622382a8c) /* ddl_entry=query-0000000002 */ CREATE TABLE db_w.t_dist UUID '7b6e73c0-0bdc-4cd3-8505-7d01311ca3f8' (`create_time` DateTime, `y` Int32 COMMENT 'shard key', `m` Int32 COMMENT 'part key', `id` Int64 COMMENT 'sort key', `value` Nullable(String)) ENGINE = Distributed(single_replica, 'db_w', 't_dist_local', y) (stage: Complete)
2025.11.02 19:47:04.201433 [ 727 ] {cdb0d7a8-689e-411b-b91b-680a5ed99980} <Debug> StorageDistributed (t_dist): Auto-increment is 0
2025.11.02 19:47:04.202137 [ 727 ] {cdb0d7a8-689e-411b-b91b-680a5ed99980} <Debug> DatabaseAtomic (db_w): There are 0 detached tables. Start searching non used tables.
2025.11.02 19:47:04.202176 [ 727 ] {cdb0d7a8-689e-411b-b91b-680a5ed99980} <Debug> DatabaseAtomic (db_w): Found 0 non used tables in detached tables.
2025.11.02 19:47:04.202460 [ 727 ] {cdb0d7a8-689e-411b-b91b-680a5ed99980} <Debug> DDLWorker: Executed query: /* ddl_entry=query-0000000002 */ CREATE TABLE db_w.t_dist UUID '7b6e73c0-0bdc-4cd3-8505-7d01311ca3f8' (`create_time` DateTime, `y` Int32 COMMENT 'shard key', `m` Int32 COMMENT 'part key', `id` Int64 COMMENT 'sort key', `value` Nullable(String)) ENGINE = Distributed(single_replica, 'db_w', 't_dist_local', y)
2025.11.02 19:47:04.204095 [ 727 ] {} <Debug> DDLWorker: Waiting for queue updates
2025.11.02 19:47:04.256497 [ 83 ] {} <Debug> TCPHandler: Connected ClickHouse server version 25.3.0, revision: 54476, user: default.
2025.11.02 19:47:04.256582 [ 83 ] {} <Debug> TCP-Session-687389db-d719-408f-82e1-ddd7b6615cd2: Authenticating user 'default' from 172.19.0.3:42544
2025.11.02 19:47:04.256660 [ 83 ] {} <Debug> TCP-Session-687389db-d719-408f-82e1-ddd7b6615cd2: 687389db-d719-408f-82e1-ddd7b6615cd2 Authenticated with global context as user 94309d50-4f52-5250-31bd-74fecac179db
2025.11.02 19:47:04.256735 [ 83 ] {} <Debug> TCP-Session-687389db-d719-408f-82e1-ddd7b6615cd2: Creating session context with user_id: 94309d50-4f52-5250-31bd-74fecac179db
2025.11.02 19:47:04.260302 [ 83 ] {744a4b2b-e5fe-4325-a02b-bedf6ab92af9} <Debug> executeQuery: (from 172.19.0.3:42544, initial_query_id: a7941663-2b75-4002-af1d-0225b7456806) SELECT `__table1`.`create_time` AS `create_time`, `__table1`.`y` AS `y`, `__table1`.`m` AS `m`, `__table1`.`id` AS `id`, `__table1`.`value` AS `value` FROM `db_w`.`t_dist_local` AS `__table1` WHERE _CAST(0, 'UInt8') (stage: Complete)
2025.11.02 19:47:04.262053 [ 83 ] {744a4b2b-e5fe-4325-a02b-bedf6ab92af9} <Debug> TCPHandler: Processed in 0.002022084 sec.
2025.11.02 19:47:04.306386 [ 83 ] {be017545-6cb4-4e5f-9267-834df095537e} <Debug> executeQuery: (from 172.19.0.3:42544, initial_query_id: 0e64d11e-6636-4123-8734-2f87fb1ec47f) SELECT `__table1`.`create_time` AS `create_time`, `__table1`.`y` AS `y`, `__table1`.`m` AS `m`, `__table1`.`id` AS `id`, `__table1`.`value` AS `value` FROM `db_w`.`t_dist_local` AS `__table1` WHERE _CAST(0, 'UInt8') (stage: Complete)
2025.11.02 19:47:04.307019 [ 83 ] {be017545-6cb4-4e5f-9267-834df095537e} <Debug> TCPHandler: Processed in 0.000855917 sec.
2025.11.02 19:47:04.359877 [ 83 ] {95f81241-816f-41d9-bf10-3aaac263b0b5} <Debug> executeQuery: (from 172.19.0.3:42544, initial_query_id: 7b3b105d-0cd6-4e5c-bfcb-b5a03bcf6626) SELECT `__table1`.`create_time` AS `create_time`, `__table1`.`y` AS `y`, `__table1`.`m` AS `m`, `__table1`.`id` AS `id`, `__table1`.`value` AS `value` FROM `db_w`.`t_dist_local` AS `__table1` WHERE _CAST(0, 'UInt8') (stage: Complete)
2025.11.02 19:47:04.360493 [ 83 ] {95f81241-816f-41d9-bf10-3aaac263b0b5} <Debug> TCPHandler: Processed in 0.000918 sec.
2025.11.02 19:47:04.507584 [ 84 ] {} <Debug> TCPHandler: Connected ClickHouse server version 25.3.0, revision: 54476, user: default.
2025.11.02 19:47:04.508049 [ 84 ] {} <Debug> TCP-Session-6012c541-85b8-4b02-865f-9a413d459b74: Authenticating user 'default' from 172.19.0.5:44852
2025.11.02 19:47:04.508147 [ 84 ] {} <Debug> TCP-Session-6012c541-85b8-4b02-865f-9a413d459b74: 6012c541-85b8-4b02-865f-9a413d459b74 Authenticated with global context as user 94309d50-4f52-5250-31bd-74fecac179db
2025.11.02 19:47:04.508219 [ 84 ] {} <Debug> TCP-Session-6012c541-85b8-4b02-865f-9a413d459b74: Creating session context with user_id: 94309d50-4f52-5250-31bd-74fecac179db
2025.11.02 19:47:04.510464 [ 84 ] {005c9d8a-8220-4a8e-8585-5d6fdabac02f} <Debug> executeQuery: (from 172.19.0.5:44852, initial_query_id: dc537862-e6d0-446d-970d-c536aaf43abe) INSERT INTO db_w.t_dist_local (create_time, y, m, id, value) VALUES (stage: Complete)
2025.11.02 19:47:04.515443 [ 84 ] {005c9d8a-8220-4a8e-8585-5d6fdabac02f} <Debug> executeQuery: Read 1 rows, 31.00 B in 0.005023 sec., 199.0842126219391 rows/sec., 6.03 KiB/sec.
2025.11.02 19:47:04.515623 [ 84 ] {005c9d8a-8220-4a8e-8585-5d6fdabac02f} <Debug> MemoryTracker: Query peak memory usage: 4.30 MiB.
2025.11.02 19:47:04.515719 [ 84 ] {005c9d8a-8220-4a8e-8585-5d6fdabac02f} <Debug> TCPHandler: Processed in 0.005456792 sec.
2025.11.02 19:47:04.581734 [ 83 ] {9e49d845-c663-456d-a25f-99f8f3478ccc} <Debug> executeQuery: (from 172.19.0.3:42544, initial_query_id: d657e458-8f68-4277-8b93-a535fa74c3df) SELECT `__table1`.`create_time` AS `create_time`, `__table1`.`y` AS `y`, `__table1`.`m` AS `m`, `__table1`.`id` AS `id`, `__table1`.`value` AS `value` FROM `db_w`.`t_dist_local` AS `__table1` WHERE _CAST(0, 'UInt8') (stage: Complete)
2025.11.02 19:47:04.582063 [ 83 ] {9e49d845-c663-456d-a25f-99f8f3478ccc} <Debug> db_w.t_dist_local (76342c53-abaf-40f2-89fb-5cd7dd6d0b17) (SelectExecutor): Selected 0/0 parts by partition key, 0 parts by primary key, 0/0 marks by primary key, 0 marks to read from 0 ranges
2025.11.02 19:47:04.582550 [ 83 ] {9e49d845-c663-456d-a25f-99f8f3478ccc} <Debug> TCPHandler: Processed in 0.000994625 sec.
2025.11.02 19:47:04.595339 [ 83 ] {121ed5be-7712-4f4c-b8a7-bbdc32b4242c} <Debug> executeQuery: (from 172.19.0.3:42544, initial_query_id: faa1ab87-4085-4fc8-bc44-d562334e7824) SELECT `__table1`.`create_time` AS `create_time`, `__table1`.`y` AS `y`, `__table1`.`m` AS `m`, `__table1`.`id` AS `id`, `__table1`.`value` AS `value` FROM `db_w`.`t_dist_local` AS `__table1` WHERE _CAST(0, 'UInt8') (stage: Complete)
2025.11.02 19:47:04.595621 [ 83 ] {121ed5be-7712-4f4c-b8a7-bbdc32b4242c} <Debug> db_w.t_dist_local (76342c53-abaf-40f2-89fb-5cd7dd6d0b17) (SelectExecutor): Selected 0/0 parts by partition key, 0 parts by primary key, 0/0 marks by primary key, 0 marks to read from 0 ranges
2025.11.02 19:47:04.596007 [ 83 ] {121ed5be-7712-4f4c-b8a7-bbdc32b4242c} <Debug> TCPHandler: Processed in 0.000841333 sec.
2025.11.02 19:47:04.619886 [ 81 ] {} <Debug> HTTP-Session-27927b7c-7b1e-4a9e-bc7e-e903eeecbecc: Authenticating user 'default' from 172.19.0.7:49792
2025.11.02 19:47:04.619955 [ 81 ] {} <Debug> HTTP-Session-27927b7c-7b1e-4a9e-bc7e-e903eeecbecc: 27927b7c-7b1e-4a9e-bc7e-e903eeecbecc Authenticated with global context as user 94309d50-4f52-5250-31bd-74fecac179db
2025.11.02 19:47:04.620002 [ 81 ] {} <Debug> HTTP-Session-27927b7c-7b1e-4a9e-bc7e-e903eeecbecc: Creating session context with user_id: 94309d50-4f52-5250-31bd-74fecac179db
2025.11.02 19:47:04.620230 [ 81 ] {0fef8a45-0e14-4e64-9a52-8b2b9e369d17} <Debug> executeQuery: (from 172.19.0.7:49792) SELECT partition, -- String
 partition_id, -- String
 sum(rows) AS row_count, -- UInt64
 sum(bytes_on_disk) AS size_in_bytes -- UInt64
 FROM `system`.`parts` WHERE `database`='db_w' AND `table`='t_dist_local' AND `active`=1 GROUP BY `partition`, `partition_id` ORDER BY `partition` ASC, partition_id ASC  (stage: Complete)
2025.11.02 19:47:04.625220 [ 81 ] {0fef8a45-0e14-4e64-9a52-8b2b9e369d17} <Debug> executeQuery: Read 1 rows, 71.00 B in 0.005066 sec., 197.39439399921042 rows/sec., 13.69 KiB/sec.
2025.11.02 19:47:04.625633 [ 81 ] {0fef8a45-0e14-4e64-9a52-8b2b9e369d17} <Debug> DynamicQueryHandler: Done processing query
2025.11.02 19:47:04.625697 [ 81 ] {0fef8a45-0e14-4e64-9a52-8b2b9e369d17} <Debug> MemoryTracker: Query peak memory usage: 4.02 MiB.
2025.11.02 19:47:04.625799 [ 81 ] {} <Debug> HTTP-Session-27927b7c-7b1e-4a9e-bc7e-e903eeecbecc: 27927b7c-7b1e-4a9e-bc7e-e903eeecbecc Logout, user_id: 94309d50-4f52-5250-31bd-74fecac179db
2025.11.02 19:47:04.652241 [ 81 ] {} <Debug> HTTP-Session-6ef9317a-55bb-4487-b2b8-376428a67813: Authenticating user 'default' from 172.19.0.7:49796
2025.11.02 19:47:04.652313 [ 81 ] {} <Debug> HTTP-Session-6ef9317a-55bb-4487-b2b8-376428a67813: 6ef9317a-55bb-4487-b2b8-376428a67813 Authenticated with global context as user 94309d50-4f52-5250-31bd-74fecac179db
2025.11.02 19:47:04.652413 [ 81 ] {} <Debug> HTTP-Session-6ef9317a-55bb-4487-b2b8-376428a67813: Creating session context with user_id: 94309d50-4f52-5250-31bd-74fecac179db
2025.11.02 19:47:04.652613 [ 81 ] {a97c9f9f-0964-4683-b76c-73c519dad1f9} <Debug> executeQuery: (from 172.19.0.7:49796) SELECT partition, -- String
 partition_id, -- String
 sum(rows) AS row_count, -- UInt64
 sum(bytes_on_disk) AS size_in_bytes -- UInt64
 FROM `system`.`parts` WHERE `database`='db_w' AND `table`='t_dist_local' AND `active`=1 GROUP BY `partition`, `partition_id` ORDER BY `partition` ASC, partition_id ASC  (stage: Complete)
2025.11.02 19:47:04.655419 [ 81 ] {a97c9f9f-0964-4683-b76c-73c519dad1f9} <Debug> executeQuery: Read 1 rows, 71.00 B in 0.002886 sec., 346.5003465003465 rows/sec., 24.02 KiB/sec.
2025.11.02 19:47:04.655792 [ 81 ] {a97c9f9f-0964-4683-b76c-73c519dad1f9} <Debug> DynamicQueryHandler: Done processing query
2025.11.02 19:47:04.655848 [ 81 ] {a97c9f9f-0964-4683-b76c-73c519dad1f9} <Debug> MemoryTracker: Query peak memory usage: 4.02 MiB.
2025.11.02 19:47:04.655925 [ 81 ] {} <Debug> HTTP-Session-6ef9317a-55bb-4487-b2b8-376428a67813: 6ef9317a-55bb-4487-b2b8-376428a67813 Logout, user_id: 94309d50-4f52-5250-31bd-74fecac179db
2025.11.02 19:47:04.684573 [ 81 ] {} <Debug> HTTP-Session-be9e09d2-3ec3-4598-9c48-462e1f297a20: Authenticating user 'default' from 172.19.0.7:49806
2025.11.02 19:47:04.684656 [ 81 ] {} <Debug> HTTP-Session-be9e09d2-3ec3-4598-9c48-462e1f297a20: be9e09d2-3ec3-4598-9c48-462e1f297a20 Authenticated with global context as user 94309d50-4f52-5250-31bd-74fecac179db
2025.11.02 19:47:04.684708 [ 81 ] {} <Debug> HTTP-Session-be9e09d2-3ec3-4598-9c48-462e1f297a20: Creating session context with user_id: 94309d50-4f52-5250-31bd-74fecac179db
2025.11.02 19:47:04.684897 [ 81 ] {4fe48a4b-5b14-410c-88b8-619f97ed5680} <Debug> executeQuery: (from 172.19.0.7:49806) SELECT `create_time`, `y`, `m`, `id`, `value` FROM `db_w`.`t_dist_local` WHERE (_partition_id = '1') AND ((1=1) AND (1=1))  (stage: Complete)
2025.11.02 19:47:04.686312 [ 81 ] {4fe48a4b-5b14-410c-88b8-619f97ed5680} <Debug> db_w.t_dist_local (76342c53-abaf-40f2-89fb-5cd7dd6d0b17) (SelectExecutor): Key condition: unknown, true, and
2025.11.02 19:47:04.686677 [ 81 ] {4fe48a4b-5b14-410c-88b8-619f97ed5680} <Debug> db_w.t_dist_local (76342c53-abaf-40f2-89fb-5cd7dd6d0b17) (SelectExecutor): MinMax index condition: unknown, true, and
2025.11.02 19:47:04.686772 [ 81 ] {4fe48a4b-5b14-410c-88b8-619f97ed5680} <Debug> db_w.t_dist_local (76342c53-abaf-40f2-89fb-5cd7dd6d0b17) (SelectExecutor): PK index has dropped 0/1 granules, it took 0ms across 1 threads.
2025.11.02 19:47:04.686836 [ 81 ] {4fe48a4b-5b14-410c-88b8-619f97ed5680} <Debug> db_w.t_dist_local (76342c53-abaf-40f2-89fb-5cd7dd6d0b17) (SelectExecutor): Selected 1/1 parts by partition key, 1 parts by primary key, 1/1 marks by primary key, 1 marks to read from 1 ranges
2025.11.02 19:47:04.687561 [ 81 ] {4fe48a4b-5b14-410c-88b8-619f97ed5680} <Debug> executeQuery: Read 1 rows, 31.00 B in 0.002735 sec., 365.6307129798903 rows/sec., 11.07 KiB/sec.
2025.11.02 19:47:04.687952 [ 81 ] {4fe48a4b-5b14-410c-88b8-619f97ed5680} <Debug> DynamicQueryHandler: Done processing query
2025.11.02 19:47:04.688049 [ 81 ] {4fe48a4b-5b14-410c-88b8-619f97ed5680} <Debug> MemoryTracker: Query peak memory usage: 4.00 MiB.
2025.11.02 19:47:04.688130 [ 81 ] {} <Debug> HTTP-Session-be9e09d2-3ec3-4598-9c48-462e1f297a20: be9e09d2-3ec3-4598-9c48-462e1f297a20 Logout, user_id: 94309d50-4f52-5250-31bd-74fecac179db
2025.11.02 19:47:04.708463 [ 81 ] {} <Debug> HTTP-Session-204badb1-65e0-47ed-ab51-5fe5a2654f81: Authenticating user 'default' from 172.19.0.7:49820
2025.11.02 19:47:04.708549 [ 81 ] {} <Debug> HTTP-Session-204badb1-65e0-47ed-ab51-5fe5a2654f81: 204badb1-65e0-47ed-ab51-5fe5a2654f81 Authenticated with global context as user 94309d50-4f52-5250-31bd-74fecac179db
2025.11.02 19:47:04.708609 [ 81 ] {} <Debug> HTTP-Session-204badb1-65e0-47ed-ab51-5fe5a2654f81: Creating session context with user_id: 94309d50-4f52-5250-31bd-74fecac179db
2025.11.02 19:47:04.708987 [ 81 ] {8a2683db-7ee1-4e67-b0aa-29f235f1c337} <Debug> executeQuery: (from 172.19.0.7:49820) SELECT `create_time`, `y`, `m`, `id`, `value` FROM `db_w`.`t_dist_local` WHERE (_partition_id = '1') AND ((1=1) AND (1=1))  (stage: Complete)
2025.11.02 19:47:04.709332 [ 81 ] {8a2683db-7ee1-4e67-b0aa-29f235f1c337} <Debug> db_w.t_dist_local (76342c53-abaf-40f2-89fb-5cd7dd6d0b17) (SelectExecutor): Key condition: unknown, true, and
2025.11.02 19:47:04.709373 [ 81 ] {8a2683db-7ee1-4e67-b0aa-29f235f1c337} <Debug> db_w.t_dist_local (76342c53-abaf-40f2-89fb-5cd7dd6d0b17) (SelectExecutor): MinMax index condition: unknown, true, and
2025.11.02 19:47:04.709404 [ 81 ] {8a2683db-7ee1-4e67-b0aa-29f235f1c337} <Debug> db_w.t_dist_local (76342c53-abaf-40f2-89fb-5cd7dd6d0b17) (SelectExecutor): PK index has dropped 0/1 granules, it took 0ms across 1 threads.
2025.11.02 19:47:04.709427 [ 81 ] {8a2683db-7ee1-4e67-b0aa-29f235f1c337} <Debug> db_w.t_dist_local (76342c53-abaf-40f2-89fb-5cd7dd6d0b17) (SelectExecutor): Selected 1/1 parts by partition key, 1 parts by primary key, 1/1 marks by primary key, 1 marks to read from 1 ranges
2025.11.02 19:47:04.710478 [ 81 ] {8a2683db-7ee1-4e67-b0aa-29f235f1c337} <Debug> executeQuery: Read 1 rows, 31.00 B in 0.001556 sec., 642.6735218508998 rows/sec., 19.46 KiB/sec.
2025.11.02 19:47:04.710704 [ 81 ] {8a2683db-7ee1-4e67-b0aa-29f235f1c337} <Debug> DynamicQueryHandler: Done processing query
2025.11.02 19:47:04.710754 [ 81 ] {8a2683db-7ee1-4e67-b0aa-29f235f1c337} <Debug> MemoryTracker: Query peak memory usage: 4.00 MiB.
2025.11.02 19:47:04.710838 [ 81 ] {} <Debug> HTTP-Session-204badb1-65e0-47ed-ab51-5fe5a2654f81: 204badb1-65e0-47ed-ab51-5fe5a2654f81 Logout, user_id: 94309d50-4f52-5250-31bd-74fecac179db
2025.11.02 19:47:04.812683 [ 81 ] {} <Debug> HTTP-Session-0ebb6961-da92-46e9-aa93-ca9fd46170d9: Authenticating user 'default' from 172.19.0.7:49828
2025.11.02 19:47:04.812775 [ 81 ] {} <Debug> HTTP-Session-0ebb6961-da92-46e9-aa93-ca9fd46170d9: 0ebb6961-da92-46e9-aa93-ca9fd46170d9 Authenticated with global context as user 94309d50-4f52-5250-31bd-74fecac179db
2025.11.02 19:47:04.812822 [ 81 ] {} <Debug> HTTP-Session-0ebb6961-da92-46e9-aa93-ca9fd46170d9: Creating session context with user_id: 94309d50-4f52-5250-31bd-74fecac179db
2025.11.02 19:47:04.813006 [ 81 ] {d2fac902-c15a-4d71-a08c-5dc005379b6e} <Debug> executeQuery: (from 172.19.0.7:49828) SELECT 1 (stage: Complete)
2025.11.02 19:47:04.814095 [ 81 ] {d2fac902-c15a-4d71-a08c-5dc005379b6e} <Debug> executeQuery: Read 1 rows, 1.00 B in 0.001129 sec., 885.7395925597874 rows/sec., 885.74 B/sec.
2025.11.02 19:47:04.814421 [ 81 ] {d2fac902-c15a-4d71-a08c-5dc005379b6e} <Debug> DynamicQueryHandler: Done processing query
2025.11.02 19:47:04.814520 [ 81 ] {d2fac902-c15a-4d71-a08c-5dc005379b6e} <Debug> MemoryTracker: Query peak memory usage: 4.00 MiB.
2025.11.02 19:47:04.814599 [ 81 ] {} <Debug> HTTP-Session-0ebb6961-da92-46e9-aa93-ca9fd46170d9: 0ebb6961-da92-46e9-aa93-ca9fd46170d9 Logout, user_id: 94309d50-4f52-5250-31bd-74fecac179db
2025.11.02 19:47:04.815209 [ 81 ] {} <Debug> HTTP-Session-556ef296-22e9-4827-a6b7-32427fccc056: Authenticating user 'default' from 172.19.0.7:49828
2025.11.02 19:47:04.815286 [ 81 ] {} <Debug> HTTP-Session-556ef296-22e9-4827-a6b7-32427fccc056: 556ef296-22e9-4827-a6b7-32427fccc056 Authenticated with global context as user 94309d50-4f52-5250-31bd-74fecac179db
2025.11.02 19:47:04.815347 [ 81 ] {} <Debug> HTTP-Session-556ef296-22e9-4827-a6b7-32427fccc056: Creating session context with user_id: 94309d50-4f52-5250-31bd-74fecac179db
2025.11.02 19:47:04.815482 [ 81 ] {566ce4ff-6ca5-4372-a8c3-72e51f8f65e9} <Debug> executeQuery: (from 172.19.0.7:49828) SELECT timezone() AS tz (stage: Complete)
2025.11.02 19:47:04.816066 [ 81 ] {566ce4ff-6ca5-4372-a8c3-72e51f8f65e9} <Debug> executeQuery: Read 1 rows, 1.00 B in 0.000604 sec., 1655.6291390728475 rows/sec., 1.62 KiB/sec.
2025.11.02 19:47:04.816346 [ 81 ] {566ce4ff-6ca5-4372-a8c3-72e51f8f65e9} <Debug> DynamicQueryHandler: Done processing query
2025.11.02 19:47:04.816520 [ 81 ] {566ce4ff-6ca5-4372-a8c3-72e51f8f65e9} <Debug> MemoryTracker: Query peak memory usage: 4.00 MiB.
2025.11.02 19:47:04.816610 [ 81 ] {} <Debug> HTTP-Session-556ef296-22e9-4827-a6b7-32427fccc056: 556ef296-22e9-4827-a6b7-32427fccc056 Logout, user_id: 94309d50-4f52-5250-31bd-74fecac179db
2025.11.02 19:47:04.817194 [ 81 ] {} <Debug> HTTP-Session-c642335b-fac4-4075-882e-b26ba7ec0966: Authenticating user 'default' from 172.19.0.7:49828
2025.11.02 19:47:04.817269 [ 81 ] {} <Debug> HTTP-Session-c642335b-fac4-4075-882e-b26ba7ec0966: c642335b-fac4-4075-882e-b26ba7ec0966 Authenticated with global context as user 94309d50-4f52-5250-31bd-74fecac179db
2025.11.02 19:47:04.817333 [ 81 ] {} <Debug> HTTP-Session-c642335b-fac4-4075-882e-b26ba7ec0966: Creating session context with user_id: 94309d50-4f52-5250-31bd-74fecac179db
2025.11.02 19:47:04.817494 [ 81 ] {d100c86a-9456-46cf-bd08-fbfd020a0f83} <Debug> executeQuery: (from 172.19.0.7:49828)  SELECT `cluster`, -- String
 `shard_num`, -- UInt32
 `shard_weight`, -- UInt32
 `replica_num`, -- UInt32
 `host_name`, -- String
 `host_address`, -- String
 `port`, -- UInt16
 `is_local`, -- UInt8
 `user`, -- String
 `default_database`, -- String
 `errors_count`, -- UInt32
 `estimated_recovery_time` -- UInt32
 FROM `system`.`clusters`  (stage: Complete)
2025.11.02 19:47:04.818199 [ 81 ] {d100c86a-9456-46cf-bd08-fbfd020a0f83} <Debug> executeQuery: Read 8 rows, 884.00 B in 0.000757 sec., 10568.031704095112 rows/sec., 1.11 MiB/sec.
2025.11.02 19:47:04.818437 [ 81 ] {d100c86a-9456-46cf-bd08-fbfd020a0f83} <Debug> DynamicQueryHandler: Done processing query
2025.11.02 19:47:04.818513 [ 81 ] {d100c86a-9456-46cf-bd08-fbfd020a0f83} <Debug> MemoryTracker: Query peak memory usage: 3.96 MiB.
2025.11.02 19:47:04.818606 [ 81 ] {} <Debug> HTTP-Session-c642335b-fac4-4075-882e-b26ba7ec0966: c642335b-fac4-4075-882e-b26ba7ec0966 Logout, user_id: 94309d50-4f52-5250-31bd-74fecac179db
2025.11.02 19:47:04.819257 [ 81 ] {} <Debug> HTTP-Session-ffd31d5d-186d-4eb4-9fae-d9c192072d86: Authenticating user 'default' from 172.19.0.7:49828
2025.11.02 19:47:04.819343 [ 81 ] {} <Debug> HTTP-Session-ffd31d5d-186d-4eb4-9fae-d9c192072d86: ffd31d5d-186d-4eb4-9fae-d9c192072d86 Authenticated with global context as user 94309d50-4f52-5250-31bd-74fecac179db
2025.11.02 19:47:04.819397 [ 81 ] {} <Debug> HTTP-Session-ffd31d5d-186d-4eb4-9fae-d9c192072d86: Creating session context with user_id: 94309d50-4f52-5250-31bd-74fecac179db
2025.11.02 19:47:04.819519 [ 81 ] {981e263b-d4af-475a-9942-5b9950ed6aa8} <Debug> executeQuery: (from 172.19.0.7:49828) SELECT * FROM `db_w`.`t_dist_local` WHERE 1=0 (stage: Complete)
2025.11.02 19:47:04.819812 [ 81 ] {981e263b-d4af-475a-9942-5b9950ed6aa8} <Debug> db_w.t_dist_local (76342c53-abaf-40f2-89fb-5cd7dd6d0b17) (SelectExecutor): Selected 0/0 parts by partition key, 0 parts by primary key, 0/0 marks by primary key, 0 marks to read from 0 ranges
2025.11.02 19:47:04.820597 [ 81 ] {981e263b-d4af-475a-9942-5b9950ed6aa8} <Debug> DynamicQueryHandler: Done processing query
2025.11.02 19:47:04.820665 [ 81 ] {981e263b-d4af-475a-9942-5b9950ed6aa8} <Debug> MemoryTracker: Query peak memory usage: 3.00 MiB.
2025.11.02 19:47:04.820737 [ 81 ] {} <Debug> HTTP-Session-ffd31d5d-186d-4eb4-9fae-d9c192072d86: ffd31d5d-186d-4eb4-9fae-d9c192072d86 Logout, user_id: 94309d50-4f52-5250-31bd-74fecac179db
2025.11.02 19:47:04.821193 [ 81 ] {} <Debug> HTTP-Session-a04035d0-1885-4da8-ae06-523c33412de1: Authenticating user 'default' from 172.19.0.7:49828
2025.11.02 19:47:04.821253 [ 81 ] {} <Debug> HTTP-Session-a04035d0-1885-4da8-ae06-523c33412de1: a04035d0-1885-4da8-ae06-523c33412de1 Authenticated with global context as user 94309d50-4f52-5250-31bd-74fecac179db
2025.11.02 19:47:04.821304 [ 81 ] {} <Debug> HTTP-Session-a04035d0-1885-4da8-ae06-523c33412de1: Creating session context with user_id: 94309d50-4f52-5250-31bd-74fecac179db
2025.11.02 19:47:04.821472 [ 81 ] {70169555-d769-4e31-840c-4a89e55ea309} <Debug> executeQuery: (from 172.19.0.7:49828) SELECT `database`, -- String
 `name`, -- String
 `uuid`, -- UUID
 `engine`, -- String
 `is_temporary`, -- UInt8
 `data_paths`, -- Array(String)
 `metadata_path`, -- String
 `metadata_modification_time`, -- DateTime
 `dependencies_database`, -- Array(String)
 `dependencies_table`, -- Array(String)
 `create_table_query`, -- String
 `engine_full`, -- String
 `partition_key`, -- String
 `sorting_key`, -- String
 `primary_key`, -- String
 `sampling_key`, -- String
 `storage_policy`, -- String
 `total_rows`, -- Nullable(UInt64)
 `total_bytes`, -- Nullable(UInt64)
 `lifetime_rows`, -- Nullable(UInt64)
 `lifetime_bytes` -- Nullable(UInt64)
 FROM `system`.`tables` WHERE `database`='db_w' AND `name`='t_dist_local'  (stage: Complete)
2025.11.02 19:47:04.822624 [ 81 ] {70169555-d769-4e31-840c-4a89e55ea309} <Debug> executeQuery: Read 1 rows, 679.00 B in 0.001225 sec., 816.3265306122449 rows/sec., 541.29 KiB/sec.
2025.11.02 19:47:04.822886 [ 81 ] {70169555-d769-4e31-840c-4a89e55ea309} <Debug> DynamicQueryHandler: Done processing query
2025.11.02 19:47:04.822943 [ 81 ] {70169555-d769-4e31-840c-4a89e55ea309} <Debug> MemoryTracker: Query peak memory usage: 3.90 MiB.
2025.11.02 19:47:04.823024 [ 81 ] {} <Debug> HTTP-Session-a04035d0-1885-4da8-ae06-523c33412de1: a04035d0-1885-4da8-ae06-523c33412de1 Logout, user_id: 94309d50-4f52-5250-31bd-74fecac179db
2025.11.02 19:47:04.826174 [ 768 ] {} <Debug> HTTP-Session-04d5652d-40cf-40fa-8594-4c8c7798414c: Authenticating user 'default' from 172.19.0.7:49832
2025.11.02 19:47:04.826479 [ 768 ] {} <Debug> HTTP-Session-04d5652d-40cf-40fa-8594-4c8c7798414c: 04d5652d-40cf-40fa-8594-4c8c7798414c Authenticated with global context as user 94309d50-4f52-5250-31bd-74fecac179db
2025.11.02 19:47:04.826739 [ 768 ] {} <Debug> HTTP-Session-04d5652d-40cf-40fa-8594-4c8c7798414c: Creating session context with user_id: 94309d50-4f52-5250-31bd-74fecac179db
2025.11.02 19:47:04.827332 [ 768 ] {3ee403c0-2b13-41ec-8be5-3d7331a4f06a} <Debug> executeQuery: (from 172.19.0.7:49832) SELECT `database`, -- String
 `table`, -- String
 `name`, -- String
 `type`, -- String
 `position`, -- UInt64
 `default_kind`, -- String
 `default_expression`, -- String
 `data_compressed_bytes`, -- UInt64
 `data_uncompressed_bytes`, -- UInt64
 `marks_bytes`, -- UInt64
 `comment`, -- String
 `is_in_partition_key`, -- UInt8
 `is_in_sorting_key`, -- UInt8
 `is_in_primary_key`, -- UInt8
 `is_in_sampling_key`, -- UInt8
 `compression_codec` -- String
 FROM `system`.`columns` WHERE `database`='db_w' AND `table`='t_dist_local' ORDER BY `position` ASC  (stage: Complete)
2025.11.02 19:47:04.829172 [ 768 ] {3ee403c0-2b13-41ec-8be5-3d7331a4f06a} <Debug> executeQuery: Read 5 rows, 704.00 B in 0.001917 sec., 2608.242044861763 rows/sec., 358.63 KiB/sec.
2025.11.02 19:47:04.829609 [ 768 ] {3ee403c0-2b13-41ec-8be5-3d7331a4f06a} <Debug> DynamicQueryHandler: Done processing query
2025.11.02 19:47:04.829678 [ 768 ] {3ee403c0-2b13-41ec-8be5-3d7331a4f06a} <Debug> MemoryTracker: Query peak memory usage: 3.93 MiB.
2025.11.02 19:47:04.829729 [ 768 ] {} <Debug> HTTP-Session-04d5652d-40cf-40fa-8594-4c8c7798414c: 04d5652d-40cf-40fa-8594-4c8c7798414c Logout, user_id: 94309d50-4f52-5250-31bd-74fecac179db
2025.11.02 19:47:04.834026 [ 768 ] {} <Debug> HTTP-Session-a2b1bc18-ef1d-44ec-a88e-e5c23ce96404: Authenticating user 'default' from 172.19.0.7:49844
2025.11.02 19:47:04.834128 [ 768 ] {} <Debug> HTTP-Session-a2b1bc18-ef1d-44ec-a88e-e5c23ce96404: a2b1bc18-ef1d-44ec-a88e-e5c23ce96404 Authenticated with global context as user 94309d50-4f52-5250-31bd-74fecac179db
2025.11.02 19:47:04.834181 [ 768 ] {} <Debug> HTTP-Session-a2b1bc18-ef1d-44ec-a88e-e5c23ce96404: Creating session context with user_id: 94309d50-4f52-5250-31bd-74fecac179db
2025.11.02 19:47:04.834389 [ 768 ] {b55b46cd-61d6-48cd-8d02-788edc1d8cb1} <Debug> executeQuery: (from 172.19.0.7:49844) SELECT partition, -- String
 partition_id, -- String
 sum(rows) AS row_count, -- UInt64
 sum(bytes_on_disk) AS size_in_bytes -- UInt64
 FROM `system`.`parts` WHERE `database`='db_w' AND `table`='t_dist_local' AND `active`=1 GROUP BY `partition`, `partition_id` ORDER BY `partition` ASC, partition_id ASC  (stage: Complete)
2025.11.02 19:47:04.836486 [ 768 ] {b55b46cd-61d6-48cd-8d02-788edc1d8cb1} <Debug> executeQuery: Read 1 rows, 71.00 B in 0.002173 sec., 460.1932811780948 rows/sec., 31.91 KiB/sec.
2025.11.02 19:47:04.836928 [ 768 ] {b55b46cd-61d6-48cd-8d02-788edc1d8cb1} <Debug> DynamicQueryHandler: Done processing query
2025.11.02 19:47:04.836993 [ 768 ] {b55b46cd-61d6-48cd-8d02-788edc1d8cb1} <Debug> MemoryTracker: Query peak memory usage: 4.02 MiB.
2025.11.02 19:47:04.837089 [ 768 ] {} <Debug> HTTP-Session-a2b1bc18-ef1d-44ec-a88e-e5c23ce96404: a2b1bc18-ef1d-44ec-a88e-e5c23ce96404 Logout, user_id: 94309d50-4f52-5250-31bd-74fecac179db
2025.11.02 19:47:04.841741 [ 768 ] {} <Debug> HTTP-Session-e85795fd-addc-46ef-a0f4-f151d9582fff: Authenticating user 'default' from 172.19.0.7:49852
2025.11.02 19:47:04.841844 [ 768 ] {} <Debug> HTTP-Session-e85795fd-addc-46ef-a0f4-f151d9582fff: e85795fd-addc-46ef-a0f4-f151d9582fff Authenticated with global context as user 94309d50-4f52-5250-31bd-74fecac179db
2025.11.02 19:47:04.841912 [ 768 ] {} <Debug> HTTP-Session-e85795fd-addc-46ef-a0f4-f151d9582fff: Creating session context with user_id: 94309d50-4f52-5250-31bd-74fecac179db
2025.11.02 19:47:04.842143 [ 768 ] {867be8ae-69c8-4b31-8c87-75940af2baad} <Debug> executeQuery: (from 172.19.0.7:49852) SELECT partition, -- String
 partition_id, -- String
 sum(rows) AS row_count, -- UInt64
 sum(bytes_on_disk) AS size_in_bytes -- UInt64
 FROM `system`.`parts` WHERE `database`='db_w' AND `table`='t_dist_local' AND `active`=1 GROUP BY `partition`, `partition_id` ORDER BY `partition` ASC, partition_id ASC  (stage: Complete)
2025.11.02 19:47:04.852351 [ 768 ] {867be8ae-69c8-4b31-8c87-75940af2baad} <Debug> executeQuery: Read 1 rows, 71.00 B in 0.010287 sec., 97.21007096335181 rows/sec., 6.74 KiB/sec.
2025.11.02 19:47:04.852795 [ 768 ] {867be8ae-69c8-4b31-8c87-75940af2baad} <Debug> DynamicQueryHandler: Done processing query
2025.11.02 19:47:04.852876 [ 768 ] {867be8ae-69c8-4b31-8c87-75940af2baad} <Debug> MemoryTracker: Query peak memory usage: 4.02 MiB.
2025.11.02 19:47:04.853007 [ 768 ] {} <Debug> HTTP-Session-e85795fd-addc-46ef-a0f4-f151d9582fff: e85795fd-addc-46ef-a0f4-f151d9582fff Logout, user_id: 94309d50-4f52-5250-31bd-74fecac179db
2025.11.02 19:47:04.863600 [ 768 ] {} <Debug> HTTP-Session-bc54de4f-42bb-4c73-a21d-0487f3aeb33c: Authenticating user 'default' from 172.19.0.7:49856
2025.11.02 19:47:04.863685 [ 768 ] {} <Debug> HTTP-Session-bc54de4f-42bb-4c73-a21d-0487f3aeb33c: bc54de4f-42bb-4c73-a21d-0487f3aeb33c Authenticated with global context as user 94309d50-4f52-5250-31bd-74fecac179db
2025.11.02 19:47:04.863737 [ 768 ] {} <Debug> HTTP-Session-bc54de4f-42bb-4c73-a21d-0487f3aeb33c: Creating session context with user_id: 94309d50-4f52-5250-31bd-74fecac179db
2025.11.02 19:47:04.863942 [ 768 ] {8508f42c-28d1-43ee-b5e7-9c47f36fa706} <Debug> executeQuery: (from 172.19.0.7:49856) SELECT `create_time`, `y`, `m`, `id`, `value` FROM `db_w`.`t_dist_local` WHERE (_partition_id = '1') AND ((1=1) AND (1=1))  (stage: Complete)
2025.11.02 19:47:04.864432 [ 768 ] {8508f42c-28d1-43ee-b5e7-9c47f36fa706} <Debug> db_w.t_dist_local (76342c53-abaf-40f2-89fb-5cd7dd6d0b17) (SelectExecutor): Key condition: unknown, true, and
2025.11.02 19:47:04.864501 [ 768 ] {8508f42c-28d1-43ee-b5e7-9c47f36fa706} <Debug> db_w.t_dist_local (76342c53-abaf-40f2-89fb-5cd7dd6d0b17) (SelectExecutor): MinMax index condition: unknown, true, and
2025.11.02 19:47:04.864559 [ 768 ] {8508f42c-28d1-43ee-b5e7-9c47f36fa706} <Debug> db_w.t_dist_local (76342c53-abaf-40f2-89fb-5cd7dd6d0b17) (SelectExecutor): PK index has dropped 0/1 granules, it took 0ms across 1 threads.
2025.11.02 19:47:04.864611 [ 768 ] {8508f42c-28d1-43ee-b5e7-9c47f36fa706} <Debug> db_w.t_dist_local (76342c53-abaf-40f2-89fb-5cd7dd6d0b17) (SelectExecutor): Selected 1/1 parts by partition key, 1 parts by primary key, 1/1 marks by primary key, 1 marks to read from 1 ranges
2025.11.02 19:47:04.865235 [ 768 ] {8508f42c-28d1-43ee-b5e7-9c47f36fa706} <Debug> executeQuery: Read 1 rows, 31.00 B in 0.001363 sec., 733.6757153338224 rows/sec., 22.21 KiB/sec.
2025.11.02 19:47:04.865601 [ 768 ] {8508f42c-28d1-43ee-b5e7-9c47f36fa706} <Debug> DynamicQueryHandler: Done processing query
2025.11.02 19:47:04.865666 [ 768 ] {8508f42c-28d1-43ee-b5e7-9c47f36fa706} <Debug> MemoryTracker: Query peak memory usage: 4.00 MiB.
2025.11.02 19:47:04.865753 [ 768 ] {} <Debug> HTTP-Session-bc54de4f-42bb-4c73-a21d-0487f3aeb33c: bc54de4f-42bb-4c73-a21d-0487f3aeb33c Logout, user_id: 94309d50-4f52-5250-31bd-74fecac179db
2025.11.02 19:47:04.875983 [ 768 ] {} <Debug> HTTP-Session-6f044d39-9e82-4368-907f-316ff099417b: Authenticating user 'default' from 172.19.0.7:49872
2025.11.02 19:47:04.876079 [ 768 ] {} <Debug> HTTP-Session-6f044d39-9e82-4368-907f-316ff099417b: 6f044d39-9e82-4368-907f-316ff099417b Authenticated with global context as user 94309d50-4f52-5250-31bd-74fecac179db
2025.11.02 19:47:04.876144 [ 768 ] {} <Debug> HTTP-Session-6f044d39-9e82-4368-907f-316ff099417b: Creating session context with user_id: 94309d50-4f52-5250-31bd-74fecac179db
2025.11.02 19:47:04.876351 [ 768 ] {b085941d-320f-4c8b-a5b9-ff658ed3b0df} <Debug> executeQuery: (from 172.19.0.7:49872) SELECT `create_time`, `y`, `m`, `id`, `value` FROM `db_w`.`t_dist_local` WHERE (_partition_id = '1') AND ((1=1) AND (1=1))  (stage: Complete)
2025.11.02 19:47:04.876810 [ 768 ] {b085941d-320f-4c8b-a5b9-ff658ed3b0df} <Debug> db_w.t_dist_local (76342c53-abaf-40f2-89fb-5cd7dd6d0b17) (SelectExecutor): Key condition: unknown, true, and
2025.11.02 19:47:04.876872 [ 768 ] {b085941d-320f-4c8b-a5b9-ff658ed3b0df} <Debug> db_w.t_dist_local (76342c53-abaf-40f2-89fb-5cd7dd6d0b17) (SelectExecutor): MinMax index condition: unknown, true, and
2025.11.02 19:47:04.876926 [ 768 ] {b085941d-320f-4c8b-a5b9-ff658ed3b0df} <Debug> db_w.t_dist_local (76342c53-abaf-40f2-89fb-5cd7dd6d0b17) (SelectExecutor): PK index has dropped 0/1 granules, it took 0ms across 1 threads.
2025.11.02 19:47:04.876978 [ 768 ] {b085941d-320f-4c8b-a5b9-ff658ed3b0df} <Debug> db_w.t_dist_local (76342c53-abaf-40f2-89fb-5cd7dd6d0b17) (SelectExecutor): Selected 1/1 parts by partition key, 1 parts by primary key, 1/1 marks by primary key, 1 marks to read from 1 ranges
2025.11.02 19:47:04.877535 [ 768 ] {b085941d-320f-4c8b-a5b9-ff658ed3b0df} <Debug> executeQuery: Read 1 rows, 31.00 B in 0.001254 sec., 797.4481658692185 rows/sec., 24.14 KiB/sec.
2025.11.02 19:47:04.877822 [ 768 ] {b085941d-320f-4c8b-a5b9-ff658ed3b0df} <Debug> DynamicQueryHandler: Done processing query
2025.11.02 19:47:04.877889 [ 768 ] {b085941d-320f-4c8b-a5b9-ff658ed3b0df} <Debug> MemoryTracker: Query peak memory usage: 4.00 MiB.
2025.11.02 19:47:04.877977 [ 768 ] {} <Debug> HTTP-Session-6f044d39-9e82-4368-907f-316ff099417b: 6f044d39-9e82-4368-907f-316ff099417b Logout, user_id: 94309d50-4f52-5250-31bd-74fecac179db
2025.11.02 19:47:05.035480 [ 727 ] {} <Debug> DDLWorker: Scheduling tasks
2025.11.02 19:47:05.036583 [ 727 ] {} <Debug> DDLWorker: Will schedule 1 tasks starting from query-0000000003
2025.11.02 19:47:05.037454 [ 727 ] {} <Debug> DDLWorker: Processing task query-0000000003 (query: DROP TABLE IF EXISTS db_w.t_dist, backup restore: false)
2025.11.02 19:47:05.038407 [ 727 ] {} <Debug> DDLWorker: Executing query: DROP TABLE IF EXISTS db_w.t_dist
2025.11.02 19:47:05.038505 [ 727 ] {836b97e3-ee8f-4b5f-969b-8bdbf01f6a22} <Debug> executeQuery: (from 0.0.0.0:0, user: , initial_query_id: ae9b36da-f6f1-42c7-98c1-aee4150edb45) /* ddl_entry=query-0000000003 */ DROP TABLE IF EXISTS db_w.t_dist (stage: Complete)
2025.11.02 19:47:05.038569 [ 727 ] {836b97e3-ee8f-4b5f-969b-8bdbf01f6a22} <Information> StorageDistributed (t_dist): Flushing pending INSERT blocks
2025.11.02 19:47:05.038606 [ 727 ] {836b97e3-ee8f-4b5f-969b-8bdbf01f6a22} <Information> StorageDistributed (t_dist): Pending INSERT blocks flushed, took 0 ms.
2025.11.02 19:47:05.038657 [ 727 ] {836b97e3-ee8f-4b5f-969b-8bdbf01f6a22} <Debug> StorageDistributed (t_dist): Joining background threads for async INSERT
2025.11.02 19:47:05.038708 [ 727 ] {836b97e3-ee8f-4b5f-969b-8bdbf01f6a22} <Debug> StorageDistributed (t_dist): Background threads for async INSERT joined
2025.11.02 19:47:05.038894 [ 727 ] {836b97e3-ee8f-4b5f-969b-8bdbf01f6a22} <Debug> DDLWorker: Executed query: /* ddl_entry=query-0000000003 */ DROP TABLE IF EXISTS db_w.t_dist
2025.11.02 19:47:05.040821 [ 727 ] {} <Debug> DDLWorker: Waiting for queue updates
2025.11.02 19:47:05.100603 [ 727 ] {} <Debug> DDLWorker: Scheduling tasks
2025.11.02 19:47:05.101107 [ 727 ] {} <Debug> DDLWorker: Will schedule 1 tasks starting from query-0000000004
2025.11.02 19:47:05.102050 [ 727 ] {} <Debug> DDLWorker: Processing task query-0000000004 (query: DROP TABLE IF EXISTS db_w.t_dist_local, backup restore: false)
2025.11.02 19:47:05.102766 [ 727 ] {} <Debug> DDLWorker: Executing query: DROP TABLE IF EXISTS db_w.t_dist_local
2025.11.02 19:47:05.102875 [ 727 ] {40cbaa1f-3884-436f-9c04-e3ee4a3d388d} <Debug> executeQuery: (from 0.0.0.0:0, user: , initial_query_id: af01ad63-46b4-46a9-96d6-2c5f8cc96036) /* ddl_entry=query-0000000004 */ DROP TABLE IF EXISTS db_w.t_dist_local (stage: Complete)
2025.11.02 19:47:05.103372 [ 727 ] {40cbaa1f-3884-436f-9c04-e3ee4a3d388d} <Debug> DDLWorker: Executed query: /* ddl_entry=query-0000000004 */ DROP TABLE IF EXISTS db_w.t_dist_local
2025.11.02 19:47:05.104269 [ 727 ] {} <Debug> DDLWorker: Waiting for queue updates
2025.11.02 19:47:05.164441 [ 727 ] {} <Debug> DDLWorker: Scheduling tasks
2025.11.02 19:47:05.164928 [ 727 ] {} <Debug> DDLWorker: Will schedule 1 tasks starting from query-0000000005
2025.11.02 19:47:05.165620 [ 727 ] {} <Debug> DDLWorker: Processing task query-0000000005 (query: DROP DATABASE IF EXISTS db_w, backup restore: false)
2025.11.02 19:47:05.166282 [ 727 ] {} <Debug> DDLWorker: Executing query: DROP DATABASE IF EXISTS db_w
2025.11.02 19:47:05.166380 [ 727 ] {03e33ecf-f5b5-410c-9698-eb7e9315b266} <Debug> executeQuery: (from 0.0.0.0:0, user: , initial_query_id: 649d8e5e-b33d-47f6-97e4-f3054db548cc) /* ddl_entry=query-0000000005 */ DROP DATABASE IF EXISTS db_w (stage: Complete)
2025.11.02 19:47:05.166504 [ 727 ] {03e33ecf-f5b5-410c-9698-eb7e9315b266} <Debug> DatabaseAtomic (db_w): There are 0 detached tables. Start searching non used tables.
2025.11.02 19:47:05.166564 [ 727 ] {03e33ecf-f5b5-410c-9698-eb7e9315b266} <Debug> DatabaseAtomic (db_w): Found 0 non used tables in detached tables.
2025.11.02 19:47:05.166880 [ 727 ] {03e33ecf-f5b5-410c-9698-eb7e9315b266} <Debug> DDLWorker: Executed query: /* ddl_entry=query-0000000005 */ DROP DATABASE IF EXISTS db_w
2025.11.02 19:47:05.167865 [ 727 ] {} <Debug> DDLWorker: Waiting for queue updates
2025.11.02 19:47:05.864478 [ 80 ] {} <Information> Application: Received termination signal (Terminated)
2025.11.02 19:47:05.864698 [ 1 ] {} <Debug> Application: Received termination signal.
2025.11.02 19:47:05.865182 [ 1 ] {} <Debug> Application: Waiting for current connections to close.
2025.11.02 19:47:05.865878 [ 1 ] {} <Warning> Application: Closed all listening sockets. Waiting for 2 outstanding connections.
2025.11.02 19:47:06.561499 [ 83 ] {} <Debug> TCPHandler: Done processing connection.
2025.11.02 19:47:06.561697 [ 83 ] {} <Debug> TCP-Session-687389db-d719-408f-82e1-ddd7b6615cd2: 687389db-d719-408f-82e1-ddd7b6615cd2 Logout, user_id: 94309d50-4f52-5250-31bd-74fecac179db
2025.11.02 19:47:06.628951 [ 84 ] {} <Debug> TCPHandler: Done processing connection.
2025.11.02 19:47:06.629138 [ 84 ] {} <Debug> TCP-Session-6012c541-85b8-4b02-865f-9a413d459b74: 6012c541-85b8-4b02-865f-9a413d459b74 Logout, user_id: 94309d50-4f52-5250-31bd-74fecac179db
2025.11.02 19:47:06.672005 [ 1 ] {} <Information> Application: Closed connections.
2025.11.02 19:47:06.672091 [ 1 ] {} <Information> Application: Stopping AsyncLoader.
2025.11.02 19:47:06.672157 [ 1 ] {} <Information> CgroupsMemoryUsageObserver: Stopped cgroup current memory usage observer thread
2025.11.02 19:47:06.672266 [ 1 ] {} <Information> Application: Shutting down storages.
2025.11.02 19:47:06.672687 [ 1 ] {} <Debug> Context: Shutting down dictionaries loader
2025.11.02 19:47:06.672732 [ 1 ] {} <Debug> Context: Shutting down UDFs loader
2025.11.02 19:47:06.672809 [ 1 ] {} <Debug> Context: Shutting down another UDFs storage
2025.11.02 19:47:06.672852 [ 1 ] {} <Debug> Context: Shutting down workload entity storage
2025.11.02 19:47:06.672871 [ 1 ] {} <Debug> Context: Shutting down system logs
2025.11.02 19:47:06.672911 [ 1 ] {} <Debug> SystemLogQueue (system.query_log): Requested flush up to offset 52
2025.11.02 19:47:06.672916 [ 717 ] {} <Debug> SystemLog (system.query_log): Creating new table system.query_log for QueryLog
2025.11.02 19:47:06.673009 [ 719 ] {} <Debug> SystemLog (system.metric_log): Creating new table system.metric_log for MetricLog
2025.11.02 19:47:06.675971 [ 717 ] {} <Debug> system.query_log (5b1bbfe6-1556-492d-9b71-b095dcb25595): Loading data parts
2025.11.02 19:47:06.676121 [ 717 ] {} <Debug> system.query_log (5b1bbfe6-1556-492d-9b71-b095dcb25595): There are no data parts
2025.11.02 19:47:06.678442 [ 717 ] {} <Debug> DatabaseAtomic (system): There are 0 detached tables. Start searching non used tables.
2025.11.02 19:47:06.678481 [ 717 ] {} <Debug> DatabaseAtomic (system): Found 0 non used tables in detached tables.
2025.11.02 19:47:06.681268 [ 1 ] {} <Debug> SystemLogQueue (system.query_thread_log): Requested flush up to offset 0
2025.11.02 19:47:06.681322 [ 1 ] {} <Debug> SystemLogQueue (system.metric_log): Requested flush up to offset 4
2025.11.02 19:47:06.682872 [ 719 ] {} <Debug> system.metric_log (b80ce9d3-6b20-4d8f-a64f-de63bb1a983c): Loading data parts
2025.11.02 19:47:06.683235 [ 719 ] {} <Debug> system.metric_log (b80ce9d3-6b20-4d8f-a64f-de63bb1a983c): There are no data parts
2025.11.02 19:47:06.685152 [ 719 ] {} <Debug> DatabaseAtomic (system): There are 0 detached tables. Start searching non used tables.
2025.11.02 19:47:06.685201 [ 719 ] {} <Debug> DatabaseAtomic (system): Found 0 non used tables in detached tables.
2025.11.02 19:47:17.100623 [ 1 ] {} <Information> SentryWriter: Sending crash reports is disabled
2025.11.02 19:47:17.129316 [ 1 ] {} <Information> Application: Starting ClickHouse 25.3.7.194 (revision: 54502, git hash: 36637934778b7d39b37f378d258359dd6ffdd110, build id: E09B0ADBF9AF0530703B179DBA02705D5DF508C0), PID 1
2025.11.02 19:47:17.129473 [ 1 ] {} <Information> Application: starting up
2025.11.02 19:47:17.132990 [ 1 ] {} <Information> Application: OS name: Linux, version: 6.10.14-linuxkit, architecture: aarch64
2025.11.02 19:47:17.133984 [ 1 ] {} <Information> Jemalloc: Value for background_thread set to true (from true)
2025.11.02 19:47:17.135369 [ 1 ] {} <Information> Application: Available RAM: 7.65 GiB; logical cores: 14; used cores: 14.
2025.11.02 19:47:17.135839 [ 1 ] {} <Information> CgroupsReader: Will create cgroup reader from '/sys/fs/cgroup/' (cgroups version: v2)
2025.11.02 19:47:17.137826 [ 1 ] {} <Warning> Application: Integrity check of the executable skipped because the reference checksum could not be read.
2025.11.02 19:47:17.137988 [ 1 ] {} <Information> Application: It looks like the process has no CAP_IPC_LOCK capability, binary mlock will be disabled. It could happen due to incorrect ClickHouse package installation. You could resolve the problem manually with 'sudo setcap cap_ipc_lock=+ep /usr/bin/clickhouse'. Note that it will not work on 'nosuid' mounted filesystems.
2025.11.02 19:47:17.138061 [ 1 ] {} <Information> MemoryWorker: Starting background memory thread with period of 50ms, using Cgroups as source
2025.11.02 19:47:17.138148 [ 1 ] {} <Information> BackgroundSchedulePool/BgSchPool: Create BackgroundSchedulePool with 512 threads
2025.11.02 19:47:17.163631 [ 1 ] {} <Debug> Application: rlimit on number of file descriptors is 1048576
2025.11.02 19:47:17.163675 [ 1 ] {} <Debug> Application: rlimit on number of threads is 18446744073709551615
2025.11.02 19:47:17.163711 [ 1 ] {} <Debug> Application: Initializing DateLUT.
2025.11.02 19:47:17.163771 [ 1 ] {} <Debug> Context: Setting up /var/lib/clickhouse/tmp/ to store temporary data in it
2025.11.02 19:47:17.163884 [ 1 ] {} <Debug> Application: Initializing interserver credentials.
2025.11.02 19:47:17.164032 [ 1 ] {} <Information> Application: Lowered uncompressed cache size to 3.83 GiB because the system has limited RAM
2025.11.02 19:47:17.164150 [ 1 ] {} <Information> Application: Lowered mark cache size to 3.83 GiB because the system has limited RAM
2025.11.02 19:47:17.164205 [ 1 ] {} <Information> Application: Lowered primary index cache size to 3.83 GiB because the system has limited RAM
2025.11.02 19:47:17.164253 [ 1 ] {} <Information> Application: Lowered index mark cache size to 3.83 GiB because the system has limited RAM
2025.11.02 19:47:17.164310 [ 1 ] {} <Debug> FileCacheFactory: Will load 0 caches from default cache config
2025.11.02 19:47:17.164577 [ 1 ] {} <Debug> ConfigReloader: Loading config '/etc/clickhouse-server/config.xml'
2025.11.02 19:47:17.164613 [ 1 ] {} <Debug> ConfigProcessor: Processing configuration file '/etc/clickhouse-server/config.xml'.
2025.11.02 19:47:17.166346 [ 1 ] {} <Debug> ConfigProcessor: Merging configuration file '/etc/clickhouse-server/config.d/docker_related_config.xml'.
2025.11.02 19:47:17.166439 [ 1 ] {} <Debug> ConfigProcessor: Merging configuration file '/etc/clickhouse-server/config.d/interserver_http_host.xml'.
2025.11.02 19:47:17.166671 [ 1 ] {} <Debug> ConfigProcessor: Merging configuration file '/etc/clickhouse-server/config.d/macros.xml'.
2025.11.02 19:47:17.166998 [ 1 ] {} <Debug> ConfigProcessor: Merging configuration file '/etc/clickhouse-server/config.d/remote_servers.xml'.
2025.11.02 19:47:17.167372 [ 1 ] {} <Debug> ConfigProcessor: Merging configuration file '/etc/clickhouse-server/config.d/zookeeper.xml'.
2025.11.02 19:47:17.169668 [ 1 ] {} <Debug> ConfigProcessor: Saved preprocessed configuration to '/var/lib/clickhouse/preprocessed_configs/config.xml'.
2025.11.02 19:47:17.169821 [ 1 ] {} <Debug> ConfigReloader: Loaded config '/etc/clickhouse-server/config.xml', performing update on configuration
2025.11.02 19:47:17.170435 [ 1 ] {} <Information> Application: Changed setting 'max_server_memory_usage' to 6.89 GiB (7.65 GiB available memory * 0.90 max_server_memory_usage_to_ram_ratio)
2025.11.02 19:47:17.171118 [ 1 ] {} <Information> Application: Setting merges_mutations_memory_usage_soft_limit was set to 3.83 GiB (7.65 GiB available * 0.50 merges_mutations_memory_usage_to_ram_ratio)
2025.11.02 19:47:17.171157 [ 1 ] {} <Information> Application: Merges and mutations memory limit is set to 3.83 GiB
2025.11.02 19:47:17.174769 [ 1 ] {} <Information> Application: Setting max_remote_read_network_bandwidth_for_server was set to 0
2025.11.02 19:47:17.176221 [ 1 ] {} <Information> Application: Setting max_remote_write_network_bandwidth_for_server was set to 0
2025.11.02 19:47:17.176295 [ 1 ] {} <Information> Application: Setting max_local_read_bandwidth_for_server was set to 0
2025.11.02 19:47:17.176428 [ 1 ] {} <Information> Application: Setting max_local_write_bandwidth_for_server was set to 0
2025.11.02 19:47:17.176598 [ 1 ] {} <Information> Application: ConcurrencyControl limit is set to UNLIMITED CPU slots with 'round_robin' scheduler
2025.11.02 19:47:17.176653 [ 1 ] {} <Information> BackgroundSchedulePool/BgBufSchPool: Create BackgroundSchedulePool with 16 threads
2025.11.02 19:47:17.179281 [ 1 ] {} <Information> BackgroundSchedulePool/BgMBSchPool: Create BackgroundSchedulePool with 16 threads
2025.11.02 19:47:17.180760 [ 1 ] {} <Information> BackgroundSchedulePool/BgDistSchPool: Create BackgroundSchedulePool with 16 threads
2025.11.02 19:47:17.182830 [ 1 ] {} <Debug> ConfigReloader: Loaded config '/etc/clickhouse-server/config.xml', performed update on configuration
2025.11.02 19:47:17.183331 [ 1 ] {} <Warning> Application: Listen [::]:9009 failed: Poco::Exception. Code: 1000, e.code() = 0, DNS error: EAI: Address family for hostname not supported (version 25.3.7.194 (official build)). If it is an IPv6 or IPv4 address and your host has disabled IPv6 or IPv4, then consider to specify not disabled IPv4 or IPv6 address to listen in <listen_host> element of configuration file. Example for disabled IPv6: <listen_host>0.0.0.0</listen_host> . Example for disabled IPv4: <listen_host>::</listen_host>
2025.11.02 19:47:17.183845 [ 1 ] {} <Information> Application: Listening for replica communication (interserver): http://0.0.0.0:9009
2025.11.02 19:47:17.184094 [ 1 ] {} <Warning> Access(local_directory): File /var/lib/clickhouse/access/users.list doesn't exist
2025.11.02 19:47:17.184289 [ 1 ] {} <Warning> Access(local_directory): Recovering lists in directory /var/lib/clickhouse/access/
2025.11.02 19:47:17.184490 [ 1 ] {} <Debug> Access(user directories): Added local_directory access storage 'local_directory', path: /var/lib/clickhouse/access/
2025.11.02 19:47:17.185243 [ 1 ] {} <Debug> ConfigReloader: Loading config '/etc/clickhouse-server/users.xml'
2025.11.02 19:47:17.185295 [ 1 ] {} <Debug> ConfigProcessor: Processing configuration file '/etc/clickhouse-server/users.xml'.
2025.11.02 19:47:17.185761 [ 1 ] {} <Debug> ConfigProcessor: Merging configuration file '/etc/clickhouse-server/users.d/users.xml'.
2025.11.02 19:47:17.188204 [ 1 ] {} <Debug> ConfigProcessor: Saved preprocessed configuration to '/var/lib/clickhouse/preprocessed_configs/users.xml'.
2025.11.02 19:47:17.188388 [ 1 ] {} <Debug> ConfigReloader: Loaded config '/etc/clickhouse-server/users.xml', performing update on configuration
2025.11.02 19:47:17.188809 [ 1 ] {} <Debug> ConfigReloader: Loaded config '/etc/clickhouse-server/users.xml', performed update on configuration
2025.11.02 19:47:17.189045 [ 81 ] {} <Information> MemoryTracker: Correcting the value of global memory tracker from 20.87 MiB to 396.30 MiB
2025.11.02 19:47:17.189060 [ 1 ] {} <Debug> Access(user directories): Added users_xml access storage 'users_xml', path: /etc/clickhouse-server/users.xml
2025.11.02 19:47:17.190025 [ 1 ] {} <Information> CgroupsMemoryUsageObserver: Started cgroup current memory usage observer thread
2025.11.02 19:47:17.190144 [ 648 ] {} <Information> CgroupsMemoryUsageObserver: Memory amount initially available to the process is 7.65 GiB
2025.11.02 19:47:17.191247 [ 1 ] {} <Information> Context: Initialized background executor for merges and mutations with num_threads=16, num_tasks=32, scheduling_policy=round_robin
2025.11.02 19:47:17.191776 [ 1 ] {} <Information> Context: Initialized background executor for move operations with num_threads=8, num_tasks=8
2025.11.02 19:47:17.192609 [ 1 ] {} <Information> Context: Initialized background executor for fetches with num_threads=16, num_tasks=16
2025.11.02 19:47:17.192947 [ 1 ] {} <Information> Context: Initialized background executor for common operations (e.g. clearing old parts) with num_threads=8, num_tasks=8
2025.11.02 19:47:17.193633 [ 1 ] {} <Warning> Context: Linux transparent hugepages are set to "always". Check /sys/kernel/mm/transparent_hugepage/enabled
2025.11.02 19:47:17.193856 [ 1 ] {} <Warning> Context: Delay accounting is not enabled, OSIOWaitMicroseconds will not be gathered. You can enable it using `echo 1 > /proc/sys/kernel/task_delayacct` or by using sysctl.
2025.11.02 19:47:17.194104 [ 1 ] {} <Information> DNSCacheUpdater: Update period 15 seconds
2025.11.02 19:47:17.195036 [ 83 ] {} <Debug> DNSResolver: Updating DNS cache
2025.11.02 19:47:17.195156 [ 1 ] {} <Information> Application: Loading metadata from /var/lib/clickhouse/
2025.11.02 19:47:17.195266 [ 1 ] {} <Information> Context: Database disk name: default
2025.11.02 19:47:17.195311 [ 1 ] {} <Information> Context: Database disk name: default, path: /var/lib/clickhouse/
2025.11.02 19:47:17.195390 [ 1 ] {} <Debug> loadSystemDatabase: metadata_file_path metadata/system.sql, existsFile false
2025.11.02 19:47:17.196341 [ 83 ] {} <Debug> DNSResolver: Updated DNS cache
2025.11.02 19:47:17.196512 [ 1 ] {} <Debug> loadSystemDatabase: metadata_file_path metadata/information_schema.sql, existsFile false
2025.11.02 19:47:17.198065 [ 1 ] {} <Debug> loadSystemDatabase: metadata_file_path metadata/INFORMATION_SCHEMA.sql, existsFile false
2025.11.02 19:47:17.200167 [ 1 ] {} <Information> DatabaseAtomic (system): Metadata processed, database system has 0 tables and 0 dictionaries in total.
2025.11.02 19:47:17.200204 [ 1 ] {} <Information> TablesLoader: Parsed metadata of 0 tables in 1 databases in 4.5625e-05 sec
2025.11.02 19:47:17.200319 [ 1 ] {} <Debug> AsyncLoader: Prioritize load job 'startup Atomic database system': BackgrndStartup -> ForegroundLoad
2025.11.02 19:47:17.200357 [ 1 ] {} <Debug> AsyncLoader: Prioritize load job 'startup Ordinary database system': BackgrndStartup -> ForegroundLoad
2025.11.02 19:47:17.200459 [ 1 ] {} <Debug> AsyncLoader: Schedule load job 'startup Ordinary database system' into ForegroundLoad
2025.11.02 19:47:17.200510 [ 1 ] {} <Debug> AsyncLoader: Schedule load job 'startup Atomic database system' into ForegroundLoad
2025.11.02 19:47:17.200568 [ 1 ] {} <Debug> AsyncLoader: Change current priority: none -> 0
2025.11.02 19:47:17.200587 [ 1 ] {} <Debug> AsyncLoader: Spawn loader worker #1 in ForegroundLoad
2025.11.02 19:47:17.200660 [ 1 ] {} <Debug> AsyncLoader: Wait load job 'startup Atomic database system' in ForegroundLoad
2025.11.02 19:47:17.200736 [ 713 ] {} <Debug> AsyncLoader: Execute load job 'startup Ordinary database system' in ForegroundLoad
2025.11.02 19:47:17.200870 [ 713 ] {} <Debug> AsyncLoader: Finish load job 'startup Ordinary database system' with status OK
2025.11.02 19:47:17.200923 [ 713 ] {} <Debug> AsyncLoader: Spawn loader worker #2 in ForegroundLoad
2025.11.02 19:47:17.201101 [ 713 ] {} <Debug> AsyncLoader: Execute load job 'startup Atomic database system' in ForegroundLoad
2025.11.02 19:47:17.201173 [ 714 ] {} <Debug> AsyncLoader: Stop worker in ForegroundLoad
2025.11.02 19:47:17.201291 [ 713 ] {} <Debug> AsyncLoader: Finish load job 'startup Atomic database system' with status OK
2025.11.02 19:47:17.201351 [ 713 ] {} <Debug> AsyncLoader: Stop worker in ForegroundLoad
2025.11.02 19:47:17.201408 [ 713 ] {} <Debug> AsyncLoader: Change current priority: 0 -> none
2025.11.02 19:47:17.201397 [ 1 ] {} <Debug> SystemLog: Creating system.query_log from query_log
2025.11.02 19:47:17.207339 [ 1 ] {} <Debug> SystemLog: Creating system.query_thread_log from query_thread_log
2025.11.02 19:47:17.207999 [ 1 ] {} <Debug> SystemLog: Not creating system.part_log since corresponding section 'part_log' is missing from config
2025.11.02 19:47:17.208054 [ 1 ] {} <Debug> SystemLog: Not creating system.trace_log since corresponding section 'trace_log' is missing from config
2025.11.02 19:47:17.208119 [ 1 ] {} <Debug> SystemLog: Not creating system.crash_log since corresponding section 'crash_log' is missing from config
2025.11.02 19:47:17.208147 [ 1 ] {} <Debug> SystemLog: Not creating system.text_log since corresponding section 'text_log' is missing from config
2025.11.02 19:47:17.208175 [ 1 ] {} <Debug> SystemLog: Creating system.metric_log from metric_log
2025.11.02 19:47:17.212126 [ 1 ] {} <Debug> SystemLog: Not creating system.latency_log since corresponding section 'latency_log' is missing from config
2025.11.02 19:47:17.212159 [ 1 ] {} <Debug> SystemLog: Not creating system.error_log since corresponding section 'error_log' is missing from config
2025.11.02 19:47:17.212190 [ 1 ] {} <Debug> SystemLog: Not creating system.filesystem_cache_log since corresponding section 'filesystem_cache_log' is missing from config
2025.11.02 19:47:17.212210 [ 1 ] {} <Debug> SystemLog: Not creating system.filesystem_read_prefetches_log since corresponding section 'filesystem_read_prefetches_log' is missing from config
2025.11.02 19:47:17.212233 [ 1 ] {} <Debug> SystemLog: Not creating system.s3queue_log since corresponding section 's3queue_log' is missing from config
2025.11.02 19:47:17.212253 [ 1 ] {} <Debug> SystemLog: Not creating system.azure_queue_log since corresponding section 'azure_queue_log' is missing from config
2025.11.02 19:47:17.212272 [ 1 ] {} <Debug> SystemLog: Not creating system.asynchronous_metric_log since corresponding section 'asynchronous_metric_log' is missing from config
2025.11.02 19:47:17.212293 [ 1 ] {} <Debug> SystemLog: Not creating system.opentelemetry_span_log since corresponding section 'opentelemetry_span_log' is missing from config
2025.11.02 19:47:17.212313 [ 1 ] {} <Debug> SystemLog: Not creating system.query_views_log since corresponding section 'query_views_log' is missing from config
2025.11.02 19:47:17.212353 [ 1 ] {} <Debug> SystemLog: Not creating system.zookeeper_log since corresponding section 'zookeeper_log' is missing from config
2025.11.02 19:47:17.212372 [ 1 ] {} <Debug> SystemLog: Not creating system.session_log since corresponding section 'session_log' is missing from config
2025.11.02 19:47:17.212394 [ 1 ] {} <Debug> SystemLog: Not creating system.transactions_info_log since corresponding section 'transactions_info_log' is missing from config
2025.11.02 19:47:17.212413 [ 1 ] {} <Debug> SystemLog: Not creating system.processors_profile_log since corresponding section 'processors_profile_log' is missing from config
2025.11.02 19:47:17.212432 [ 1 ] {} <Debug> SystemLog: Not creating system.asynchronous_insert_log since corresponding section 'asynchronous_insert_log' is missing from config
2025.11.02 19:47:17.212451 [ 1 ] {} <Debug> SystemLog: Not creating system.backup_log since corresponding section 'backup_log' is missing from config
2025.11.02 19:47:17.212469 [ 1 ] {} <Debug> SystemLog: Not creating system.blob_storage_log since corresponding section 'blob_storage_log' is missing from config
2025.11.02 19:47:17.212491 [ 1 ] {} <Debug> SystemLog: Not creating system.query_metric_log since corresponding section 'query_metric_log' is missing from config
2025.11.02 19:47:17.212716 [ 1 ] {} <Debug> DatabaseAtomic (system): There are 0 detached tables. Start searching non used tables.
2025.11.02 19:47:17.212736 [ 1 ] {} <Debug> DatabaseAtomic (system): Found 0 non used tables in detached tables.
2025.11.02 19:47:17.213452 [ 1 ] {} <Debug> DatabaseAtomic (system): There are 0 detached tables. Start searching non used tables.
2025.11.02 19:47:17.213498 [ 1 ] {} <Debug> DatabaseAtomic (system): Found 0 non used tables in detached tables.
2025.11.02 19:47:17.213543 [ 1 ] {} <Debug> DatabaseAtomic (system): There are 0 detached tables. Start searching non used tables.
2025.11.02 19:47:17.213574 [ 1 ] {} <Debug> DatabaseAtomic (system): Found 0 non used tables in detached tables.
2025.11.02 19:47:17.213605 [ 1 ] {} <Debug> DatabaseAtomic (system): There are 0 detached tables. Start searching non used tables.
2025.11.02 19:47:17.213634 [ 1 ] {} <Debug> DatabaseAtomic (system): Found 0 non used tables in detached tables.
2025.11.02 19:47:17.213674 [ 1 ] {} <Debug> DatabaseAtomic (system): There are 0 detached tables. Start searching non used tables.
2025.11.02 19:47:17.213687 [ 1 ] {} <Debug> DatabaseAtomic (system): Found 0 non used tables in detached tables.
2025.11.02 19:47:17.213753 [ 1 ] {} <Debug> DatabaseAtomic (system): There are 0 detached tables. Start searching non used tables.
2025.11.02 19:47:17.213775 [ 1 ] {} <Debug> DatabaseAtomic (system): Found 0 non used tables in detached tables.
2025.11.02 19:47:17.213875 [ 1 ] {} <Debug> DatabaseAtomic (system): There are 0 detached tables. Start searching non used tables.
2025.11.02 19:47:17.213895 [ 1 ] {} <Debug> DatabaseAtomic (system): Found 0 non used tables in detached tables.
2025.11.02 19:47:17.213946 [ 1 ] {} <Debug> DatabaseAtomic (system): There are 0 detached tables. Start searching non used tables.
2025.11.02 19:47:17.213984 [ 1 ] {} <Debug> DatabaseAtomic (system): Found 0 non used tables in detached tables.
2025.11.02 19:47:17.214103 [ 1 ] {} <Debug> DatabaseAtomic (system): There are 0 detached tables. Start searching non used tables.
2025.11.02 19:47:17.214139 [ 1 ] {} <Debug> DatabaseAtomic (system): Found 0 non used tables in detached tables.
2025.11.02 19:47:17.214189 [ 1 ] {} <Debug> DatabaseAtomic (system): There are 0 detached tables. Start searching non used tables.
2025.11.02 19:47:17.214208 [ 1 ] {} <Debug> DatabaseAtomic (system): Found 0 non used tables in detached tables.
2025.11.02 19:47:17.214257 [ 1 ] {} <Debug> DatabaseAtomic (system): There are 0 detached tables. Start searching non used tables.
2025.11.02 19:47:17.214287 [ 1 ] {} <Debug> DatabaseAtomic (system): Found 0 non used tables in detached tables.
2025.11.02 19:47:17.214356 [ 1 ] {} <Debug> DatabaseAtomic (system): There are 0 detached tables. Start searching non used tables.
2025.11.02 19:47:17.214425 [ 1 ] {} <Debug> DatabaseAtomic (system): Found 0 non used tables in detached tables.
2025.11.02 19:47:17.214501 [ 1 ] {} <Debug> DatabaseAtomic (system): There are 0 detached tables. Start searching non used tables.
2025.11.02 19:47:17.214529 [ 1 ] {} <Debug> DatabaseAtomic (system): Found 0 non used tables in detached tables.
2025.11.02 19:47:17.214585 [ 1 ] {} <Debug> DatabaseAtomic (system): There are 0 detached tables. Start searching non used tables.
2025.11.02 19:47:17.214613 [ 1 ] {} <Debug> DatabaseAtomic (system): Found 0 non used tables in detached tables.
2025.11.02 19:47:17.214678 [ 1 ] {} <Debug> DatabaseAtomic (system): There are 0 detached tables. Start searching non used tables.
2025.11.02 19:47:17.214697 [ 1 ] {} <Debug> DatabaseAtomic (system): Found 0 non used tables in detached tables.
2025.11.02 19:47:17.214760 [ 1 ] {} <Debug> DatabaseAtomic (system): There are 0 detached tables. Start searching non used tables.
2025.11.02 19:47:17.214801 [ 1 ] {} <Debug> DatabaseAtomic (system): Found 0 non used tables in detached tables.
2025.11.02 19:47:17.214874 [ 1 ] {} <Debug> DatabaseAtomic (system): There are 0 detached tables. Start searching non used tables.
2025.11.02 19:47:17.214932 [ 1 ] {} <Debug> DatabaseAtomic (system): Found 0 non used tables in detached tables.
2025.11.02 19:47:17.215095 [ 1 ] {} <Debug> DatabaseAtomic (system): There are 0 detached tables. Start searching non used tables.
2025.11.02 19:47:17.215143 [ 1 ] {} <Debug> DatabaseAtomic (system): Found 0 non used tables in detached tables.
2025.11.02 19:47:17.215264 [ 1 ] {} <Debug> DatabaseAtomic (system): There are 0 detached tables. Start searching non used tables.
2025.11.02 19:47:17.215333 [ 1 ] {} <Debug> DatabaseAtomic (system): Found 0 non used tables in detached tables.
2025.11.02 19:47:17.215446 [ 1 ] {} <Debug> DatabaseAtomic (system): There are 0 detached tables. Start searching non used tables.
2025.11.02 19:47:17.215498 [ 1 ] {} <Debug> DatabaseAtomic (system): Found 0 non used tables in detached tables.
2025.11.02 19:47:17.215625 [ 1 ] {} <Debug> DatabaseAtomic (system): There are 0 detached tables. Start searching non used tables.
2025.11.02 19:47:17.215732 [ 1 ] {} <Debug> DatabaseAtomic (system): Found 0 non used tables in detached tables.
2025.11.02 19:47:17.215771 [ 1 ] {} <Debug> DatabaseAtomic (system): There are 0 detached tables. Start searching non used tables.
2025.11.02 19:47:17.215850 [ 1 ] {} <Debug> DatabaseAtomic (system): Found 0 non used tables in detached tables.
2025.11.02 19:47:17.215893 [ 1 ] {} <Debug> DatabaseAtomic (system): There are 0 detached tables. Start searching non used tables.
2025.11.02 19:47:17.215944 [ 1 ] {} <Debug> DatabaseAtomic (system): Found 0 non used tables in detached tables.
2025.11.02 19:47:17.216002 [ 1 ] {} <Debug> DatabaseAtomic (system): There are 0 detached tables. Start searching non used tables.
2025.11.02 19:47:17.216054 [ 1 ] {} <Debug> DatabaseAtomic (system): Found 0 non used tables in detached tables.
2025.11.02 19:47:17.216102 [ 1 ] {} <Debug> DatabaseAtomic (system): There are 0 detached tables. Start searching non used tables.
2025.11.02 19:47:17.216149 [ 1 ] {} <Debug> DatabaseAtomic (system): Found 0 non used tables in detached tables.
2025.11.02 19:47:17.216222 [ 1 ] {} <Debug> DatabaseAtomic (system): There are 0 detached tables. Start searching non used tables.
2025.11.02 19:47:17.216247 [ 1 ] {} <Debug> DatabaseAtomic (system): Found 0 non used tables in detached tables.
2025.11.02 19:47:17.216296 [ 1 ] {} <Debug> DatabaseAtomic (system): There are 0 detached tables. Start searching non used tables.
2025.11.02 19:47:17.216317 [ 1 ] {} <Debug> DatabaseAtomic (system): Found 0 non used tables in detached tables.
2025.11.02 19:47:17.216528 [ 1 ] {} <Debug> DatabaseAtomic (system): There are 0 detached tables. Start searching non used tables.
2025.11.02 19:47:17.216591 [ 1 ] {} <Debug> DatabaseAtomic (system): Found 0 non used tables in detached tables.
2025.11.02 19:47:17.216762 [ 1 ] {} <Debug> DatabaseAtomic (system): There are 0 detached tables. Start searching non used tables.
2025.11.02 19:47:17.216828 [ 1 ] {} <Debug> DatabaseAtomic (system): Found 0 non used tables in detached tables.
2025.11.02 19:47:17.217013 [ 1 ] {} <Debug> DatabaseAtomic (system): There are 0 detached tables. Start searching non used tables.
2025.11.02 19:47:17.217064 [ 1 ] {} <Debug> DatabaseAtomic (system): Found 0 non used tables in detached tables.
2025.11.02 19:47:17.217137 [ 1 ] {} <Debug> DatabaseAtomic (system): There are 0 detached tables. Start searching non used tables.
2025.11.02 19:47:17.217177 [ 1 ] {} <Debug> DatabaseAtomic (system): Found 0 non used tables in detached tables.
2025.11.02 19:47:17.217249 [ 1 ] {} <Debug> DatabaseAtomic (system): There are 0 detached tables. Start searching non used tables.
2025.11.02 19:47:17.217306 [ 1 ] {} <Debug> DatabaseAtomic (system): Found 0 non used tables in detached tables.
2025.11.02 19:47:17.217405 [ 1 ] {} <Debug> DatabaseAtomic (system): There are 0 detached tables. Start searching non used tables.
2025.11.02 19:47:17.217435 [ 1 ] {} <Debug> DatabaseAtomic (system): Found 0 non used tables in detached tables.
2025.11.02 19:47:17.217500 [ 1 ] {} <Debug> DatabaseAtomic (system): There are 0 detached tables. Start searching non used tables.
2025.11.02 19:47:17.217549 [ 1 ] {} <Debug> DatabaseAtomic (system): Found 0 non used tables in detached tables.
2025.11.02 19:47:17.217628 [ 1 ] {} <Debug> DatabaseAtomic (system): There are 0 detached tables. Start searching non used tables.
2025.11.02 19:47:17.217668 [ 1 ] {} <Debug> DatabaseAtomic (system): Found 0 non used tables in detached tables.
2025.11.02 19:47:17.217759 [ 1 ] {} <Debug> DatabaseAtomic (system): There are 0 detached tables. Start searching non used tables.
2025.11.02 19:47:17.217778 [ 1 ] {} <Debug> DatabaseAtomic (system): Found 0 non used tables in detached tables.
2025.11.02 19:47:17.217837 [ 1 ] {} <Debug> DatabaseAtomic (system): There are 0 detached tables. Start searching non used tables.
2025.11.02 19:47:17.217855 [ 1 ] {} <Debug> DatabaseAtomic (system): Found 0 non used tables in detached tables.
2025.11.02 19:47:17.217918 [ 1 ] {} <Debug> DatabaseAtomic (system): There are 0 detached tables. Start searching non used tables.
2025.11.02 19:47:17.217934 [ 1 ] {} <Debug> DatabaseAtomic (system): Found 0 non used tables in detached tables.
2025.11.02 19:47:17.217983 [ 1 ] {} <Debug> DatabaseAtomic (system): There are 0 detached tables. Start searching non used tables.
2025.11.02 19:47:17.218023 [ 1 ] {} <Debug> DatabaseAtomic (system): Found 0 non used tables in detached tables.
2025.11.02 19:47:17.218116 [ 1 ] {} <Debug> DatabaseAtomic (system): There are 0 detached tables. Start searching non used tables.
2025.11.02 19:47:17.218159 [ 1 ] {} <Debug> DatabaseAtomic (system): Found 0 non used tables in detached tables.
2025.11.02 19:47:17.218225 [ 1 ] {} <Debug> DatabaseAtomic (system): There are 0 detached tables. Start searching non used tables.
2025.11.02 19:47:17.218270 [ 1 ] {} <Debug> DatabaseAtomic (system): Found 0 non used tables in detached tables.
2025.11.02 19:47:17.218324 [ 1 ] {} <Debug> DatabaseAtomic (system): There are 0 detached tables. Start searching non used tables.
2025.11.02 19:47:17.218349 [ 1 ] {} <Debug> DatabaseAtomic (system): Found 0 non used tables in detached tables.
2025.11.02 19:47:17.218415 [ 1 ] {} <Debug> DatabaseAtomic (system): There are 0 detached tables. Start searching non used tables.
2025.11.02 19:47:17.218449 [ 1 ] {} <Debug> DatabaseAtomic (system): Found 0 non used tables in detached tables.
2025.11.02 19:47:17.218532 [ 1 ] {} <Debug> DatabaseAtomic (system): There are 0 detached tables. Start searching non used tables.
2025.11.02 19:47:17.218562 [ 1 ] {} <Debug> DatabaseAtomic (system): Found 0 non used tables in detached tables.
2025.11.02 19:47:17.218618 [ 1 ] {} <Debug> DatabaseAtomic (system): There are 0 detached tables. Start searching non used tables.
2025.11.02 19:47:17.218653 [ 1 ] {} <Debug> DatabaseAtomic (system): Found 0 non used tables in detached tables.
2025.11.02 19:47:17.218765 [ 1 ] {} <Debug> DatabaseAtomic (system): There are 0 detached tables. Start searching non used tables.
2025.11.02 19:47:17.218808 [ 1 ] {} <Debug> DatabaseAtomic (system): Found 0 non used tables in detached tables.
2025.11.02 19:47:17.218869 [ 1 ] {} <Debug> DatabaseAtomic (system): There are 0 detached tables. Start searching non used tables.
2025.11.02 19:47:17.218886 [ 1 ] {} <Debug> DatabaseAtomic (system): Found 0 non used tables in detached tables.
2025.11.02 19:47:17.218922 [ 1 ] {} <Debug> DatabaseAtomic (system): There are 0 detached tables. Start searching non used tables.
2025.11.02 19:47:17.218939 [ 1 ] {} <Debug> DatabaseAtomic (system): Found 0 non used tables in detached tables.
2025.11.02 19:47:17.218985 [ 1 ] {} <Debug> DatabaseAtomic (system): There are 0 detached tables. Start searching non used tables.
2025.11.02 19:47:17.219011 [ 1 ] {} <Debug> DatabaseAtomic (system): Found 0 non used tables in detached tables.
2025.11.02 19:47:17.219158 [ 1 ] {} <Debug> DatabaseAtomic (system): There are 0 detached tables. Start searching non used tables.
2025.11.02 19:47:17.219208 [ 1 ] {} <Debug> DatabaseAtomic (system): Found 0 non used tables in detached tables.
2025.11.02 19:47:17.219315 [ 1 ] {} <Debug> DatabaseAtomic (system): There are 0 detached tables. Start searching non used tables.
2025.11.02 19:47:17.219337 [ 1 ] {} <Debug> DatabaseAtomic (system): Found 0 non used tables in detached tables.
2025.11.02 19:47:17.219373 [ 1 ] {} <Debug> DatabaseAtomic (system): There are 0 detached tables. Start searching non used tables.
2025.11.02 19:47:17.219394 [ 1 ] {} <Debug> DatabaseAtomic (system): Found 0 non used tables in detached tables.
2025.11.02 19:47:17.219435 [ 1 ] {} <Debug> DatabaseAtomic (system): There are 0 detached tables. Start searching non used tables.
2025.11.02 19:47:17.219455 [ 1 ] {} <Debug> DatabaseAtomic (system): Found 0 non used tables in detached tables.
2025.11.02 19:47:17.219529 [ 1 ] {} <Debug> DatabaseAtomic (system): There are 0 detached tables. Start searching non used tables.
2025.11.02 19:47:17.219555 [ 1 ] {} <Debug> DatabaseAtomic (system): Found 0 non used tables in detached tables.
2025.11.02 19:47:17.219621 [ 1 ] {} <Debug> DatabaseAtomic (system): There are 0 detached tables. Start searching non used tables.
2025.11.02 19:47:17.219646 [ 1 ] {} <Debug> DatabaseAtomic (system): Found 0 non used tables in detached tables.
2025.11.02 19:47:17.219682 [ 1 ] {} <Debug> DatabaseAtomic (system): There are 0 detached tables. Start searching non used tables.
2025.11.02 19:47:17.219700 [ 1 ] {} <Debug> DatabaseAtomic (system): Found 0 non used tables in detached tables.
2025.11.02 19:47:17.219725 [ 1 ] {} <Debug> DatabaseAtomic (system): There are 0 detached tables. Start searching non used tables.
2025.11.02 19:47:17.219766 [ 1 ] {} <Debug> DatabaseAtomic (system): Found 0 non used tables in detached tables.
2025.11.02 19:47:17.219882 [ 1 ] {} <Debug> DatabaseAtomic (system): There are 0 detached tables. Start searching non used tables.
2025.11.02 19:47:17.219903 [ 1 ] {} <Debug> DatabaseAtomic (system): Found 0 non used tables in detached tables.
2025.11.02 19:47:17.220060 [ 1 ] {} <Debug> DatabaseAtomic (system): There are 0 detached tables. Start searching non used tables.
2025.11.02 19:47:17.220089 [ 1 ] {} <Debug> DatabaseAtomic (system): Found 0 non used tables in detached tables.
2025.11.02 19:47:17.220171 [ 1 ] {} <Debug> DatabaseAtomic (system): There are 0 detached tables. Start searching non used tables.
2025.11.02 19:47:17.220188 [ 1 ] {} <Debug> DatabaseAtomic (system): Found 0 non used tables in detached tables.
2025.11.02 19:47:17.220296 [ 1 ] {} <Debug> DatabaseAtomic (system): There are 0 detached tables. Start searching non used tables.
2025.11.02 19:47:17.220358 [ 1 ] {} <Debug> DatabaseAtomic (system): Found 0 non used tables in detached tables.
2025.11.02 19:47:17.220457 [ 1 ] {} <Debug> DatabaseAtomic (system): There are 0 detached tables. Start searching non used tables.
2025.11.02 19:47:17.220498 [ 1 ] {} <Debug> DatabaseAtomic (system): Found 0 non used tables in detached tables.
2025.11.02 19:47:17.220546 [ 1 ] {} <Debug> DatabaseAtomic (system): There are 0 detached tables. Start searching non used tables.
2025.11.02 19:47:17.220569 [ 1 ] {} <Debug> DatabaseAtomic (system): Found 0 non used tables in detached tables.
2025.11.02 19:47:17.220667 [ 1 ] {} <Debug> DatabaseAtomic (system): There are 0 detached tables. Start searching non used tables.
2025.11.02 19:47:17.220700 [ 1 ] {} <Debug> DatabaseAtomic (system): Found 0 non used tables in detached tables.
2025.11.02 19:47:17.220838 [ 1 ] {} <Debug> DatabaseAtomic (system): There are 0 detached tables. Start searching non used tables.
2025.11.02 19:47:17.220867 [ 1 ] {} <Debug> DatabaseAtomic (system): Found 0 non used tables in detached tables.
2025.11.02 19:47:17.220935 [ 1 ] {} <Debug> DatabaseAtomic (system): There are 0 detached tables. Start searching non used tables.
2025.11.02 19:47:17.220955 [ 1 ] {} <Debug> DatabaseAtomic (system): Found 0 non used tables in detached tables.
2025.11.02 19:47:17.221008 [ 1 ] {} <Debug> DatabaseAtomic (system): There are 0 detached tables. Start searching non used tables.
2025.11.02 19:47:17.221042 [ 1 ] {} <Debug> DatabaseAtomic (system): Found 0 non used tables in detached tables.
2025.11.02 19:47:17.221114 [ 1 ] {} <Debug> DatabaseAtomic (system): There are 0 detached tables. Start searching non used tables.
2025.11.02 19:47:17.221152 [ 1 ] {} <Debug> DatabaseAtomic (system): Found 0 non used tables in detached tables.
2025.11.02 19:47:17.221197 [ 1 ] {} <Debug> DatabaseAtomic (system): There are 0 detached tables. Start searching non used tables.
2025.11.02 19:47:17.221260 [ 1 ] {} <Debug> DatabaseAtomic (system): Found 0 non used tables in detached tables.
2025.11.02 19:47:17.221303 [ 1 ] {} <Debug> DatabaseAtomic (system): There are 0 detached tables. Start searching non used tables.
2025.11.02 19:47:17.221337 [ 1 ] {} <Debug> DatabaseAtomic (system): Found 0 non used tables in detached tables.
2025.11.02 19:47:17.221476 [ 1 ] {} <Debug> DatabaseAtomic (system): There are 0 detached tables. Start searching non used tables.
2025.11.02 19:47:17.221511 [ 1 ] {} <Debug> DatabaseAtomic (system): Found 0 non used tables in detached tables.
2025.11.02 19:47:17.221567 [ 1 ] {} <Debug> DatabaseAtomic (system): There are 0 detached tables. Start searching non used tables.
2025.11.02 19:47:17.221601 [ 1 ] {} <Debug> DatabaseAtomic (system): Found 0 non used tables in detached tables.
2025.11.02 19:47:17.221686 [ 1 ] {} <Debug> DatabaseAtomic (system): There are 0 detached tables. Start searching non used tables.
2025.11.02 19:47:17.221724 [ 1 ] {} <Debug> DatabaseAtomic (system): Found 0 non used tables in detached tables.
2025.11.02 19:47:17.221812 [ 1 ] {} <Debug> DatabaseAtomic (system): There are 0 detached tables. Start searching non used tables.
2025.11.02 19:47:17.221851 [ 1 ] {} <Debug> DatabaseAtomic (system): Found 0 non used tables in detached tables.
2025.11.02 19:47:17.221948 [ 1 ] {} <Debug> DatabaseAtomic (system): There are 0 detached tables. Start searching non used tables.
2025.11.02 19:47:17.221999 [ 1 ] {} <Debug> DatabaseAtomic (system): Found 0 non used tables in detached tables.
2025.11.02 19:47:17.222053 [ 1 ] {} <Debug> DatabaseAtomic (system): There are 0 detached tables. Start searching non used tables.
2025.11.02 19:47:17.222100 [ 1 ] {} <Debug> DatabaseAtomic (system): Found 0 non used tables in detached tables.
2025.11.02 19:47:17.222250 [ 1 ] {} <Debug> DatabaseAtomic (system): There are 0 detached tables. Start searching non used tables.
2025.11.02 19:47:17.222291 [ 1 ] {} <Debug> DatabaseAtomic (system): Found 0 non used tables in detached tables.
2025.11.02 19:47:17.222342 [ 1 ] {} <Debug> DatabaseAtomic (system): There are 0 detached tables. Start searching non used tables.
2025.11.02 19:47:17.222379 [ 1 ] {} <Debug> DatabaseAtomic (system): Found 0 non used tables in detached tables.
2025.11.02 19:47:17.222422 [ 1 ] {} <Debug> DatabaseAtomic (system): There are 0 detached tables. Start searching non used tables.
2025.11.02 19:47:17.222522 [ 1 ] {} <Debug> DatabaseAtomic (system): Found 0 non used tables in detached tables.
2025.11.02 19:47:17.222572 [ 1 ] {} <Debug> DatabaseAtomic (system): There are 0 detached tables. Start searching non used tables.
2025.11.02 19:47:17.222623 [ 1 ] {} <Debug> DatabaseAtomic (system): Found 0 non used tables in detached tables.
2025.11.02 19:47:17.222719 [ 1 ] {} <Debug> DatabaseAtomic (system): There are 0 detached tables. Start searching non used tables.
2025.11.02 19:47:17.222771 [ 1 ] {} <Debug> DatabaseAtomic (system): Found 0 non used tables in detached tables.
2025.11.02 19:47:17.222849 [ 1 ] {} <Debug> DatabaseAtomic (system): There are 0 detached tables. Start searching non used tables.
2025.11.02 19:47:17.222885 [ 1 ] {} <Debug> DatabaseAtomic (system): Found 0 non used tables in detached tables.
2025.11.02 19:47:17.223055 [ 1 ] {} <Debug> DatabaseAtomic (system): There are 0 detached tables. Start searching non used tables.
2025.11.02 19:47:17.223106 [ 1 ] {} <Debug> DatabaseAtomic (system): Found 0 non used tables in detached tables.
2025.11.02 19:47:17.223195 [ 1 ] {} <Debug> DatabaseAtomic (system): There are 0 detached tables. Start searching non used tables.
2025.11.02 19:47:17.223220 [ 1 ] {} <Debug> DatabaseAtomic (system): Found 0 non used tables in detached tables.
2025.11.02 19:47:17.223253 [ 1 ] {} <Debug> DatabaseAtomic (system): There are 0 detached tables. Start searching non used tables.
2025.11.02 19:47:17.223289 [ 1 ] {} <Debug> DatabaseAtomic (system): Found 0 non used tables in detached tables.
2025.11.02 19:47:17.223347 [ 1 ] {} <Debug> DatabaseAtomic (system): There are 0 detached tables. Start searching non used tables.
2025.11.02 19:47:17.223391 [ 1 ] {} <Debug> DatabaseAtomic (system): Found 0 non used tables in detached tables.
2025.11.02 19:47:17.223486 [ 1 ] {} <Debug> DatabaseAtomic (system): There are 0 detached tables. Start searching non used tables.
2025.11.02 19:47:17.223523 [ 1 ] {} <Debug> DatabaseAtomic (system): Found 0 non used tables in detached tables.
2025.11.02 19:47:17.223576 [ 1 ] {} <Debug> DatabaseAtomic (system): There are 0 detached tables. Start searching non used tables.
2025.11.02 19:47:17.223595 [ 1 ] {} <Debug> DatabaseAtomic (system): Found 0 non used tables in detached tables.
2025.11.02 19:47:17.223679 [ 1 ] {} <Debug> DatabaseAtomic (system): There are 0 detached tables. Start searching non used tables.
2025.11.02 19:47:17.223706 [ 1 ] {} <Debug> DatabaseAtomic (system): Found 0 non used tables in detached tables.
2025.11.02 19:47:17.223808 [ 1 ] {} <Debug> DatabaseAtomic (system): There are 0 detached tables. Start searching non used tables.
2025.11.02 19:47:17.223828 [ 1 ] {} <Debug> DatabaseAtomic (system): Found 0 non used tables in detached tables.
2025.11.02 19:47:17.223917 [ 1 ] {} <Debug> DatabaseAtomic (system): There are 0 detached tables. Start searching non used tables.
2025.11.02 19:47:17.223946 [ 1 ] {} <Debug> DatabaseAtomic (system): Found 0 non used tables in detached tables.
2025.11.02 19:47:17.224020 [ 1 ] {} <Debug> DatabaseAtomic (system): There are 0 detached tables. Start searching non used tables.
2025.11.02 19:47:17.224065 [ 1 ] {} <Debug> DatabaseAtomic (system): Found 0 non used tables in detached tables.
2025.11.02 19:47:17.224134 [ 1 ] {} <Debug> DatabaseAtomic (system): There are 0 detached tables. Start searching non used tables.
2025.11.02 19:47:17.224163 [ 1 ] {} <Debug> DatabaseAtomic (system): Found 0 non used tables in detached tables.
2025.11.02 19:47:17.224220 [ 1 ] {} <Debug> DatabaseAtomic (system): There are 0 detached tables. Start searching non used tables.
2025.11.02 19:47:17.224249 [ 1 ] {} <Debug> DatabaseAtomic (system): Found 0 non used tables in detached tables.
2025.11.02 19:47:17.224320 [ 1 ] {} <Debug> DatabaseAtomic (system): There are 0 detached tables. Start searching non used tables.
2025.11.02 19:47:17.224365 [ 1 ] {} <Debug> DatabaseAtomic (system): Found 0 non used tables in detached tables.
2025.11.02 19:47:17.224511 [ 1 ] {} <Debug> DatabaseAtomic (system): There are 0 detached tables. Start searching non used tables.
2025.11.02 19:47:17.224563 [ 1 ] {} <Debug> DatabaseAtomic (system): Found 0 non used tables in detached tables.
2025.11.02 19:47:17.224615 [ 1 ] {} <Debug> DatabaseAtomic (system): There are 0 detached tables. Start searching non used tables.
2025.11.02 19:47:17.224645 [ 1 ] {} <Debug> DatabaseAtomic (system): Found 0 non used tables in detached tables.
2025.11.02 19:47:17.224719 [ 1 ] {} <Debug> DatabaseAtomic (system): There are 0 detached tables. Start searching non used tables.
2025.11.02 19:47:17.224751 [ 1 ] {} <Debug> DatabaseAtomic (system): Found 0 non used tables in detached tables.
2025.11.02 19:47:17.224819 [ 1 ] {} <Debug> DatabaseAtomic (system): There are 0 detached tables. Start searching non used tables.
2025.11.02 19:47:17.224854 [ 1 ] {} <Debug> DatabaseAtomic (system): Found 0 non used tables in detached tables.
2025.11.02 19:47:17.224896 [ 1 ] {} <Debug> DatabaseAtomic (system): There are 0 detached tables. Start searching non used tables.
2025.11.02 19:47:17.224921 [ 1 ] {} <Debug> DatabaseAtomic (system): Found 0 non used tables in detached tables.
2025.11.02 19:47:17.225009 [ 1 ] {} <Debug> DatabaseAtomic (system): There are 0 detached tables. Start searching non used tables.
2025.11.02 19:47:17.225067 [ 1 ] {} <Debug> DatabaseAtomic (system): Found 0 non used tables in detached tables.
2025.11.02 19:47:17.225123 [ 1 ] {} <Debug> DatabaseAtomic (system): There are 0 detached tables. Start searching non used tables.
2025.11.02 19:47:17.225180 [ 1 ] {} <Debug> DatabaseAtomic (system): Found 0 non used tables in detached tables.
2025.11.02 19:47:17.225263 [ 1 ] {} <Debug> DatabaseAtomic (system): There are 0 detached tables. Start searching non used tables.
2025.11.02 19:47:17.225326 [ 1 ] {} <Debug> DatabaseAtomic (system): Found 0 non used tables in detached tables.
2025.11.02 19:47:17.231498 [ 1 ] {} <Information> DatabaseCatalog: Found 0 partially dropped tables. Will load them and retry removal.
2025.11.02 19:47:17.233082 [ 1 ] {} <Information> DatabaseAtomic (default): Metadata processed, database default has 0 tables and 0 dictionaries in total.
2025.11.02 19:47:17.233162 [ 1 ] {} <Information> TablesLoader: Parsed metadata of 0 tables in 1 databases in 8.6458e-05 sec
2025.11.02 19:47:17.233499 [ 1 ] {} <Information> loadMetadata: Start asynchronous loading of databases
2025.11.02 19:47:17.233536 [ 1 ] {} <Debug> AsyncLoader: Schedule load job 'startup Ordinary database default' into BackgrndStartup
2025.11.02 19:47:17.233644 [ 1 ] {} <Debug> AsyncLoader: Schedule load job 'startup Atomic database default' into BackgrndStartup
2025.11.02 19:47:17.233771 [ 1 ] {} <Debug> AsyncLoader: Change current priority: none -> 2
2025.11.02 19:47:17.233838 [ 1 ] {} <Debug> AsyncLoader: Spawn loader worker #1 in BackgrndStartup
2025.11.02 19:47:17.233991 [ 1 ] {} <Information> UserDefinedSQLObjectsLoaderFromDisk: Loading user defined objects from /var/lib/clickhouse/user_defined/
2025.11.02 19:47:17.234001 [ 718 ] {} <Debug> AsyncLoader: Execute load job 'startup Ordinary database default' in BackgrndStartup
2025.11.02 19:47:17.234117 [ 1 ] {} <Debug> UserDefinedSQLObjectsLoaderFromDisk: The directory for user defined objects (/var/lib/clickhouse/user_defined/) does not exist: nothing to load
2025.11.02 19:47:17.234131 [ 718 ] {} <Debug> AsyncLoader: Finish load job 'startup Ordinary database default' with status OK
2025.11.02 19:47:17.234350 [ 718 ] {} <Debug> AsyncLoader: Spawn loader worker #2 in BackgrndStartup
2025.11.02 19:47:17.234229 [ 1 ] {} <Information> WorkloadEntityDiskStorage: Loading workload entities from /var/lib/clickhouse/workload/
2025.11.02 19:47:17.234575 [ 1 ] {} <Debug> WorkloadEntityDiskStorage: The directory for workload entities (/var/lib/clickhouse/workload/) does not exist: nothing to load
2025.11.02 19:47:17.234505 [ 718 ] {} <Debug> AsyncLoader: Execute load job 'startup Atomic database default' in BackgrndStartup
2025.11.02 19:47:17.234991 [ 718 ] {} <Debug> AsyncLoader: Finish load job 'startup Atomic database default' with status OK
2025.11.02 19:47:17.235192 [ 718 ] {} <Debug> AsyncLoader: Stop worker in BackgrndStartup
2025.11.02 19:47:17.235423 [ 719 ] {} <Debug> AsyncLoader: Stop worker in BackgrndStartup
2025.11.02 19:47:17.235617 [ 719 ] {} <Debug> AsyncLoader: Change current priority: 2 -> none
2025.11.02 19:47:17.238002 [ 1 ] {} <Information> ZooKeeperClient: Connected to ZooKeeper at 172.19.0.2:2181 with session_id 72057597892886529
2025.11.02 19:47:17.242752 [ 1 ] {} <Information> ZooKeeperClient: Keeper feature flag FILTERED_LIST: disabled
2025.11.02 19:47:17.242815 [ 1 ] {} <Information> ZooKeeperClient: Keeper feature flag MULTI_READ: disabled
2025.11.02 19:47:17.242920 [ 1 ] {} <Information> ZooKeeperClient: Keeper feature flag CHECK_NOT_EXISTS: disabled
2025.11.02 19:47:17.243055 [ 1 ] {} <Information> ZooKeeperClient: Keeper feature flag CREATE_IF_NOT_EXISTS: disabled
2025.11.02 19:47:17.243177 [ 1 ] {} <Information> ZooKeeperClient: Keeper feature flag REMOVE_RECURSIVE: disabled
2025.11.02 19:47:17.247835 [ 1 ] {} <Debug> Application: Loaded metadata.
2025.11.02 19:47:17.249195 [ 1 ] {} <Information> Application: Tasks stats provider: procfs
2025.11.02 19:47:17.249268 [ 1 ] {} <Information> Application: It looks like the process has no CAP_SYS_NICE capability, the setting 'os_thread_priority' will have no effect. It could happen due to incorrect ClickHouse package installation. You could resolve the problem manually with 'sudo setcap cap_sys_nice=+ep /usr/bin/clickhouse'. Note that it will not work on 'nosuid' mounted filesystems.
2025.11.02 19:47:17.249390 [ 1 ] {} <Debug> DatabaseAtomic (system): There are 0 detached tables. Start searching non used tables.
2025.11.02 19:47:17.249434 [ 1 ] {} <Debug> DatabaseAtomic (system): Found 0 non used tables in detached tables.
2025.11.02 19:47:17.249763 [ 1 ] {} <Warning> Application: Listen [::]:8123 failed: Poco::Exception. Code: 1000, e.code() = 0, DNS error: EAI: Address family for hostname not supported (version 25.3.7.194 (official build)). If it is an IPv6 or IPv4 address and your host has disabled IPv6 or IPv4, then consider to specify not disabled IPv4 or IPv6 address to listen in <listen_host> element of configuration file. Example for disabled IPv6: <listen_host>0.0.0.0</listen_host> . Example for disabled IPv4: <listen_host>::</listen_host>
2025.11.02 19:47:17.249894 [ 1 ] {} <Warning> Application: Listen [::]:9000 failed: Poco::Exception. Code: 1000, e.code() = 0, DNS error: EAI: Address family for hostname not supported (version 25.3.7.194 (official build)). If it is an IPv6 or IPv4 address and your host has disabled IPv6 or IPv4, then consider to specify not disabled IPv4 or IPv6 address to listen in <listen_host> element of configuration file. Example for disabled IPv6: <listen_host>0.0.0.0</listen_host> . Example for disabled IPv4: <listen_host>::</listen_host>
2025.11.02 19:47:17.250276 [ 1 ] {} <Warning> Application: Listen [::]:8001 failed: Poco::Exception. Code: 1000, e.code() = 0, DNS error: EAI: Address family for hostname not supported (version 25.3.7.194 (official build)). If it is an IPv6 or IPv4 address and your host has disabled IPv6 or IPv4, then consider to specify not disabled IPv4 or IPv6 address to listen in <listen_host> element of configuration file. Example for disabled IPv6: <listen_host>0.0.0.0</listen_host> . Example for disabled IPv4: <listen_host>::</listen_host>
2025.11.02 19:47:17.250421 [ 1 ] {} <Information> CertificateReloader: One of paths is empty. Cannot apply new configuration for certificates. Fill all paths and try again.
2025.11.02 19:47:17.250491 [ 1 ] {} <Information> CertificateReloader: One of paths is empty. Cannot apply new configuration for certificates. Fill all paths and try again.
2025.11.02 19:47:17.252235 [ 1 ] {} <Debug> AsyncLoader: Schedule load job 'startup ddl worker' into BackgrndStartup
2025.11.02 19:47:17.252290 [ 1 ] {} <Debug> AsyncLoader: Change current priority: none -> 2
2025.11.02 19:47:17.252321 [ 1 ] {} <Debug> AsyncLoader: Spawn loader worker #1 in BackgrndStartup
2025.11.02 19:47:17.252829 [ 719 ] {} <Debug> AsyncLoader: Execute load job 'startup ddl worker' in BackgrndStartup
2025.11.02 19:47:17.253009 [ 1 ] {} <Information> Application: Listening for http://0.0.0.0:8123
2025.11.02 19:47:17.253216 [ 1 ] {} <Information> Application: Listening for native protocol (tcp): 0.0.0.0:9000
2025.11.02 19:47:17.253296 [ 727 ] {} <Debug> DDLWorker: Starting DDLWorker thread
2025.11.02 19:47:17.253353 [ 727 ] {} <Debug> DDLWorker: Initializing DDLWorker thread
2025.11.02 19:47:17.253380 [ 729 ] {} <Debug> DDLWorker: Started DDLWorker cleanup thread
2025.11.02 19:47:17.253382 [ 1 ] {} <Information> Application: Listening for Prometheus: http://0.0.0.0:8001
2025.11.02 19:47:17.253489 [ 1 ] {} <Information> Application: Ready for connections.
2025.11.02 19:47:17.253367 [ 719 ] {} <Debug> AsyncLoader: Finish load job 'startup ddl worker' with status OK
2025.11.02 19:47:17.253566 [ 719 ] {} <Debug> AsyncLoader: Stop worker in BackgrndStartup
2025.11.02 19:47:17.253601 [ 719 ] {} <Debug> AsyncLoader: Change current priority: 2 -> none
2025.11.02 19:47:17.259050 [ 727 ] {} <Debug> DDLWorker: Initialized DDLWorker thread
2025.11.02 19:47:17.259114 [ 729 ] {} <Debug> DDLWorker: Cleaning queue
2025.11.02 19:47:17.261339 [ 727 ] {} <Debug> DDLWorker: Scheduling tasks
2025.11.02 19:47:17.262499 [ 727 ] {} <Debug> DDLWorker: No tasks to schedule
2025.11.02 19:47:17.262583 [ 727 ] {} <Debug> DDLWorker: Waiting for queue updates
2025.11.02 19:47:17.499057 [ 79 ] {} <Information> TCPHandler: Client has not sent any data.
2025.11.02 19:47:17.499165 [ 79 ] {} <Debug> TCPHandler: Done processing connection.
2025.11.02 19:47:17.531312 [ 79 ] {} <Information> TCPHandler: Client has not sent any data.
2025.11.02 19:47:17.531399 [ 79 ] {} <Debug> TCPHandler: Done processing connection.
2025.11.02 19:47:20.884096 [ 76 ] {} <Information> Application: Received termination signal (Terminated)
2025.11.02 19:47:20.884273 [ 1 ] {} <Debug> Application: Received termination signal.
2025.11.02 19:47:20.884935 [ 1 ] {} <Debug> Application: Waiting for current connections to close.
2025.11.02 19:47:20.885659 [ 1 ] {} <Information> Application: Closed all listening sockets.
2025.11.02 19:47:20.885729 [ 1 ] {} <Information> Application: Closed connections.
2025.11.02 19:47:20.885825 [ 1 ] {} <Information> Application: Stopping AsyncLoader.
2025.11.02 19:47:20.885955 [ 1 ] {} <Information> CgroupsMemoryUsageObserver: Stopped cgroup current memory usage observer thread
2025.11.02 19:47:20.886137 [ 1 ] {} <Information> Application: Shutting down storages.
2025.11.02 19:47:20.886765 [ 1 ] {} <Debug> Context: Shutting down dictionaries loader
2025.11.02 19:47:20.886847 [ 1 ] {} <Debug> Context: Shutting down UDFs loader
2025.11.02 19:47:20.886936 [ 1 ] {} <Debug> Context: Shutting down another UDFs storage
2025.11.02 19:47:20.886981 [ 1 ] {} <Debug> Context: Shutting down workload entity storage
2025.11.02 19:47:20.887035 [ 1 ] {} <Debug> Context: Shutting down system logs
2025.11.02 19:47:20.887093 [ 1 ] {} <Debug> SystemLogQueue (system.query_log): Requested flush up to offset 0
2025.11.02 19:47:20.887113 [ 716 ] {} <Debug> SystemLog (system.metric_log): Creating new table system.metric_log for MetricLog
2025.11.02 19:47:20.887215 [ 1 ] {} <Debug> SystemLogQueue (system.query_thread_log): Requested flush up to offset 0
2025.11.02 19:47:20.887310 [ 1 ] {} <Debug> SystemLogQueue (system.metric_log): Requested flush up to offset 4
2025.11.02 19:47:20.898760 [ 716 ] {} <Debug> system.metric_log (f39e92f3-2d2a-46e3-ad6e-68d3c2cf475a): Loading data parts
2025.11.02 19:47:20.899188 [ 716 ] {} <Debug> system.metric_log (f39e92f3-2d2a-46e3-ad6e-68d3c2cf475a): There are no data parts
2025.11.02 19:47:20.901406 [ 716 ] {} <Debug> DatabaseAtomic (system): There are 0 detached tables. Start searching non used tables.
2025.11.02 19:47:20.901459 [ 716 ] {} <Debug> DatabaseAtomic (system): Found 0 non used tables in detached tables.
2025.11.02 19:47:21.214843 [ 1 ] {} <Debug> Context: Shutting down merges executor
2025.11.02 19:47:21.216086 [ 1 ] {} <Debug> Context: Shutting down fetches executor
2025.11.02 19:47:21.216446 [ 1 ] {} <Debug> Context: Shutting down moves executor
2025.11.02 19:47:21.217059 [ 1 ] {} <Debug> Context: Shutting down common executor
2025.11.02 19:47:21.219117 [ 1 ] {} <Information> Context: Shutdown disk default
2025.11.02 19:47:21.219171 [ 1 ] {} <Information> ZooKeeperClient: Finalizing session 72057597892886529. finalization_started: false, queue_finished: false, reason: 'Destructor called'
2025.11.02 19:47:21.224563 [ 1 ] {} <Debug> Application: Shut down storages.
2025.11.02 19:47:21.224587 [ 1 ] {} <Debug> Application: Waiting for current connections to servers for tables to finish.
2025.11.02 19:47:21.224729 [ 1 ] {} <Information> Application: Closed all listening sockets.
2025.11.02 19:47:21.224879 [ 1 ] {} <Information> Application: Closed connections to servers for tables.
2025.11.02 19:47:21.228301 [ 1 ] {} <Debug> Application: Destroyed global context.
2025.11.02 19:47:21.228817 [ 1 ] {} <Information> Application: Waiting for background threads
2025.11.02 19:47:21.249469 [ 1 ] {} <Information> Application: Background threads finished in 20 ms
2025.11.02 19:47:21.250289 [ 1 ] {} <Information> Application: shutting down
2025.11.02 19:47:21.250388 [ 1 ] {} <Debug> Application: Uninitializing subsystem: Logging Subsystem
2025.11.02 19:47:21.251084 [ 76 ] {} <Information> BaseDaemon: Stop SignalListener thread
2025.11.02 19:47:23.349878 [ 1 ] {} <Information> SentryWriter: Sending crash reports is disabled
2025.11.02 19:47:23.378018 [ 1 ] {} <Information> Application: Starting ClickHouse 25.3.7.194 (revision: 54502, git hash: 36637934778b7d39b37f378d258359dd6ffdd110, build id: E09B0ADBF9AF0530703B179DBA02705D5DF508C0), PID 1
2025.11.02 19:47:23.378105 [ 1 ] {} <Information> Application: starting up
2025.11.02 19:47:23.378596 [ 1 ] {} <Information> Application: OS name: Linux, version: 6.10.14-linuxkit, architecture: aarch64
2025.11.02 19:47:23.378698 [ 1 ] {} <Information> Jemalloc: Value for background_thread set to true (from true)
2025.11.02 19:47:23.380250 [ 1 ] {} <Information> Application: Available RAM: 7.65 GiB; logical cores: 14; used cores: 14.
2025.11.02 19:47:23.381021 [ 1 ] {} <Information> CgroupsReader: Will create cgroup reader from '/sys/fs/cgroup/' (cgroups version: v2)
2025.11.02 19:47:23.383227 [ 1 ] {} <Warning> Application: Integrity check of the executable skipped because the reference checksum could not be read.
2025.11.02 19:47:23.383441 [ 1 ] {} <Information> Application: It looks like the process has no CAP_IPC_LOCK capability, binary mlock will be disabled. It could happen due to incorrect ClickHouse package installation. You could resolve the problem manually with 'sudo setcap cap_ipc_lock=+ep /usr/bin/clickhouse'. Note that it will not work on 'nosuid' mounted filesystems.
2025.11.02 19:47:23.383505 [ 1 ] {} <Information> MemoryWorker: Starting background memory thread with period of 50ms, using Cgroups as source
2025.11.02 19:47:23.383626 [ 1 ] {} <Information> BackgroundSchedulePool/BgSchPool: Create BackgroundSchedulePool with 512 threads
2025.11.02 19:47:23.405605 [ 1 ] {} <Debug> Application: rlimit on number of file descriptors is 1048576
2025.11.02 19:47:23.406024 [ 1 ] {} <Debug> Application: rlimit on number of threads is 18446744073709551615
2025.11.02 19:47:23.406058 [ 1 ] {} <Debug> Application: Initializing DateLUT.
2025.11.02 19:47:23.406100 [ 1 ] {} <Debug> Context: Setting up /var/lib/clickhouse/tmp/ to store temporary data in it
2025.11.02 19:47:23.406211 [ 1 ] {} <Debug> Application: Initializing interserver credentials.
2025.11.02 19:47:23.406258 [ 1 ] {} <Information> Application: Lowered uncompressed cache size to 3.83 GiB because the system has limited RAM
2025.11.02 19:47:23.406286 [ 1 ] {} <Information> Application: Lowered mark cache size to 3.83 GiB because the system has limited RAM
2025.11.02 19:47:23.406327 [ 1 ] {} <Information> Application: Lowered primary index cache size to 3.83 GiB because the system has limited RAM
2025.11.02 19:47:23.406382 [ 1 ] {} <Information> Application: Lowered index mark cache size to 3.83 GiB because the system has limited RAM
2025.11.02 19:47:23.406426 [ 1 ] {} <Debug> FileCacheFactory: Will load 0 caches from default cache config
2025.11.02 19:47:23.406638 [ 1 ] {} <Debug> ConfigReloader: Loading config '/etc/clickhouse-server/config.xml'
2025.11.02 19:47:23.406675 [ 1 ] {} <Debug> ConfigProcessor: Processing configuration file '/etc/clickhouse-server/config.xml'.
2025.11.02 19:47:23.407170 [ 1 ] {} <Debug> ConfigProcessor: Merging configuration file '/etc/clickhouse-server/config.d/docker_related_config.xml'.
2025.11.02 19:47:23.407217 [ 1 ] {} <Debug> ConfigProcessor: Merging configuration file '/etc/clickhouse-server/config.d/interserver_http_host.xml'.
2025.11.02 19:47:23.407398 [ 1 ] {} <Debug> ConfigProcessor: Merging configuration file '/etc/clickhouse-server/config.d/macros.xml'.
2025.11.02 19:47:23.407597 [ 1 ] {} <Debug> ConfigProcessor: Merging configuration file '/etc/clickhouse-server/config.d/remote_servers.xml'.
2025.11.02 19:47:23.407841 [ 1 ] {} <Debug> ConfigProcessor: Merging configuration file '/etc/clickhouse-server/config.d/zookeeper.xml'.
2025.11.02 19:47:23.408316 [ 1 ] {} <Debug> ConfigProcessor: Saved preprocessed configuration to '/var/lib/clickhouse/preprocessed_configs/config.xml'.
2025.11.02 19:47:23.408421 [ 1 ] {} <Debug> ConfigReloader: Loaded config '/etc/clickhouse-server/config.xml', performing update on configuration
2025.11.02 19:47:23.409020 [ 1 ] {} <Information> Application: Changed setting 'max_server_memory_usage' to 6.89 GiB (7.65 GiB available memory * 0.90 max_server_memory_usage_to_ram_ratio)
2025.11.02 19:47:23.409069 [ 1 ] {} <Information> Application: Setting merges_mutations_memory_usage_soft_limit was set to 3.83 GiB (7.65 GiB available * 0.50 merges_mutations_memory_usage_to_ram_ratio)
2025.11.02 19:47:23.409128 [ 1 ] {} <Information> Application: Merges and mutations memory limit is set to 3.83 GiB
2025.11.02 19:47:23.409931 [ 1 ] {} <Information> Application: Setting max_remote_read_network_bandwidth_for_server was set to 0
2025.11.02 19:47:23.410003 [ 1 ] {} <Information> Application: Setting max_remote_write_network_bandwidth_for_server was set to 0
2025.11.02 19:47:23.410136 [ 1 ] {} <Information> Application: Setting max_local_read_bandwidth_for_server was set to 0
2025.11.02 19:47:23.410199 [ 1 ] {} <Information> Application: Setting max_local_write_bandwidth_for_server was set to 0
2025.11.02 19:47:23.410270 [ 1 ] {} <Information> Application: ConcurrencyControl limit is set to UNLIMITED CPU slots with 'round_robin' scheduler
2025.11.02 19:47:23.410315 [ 1 ] {} <Information> BackgroundSchedulePool/BgBufSchPool: Create BackgroundSchedulePool with 16 threads
2025.11.02 19:47:23.410969 [ 1 ] {} <Information> BackgroundSchedulePool/BgMBSchPool: Create BackgroundSchedulePool with 16 threads
2025.11.02 19:47:23.411667 [ 1 ] {} <Information> BackgroundSchedulePool/BgDistSchPool: Create BackgroundSchedulePool with 16 threads
2025.11.02 19:47:23.412460 [ 1 ] {} <Debug> ConfigReloader: Loaded config '/etc/clickhouse-server/config.xml', performed update on configuration
2025.11.02 19:47:23.412629 [ 1 ] {} <Warning> Application: Listen [::]:9009 failed: Poco::Exception. Code: 1000, e.code() = 0, DNS error: EAI: Address family for hostname not supported (version 25.3.7.194 (official build)). If it is an IPv6 or IPv4 address and your host has disabled IPv6 or IPv4, then consider to specify not disabled IPv4 or IPv6 address to listen in <listen_host> element of configuration file. Example for disabled IPv6: <listen_host>0.0.0.0</listen_host> . Example for disabled IPv4: <listen_host>::</listen_host>
2025.11.02 19:47:23.412829 [ 1 ] {} <Information> Application: Listening for replica communication (interserver): http://0.0.0.0:9009
2025.11.02 19:47:23.412961 [ 1 ] {} <Warning> Access(local_directory): File /var/lib/clickhouse/access/users.list doesn't exist
2025.11.02 19:47:23.413077 [ 1 ] {} <Warning> Access(local_directory): Recovering lists in directory /var/lib/clickhouse/access/
2025.11.02 19:47:23.413336 [ 1 ] {} <Debug> Access(user directories): Added local_directory access storage 'local_directory', path: /var/lib/clickhouse/access/
2025.11.02 19:47:23.413564 [ 1 ] {} <Debug> ConfigReloader: Loading config '/etc/clickhouse-server/users.xml'
2025.11.02 19:47:23.413620 [ 1 ] {} <Debug> ConfigProcessor: Processing configuration file '/etc/clickhouse-server/users.xml'.
2025.11.02 19:47:23.413727 [ 1 ] {} <Debug> ConfigProcessor: Merging configuration file '/etc/clickhouse-server/users.d/users.xml'.
2025.11.02 19:47:23.414378 [ 1 ] {} <Debug> ConfigProcessor: Saved preprocessed configuration to '/var/lib/clickhouse/preprocessed_configs/users.xml'.
2025.11.02 19:47:23.414441 [ 1 ] {} <Debug> ConfigReloader: Loaded config '/etc/clickhouse-server/users.xml', performing update on configuration
2025.11.02 19:47:23.414735 [ 1 ] {} <Debug> ConfigReloader: Loaded config '/etc/clickhouse-server/users.xml', performed update on configuration
2025.11.02 19:47:23.414875 [ 1 ] {} <Debug> Access(user directories): Added users_xml access storage 'users_xml', path: /etc/clickhouse-server/users.xml
2025.11.02 19:47:23.414977 [ 1 ] {} <Information> CgroupsMemoryUsageObserver: Started cgroup current memory usage observer thread
2025.11.02 19:47:23.415043 [ 650 ] {} <Information> CgroupsMemoryUsageObserver: Memory amount initially available to the process is 7.65 GiB
2025.11.02 19:47:23.415725 [ 1 ] {} <Information> Context: Initialized background executor for merges and mutations with num_threads=16, num_tasks=32, scheduling_policy=round_robin
2025.11.02 19:47:23.416083 [ 1 ] {} <Information> Context: Initialized background executor for move operations with num_threads=8, num_tasks=8
2025.11.02 19:47:23.416795 [ 1 ] {} <Information> Context: Initialized background executor for fetches with num_threads=16, num_tasks=16
2025.11.02 19:47:23.417370 [ 1 ] {} <Information> Context: Initialized background executor for common operations (e.g. clearing old parts) with num_threads=8, num_tasks=8
2025.11.02 19:47:23.418101 [ 1 ] {} <Warning> Context: Linux transparent hugepages are set to "always". Check /sys/kernel/mm/transparent_hugepage/enabled
2025.11.02 19:47:23.418289 [ 1 ] {} <Warning> Context: Delay accounting is not enabled, OSIOWaitMicroseconds will not be gathered. You can enable it using `echo 1 > /proc/sys/kernel/task_delayacct` or by using sysctl.
2025.11.02 19:47:23.418406 [ 1 ] {} <Information> DNSCacheUpdater: Update period 15 seconds
2025.11.02 19:47:23.418455 [ 1 ] {} <Information> Application: Loading metadata from /var/lib/clickhouse/
2025.11.02 19:47:23.418472 [ 86 ] {} <Debug> DNSResolver: Updating DNS cache
2025.11.02 19:47:23.418496 [ 1 ] {} <Information> Context: Database disk name: default
2025.11.02 19:47:23.418640 [ 1 ] {} <Information> Context: Database disk name: default, path: /var/lib/clickhouse/
2025.11.02 19:47:23.418717 [ 1 ] {} <Debug> loadSystemDatabase: metadata_file_path metadata/system.sql, existsFile false
2025.11.02 19:47:23.419023 [ 86 ] {} <Debug> DNSResolver: Updated DNS cache
2025.11.02 19:47:23.421605 [ 1 ] {} <Debug> loadSystemDatabase: metadata_file_path metadata/information_schema.sql, existsFile false
2025.11.02 19:47:23.422404 [ 1 ] {} <Debug> loadSystemDatabase: metadata_file_path metadata/INFORMATION_SCHEMA.sql, existsFile false
2025.11.02 19:47:23.423224 [ 1 ] {} <Information> DatabaseAtomic (system): Metadata processed, database system has 0 tables and 0 dictionaries in total.
2025.11.02 19:47:23.423275 [ 1 ] {} <Information> TablesLoader: Parsed metadata of 0 tables in 1 databases in 5.8917e-05 sec
2025.11.02 19:47:23.423328 [ 1 ] {} <Debug> AsyncLoader: Prioritize load job 'startup Atomic database system': BackgrndStartup -> ForegroundLoad
2025.11.02 19:47:23.423489 [ 1 ] {} <Debug> AsyncLoader: Prioritize load job 'startup Ordinary database system': BackgrndStartup -> ForegroundLoad
2025.11.02 19:47:23.423531 [ 1 ] {} <Debug> AsyncLoader: Schedule load job 'startup Ordinary database system' into ForegroundLoad
2025.11.02 19:47:23.423555 [ 1 ] {} <Debug> AsyncLoader: Schedule load job 'startup Atomic database system' into ForegroundLoad
2025.11.02 19:47:23.423625 [ 1 ] {} <Debug> AsyncLoader: Change current priority: none -> 0
2025.11.02 19:47:23.423660 [ 1 ] {} <Debug> AsyncLoader: Spawn loader worker #1 in ForegroundLoad
2025.11.02 19:47:23.423734 [ 1 ] {} <Debug> AsyncLoader: Wait load job 'startup Atomic database system' in ForegroundLoad
2025.11.02 19:47:23.423790 [ 715 ] {} <Debug> AsyncLoader: Execute load job 'startup Ordinary database system' in ForegroundLoad
2025.11.02 19:47:23.423839 [ 715 ] {} <Debug> AsyncLoader: Finish load job 'startup Ordinary database system' with status OK
2025.11.02 19:47:23.423914 [ 715 ] {} <Debug> AsyncLoader: Spawn loader worker #2 in ForegroundLoad
2025.11.02 19:47:23.424054 [ 715 ] {} <Debug> AsyncLoader: Execute load job 'startup Atomic database system' in ForegroundLoad
2025.11.02 19:47:23.424138 [ 715 ] {} <Debug> AsyncLoader: Finish load job 'startup Atomic database system' with status OK
2025.11.02 19:47:23.424180 [ 715 ] {} <Debug> AsyncLoader: Stop worker in ForegroundLoad
2025.11.02 19:47:23.424230 [ 716 ] {} <Debug> AsyncLoader: Stop worker in ForegroundLoad
2025.11.02 19:47:23.424284 [ 716 ] {} <Debug> AsyncLoader: Change current priority: 0 -> none
2025.11.02 19:47:23.424161 [ 1 ] {} <Debug> SystemLog: Creating system.query_log from query_log
2025.11.02 19:47:23.428826 [ 1 ] {} <Debug> SystemLog: Creating system.query_thread_log from query_thread_log
2025.11.02 19:47:23.429075 [ 1 ] {} <Debug> SystemLog: Not creating system.part_log since corresponding section 'part_log' is missing from config
2025.11.02 19:47:23.429125 [ 1 ] {} <Debug> SystemLog: Not creating system.trace_log since corresponding section 'trace_log' is missing from config
2025.11.02 19:47:23.429914 [ 1 ] {} <Debug> SystemLog: Not creating system.crash_log since corresponding section 'crash_log' is missing from config
2025.11.02 19:47:23.429965 [ 1 ] {} <Debug> SystemLog: Not creating system.text_log since corresponding section 'text_log' is missing from config
2025.11.02 19:47:23.430015 [ 1 ] {} <Debug> SystemLog: Creating system.metric_log from metric_log
2025.11.02 19:47:23.431935 [ 1 ] {} <Debug> SystemLog: Not creating system.latency_log since corresponding section 'latency_log' is missing from config
2025.11.02 19:47:23.432136 [ 1 ] {} <Debug> SystemLog: Not creating system.error_log since corresponding section 'error_log' is missing from config
2025.11.02 19:47:23.432314 [ 1 ] {} <Debug> SystemLog: Not creating system.filesystem_cache_log since corresponding section 'filesystem_cache_log' is missing from config
2025.11.02 19:47:23.432488 [ 1 ] {} <Debug> SystemLog: Not creating system.filesystem_read_prefetches_log since corresponding section 'filesystem_read_prefetches_log' is missing from config
2025.11.02 19:47:23.432616 [ 1 ] {} <Debug> SystemLog: Not creating system.s3queue_log since corresponding section 's3queue_log' is missing from config
2025.11.02 19:47:23.432719 [ 1 ] {} <Debug> SystemLog: Not creating system.azure_queue_log since corresponding section 'azure_queue_log' is missing from config
2025.11.02 19:47:23.432797 [ 1 ] {} <Debug> SystemLog: Not creating system.asynchronous_metric_log since corresponding section 'asynchronous_metric_log' is missing from config
2025.11.02 19:47:23.432948 [ 1 ] {} <Debug> SystemLog: Not creating system.opentelemetry_span_log since corresponding section 'opentelemetry_span_log' is missing from config
2025.11.02 19:47:23.433033 [ 1 ] {} <Debug> SystemLog: Not creating system.query_views_log since corresponding section 'query_views_log' is missing from config
2025.11.02 19:47:23.433158 [ 1 ] {} <Debug> SystemLog: Not creating system.zookeeper_log since corresponding section 'zookeeper_log' is missing from config
2025.11.02 19:47:23.433200 [ 1 ] {} <Debug> SystemLog: Not creating system.session_log since corresponding section 'session_log' is missing from config
2025.11.02 19:47:23.433243 [ 1 ] {} <Debug> SystemLog: Not creating system.transactions_info_log since corresponding section 'transactions_info_log' is missing from config
2025.11.02 19:47:23.433361 [ 1 ] {} <Debug> SystemLog: Not creating system.processors_profile_log since corresponding section 'processors_profile_log' is missing from config
2025.11.02 19:47:23.433433 [ 1 ] {} <Debug> SystemLog: Not creating system.asynchronous_insert_log since corresponding section 'asynchronous_insert_log' is missing from config
2025.11.02 19:47:23.433492 [ 1 ] {} <Debug> SystemLog: Not creating system.backup_log since corresponding section 'backup_log' is missing from config
2025.11.02 19:47:23.433558 [ 1 ] {} <Debug> SystemLog: Not creating system.blob_storage_log since corresponding section 'blob_storage_log' is missing from config
2025.11.02 19:47:23.433684 [ 1 ] {} <Debug> SystemLog: Not creating system.query_metric_log since corresponding section 'query_metric_log' is missing from config
2025.11.02 19:47:23.433999 [ 1 ] {} <Debug> DatabaseAtomic (system): There are 0 detached tables. Start searching non used tables.
2025.11.02 19:47:23.434058 [ 1 ] {} <Debug> DatabaseAtomic (system): Found 0 non used tables in detached tables.
2025.11.02 19:47:23.434019 [ 84 ] {} <Information> MemoryTracker: Correcting the value of global memory tracker from 46.56 MiB to 408.32 MiB
2025.11.02 19:47:23.434639 [ 1 ] {} <Debug> DatabaseAtomic (system): There are 0 detached tables. Start searching non used tables.
2025.11.02 19:47:23.434684 [ 1 ] {} <Debug> DatabaseAtomic (system): Found 0 non used tables in detached tables.
2025.11.02 19:47:23.434748 [ 1 ] {} <Debug> DatabaseAtomic (system): There are 0 detached tables. Start searching non used tables.
2025.11.02 19:47:23.434793 [ 1 ] {} <Debug> DatabaseAtomic (system): Found 0 non used tables in detached tables.
2025.11.02 19:47:23.434840 [ 1 ] {} <Debug> DatabaseAtomic (system): There are 0 detached tables. Start searching non used tables.
2025.11.02 19:47:23.434897 [ 1 ] {} <Debug> DatabaseAtomic (system): Found 0 non used tables in detached tables.
2025.11.02 19:47:23.435011 [ 1 ] {} <Debug> DatabaseAtomic (system): There are 0 detached tables. Start searching non used tables.
2025.11.02 19:47:23.435076 [ 1 ] {} <Debug> DatabaseAtomic (system): Found 0 non used tables in detached tables.
2025.11.02 19:47:23.435187 [ 1 ] {} <Debug> DatabaseAtomic (system): There are 0 detached tables. Start searching non used tables.
2025.11.02 19:47:23.435251 [ 1 ] {} <Debug> DatabaseAtomic (system): Found 0 non used tables in detached tables.
2025.11.02 19:47:23.435397 [ 1 ] {} <Debug> DatabaseAtomic (system): There are 0 detached tables. Start searching non used tables.
2025.11.02 19:47:23.435453 [ 1 ] {} <Debug> DatabaseAtomic (system): Found 0 non used tables in detached tables.
2025.11.02 19:47:23.435527 [ 1 ] {} <Debug> DatabaseAtomic (system): There are 0 detached tables. Start searching non used tables.
2025.11.02 19:47:23.435578 [ 1 ] {} <Debug> DatabaseAtomic (system): Found 0 non used tables in detached tables.
2025.11.02 19:47:23.435646 [ 1 ] {} <Debug> DatabaseAtomic (system): There are 0 detached tables. Start searching non used tables.
2025.11.02 19:47:23.435704 [ 1 ] {} <Debug> DatabaseAtomic (system): Found 0 non used tables in detached tables.
2025.11.02 19:47:23.435781 [ 1 ] {} <Debug> DatabaseAtomic (system): There are 0 detached tables. Start searching non used tables.
2025.11.02 19:47:23.435811 [ 1 ] {} <Debug> DatabaseAtomic (system): Found 0 non used tables in detached tables.
2025.11.02 19:47:23.435923 [ 1 ] {} <Debug> DatabaseAtomic (system): There are 0 detached tables. Start searching non used tables.
2025.11.02 19:47:23.435988 [ 1 ] {} <Debug> DatabaseAtomic (system): Found 0 non used tables in detached tables.
2025.11.02 19:47:23.436072 [ 1 ] {} <Debug> DatabaseAtomic (system): There are 0 detached tables. Start searching non used tables.
2025.11.02 19:47:23.436206 [ 1 ] {} <Debug> DatabaseAtomic (system): Found 0 non used tables in detached tables.
2025.11.02 19:47:23.436313 [ 1 ] {} <Debug> DatabaseAtomic (system): There are 0 detached tables. Start searching non used tables.
2025.11.02 19:47:23.436477 [ 1 ] {} <Debug> DatabaseAtomic (system): Found 0 non used tables in detached tables.
2025.11.02 19:47:23.436640 [ 1 ] {} <Debug> DatabaseAtomic (system): There are 0 detached tables. Start searching non used tables.
2025.11.02 19:47:23.436670 [ 1 ] {} <Debug> DatabaseAtomic (system): Found 0 non used tables in detached tables.
2025.11.02 19:47:23.436718 [ 1 ] {} <Debug> DatabaseAtomic (system): There are 0 detached tables. Start searching non used tables.
2025.11.02 19:47:23.436752 [ 1 ] {} <Debug> DatabaseAtomic (system): Found 0 non used tables in detached tables.
2025.11.02 19:47:23.436841 [ 1 ] {} <Debug> DatabaseAtomic (system): There are 0 detached tables. Start searching non used tables.
2025.11.02 19:47:23.436884 [ 1 ] {} <Debug> DatabaseAtomic (system): Found 0 non used tables in detached tables.
2025.11.02 19:47:23.436988 [ 1 ] {} <Debug> DatabaseAtomic (system): There are 0 detached tables. Start searching non used tables.
2025.11.02 19:47:23.437037 [ 1 ] {} <Debug> DatabaseAtomic (system): Found 0 non used tables in detached tables.
2025.11.02 19:47:23.437083 [ 1 ] {} <Debug> DatabaseAtomic (system): There are 0 detached tables. Start searching non used tables.
2025.11.02 19:47:23.437154 [ 1 ] {} <Debug> DatabaseAtomic (system): Found 0 non used tables in detached tables.
2025.11.02 19:47:23.437212 [ 1 ] {} <Debug> DatabaseAtomic (system): There are 0 detached tables. Start searching non used tables.
2025.11.02 19:47:23.437255 [ 1 ] {} <Debug> DatabaseAtomic (system): Found 0 non used tables in detached tables.
2025.11.02 19:47:23.437301 [ 1 ] {} <Debug> DatabaseAtomic (system): There are 0 detached tables. Start searching non used tables.
2025.11.02 19:47:23.437341 [ 1 ] {} <Debug> DatabaseAtomic (system): Found 0 non used tables in detached tables.
2025.11.02 19:47:23.437386 [ 1 ] {} <Debug> DatabaseAtomic (system): There are 0 detached tables. Start searching non used tables.
2025.11.02 19:47:23.437428 [ 1 ] {} <Debug> DatabaseAtomic (system): Found 0 non used tables in detached tables.
2025.11.02 19:47:23.437486 [ 1 ] {} <Debug> DatabaseAtomic (system): There are 0 detached tables. Start searching non used tables.
2025.11.02 19:47:23.437547 [ 1 ] {} <Debug> DatabaseAtomic (system): Found 0 non used tables in detached tables.
2025.11.02 19:47:23.437606 [ 1 ] {} <Debug> DatabaseAtomic (system): There are 0 detached tables. Start searching non used tables.
2025.11.02 19:47:23.437642 [ 1 ] {} <Debug> DatabaseAtomic (system): Found 0 non used tables in detached tables.
2025.11.02 19:47:23.437696 [ 1 ] {} <Debug> DatabaseAtomic (system): There are 0 detached tables. Start searching non used tables.
2025.11.02 19:47:23.437743 [ 1 ] {} <Debug> DatabaseAtomic (system): Found 0 non used tables in detached tables.
2025.11.02 19:47:23.437798 [ 1 ] {} <Debug> DatabaseAtomic (system): There are 0 detached tables. Start searching non used tables.
2025.11.02 19:47:23.437842 [ 1 ] {} <Debug> DatabaseAtomic (system): Found 0 non used tables in detached tables.
2025.11.02 19:47:23.437918 [ 1 ] {} <Debug> DatabaseAtomic (system): There are 0 detached tables. Start searching non used tables.
2025.11.02 19:47:23.437961 [ 1 ] {} <Debug> DatabaseAtomic (system): Found 0 non used tables in detached tables.
2025.11.02 19:47:23.438028 [ 1 ] {} <Debug> DatabaseAtomic (system): There are 0 detached tables. Start searching non used tables.
2025.11.02 19:47:23.438065 [ 1 ] {} <Debug> DatabaseAtomic (system): Found 0 non used tables in detached tables.
2025.11.02 19:47:23.438193 [ 1 ] {} <Debug> DatabaseAtomic (system): There are 0 detached tables. Start searching non used tables.
2025.11.02 19:47:23.438257 [ 1 ] {} <Debug> DatabaseAtomic (system): Found 0 non used tables in detached tables.
2025.11.02 19:47:23.438335 [ 1 ] {} <Debug> DatabaseAtomic (system): There are 0 detached tables. Start searching non used tables.
2025.11.02 19:47:23.438394 [ 1 ] {} <Debug> DatabaseAtomic (system): Found 0 non used tables in detached tables.
2025.11.02 19:47:23.438455 [ 1 ] {} <Debug> DatabaseAtomic (system): There are 0 detached tables. Start searching non used tables.
2025.11.02 19:47:23.438604 [ 1 ] {} <Debug> DatabaseAtomic (system): Found 0 non used tables in detached tables.
2025.11.02 19:47:23.438906 [ 1 ] {} <Debug> DatabaseAtomic (system): There are 0 detached tables. Start searching non used tables.
2025.11.02 19:47:23.438980 [ 1 ] {} <Debug> DatabaseAtomic (system): Found 0 non used tables in detached tables.
2025.11.02 19:47:23.439136 [ 1 ] {} <Debug> DatabaseAtomic (system): There are 0 detached tables. Start searching non used tables.
2025.11.02 19:47:23.439287 [ 1 ] {} <Debug> DatabaseAtomic (system): Found 0 non used tables in detached tables.
2025.11.02 19:47:23.439433 [ 1 ] {} <Debug> DatabaseAtomic (system): There are 0 detached tables. Start searching non used tables.
2025.11.02 19:47:23.439466 [ 1 ] {} <Debug> DatabaseAtomic (system): Found 0 non used tables in detached tables.
2025.11.02 19:47:23.439548 [ 1 ] {} <Debug> DatabaseAtomic (system): There are 0 detached tables. Start searching non used tables.
2025.11.02 19:47:23.439594 [ 1 ] {} <Debug> DatabaseAtomic (system): Found 0 non used tables in detached tables.
2025.11.02 19:47:23.439670 [ 1 ] {} <Debug> DatabaseAtomic (system): There are 0 detached tables. Start searching non used tables.
2025.11.02 19:47:23.439720 [ 1 ] {} <Debug> DatabaseAtomic (system): Found 0 non used tables in detached tables.
2025.11.02 19:47:23.439801 [ 1 ] {} <Debug> DatabaseAtomic (system): There are 0 detached tables. Start searching non used tables.
2025.11.02 19:47:23.439855 [ 1 ] {} <Debug> DatabaseAtomic (system): Found 0 non used tables in detached tables.
2025.11.02 19:47:23.440162 [ 1 ] {} <Debug> DatabaseAtomic (system): There are 0 detached tables. Start searching non used tables.
2025.11.02 19:47:23.440213 [ 1 ] {} <Debug> DatabaseAtomic (system): Found 0 non used tables in detached tables.
2025.11.02 19:47:23.440297 [ 1 ] {} <Debug> DatabaseAtomic (system): There are 0 detached tables. Start searching non used tables.
2025.11.02 19:47:23.440324 [ 1 ] {} <Debug> DatabaseAtomic (system): Found 0 non used tables in detached tables.
2025.11.02 19:47:23.440372 [ 1 ] {} <Debug> DatabaseAtomic (system): There are 0 detached tables. Start searching non used tables.
2025.11.02 19:47:23.440462 [ 1 ] {} <Debug> DatabaseAtomic (system): Found 0 non used tables in detached tables.
2025.11.02 19:47:23.440620 [ 1 ] {} <Debug> DatabaseAtomic (system): There are 0 detached tables. Start searching non used tables.
2025.11.02 19:47:23.440653 [ 1 ] {} <Debug> DatabaseAtomic (system): Found 0 non used tables in detached tables.
2025.11.02 19:47:23.440724 [ 1 ] {} <Debug> DatabaseAtomic (system): There are 0 detached tables. Start searching non used tables.
2025.11.02 19:47:23.440780 [ 1 ] {} <Debug> DatabaseAtomic (system): Found 0 non used tables in detached tables.
2025.11.02 19:47:23.440920 [ 1 ] {} <Debug> DatabaseAtomic (system): There are 0 detached tables. Start searching non used tables.
2025.11.02 19:47:23.441015 [ 1 ] {} <Debug> DatabaseAtomic (system): Found 0 non used tables in detached tables.
2025.11.02 19:47:23.441109 [ 1 ] {} <Debug> DatabaseAtomic (system): There are 0 detached tables. Start searching non used tables.
2025.11.02 19:47:23.441249 [ 1 ] {} <Debug> DatabaseAtomic (system): Found 0 non used tables in detached tables.
2025.11.02 19:47:23.441451 [ 1 ] {} <Debug> DatabaseAtomic (system): There are 0 detached tables. Start searching non used tables.
2025.11.02 19:47:23.441536 [ 1 ] {} <Debug> DatabaseAtomic (system): Found 0 non used tables in detached tables.
2025.11.02 19:47:23.441681 [ 1 ] {} <Debug> DatabaseAtomic (system): There are 0 detached tables. Start searching non used tables.
2025.11.02 19:47:23.441733 [ 1 ] {} <Debug> DatabaseAtomic (system): Found 0 non used tables in detached tables.
2025.11.02 19:47:23.441807 [ 1 ] {} <Debug> DatabaseAtomic (system): There are 0 detached tables. Start searching non used tables.
2025.11.02 19:47:23.441932 [ 1 ] {} <Debug> DatabaseAtomic (system): Found 0 non used tables in detached tables.
2025.11.02 19:47:23.442080 [ 1 ] {} <Debug> DatabaseAtomic (system): There are 0 detached tables. Start searching non used tables.
2025.11.02 19:47:23.442380 [ 1 ] {} <Debug> DatabaseAtomic (system): Found 0 non used tables in detached tables.
2025.11.02 19:47:23.442647 [ 1 ] {} <Debug> DatabaseAtomic (system): There are 0 detached tables. Start searching non used tables.
2025.11.02 19:47:23.442735 [ 1 ] {} <Debug> DatabaseAtomic (system): Found 0 non used tables in detached tables.
2025.11.02 19:47:23.442892 [ 1 ] {} <Debug> DatabaseAtomic (system): There are 0 detached tables. Start searching non used tables.
2025.11.02 19:47:23.442972 [ 1 ] {} <Debug> DatabaseAtomic (system): Found 0 non used tables in detached tables.
2025.11.02 19:47:23.443174 [ 1 ] {} <Debug> DatabaseAtomic (system): There are 0 detached tables. Start searching non used tables.
2025.11.02 19:47:23.443260 [ 1 ] {} <Debug> DatabaseAtomic (system): Found 0 non used tables in detached tables.
2025.11.02 19:47:23.443476 [ 1 ] {} <Debug> DatabaseAtomic (system): There are 0 detached tables. Start searching non used tables.
2025.11.02 19:47:23.443619 [ 1 ] {} <Debug> DatabaseAtomic (system): Found 0 non used tables in detached tables.
2025.11.02 19:47:23.444003 [ 1 ] {} <Debug> DatabaseAtomic (system): There are 0 detached tables. Start searching non used tables.
2025.11.02 19:47:23.444106 [ 1 ] {} <Debug> DatabaseAtomic (system): Found 0 non used tables in detached tables.
2025.11.02 19:47:23.444256 [ 1 ] {} <Debug> DatabaseAtomic (system): There are 0 detached tables. Start searching non used tables.
2025.11.02 19:47:23.444608 [ 1 ] {} <Debug> DatabaseAtomic (system): Found 0 non used tables in detached tables.
2025.11.02 19:47:23.444732 [ 1 ] {} <Debug> DatabaseAtomic (system): There are 0 detached tables. Start searching non used tables.
2025.11.02 19:47:23.444780 [ 1 ] {} <Debug> DatabaseAtomic (system): Found 0 non used tables in detached tables.
2025.11.02 19:47:23.444903 [ 1 ] {} <Debug> DatabaseAtomic (system): There are 0 detached tables. Start searching non used tables.
2025.11.02 19:47:23.445065 [ 1 ] {} <Debug> DatabaseAtomic (system): Found 0 non used tables in detached tables.
2025.11.02 19:47:23.445146 [ 1 ] {} <Debug> DatabaseAtomic (system): There are 0 detached tables. Start searching non used tables.
2025.11.02 19:47:23.445215 [ 1 ] {} <Debug> DatabaseAtomic (system): Found 0 non used tables in detached tables.
2025.11.02 19:47:23.445405 [ 1 ] {} <Debug> DatabaseAtomic (system): There are 0 detached tables. Start searching non used tables.
2025.11.02 19:47:23.445489 [ 1 ] {} <Debug> DatabaseAtomic (system): Found 0 non used tables in detached tables.
2025.11.02 19:47:23.445598 [ 1 ] {} <Debug> DatabaseAtomic (system): There are 0 detached tables. Start searching non used tables.
2025.11.02 19:47:23.445672 [ 1 ] {} <Debug> DatabaseAtomic (system): Found 0 non used tables in detached tables.
2025.11.02 19:47:23.446048 [ 1 ] {} <Debug> DatabaseAtomic (system): There are 0 detached tables. Start searching non used tables.
2025.11.02 19:47:23.446093 [ 1 ] {} <Debug> DatabaseAtomic (system): Found 0 non used tables in detached tables.
2025.11.02 19:47:23.446187 [ 1 ] {} <Debug> DatabaseAtomic (system): There are 0 detached tables. Start searching non used tables.
2025.11.02 19:47:23.446251 [ 1 ] {} <Debug> DatabaseAtomic (system): Found 0 non used tables in detached tables.
2025.11.02 19:47:23.446366 [ 1 ] {} <Debug> DatabaseAtomic (system): There are 0 detached tables. Start searching non used tables.
2025.11.02 19:47:23.446414 [ 1 ] {} <Debug> DatabaseAtomic (system): Found 0 non used tables in detached tables.
2025.11.02 19:47:23.446508 [ 1 ] {} <Debug> DatabaseAtomic (system): There are 0 detached tables. Start searching non used tables.
2025.11.02 19:47:23.446552 [ 1 ] {} <Debug> DatabaseAtomic (system): Found 0 non used tables in detached tables.
2025.11.02 19:47:23.446641 [ 1 ] {} <Debug> DatabaseAtomic (system): There are 0 detached tables. Start searching non used tables.
2025.11.02 19:47:23.446699 [ 1 ] {} <Debug> DatabaseAtomic (system): Found 0 non used tables in detached tables.
2025.11.02 19:47:23.446773 [ 1 ] {} <Debug> DatabaseAtomic (system): There are 0 detached tables. Start searching non used tables.
2025.11.02 19:47:23.446902 [ 1 ] {} <Debug> DatabaseAtomic (system): Found 0 non used tables in detached tables.
2025.11.02 19:47:23.447046 [ 1 ] {} <Debug> DatabaseAtomic (system): There are 0 detached tables. Start searching non used tables.
2025.11.02 19:47:23.447089 [ 1 ] {} <Debug> DatabaseAtomic (system): Found 0 non used tables in detached tables.
2025.11.02 19:47:23.447203 [ 1 ] {} <Debug> DatabaseAtomic (system): There are 0 detached tables. Start searching non used tables.
2025.11.02 19:47:23.447266 [ 1 ] {} <Debug> DatabaseAtomic (system): Found 0 non used tables in detached tables.
2025.11.02 19:47:23.447353 [ 1 ] {} <Debug> DatabaseAtomic (system): There are 0 detached tables. Start searching non used tables.
2025.11.02 19:47:23.447402 [ 1 ] {} <Debug> DatabaseAtomic (system): Found 0 non used tables in detached tables.
2025.11.02 19:47:23.447500 [ 1 ] {} <Debug> DatabaseAtomic (system): There are 0 detached tables. Start searching non used tables.
2025.11.02 19:47:23.447536 [ 1 ] {} <Debug> DatabaseAtomic (system): Found 0 non used tables in detached tables.
2025.11.02 19:47:23.447626 [ 1 ] {} <Debug> DatabaseAtomic (system): There are 0 detached tables. Start searching non used tables.
2025.11.02 19:47:23.447654 [ 1 ] {} <Debug> DatabaseAtomic (system): Found 0 non used tables in detached tables.
2025.11.02 19:47:23.447688 [ 1 ] {} <Debug> DatabaseAtomic (system): There are 0 detached tables. Start searching non used tables.
2025.11.02 19:47:23.447751 [ 1 ] {} <Debug> DatabaseAtomic (system): Found 0 non used tables in detached tables.
2025.11.02 19:47:23.447885 [ 1 ] {} <Debug> DatabaseAtomic (system): There are 0 detached tables. Start searching non used tables.
2025.11.02 19:47:23.447939 [ 1 ] {} <Debug> DatabaseAtomic (system): Found 0 non used tables in detached tables.
2025.11.02 19:47:23.448026 [ 1 ] {} <Debug> DatabaseAtomic (system): There are 0 detached tables. Start searching non used tables.
2025.11.02 19:47:23.448086 [ 1 ] {} <Debug> DatabaseAtomic (system): Found 0 non used tables in detached tables.
2025.11.02 19:47:23.448190 [ 1 ] {} <Debug> DatabaseAtomic (system): There are 0 detached tables. Start searching non used tables.
2025.11.02 19:47:23.448232 [ 1 ] {} <Debug> DatabaseAtomic (system): Found 0 non used tables in detached tables.
2025.11.02 19:47:23.448339 [ 1 ] {} <Debug> DatabaseAtomic (system): There are 0 detached tables. Start searching non used tables.
2025.11.02 19:47:23.448397 [ 1 ] {} <Debug> DatabaseAtomic (system): Found 0 non used tables in detached tables.
2025.11.02 19:47:23.448481 [ 1 ] {} <Debug> DatabaseAtomic (system): There are 0 detached tables. Start searching non used tables.
2025.11.02 19:47:23.448507 [ 1 ] {} <Debug> DatabaseAtomic (system): Found 0 non used tables in detached tables.
2025.11.02 19:47:23.448595 [ 1 ] {} <Debug> DatabaseAtomic (system): There are 0 detached tables. Start searching non used tables.
2025.11.02 19:47:23.448656 [ 1 ] {} <Debug> DatabaseAtomic (system): Found 0 non used tables in detached tables.
2025.11.02 19:47:23.448767 [ 1 ] {} <Debug> DatabaseAtomic (system): There are 0 detached tables. Start searching non used tables.
2025.11.02 19:47:23.448835 [ 1 ] {} <Debug> DatabaseAtomic (system): Found 0 non used tables in detached tables.
2025.11.02 19:47:23.448898 [ 1 ] {} <Debug> DatabaseAtomic (system): There are 0 detached tables. Start searching non used tables.
2025.11.02 19:47:23.448956 [ 1 ] {} <Debug> DatabaseAtomic (system): Found 0 non used tables in detached tables.
2025.11.02 19:47:23.449023 [ 1 ] {} <Debug> DatabaseAtomic (system): There are 0 detached tables. Start searching non used tables.
2025.11.02 19:47:23.449091 [ 1 ] {} <Debug> DatabaseAtomic (system): Found 0 non used tables in detached tables.
2025.11.02 19:47:23.449178 [ 1 ] {} <Debug> DatabaseAtomic (system): There are 0 detached tables. Start searching non used tables.
2025.11.02 19:47:23.449225 [ 1 ] {} <Debug> DatabaseAtomic (system): Found 0 non used tables in detached tables.
2025.11.02 19:47:23.449426 [ 1 ] {} <Debug> DatabaseAtomic (system): There are 0 detached tables. Start searching non used tables.
2025.11.02 19:47:23.449466 [ 1 ] {} <Debug> DatabaseAtomic (system): Found 0 non used tables in detached tables.
2025.11.02 19:47:23.449574 [ 1 ] {} <Debug> DatabaseAtomic (system): There are 0 detached tables. Start searching non used tables.
2025.11.02 19:47:23.449618 [ 1 ] {} <Debug> DatabaseAtomic (system): Found 0 non used tables in detached tables.
2025.11.02 19:47:23.449702 [ 1 ] {} <Debug> DatabaseAtomic (system): There are 0 detached tables. Start searching non used tables.
2025.11.02 19:47:23.449730 [ 1 ] {} <Debug> DatabaseAtomic (system): Found 0 non used tables in detached tables.
2025.11.02 19:47:23.449830 [ 1 ] {} <Debug> DatabaseAtomic (system): There are 0 detached tables. Start searching non used tables.
2025.11.02 19:47:23.449888 [ 1 ] {} <Debug> DatabaseAtomic (system): Found 0 non used tables in detached tables.
2025.11.02 19:47:23.449999 [ 1 ] {} <Debug> DatabaseAtomic (system): There are 0 detached tables. Start searching non used tables.
2025.11.02 19:47:23.450104 [ 1 ] {} <Debug> DatabaseAtomic (system): Found 0 non used tables in detached tables.
2025.11.02 19:47:23.450159 [ 1 ] {} <Debug> DatabaseAtomic (system): There are 0 detached tables. Start searching non used tables.
2025.11.02 19:47:23.450202 [ 1 ] {} <Debug> DatabaseAtomic (system): Found 0 non used tables in detached tables.
2025.11.02 19:47:23.450263 [ 1 ] {} <Debug> DatabaseAtomic (system): There are 0 detached tables. Start searching non used tables.
2025.11.02 19:47:23.450297 [ 1 ] {} <Debug> DatabaseAtomic (system): Found 0 non used tables in detached tables.
2025.11.02 19:47:23.450361 [ 1 ] {} <Debug> DatabaseAtomic (system): There are 0 detached tables. Start searching non used tables.
2025.11.02 19:47:23.450440 [ 1 ] {} <Debug> DatabaseAtomic (system): Found 0 non used tables in detached tables.
2025.11.02 19:47:23.450527 [ 1 ] {} <Debug> DatabaseAtomic (system): There are 0 detached tables. Start searching non used tables.
2025.11.02 19:47:23.450559 [ 1 ] {} <Debug> DatabaseAtomic (system): Found 0 non used tables in detached tables.
2025.11.02 19:47:23.450636 [ 1 ] {} <Debug> DatabaseAtomic (system): There are 0 detached tables. Start searching non used tables.
2025.11.02 19:47:23.450675 [ 1 ] {} <Debug> DatabaseAtomic (system): Found 0 non used tables in detached tables.
2025.11.02 19:47:23.450772 [ 1 ] {} <Debug> DatabaseAtomic (system): There are 0 detached tables. Start searching non used tables.
2025.11.02 19:47:23.450811 [ 1 ] {} <Debug> DatabaseAtomic (system): Found 0 non used tables in detached tables.
2025.11.02 19:47:23.450873 [ 1 ] {} <Debug> DatabaseAtomic (system): There are 0 detached tables. Start searching non used tables.
2025.11.02 19:47:23.450925 [ 1 ] {} <Debug> DatabaseAtomic (system): Found 0 non used tables in detached tables.
2025.11.02 19:47:23.451007 [ 1 ] {} <Debug> DatabaseAtomic (system): There are 0 detached tables. Start searching non used tables.
2025.11.02 19:47:23.451059 [ 1 ] {} <Debug> DatabaseAtomic (system): Found 0 non used tables in detached tables.
2025.11.02 19:47:23.451140 [ 1 ] {} <Debug> DatabaseAtomic (system): There are 0 detached tables. Start searching non used tables.
2025.11.02 19:47:23.451225 [ 1 ] {} <Debug> DatabaseAtomic (system): Found 0 non used tables in detached tables.
2025.11.02 19:47:23.451318 [ 1 ] {} <Debug> DatabaseAtomic (system): There are 0 detached tables. Start searching non used tables.
2025.11.02 19:47:23.451368 [ 1 ] {} <Debug> DatabaseAtomic (system): Found 0 non used tables in detached tables.
2025.11.02 19:47:23.451430 [ 1 ] {} <Debug> DatabaseAtomic (system): There are 0 detached tables. Start searching non used tables.
2025.11.02 19:47:23.451473 [ 1 ] {} <Debug> DatabaseAtomic (system): Found 0 non used tables in detached tables.
2025.11.02 19:47:23.451549 [ 1 ] {} <Debug> DatabaseAtomic (system): There are 0 detached tables. Start searching non used tables.
2025.11.02 19:47:23.451580 [ 1 ] {} <Debug> DatabaseAtomic (system): Found 0 non used tables in detached tables.
2025.11.02 19:47:23.451683 [ 1 ] {} <Debug> DatabaseAtomic (system): There are 0 detached tables. Start searching non used tables.
2025.11.02 19:47:23.451728 [ 1 ] {} <Debug> DatabaseAtomic (system): Found 0 non used tables in detached tables.
2025.11.02 19:47:23.451791 [ 1 ] {} <Debug> DatabaseAtomic (system): There are 0 detached tables. Start searching non used tables.
2025.11.02 19:47:23.451851 [ 1 ] {} <Debug> DatabaseAtomic (system): Found 0 non used tables in detached tables.
2025.11.02 19:47:23.452031 [ 1 ] {} <Debug> DatabaseAtomic (system): There are 0 detached tables. Start searching non used tables.
2025.11.02 19:47:23.452085 [ 1 ] {} <Debug> DatabaseAtomic (system): Found 0 non used tables in detached tables.
2025.11.02 19:47:23.452156 [ 1 ] {} <Debug> DatabaseAtomic (system): There are 0 detached tables. Start searching non used tables.
2025.11.02 19:47:23.452193 [ 1 ] {} <Debug> DatabaseAtomic (system): Found 0 non used tables in detached tables.
2025.11.02 19:47:23.452240 [ 1 ] {} <Debug> DatabaseAtomic (system): There are 0 detached tables. Start searching non used tables.
2025.11.02 19:47:23.452279 [ 1 ] {} <Debug> DatabaseAtomic (system): Found 0 non used tables in detached tables.
2025.11.02 19:47:23.452358 [ 1 ] {} <Debug> DatabaseAtomic (system): There are 0 detached tables. Start searching non used tables.
2025.11.02 19:47:23.452404 [ 1 ] {} <Debug> DatabaseAtomic (system): Found 0 non used tables in detached tables.
2025.11.02 19:47:23.455524 [ 1 ] {} <Information> DatabaseCatalog: Found 0 partially dropped tables. Will load them and retry removal.
2025.11.02 19:47:23.456355 [ 1 ] {} <Information> DatabaseAtomic (default): Metadata processed, database default has 0 tables and 0 dictionaries in total.
2025.11.02 19:47:23.456392 [ 1 ] {} <Information> TablesLoader: Parsed metadata of 0 tables in 1 databases in 4.3292e-05 sec
2025.11.02 19:47:23.456440 [ 1 ] {} <Information> loadMetadata: Start asynchronous loading of databases
2025.11.02 19:47:23.456474 [ 1 ] {} <Debug> AsyncLoader: Schedule load job 'startup Ordinary database default' into BackgrndStartup
2025.11.02 19:47:23.456510 [ 1 ] {} <Debug> AsyncLoader: Schedule load job 'startup Atomic database default' into BackgrndStartup
2025.11.02 19:47:23.456553 [ 1 ] {} <Debug> AsyncLoader: Change current priority: none -> 2
2025.11.02 19:47:23.456618 [ 1 ] {} <Debug> AsyncLoader: Spawn loader worker #1 in BackgrndStartup
2025.11.02 19:47:23.456730 [ 1 ] {} <Information> UserDefinedSQLObjectsLoaderFromDisk: Loading user defined objects from /var/lib/clickhouse/user_defined/
2025.11.02 19:47:23.456784 [ 1 ] {} <Debug> UserDefinedSQLObjectsLoaderFromDisk: The directory for user defined objects (/var/lib/clickhouse/user_defined/) does not exist: nothing to load
2025.11.02 19:47:23.456848 [ 1 ] {} <Information> WorkloadEntityDiskStorage: Loading workload entities from /var/lib/clickhouse/workload/
2025.11.02 19:47:23.456919 [ 1 ] {} <Debug> WorkloadEntityDiskStorage: The directory for workload entities (/var/lib/clickhouse/workload/) does not exist: nothing to load
2025.11.02 19:47:23.456742 [ 720 ] {} <Debug> AsyncLoader: Execute load job 'startup Ordinary database default' in BackgrndStartup
2025.11.02 19:47:23.457202 [ 720 ] {} <Debug> AsyncLoader: Finish load job 'startup Ordinary database default' with status OK
2025.11.02 19:47:23.457247 [ 720 ] {} <Debug> AsyncLoader: Spawn loader worker #2 in BackgrndStartup
2025.11.02 19:47:23.457367 [ 720 ] {} <Debug> AsyncLoader: Execute load job 'startup Atomic database default' in BackgrndStartup
2025.11.02 19:47:23.457443 [ 720 ] {} <Debug> AsyncLoader: Finish load job 'startup Atomic database default' with status OK
2025.11.02 19:47:23.457527 [ 720 ] {} <Debug> AsyncLoader: Stop worker in BackgrndStartup
2025.11.02 19:47:23.457674 [ 721 ] {} <Debug> AsyncLoader: Stop worker in BackgrndStartup
2025.11.02 19:47:23.457750 [ 721 ] {} <Debug> AsyncLoader: Change current priority: 2 -> none
2025.11.02 19:47:23.460058 [ 1 ] {} <Information> ZooKeeperClient: Connected to ZooKeeper at 172.19.0.2:2181 with session_id 72057598300389379
2025.11.02 19:47:23.461550 [ 1 ] {} <Information> ZooKeeperClient: Keeper feature flag FILTERED_LIST: disabled
2025.11.02 19:47:23.461600 [ 1 ] {} <Information> ZooKeeperClient: Keeper feature flag MULTI_READ: disabled
2025.11.02 19:47:23.461635 [ 1 ] {} <Information> ZooKeeperClient: Keeper feature flag CHECK_NOT_EXISTS: disabled
2025.11.02 19:47:23.461674 [ 1 ] {} <Information> ZooKeeperClient: Keeper feature flag CREATE_IF_NOT_EXISTS: disabled
2025.11.02 19:47:23.461705 [ 1 ] {} <Information> ZooKeeperClient: Keeper feature flag REMOVE_RECURSIVE: disabled
2025.11.02 19:47:23.465076 [ 1 ] {} <Debug> Application: Loaded metadata.
2025.11.02 19:47:23.465133 [ 1 ] {} <Information> Application: Tasks stats provider: procfs
2025.11.02 19:47:23.465176 [ 1 ] {} <Information> Application: It looks like the process has no CAP_SYS_NICE capability, the setting 'os_thread_priority' will have no effect. It could happen due to incorrect ClickHouse package installation. You could resolve the problem manually with 'sudo setcap cap_sys_nice=+ep /usr/bin/clickhouse'. Note that it will not work on 'nosuid' mounted filesystems.
2025.11.02 19:47:23.465245 [ 1 ] {} <Debug> DatabaseAtomic (system): There are 0 detached tables. Start searching non used tables.
2025.11.02 19:47:23.465274 [ 1 ] {} <Debug> DatabaseAtomic (system): Found 0 non used tables in detached tables.
2025.11.02 19:47:23.465377 [ 1 ] {} <Warning> Application: Listen [::]:8123 failed: Poco::Exception. Code: 1000, e.code() = 0, DNS error: EAI: Address family for hostname not supported (version 25.3.7.194 (official build)). If it is an IPv6 or IPv4 address and your host has disabled IPv6 or IPv4, then consider to specify not disabled IPv4 or IPv6 address to listen in <listen_host> element of configuration file. Example for disabled IPv6: <listen_host>0.0.0.0</listen_host> . Example for disabled IPv4: <listen_host>::</listen_host>
2025.11.02 19:47:23.465503 [ 1 ] {} <Warning> Application: Listen [::]:9000 failed: Poco::Exception. Code: 1000, e.code() = 0, DNS error: EAI: Address family for hostname not supported (version 25.3.7.194 (official build)). If it is an IPv6 or IPv4 address and your host has disabled IPv6 or IPv4, then consider to specify not disabled IPv4 or IPv6 address to listen in <listen_host> element of configuration file. Example for disabled IPv6: <listen_host>0.0.0.0</listen_host> . Example for disabled IPv4: <listen_host>::</listen_host>
2025.11.02 19:47:23.465634 [ 1 ] {} <Warning> Application: Listen [::]:8001 failed: Poco::Exception. Code: 1000, e.code() = 0, DNS error: EAI: Address family for hostname not supported (version 25.3.7.194 (official build)). If it is an IPv6 or IPv4 address and your host has disabled IPv6 or IPv4, then consider to specify not disabled IPv4 or IPv6 address to listen in <listen_host> element of configuration file. Example for disabled IPv6: <listen_host>0.0.0.0</listen_host> . Example for disabled IPv4: <listen_host>::</listen_host>
2025.11.02 19:47:23.465742 [ 1 ] {} <Information> CertificateReloader: One of paths is empty. Cannot apply new configuration for certificates. Fill all paths and try again.
2025.11.02 19:47:23.465804 [ 1 ] {} <Information> CertificateReloader: One of paths is empty. Cannot apply new configuration for certificates. Fill all paths and try again.
2025.11.02 19:47:23.467264 [ 1 ] {} <Debug> AsyncLoader: Schedule load job 'startup ddl worker' into BackgrndStartup
2025.11.02 19:47:23.467318 [ 1 ] {} <Debug> AsyncLoader: Change current priority: none -> 2
2025.11.02 19:47:23.467358 [ 1 ] {} <Debug> AsyncLoader: Spawn loader worker #1 in BackgrndStartup
2025.11.02 19:47:23.467485 [ 726 ] {} <Debug> AsyncLoader: Execute load job 'startup ddl worker' in BackgrndStartup
2025.11.02 19:47:23.467490 [ 1 ] {} <Information> Application: Listening for http://0.0.0.0:8123
2025.11.02 19:47:23.467648 [ 727 ] {} <Debug> DDLWorker: Starting DDLWorker thread
2025.11.02 19:47:23.467699 [ 1 ] {} <Information> Application: Listening for native protocol (tcp): 0.0.0.0:9000
2025.11.02 19:47:23.467678 [ 729 ] {} <Debug> DDLWorker: Started DDLWorker cleanup thread
2025.11.02 19:47:23.467702 [ 727 ] {} <Debug> DDLWorker: Initializing DDLWorker thread
2025.11.02 19:47:23.467644 [ 726 ] {} <Debug> AsyncLoader: Finish load job 'startup ddl worker' with status OK
2025.11.02 19:47:23.467992 [ 726 ] {} <Debug> AsyncLoader: Stop worker in BackgrndStartup
2025.11.02 19:47:23.468052 [ 726 ] {} <Debug> AsyncLoader: Change current priority: 2 -> none
2025.11.02 19:47:23.467874 [ 1 ] {} <Information> Application: Listening for Prometheus: http://0.0.0.0:8001
2025.11.02 19:47:23.468185 [ 1 ] {} <Information> Application: Ready for connections.
2025.11.02 19:47:23.472546 [ 727 ] {} <Debug> DDLWorker: Initialized DDLWorker thread
2025.11.02 19:47:23.472685 [ 729 ] {} <Debug> DDLWorker: Cleaning queue
2025.11.02 19:47:23.475793 [ 727 ] {} <Debug> DDLWorker: Scheduling tasks
2025.11.02 19:47:23.476352 [ 727 ] {} <Debug> DDLWorker: No tasks to schedule
2025.11.02 19:47:23.476404 [ 727 ] {} <Debug> DDLWorker: Waiting for queue updates
2025.11.02 19:47:23.703160 [ 81 ] {} <Information> TCPHandler: Client has not sent any data.
2025.11.02 19:47:23.703313 [ 81 ] {} <Debug> TCPHandler: Done processing connection.
2025.11.02 19:47:23.737926 [ 81 ] {} <Information> TCPHandler: Client has not sent any data.
2025.11.02 19:47:23.738106 [ 81 ] {} <Debug> TCPHandler: Done processing connection.
2025.11.02 19:47:23.798306 [ 727 ] {} <Debug> DDLWorker: Scheduling tasks
2025.11.02 19:47:23.800371 [ 727 ] {} <Debug> DDLWorker: Will schedule 1 tasks starting from query-0000000000
2025.11.02 19:47:23.801626 [ 727 ] {} <Debug> DDLWorker: Processing task query-0000000000 (query: CREATE DATABASE IF NOT EXISTS db_w UUID '03f22486-b39b-41f9-9a0c-3f2b3b5f3353', backup restore: false)
2025.11.02 19:47:23.803100 [ 727 ] {} <Debug> DDLWorker: Executing query: CREATE DATABASE IF NOT EXISTS db_w UUID '03f22486-b39b-41f9-9a0c-3f2b3b5f3353'
2025.11.02 19:47:23.803211 [ 727 ] {73f53b77-a9de-44f9-86b4-b020f3f10086} <Debug> executeQuery: (from 0.0.0.0:0, user: , initial_query_id: 3bd34938-5f02-4685-ba0f-4a05cdd0a1e8) /* ddl_entry=query-0000000000 */ CREATE DATABASE IF NOT EXISTS db_w UUID '03f22486-b39b-41f9-9a0c-3f2b3b5f3353' (stage: Complete)
2025.11.02 19:47:23.804149 [ 727 ] {73f53b77-a9de-44f9-86b4-b020f3f10086} <Information> DatabaseAtomic (db_w): Metadata processed, database db_w has 0 tables and 0 dictionaries in total.
2025.11.02 19:47:23.804197 [ 727 ] {73f53b77-a9de-44f9-86b4-b020f3f10086} <Information> TablesLoader: Parsed metadata of 0 tables in 1 databases in 5.45e-05 sec
2025.11.02 19:47:23.804262 [ 727 ] {73f53b77-a9de-44f9-86b4-b020f3f10086} <Debug> AsyncLoader: Prioritize load job 'startup Atomic database db_w': BackgrndStartup -> ForegroundLoad
2025.11.02 19:47:23.804305 [ 727 ] {73f53b77-a9de-44f9-86b4-b020f3f10086} <Debug> AsyncLoader: Prioritize load job 'startup Ordinary database db_w': BackgrndStartup -> ForegroundLoad
2025.11.02 19:47:23.804360 [ 727 ] {73f53b77-a9de-44f9-86b4-b020f3f10086} <Debug> AsyncLoader: Schedule load job 'startup Ordinary database db_w' into ForegroundLoad
2025.11.02 19:47:23.804401 [ 727 ] {73f53b77-a9de-44f9-86b4-b020f3f10086} <Debug> AsyncLoader: Schedule load job 'startup Atomic database db_w' into ForegroundLoad
2025.11.02 19:47:23.804431 [ 727 ] {73f53b77-a9de-44f9-86b4-b020f3f10086} <Debug> AsyncLoader: Change current priority: none -> 0
2025.11.02 19:47:23.804479 [ 727 ] {73f53b77-a9de-44f9-86b4-b020f3f10086} <Debug> AsyncLoader: Spawn loader worker #1 in ForegroundLoad
2025.11.02 19:47:23.804555 [ 727 ] {73f53b77-a9de-44f9-86b4-b020f3f10086} <Debug> AsyncLoader: Wait load job 'startup Atomic database db_w' in ForegroundLoad
2025.11.02 19:47:23.804578 [ 730 ] {} <Debug> AsyncLoader: Execute load job 'startup Ordinary database db_w' in ForegroundLoad
2025.11.02 19:47:23.804746 [ 730 ] {} <Debug> AsyncLoader: Finish load job 'startup Ordinary database db_w' with status OK
2025.11.02 19:47:23.804832 [ 730 ] {} <Debug> AsyncLoader: Spawn loader worker #2 in ForegroundLoad
2025.11.02 19:47:23.805119 [ 730 ] {} <Debug> AsyncLoader: Execute load job 'startup Atomic database db_w' in ForegroundLoad
2025.11.02 19:47:23.805166 [ 730 ] {} <Debug> AsyncLoader: Finish load job 'startup Atomic database db_w' with status OK
2025.11.02 19:47:23.805190 [ 730 ] {} <Debug> AsyncLoader: Stop worker in ForegroundLoad
2025.11.02 19:47:23.805247 [ 727 ] {73f53b77-a9de-44f9-86b4-b020f3f10086} <Debug> DDLWorker: Executed query: /* ddl_entry=query-0000000000 */ CREATE DATABASE IF NOT EXISTS db_w UUID '03f22486-b39b-41f9-9a0c-3f2b3b5f3353'
2025.11.02 19:47:23.805313 [ 753 ] {} <Debug> AsyncLoader: Stop worker in ForegroundLoad
2025.11.02 19:47:23.805498 [ 753 ] {} <Debug> AsyncLoader: Change current priority: 0 -> none
2025.11.02 19:47:23.806532 [ 727 ] {} <Debug> DDLWorker: Waiting for queue updates
2025.11.02 19:47:23.865822 [ 727 ] {} <Debug> DDLWorker: Scheduling tasks
2025.11.02 19:47:23.866974 [ 727 ] {} <Debug> DDLWorker: Will schedule 1 tasks starting from query-0000000001
2025.11.02 19:47:23.867832 [ 727 ] {} <Debug> DDLWorker: Processing task query-0000000001 (query: CREATE TABLE db_w.t_dist_local UUID 'c3567450-b476-4cbc-8378-1c8baeadaa8a' (`create_time` DateTime, `y` Int32 COMMENT 'shard key', `m` Int32 COMMENT 'part key', `id` Int64 COMMENT 'sort key', `value` Nullable(String)) ENGINE = MergeTree PARTITION BY m ORDER BY id SETTINGS index_granularity = 8192, backup restore: false)
2025.11.02 19:47:23.869288 [ 727 ] {} <Debug> DDLWorker: Executing query: CREATE TABLE db_w.t_dist_local UUID 'c3567450-b476-4cbc-8378-1c8baeadaa8a' (`create_time` DateTime, `y` Int32 COMMENT 'shard key', `m` Int32 COMMENT 'part key', `id` Int64 COMMENT 'sort key', `value` Nullable(String)) ENGINE = MergeTree PARTITION BY m ORDER BY id SETTINGS index_granularity = 8192
2025.11.02 19:47:23.869457 [ 727 ] {e9dbc130-c484-4bcb-b9c2-a7c94f47767e} <Debug> executeQuery: (from 0.0.0.0:0, user: , initial_query_id: 72773e7e-a223-4926-9413-fdd0cb4a883d) /* ddl_entry=query-0000000001 */ CREATE TABLE db_w.t_dist_local UUID 'c3567450-b476-4cbc-8378-1c8baeadaa8a' (`create_time` DateTime, `y` Int32 COMMENT 'shard key', `m` Int32 COMMENT 'part key', `id` Int64 COMMENT 'sort key', `value` Nullable(String)) ENGINE = MergeTree PARTITION BY m ORDER BY id SETTINGS index_granularity = 8192 (stage: Complete)
2025.11.02 19:47:23.871873 [ 727 ] {e9dbc130-c484-4bcb-b9c2-a7c94f47767e} <Debug> db_w.t_dist_local (c3567450-b476-4cbc-8378-1c8baeadaa8a): Loading data parts
2025.11.02 19:47:23.872211 [ 727 ] {e9dbc130-c484-4bcb-b9c2-a7c94f47767e} <Debug> db_w.t_dist_local (c3567450-b476-4cbc-8378-1c8baeadaa8a): There are no data parts
2025.11.02 19:47:23.873186 [ 727 ] {e9dbc130-c484-4bcb-b9c2-a7c94f47767e} <Debug> DatabaseAtomic (db_w): There are 0 detached tables. Start searching non used tables.
2025.11.02 19:47:23.873226 [ 727 ] {e9dbc130-c484-4bcb-b9c2-a7c94f47767e} <Debug> DatabaseAtomic (db_w): Found 0 non used tables in detached tables.
2025.11.02 19:47:23.873450 [ 727 ] {e9dbc130-c484-4bcb-b9c2-a7c94f47767e} <Debug> DDLWorker: Executed query: /* ddl_entry=query-0000000001 */ CREATE TABLE db_w.t_dist_local UUID 'c3567450-b476-4cbc-8378-1c8baeadaa8a' (`create_time` DateTime, `y` Int32 COMMENT 'shard key', `m` Int32 COMMENT 'part key', `id` Int64 COMMENT 'sort key', `value` Nullable(String)) ENGINE = MergeTree PARTITION BY m ORDER BY id SETTINGS index_granularity = 8192
2025.11.02 19:47:23.875454 [ 727 ] {} <Debug> DDLWorker: Waiting for queue updates
2025.11.02 19:47:23.928699 [ 727 ] {} <Debug> DDLWorker: Scheduling tasks
2025.11.02 19:47:23.929235 [ 727 ] {} <Debug> DDLWorker: Will schedule 1 tasks starting from query-0000000002
2025.11.02 19:47:23.930160 [ 727 ] {} <Debug> DDLWorker: Processing task query-0000000002 (query: CREATE TABLE db_w.t_dist UUID '04a5ff5e-21fd-4dd6-b00e-2ee69d53c1cd' (`create_time` DateTime, `y` Int32 COMMENT 'shard key', `m` Int32 COMMENT 'part key', `id` Int64 COMMENT 'sort key', `value` Nullable(String)) ENGINE = Distributed(single_replica, 'db_w', 't_dist_local', y), backup restore: false)
2025.11.02 19:47:23.931565 [ 727 ] {} <Debug> DDLWorker: Executing query: CREATE TABLE db_w.t_dist UUID '04a5ff5e-21fd-4dd6-b00e-2ee69d53c1cd' (`create_time` DateTime, `y` Int32 COMMENT 'shard key', `m` Int32 COMMENT 'part key', `id` Int64 COMMENT 'sort key', `value` Nullable(String)) ENGINE = Distributed(single_replica, 'db_w', 't_dist_local', y)
2025.11.02 19:47:23.931834 [ 727 ] {9469009f-374a-4476-86f3-58f32c9c3adb} <Debug> executeQuery: (from 0.0.0.0:0, user: , initial_query_id: 393b6966-a4d3-47f2-8c25-6d2c5034a490) /* ddl_entry=query-0000000002 */ CREATE TABLE db_w.t_dist UUID '04a5ff5e-21fd-4dd6-b00e-2ee69d53c1cd' (`create_time` DateTime, `y` Int32 COMMENT 'shard key', `m` Int32 COMMENT 'part key', `id` Int64 COMMENT 'sort key', `value` Nullable(String)) ENGINE = Distributed(single_replica, 'db_w', 't_dist_local', y) (stage: Complete)
2025.11.02 19:47:23.932208 [ 727 ] {9469009f-374a-4476-86f3-58f32c9c3adb} <Debug> StorageDistributed (t_dist): Auto-increment is 0
2025.11.02 19:47:23.933167 [ 727 ] {9469009f-374a-4476-86f3-58f32c9c3adb} <Debug> DatabaseAtomic (db_w): There are 0 detached tables. Start searching non used tables.
2025.11.02 19:47:23.933220 [ 727 ] {9469009f-374a-4476-86f3-58f32c9c3adb} <Debug> DatabaseAtomic (db_w): Found 0 non used tables in detached tables.
2025.11.02 19:47:23.933532 [ 727 ] {9469009f-374a-4476-86f3-58f32c9c3adb} <Debug> DDLWorker: Executed query: /* ddl_entry=query-0000000002 */ CREATE TABLE db_w.t_dist UUID '04a5ff5e-21fd-4dd6-b00e-2ee69d53c1cd' (`create_time` DateTime, `y` Int32 COMMENT 'shard key', `m` Int32 COMMENT 'part key', `id` Int64 COMMENT 'sort key', `value` Nullable(String)) ENGINE = Distributed(single_replica, 'db_w', 't_dist_local', y)
2025.11.02 19:47:23.934934 [ 727 ] {} <Debug> DDLWorker: Waiting for queue updates
2025.11.02 19:47:23.985146 [ 81 ] {} <Debug> TCPHandler: Connected ClickHouse server version 25.3.0, revision: 54476, user: default.
2025.11.02 19:47:23.985221 [ 81 ] {} <Debug> TCP-Session-1a5338e7-63cb-4064-a092-36c39842df0b: Authenticating user 'default' from 172.19.0.3:56100
2025.11.02 19:47:23.985288 [ 81 ] {} <Debug> TCP-Session-1a5338e7-63cb-4064-a092-36c39842df0b: 1a5338e7-63cb-4064-a092-36c39842df0b Authenticated with global context as user 94309d50-4f52-5250-31bd-74fecac179db
2025.11.02 19:47:23.985352 [ 81 ] {} <Debug> TCP-Session-1a5338e7-63cb-4064-a092-36c39842df0b: Creating session context with user_id: 94309d50-4f52-5250-31bd-74fecac179db
2025.11.02 19:47:23.986267 [ 81 ] {c64131d1-793a-4672-80a6-83bbc3a0da64} <Debug> executeQuery: (from 172.19.0.3:56100, initial_query_id: 5d7571b4-dd33-4794-a58b-cb74cb8b6da2) SELECT `__table1`.`create_time` AS `create_time`, `__table1`.`y` AS `y`, `__table1`.`m` AS `m`, `__table1`.`id` AS `id`, `__table1`.`value` AS `value` FROM `db_w`.`t_dist_local` AS `__table1` WHERE _CAST(0, 'UInt8') (stage: Complete)
2025.11.02 19:47:23.986777 [ 81 ] {c64131d1-793a-4672-80a6-83bbc3a0da64} <Debug> TCPHandler: Processed in 0.000712375 sec.
2025.11.02 19:47:24.028429 [ 81 ] {97e87d8d-f025-4e89-8a2a-d05a7344c340} <Debug> executeQuery: (from 172.19.0.3:56100, initial_query_id: 54a501cf-0fc1-4909-96b9-357d10fb401d) SELECT `__table1`.`create_time` AS `create_time`, `__table1`.`y` AS `y`, `__table1`.`m` AS `m`, `__table1`.`id` AS `id`, `__table1`.`value` AS `value` FROM `db_w`.`t_dist_local` AS `__table1` WHERE _CAST(0, 'UInt8') (stage: Complete)
2025.11.02 19:47:24.029071 [ 81 ] {97e87d8d-f025-4e89-8a2a-d05a7344c340} <Debug> TCPHandler: Processed in 0.000820333 sec.
2025.11.02 19:47:24.060997 [ 81 ] {87d121a4-afd6-4f30-ae2a-b294f097c650} <Debug> executeQuery: (from 172.19.0.3:56100, initial_query_id: 99bedf4a-912d-473e-89cd-56b9ff034bf6) SELECT `__table1`.`create_time` AS `create_time`, `__table1`.`y` AS `y`, `__table1`.`m` AS `m`, `__table1`.`id` AS `id`, `__table1`.`value` AS `value` FROM `db_w`.`t_dist_local` AS `__table1` WHERE _CAST(0, 'UInt8') (stage: Complete)
2025.11.02 19:47:24.061697 [ 81 ] {87d121a4-afd6-4f30-ae2a-b294f097c650} <Debug> TCPHandler: Processed in 0.000969042 sec.
2025.11.02 19:47:24.119891 [ 79 ] {} <Debug> HTTP-Session-a789fee6-cdd8-4cbb-915e-6b85c63b905a: Authenticating user 'default' from 172.19.0.7:45880
2025.11.02 19:47:24.120056 [ 79 ] {} <Debug> HTTP-Session-a789fee6-cdd8-4cbb-915e-6b85c63b905a: a789fee6-cdd8-4cbb-915e-6b85c63b905a Authenticated with global context as user 94309d50-4f52-5250-31bd-74fecac179db
2025.11.02 19:47:24.120116 [ 79 ] {} <Debug> HTTP-Session-a789fee6-cdd8-4cbb-915e-6b85c63b905a: Creating session context with user_id: 94309d50-4f52-5250-31bd-74fecac179db
2025.11.02 19:47:24.120377 [ 79 ] {35deb227-1af8-46c1-949b-2ea06246298d} <Debug> executeQuery: (from 172.19.0.7:45880) INSERT INTO `db_w`.`t_dist_local` FORMAT ArrowStream  (stage: Complete)
2025.11.02 19:47:24.176236 [ 753 ] {4ecc03b1-8bc8-4746-912d-50741468f8fa} <Debug> AsynchronousInsertQueue: Flushed 1 rows, 31 bytes for query 'INSERT INTO db_w.t_dist_local (create_time, y, m, id, value) FORMAT ArrowStream'
2025.11.02 19:47:24.176391 [ 753 ] {4ecc03b1-8bc8-4746-912d-50741468f8fa} <Debug> MemoryTracker: Query peak memory usage: 3.27 MiB.
2025.11.02 19:47:24.176499 [ 79 ] {35deb227-1af8-46c1-949b-2ea06246298d} <Debug> DynamicQueryHandler: Done processing query
2025.11.02 19:47:24.176597 [ 79 ] {} <Debug> HTTP-Session-a789fee6-cdd8-4cbb-915e-6b85c63b905a: a789fee6-cdd8-4cbb-915e-6b85c63b905a Logout, user_id: 94309d50-4f52-5250-31bd-74fecac179db
2025.11.02 19:47:24.367933 [ 81 ] {c692686f-27f1-4e19-959a-08c359afb858} <Debug> executeQuery: (from 172.19.0.3:56100, initial_query_id: f5748b21-c08d-4e9d-afde-859788bbef43) SELECT `__table1`.`create_time` AS `create_time`, `__table1`.`y` AS `y`, `__table1`.`m` AS `m`, `__table1`.`id` AS `id`, `__table1`.`value` AS `value` FROM `db_w`.`t_dist_local` AS `__table1` WHERE _CAST(0, 'UInt8') (stage: Complete)
2025.11.02 19:47:24.368718 [ 81 ] {c692686f-27f1-4e19-959a-08c359afb858} <Debug> db_w.t_dist_local (c3567450-b476-4cbc-8378-1c8baeadaa8a) (SelectExecutor): Selected 0/0 parts by partition key, 0 parts by primary key, 0/0 marks by primary key, 0 marks to read from 0 ranges
2025.11.02 19:47:24.369642 [ 81 ] {c692686f-27f1-4e19-959a-08c359afb858} <Debug> TCPHandler: Processed in 0.002065125 sec.
2025.11.02 19:47:24.382540 [ 81 ] {08021342-1dfa-4833-8816-9b7bae988170} <Debug> executeQuery: (from 172.19.0.3:56100, initial_query_id: 767c4258-5fe8-4ca3-9b74-d7202dd8df99) SELECT `__table1`.`create_time` AS `create_time`, `__table1`.`y` AS `y`, `__table1`.`m` AS `m`, `__table1`.`id` AS `id`, `__table1`.`value` AS `value` FROM `db_w`.`t_dist_local` AS `__table1` WHERE _CAST(0, 'UInt8') (stage: Complete)
2025.11.02 19:47:24.382883 [ 81 ] {08021342-1dfa-4833-8816-9b7bae988170} <Debug> db_w.t_dist_local (c3567450-b476-4cbc-8378-1c8baeadaa8a) (SelectExecutor): Selected 0/0 parts by partition key, 0 parts by primary key, 0/0 marks by primary key, 0 marks to read from 0 ranges
2025.11.02 19:47:24.383415 [ 81 ] {08021342-1dfa-4833-8816-9b7bae988170} <Debug> TCPHandler: Processed in 0.001042875 sec.
2025.11.02 19:47:24.403256 [ 79 ] {} <Debug> HTTP-Session-70c887d4-c41c-41f6-b400-8d02b7234ee8: Authenticating user 'default' from 172.19.0.7:45896
2025.11.02 19:47:24.403324 [ 79 ] {} <Debug> HTTP-Session-70c887d4-c41c-41f6-b400-8d02b7234ee8: 70c887d4-c41c-41f6-b400-8d02b7234ee8 Authenticated with global context as user 94309d50-4f52-5250-31bd-74fecac179db
2025.11.02 19:47:24.403372 [ 79 ] {} <Debug> HTTP-Session-70c887d4-c41c-41f6-b400-8d02b7234ee8: Creating session context with user_id: 94309d50-4f52-5250-31bd-74fecac179db
2025.11.02 19:47:24.403559 [ 79 ] {cd080156-8e5d-4e25-ba94-8d94cfa9f627} <Debug> executeQuery: (from 172.19.0.7:45896) SELECT partition, -- String
 partition_id, -- String
 sum(rows) AS row_count, -- UInt64
 sum(bytes_on_disk) AS size_in_bytes -- UInt64
 FROM `system`.`parts` WHERE `database`='db_w' AND `table`='t_dist_local' AND `active`=1 GROUP BY `partition`, `partition_id` ORDER BY `partition` ASC, partition_id ASC  (stage: Complete)
2025.11.02 19:47:24.405387 [ 79 ] {cd080156-8e5d-4e25-ba94-8d94cfa9f627} <Debug> executeQuery: Read 1 rows, 71.00 B in 0.001905 sec., 524.9343832020998 rows/sec., 36.40 KiB/sec.
2025.11.02 19:47:24.405729 [ 79 ] {cd080156-8e5d-4e25-ba94-8d94cfa9f627} <Debug> DynamicQueryHandler: Done processing query
2025.11.02 19:47:24.405792 [ 79 ] {cd080156-8e5d-4e25-ba94-8d94cfa9f627} <Debug> MemoryTracker: Query peak memory usage: 4.01 MiB.
2025.11.02 19:47:24.405873 [ 79 ] {} <Debug> HTTP-Session-70c887d4-c41c-41f6-b400-8d02b7234ee8: 70c887d4-c41c-41f6-b400-8d02b7234ee8 Logout, user_id: 94309d50-4f52-5250-31bd-74fecac179db
2025.11.02 19:47:24.422164 [ 79 ] {} <Debug> HTTP-Session-5f8ff26c-b09c-43ca-916e-9b80f1b152ff: Authenticating user 'default' from 172.19.0.7:45904
2025.11.02 19:47:24.422226 [ 79 ] {} <Debug> HTTP-Session-5f8ff26c-b09c-43ca-916e-9b80f1b152ff: 5f8ff26c-b09c-43ca-916e-9b80f1b152ff Authenticated with global context as user 94309d50-4f52-5250-31bd-74fecac179db
2025.11.02 19:47:24.422276 [ 79 ] {} <Debug> HTTP-Session-5f8ff26c-b09c-43ca-916e-9b80f1b152ff: Creating session context with user_id: 94309d50-4f52-5250-31bd-74fecac179db
2025.11.02 19:47:24.422444 [ 79 ] {352d884b-872c-4131-9564-99893875f959} <Debug> executeQuery: (from 172.19.0.7:45904) SELECT partition, -- String
 partition_id, -- String
 sum(rows) AS row_count, -- UInt64
 sum(bytes_on_disk) AS size_in_bytes -- UInt64
 FROM `system`.`parts` WHERE `database`='db_w' AND `table`='t_dist_local' AND `active`=1 GROUP BY `partition`, `partition_id` ORDER BY `partition` ASC, partition_id ASC  (stage: Complete)
2025.11.02 19:47:24.423877 [ 79 ] {352d884b-872c-4131-9564-99893875f959} <Debug> executeQuery: Read 1 rows, 71.00 B in 0.001478 sec., 676.5899864682003 rows/sec., 46.91 KiB/sec.
2025.11.02 19:47:24.424249 [ 79 ] {352d884b-872c-4131-9564-99893875f959} <Debug> DynamicQueryHandler: Done processing query
2025.11.02 19:47:24.424322 [ 79 ] {352d884b-872c-4131-9564-99893875f959} <Debug> MemoryTracker: Query peak memory usage: 4.02 MiB.
2025.11.02 19:47:24.424429 [ 79 ] {} <Debug> HTTP-Session-5f8ff26c-b09c-43ca-916e-9b80f1b152ff: 5f8ff26c-b09c-43ca-916e-9b80f1b152ff Logout, user_id: 94309d50-4f52-5250-31bd-74fecac179db
2025.11.02 19:47:24.445679 [ 79 ] {} <Debug> HTTP-Session-2d4d57fb-2d74-484c-85de-c4e632aced53: Authenticating user 'default' from 172.19.0.7:45918
2025.11.02 19:47:24.445792 [ 79 ] {} <Debug> HTTP-Session-2d4d57fb-2d74-484c-85de-c4e632aced53: 2d4d57fb-2d74-484c-85de-c4e632aced53 Authenticated with global context as user 94309d50-4f52-5250-31bd-74fecac179db
2025.11.02 19:47:24.445856 [ 79 ] {} <Debug> HTTP-Session-2d4d57fb-2d74-484c-85de-c4e632aced53: Creating session context with user_id: 94309d50-4f52-5250-31bd-74fecac179db
2025.11.02 19:47:24.446085 [ 79 ] {afa2a7c0-bd15-49b2-9a93-600235259859} <Debug> executeQuery: (from 172.19.0.7:45918) SELECT `create_time`, `y`, `m`, `id`, `value` FROM `db_w`.`t_dist_local` WHERE (_partition_id = '1') AND ((1=1) AND (1=1))  (stage: Complete)
2025.11.02 19:47:24.446541 [ 79 ] {afa2a7c0-bd15-49b2-9a93-600235259859} <Debug> db_w.t_dist_local (c3567450-b476-4cbc-8378-1c8baeadaa8a) (SelectExecutor): Key condition: unknown, true, and
2025.11.02 19:47:24.446609 [ 79 ] {afa2a7c0-bd15-49b2-9a93-600235259859} <Debug> db_w.t_dist_local (c3567450-b476-4cbc-8378-1c8baeadaa8a) (SelectExecutor): MinMax index condition: unknown, true, and
2025.11.02 19:47:24.446677 [ 79 ] {afa2a7c0-bd15-49b2-9a93-600235259859} <Debug> db_w.t_dist_local (c3567450-b476-4cbc-8378-1c8baeadaa8a) (SelectExecutor): PK index has dropped 0/1 granules, it took 0ms across 1 threads.
2025.11.02 19:47:24.446731 [ 79 ] {afa2a7c0-bd15-49b2-9a93-600235259859} <Debug> db_w.t_dist_local (c3567450-b476-4cbc-8378-1c8baeadaa8a) (SelectExecutor): Selected 1/1 parts by partition key, 1 parts by primary key, 1/1 marks by primary key, 1 marks to read from 1 ranges
2025.11.02 19:47:24.447440 [ 79 ] {afa2a7c0-bd15-49b2-9a93-600235259859} <Debug> executeQuery: Read 1 rows, 31.00 B in 0.001421 sec., 703.7297677691766 rows/sec., 21.30 KiB/sec.
2025.11.02 19:47:24.447915 [ 79 ] {afa2a7c0-bd15-49b2-9a93-600235259859} <Debug> DynamicQueryHandler: Done processing query
2025.11.02 19:47:24.447981 [ 79 ] {afa2a7c0-bd15-49b2-9a93-600235259859} <Debug> MemoryTracker: Query peak memory usage: 4.00 MiB.
2025.11.02 19:47:24.448216 [ 79 ] {} <Debug> HTTP-Session-2d4d57fb-2d74-484c-85de-c4e632aced53: 2d4d57fb-2d74-484c-85de-c4e632aced53 Logout, user_id: 94309d50-4f52-5250-31bd-74fecac179db
2025.11.02 19:47:24.463754 [ 79 ] {} <Debug> HTTP-Session-83f82b7f-b77c-4166-8159-6b19a01f1f3e: Authenticating user 'default' from 172.19.0.7:45926
2025.11.02 19:47:24.463842 [ 79 ] {} <Debug> HTTP-Session-83f82b7f-b77c-4166-8159-6b19a01f1f3e: 83f82b7f-b77c-4166-8159-6b19a01f1f3e Authenticated with global context as user 94309d50-4f52-5250-31bd-74fecac179db
2025.11.02 19:47:24.463905 [ 79 ] {} <Debug> HTTP-Session-83f82b7f-b77c-4166-8159-6b19a01f1f3e: Creating session context with user_id: 94309d50-4f52-5250-31bd-74fecac179db
2025.11.02 19:47:24.464167 [ 79 ] {77533423-3695-42dc-a2e8-795214d24102} <Debug> executeQuery: (from 172.19.0.7:45926) SELECT `create_time`, `y`, `m`, `id`, `value` FROM `db_w`.`t_dist_local` WHERE (_partition_id = '1') AND ((1=1) AND (1=1))  (stage: Complete)
2025.11.02 19:47:24.464619 [ 79 ] {77533423-3695-42dc-a2e8-795214d24102} <Debug> db_w.t_dist_local (c3567450-b476-4cbc-8378-1c8baeadaa8a) (SelectExecutor): Key condition: unknown, true, and
2025.11.02 19:47:24.464687 [ 79 ] {77533423-3695-42dc-a2e8-795214d24102} <Debug> db_w.t_dist_local (c3567450-b476-4cbc-8378-1c8baeadaa8a) (SelectExecutor): MinMax index condition: unknown, true, and
2025.11.02 19:47:24.464744 [ 79 ] {77533423-3695-42dc-a2e8-795214d24102} <Debug> db_w.t_dist_local (c3567450-b476-4cbc-8378-1c8baeadaa8a) (SelectExecutor): PK index has dropped 0/1 granules, it took 0ms across 1 threads.
2025.11.02 19:47:24.464800 [ 79 ] {77533423-3695-42dc-a2e8-795214d24102} <Debug> db_w.t_dist_local (c3567450-b476-4cbc-8378-1c8baeadaa8a) (SelectExecutor): Selected 1/1 parts by partition key, 1 parts by primary key, 1/1 marks by primary key, 1 marks to read from 1 ranges
2025.11.02 19:47:24.465493 [ 79 ] {77533423-3695-42dc-a2e8-795214d24102} <Debug> executeQuery: Read 1 rows, 31.00 B in 0.001388 sec., 720.4610951008646 rows/sec., 21.81 KiB/sec.
2025.11.02 19:47:24.465809 [ 79 ] {77533423-3695-42dc-a2e8-795214d24102} <Debug> DynamicQueryHandler: Done processing query
2025.11.02 19:47:24.466022 [ 79 ] {77533423-3695-42dc-a2e8-795214d24102} <Debug> MemoryTracker: Query peak memory usage: 4.00 MiB.
2025.11.02 19:47:24.466100 [ 79 ] {} <Debug> HTTP-Session-83f82b7f-b77c-4166-8159-6b19a01f1f3e: 83f82b7f-b77c-4166-8159-6b19a01f1f3e Logout, user_id: 94309d50-4f52-5250-31bd-74fecac179db
2025.11.02 19:47:24.527048 [ 79 ] {} <Debug> HTTP-Session-2f2daded-7405-49d1-8ca6-957aeeeb2367: Authenticating user 'default' from 172.19.0.7:45936
2025.11.02 19:47:24.527128 [ 79 ] {} <Debug> HTTP-Session-2f2daded-7405-49d1-8ca6-957aeeeb2367: 2f2daded-7405-49d1-8ca6-957aeeeb2367 Authenticated with global context as user 94309d50-4f52-5250-31bd-74fecac179db
2025.11.02 19:47:24.527180 [ 79 ] {} <Debug> HTTP-Session-2f2daded-7405-49d1-8ca6-957aeeeb2367: Creating session context with user_id: 94309d50-4f52-5250-31bd-74fecac179db
2025.11.02 19:47:24.527314 [ 79 ] {fffc147f-1e3b-492a-8961-55793e5a9212} <Debug> executeQuery: (from 172.19.0.7:45936) SELECT 1 (stage: Complete)
2025.11.02 19:47:24.527855 [ 79 ] {fffc147f-1e3b-492a-8961-55793e5a9212} <Debug> executeQuery: Read 1 rows, 1.00 B in 0.000555 sec., 1801.8018018018017 rows/sec., 1.76 KiB/sec.
2025.11.02 19:47:24.528173 [ 79 ] {fffc147f-1e3b-492a-8961-55793e5a9212} <Debug> DynamicQueryHandler: Done processing query
2025.11.02 19:47:24.528234 [ 79 ] {fffc147f-1e3b-492a-8961-55793e5a9212} <Debug> MemoryTracker: Query peak memory usage: 4.00 MiB.
2025.11.02 19:47:24.528335 [ 79 ] {} <Debug> HTTP-Session-2f2daded-7405-49d1-8ca6-957aeeeb2367: 2f2daded-7405-49d1-8ca6-957aeeeb2367 Logout, user_id: 94309d50-4f52-5250-31bd-74fecac179db
2025.11.02 19:47:24.528760 [ 79 ] {} <Debug> HTTP-Session-0b550799-1cc2-4ffb-b53e-139b26a9d4bd: Authenticating user 'default' from 172.19.0.7:45936
2025.11.02 19:47:24.528823 [ 79 ] {} <Debug> HTTP-Session-0b550799-1cc2-4ffb-b53e-139b26a9d4bd: 0b550799-1cc2-4ffb-b53e-139b26a9d4bd Authenticated with global context as user 94309d50-4f52-5250-31bd-74fecac179db
2025.11.02 19:47:24.528928 [ 79 ] {} <Debug> HTTP-Session-0b550799-1cc2-4ffb-b53e-139b26a9d4bd: Creating session context with user_id: 94309d50-4f52-5250-31bd-74fecac179db
2025.11.02 19:47:24.529038 [ 79 ] {e495c7fb-5e58-429f-bc40-41c82890b5f6} <Debug> executeQuery: (from 172.19.0.7:45936) SELECT timezone() AS tz (stage: Complete)
2025.11.02 19:47:24.529506 [ 79 ] {e495c7fb-5e58-429f-bc40-41c82890b5f6} <Debug> executeQuery: Read 1 rows, 1.00 B in 0.000483 sec., 2070.393374741201 rows/sec., 2.02 KiB/sec.
2025.11.02 19:47:24.529742 [ 79 ] {e495c7fb-5e58-429f-bc40-41c82890b5f6} <Debug> DynamicQueryHandler: Done processing query
2025.11.02 19:47:24.529807 [ 79 ] {e495c7fb-5e58-429f-bc40-41c82890b5f6} <Debug> MemoryTracker: Query peak memory usage: 4.00 MiB.
2025.11.02 19:47:24.529885 [ 79 ] {} <Debug> HTTP-Session-0b550799-1cc2-4ffb-b53e-139b26a9d4bd: 0b550799-1cc2-4ffb-b53e-139b26a9d4bd Logout, user_id: 94309d50-4f52-5250-31bd-74fecac179db
2025.11.02 19:47:24.530339 [ 79 ] {} <Debug> HTTP-Session-ee9b53ff-fcb0-4de4-9a77-ce07e7537356: Authenticating user 'default' from 172.19.0.7:45936
2025.11.02 19:47:24.530401 [ 79 ] {} <Debug> HTTP-Session-ee9b53ff-fcb0-4de4-9a77-ce07e7537356: ee9b53ff-fcb0-4de4-9a77-ce07e7537356 Authenticated with global context as user 94309d50-4f52-5250-31bd-74fecac179db
2025.11.02 19:47:24.530453 [ 79 ] {} <Debug> HTTP-Session-ee9b53ff-fcb0-4de4-9a77-ce07e7537356: Creating session context with user_id: 94309d50-4f52-5250-31bd-74fecac179db
2025.11.02 19:47:24.530600 [ 79 ] {75892830-6224-4bc3-b8c0-1c67420511fa} <Debug> executeQuery: (from 172.19.0.7:45936)  SELECT `cluster`, -- String
 `shard_num`, -- UInt32
 `shard_weight`, -- UInt32
 `replica_num`, -- UInt32
 `host_name`, -- String
 `host_address`, -- String
 `port`, -- UInt16
 `is_local`, -- UInt8
 `user`, -- String
 `default_database`, -- String
 `errors_count`, -- UInt32
 `estimated_recovery_time` -- UInt32
 FROM `system`.`clusters`  (stage: Complete)
2025.11.02 19:47:24.531264 [ 79 ] {75892830-6224-4bc3-b8c0-1c67420511fa} <Debug> executeQuery: Read 8 rows, 884.00 B in 0.000711 sec., 11251.758087201124 rows/sec., 1.19 MiB/sec.
2025.11.02 19:47:24.531495 [ 79 ] {75892830-6224-4bc3-b8c0-1c67420511fa} <Debug> DynamicQueryHandler: Done processing query
2025.11.02 19:47:24.531556 [ 79 ] {75892830-6224-4bc3-b8c0-1c67420511fa} <Debug> MemoryTracker: Query peak memory usage: 3.96 MiB.
2025.11.02 19:47:24.531636 [ 79 ] {} <Debug> HTTP-Session-ee9b53ff-fcb0-4de4-9a77-ce07e7537356: ee9b53ff-fcb0-4de4-9a77-ce07e7537356 Logout, user_id: 94309d50-4f52-5250-31bd-74fecac179db
2025.11.02 19:47:24.532140 [ 79 ] {} <Debug> HTTP-Session-52a259ae-3210-4db9-8e5a-3cd600e0cff1: Authenticating user 'default' from 172.19.0.7:45936
2025.11.02 19:47:24.532193 [ 79 ] {} <Debug> HTTP-Session-52a259ae-3210-4db9-8e5a-3cd600e0cff1: 52a259ae-3210-4db9-8e5a-3cd600e0cff1 Authenticated with global context as user 94309d50-4f52-5250-31bd-74fecac179db
2025.11.02 19:47:24.532239 [ 79 ] {} <Debug> HTTP-Session-52a259ae-3210-4db9-8e5a-3cd600e0cff1: Creating session context with user_id: 94309d50-4f52-5250-31bd-74fecac179db
2025.11.02 19:47:24.532348 [ 79 ] {785e7d5c-cdd4-4464-bc37-2d660c81058c} <Debug> executeQuery: (from 172.19.0.7:45936) SELECT * FROM `db_w`.`t_dist_local` WHERE 1=0 (stage: Complete)
2025.11.02 19:47:24.532647 [ 79 ] {785e7d5c-cdd4-4464-bc37-2d660c81058c} <Debug> db_w.t_dist_local (c3567450-b476-4cbc-8378-1c8baeadaa8a) (SelectExecutor): Selected 0/0 parts by partition key, 0 parts by primary key, 0/0 marks by primary key, 0 marks to read from 0 ranges
2025.11.02 19:47:24.533232 [ 79 ] {785e7d5c-cdd4-4464-bc37-2d660c81058c} <Debug> DynamicQueryHandler: Done processing query
2025.11.02 19:47:24.533302 [ 79 ] {785e7d5c-cdd4-4464-bc37-2d660c81058c} <Debug> MemoryTracker: Query peak memory usage: 3.00 MiB.
2025.11.02 19:47:24.533356 [ 79 ] {} <Debug> HTTP-Session-52a259ae-3210-4db9-8e5a-3cd600e0cff1: 52a259ae-3210-4db9-8e5a-3cd600e0cff1 Logout, user_id: 94309d50-4f52-5250-31bd-74fecac179db
2025.11.02 19:47:24.533715 [ 79 ] {} <Debug> HTTP-Session-6ab0bdbc-12f2-4e40-8325-6d9e6d97cc2b: Authenticating user 'default' from 172.19.0.7:45936
2025.11.02 19:47:24.533790 [ 79 ] {} <Debug> HTTP-Session-6ab0bdbc-12f2-4e40-8325-6d9e6d97cc2b: 6ab0bdbc-12f2-4e40-8325-6d9e6d97cc2b Authenticated with global context as user 94309d50-4f52-5250-31bd-74fecac179db
2025.11.02 19:47:24.533840 [ 79 ] {} <Debug> HTTP-Session-6ab0bdbc-12f2-4e40-8325-6d9e6d97cc2b: Creating session context with user_id: 94309d50-4f52-5250-31bd-74fecac179db
2025.11.02 19:47:24.534043 [ 79 ] {2d2639a0-ab9c-4226-b832-1f8a49448519} <Debug> executeQuery: (from 172.19.0.7:45936) SELECT `database`, -- String
 `name`, -- String
 `uuid`, -- UUID
 `engine`, -- String
 `is_temporary`, -- UInt8
 `data_paths`, -- Array(String)
 `metadata_path`, -- String
 `metadata_modification_time`, -- DateTime
 `dependencies_database`, -- Array(String)
 `dependencies_table`, -- Array(String)
 `create_table_query`, -- String
 `engine_full`, -- String
 `partition_key`, -- String
 `sorting_key`, -- String
 `primary_key`, -- String
 `sampling_key`, -- String
 `storage_policy`, -- String
 `total_rows`, -- Nullable(UInt64)
 `total_bytes`, -- Nullable(UInt64)
 `lifetime_rows`, -- Nullable(UInt64)
 `lifetime_bytes` -- Nullable(UInt64)
 FROM `system`.`tables` WHERE `database`='db_w' AND `name`='t_dist_local'  (stage: Complete)
2025.11.02 19:47:24.535209 [ 79 ] {2d2639a0-ab9c-4226-b832-1f8a49448519} <Debug> executeQuery: Read 1 rows, 679.00 B in 0.001251 sec., 799.3605115907275 rows/sec., 530.04 KiB/sec.
2025.11.02 19:47:24.535506 [ 79 ] {2d2639a0-ab9c-4226-b832-1f8a49448519} <Debug> DynamicQueryHandler: Done processing query
2025.11.02 19:47:24.535570 [ 79 ] {2d2639a0-ab9c-4226-b832-1f8a49448519} <Debug> MemoryTracker: Query peak memory usage: 3.90 MiB.
2025.11.02 19:47:24.535624 [ 79 ] {} <Debug> HTTP-Session-6ab0bdbc-12f2-4e40-8325-6d9e6d97cc2b: 6ab0bdbc-12f2-4e40-8325-6d9e6d97cc2b Logout, user_id: 94309d50-4f52-5250-31bd-74fecac179db
2025.11.02 19:47:24.537224 [ 83 ] {} <Debug> HTTP-Session-321cafe0-e38d-4eb1-9479-ead891b47f58: Authenticating user 'default' from 172.19.0.7:45946
2025.11.02 19:47:24.537301 [ 83 ] {} <Debug> HTTP-Session-321cafe0-e38d-4eb1-9479-ead891b47f58: 321cafe0-e38d-4eb1-9479-ead891b47f58 Authenticated with global context as user 94309d50-4f52-5250-31bd-74fecac179db
2025.11.02 19:47:24.537358 [ 83 ] {} <Debug> HTTP-Session-321cafe0-e38d-4eb1-9479-ead891b47f58: Creating session context with user_id: 94309d50-4f52-5250-31bd-74fecac179db
2025.11.02 19:47:24.537598 [ 83 ] {3f594159-0732-4c3e-9aef-41426c3ff071} <Debug> executeQuery: (from 172.19.0.7:45946) SELECT `database`, -- String
 `table`, -- String
 `name`, -- String
 `type`, -- String
 `position`, -- UInt64
 `default_kind`, -- String
 `default_expression`, -- String
 `data_compressed_bytes`, -- UInt64
 `data_uncompressed_bytes`, -- UInt64
 `marks_bytes`, -- UInt64
 `comment`, -- String
 `is_in_partition_key`, -- UInt8
 `is_in_sorting_key`, -- UInt8
 `is_in_primary_key`, -- UInt8
 `is_in_sampling_key`, -- UInt8
 `compression_codec` -- String
 FROM `system`.`columns` WHERE `database`='db_w' AND `table`='t_dist_local' ORDER BY `position` ASC  (stage: Complete)
2025.11.02 19:47:24.538618 [ 83 ] {3f594159-0732-4c3e-9aef-41426c3ff071} <Debug> executeQuery: Read 5 rows, 704.00 B in 0.001094 sec., 4570.383912248629 rows/sec., 628.43 KiB/sec.
2025.11.02 19:47:24.538935 [ 83 ] {3f594159-0732-4c3e-9aef-41426c3ff071} <Debug> DynamicQueryHandler: Done processing query
2025.11.02 19:47:24.539008 [ 83 ] {3f594159-0732-4c3e-9aef-41426c3ff071} <Debug> MemoryTracker: Query peak memory usage: 3.93 MiB.
2025.11.02 19:47:24.539067 [ 83 ] {} <Debug> HTTP-Session-321cafe0-e38d-4eb1-9479-ead891b47f58: 321cafe0-e38d-4eb1-9479-ead891b47f58 Logout, user_id: 94309d50-4f52-5250-31bd-74fecac179db
2025.11.02 19:47:24.542219 [ 83 ] {} <Debug> HTTP-Session-af27e605-5f64-4dfa-88a8-3dc2141ad703: Authenticating user 'default' from 172.19.0.7:45956
2025.11.02 19:47:24.542284 [ 83 ] {} <Debug> HTTP-Session-af27e605-5f64-4dfa-88a8-3dc2141ad703: af27e605-5f64-4dfa-88a8-3dc2141ad703 Authenticated with global context as user 94309d50-4f52-5250-31bd-74fecac179db
2025.11.02 19:47:24.542412 [ 83 ] {} <Debug> HTTP-Session-af27e605-5f64-4dfa-88a8-3dc2141ad703: Creating session context with user_id: 94309d50-4f52-5250-31bd-74fecac179db
2025.11.02 19:47:24.542590 [ 83 ] {6a5c0585-2e5c-4635-8e42-7d96a1fb37a2} <Debug> executeQuery: (from 172.19.0.7:45956) SELECT partition, -- String
 partition_id, -- String
 sum(rows) AS row_count, -- UInt64
 sum(bytes_on_disk) AS size_in_bytes -- UInt64
 FROM `system`.`parts` WHERE `database`='db_w' AND `table`='t_dist_local' AND `active`=1 GROUP BY `partition`, `partition_id` ORDER BY `partition` ASC, partition_id ASC  (stage: Complete)
2025.11.02 19:47:24.544106 [ 83 ] {6a5c0585-2e5c-4635-8e42-7d96a1fb37a2} <Debug> executeQuery: Read 1 rows, 71.00 B in 0.001585 sec., 630.9148264984227 rows/sec., 43.75 KiB/sec.
2025.11.02 19:47:24.544447 [ 83 ] {6a5c0585-2e5c-4635-8e42-7d96a1fb37a2} <Debug> DynamicQueryHandler: Done processing query
2025.11.02 19:47:24.544504 [ 83 ] {6a5c0585-2e5c-4635-8e42-7d96a1fb37a2} <Debug> MemoryTracker: Query peak memory usage: 4.02 MiB.
2025.11.02 19:47:24.544604 [ 83 ] {} <Debug> HTTP-Session-af27e605-5f64-4dfa-88a8-3dc2141ad703: af27e605-5f64-4dfa-88a8-3dc2141ad703 Logout, user_id: 94309d50-4f52-5250-31bd-74fecac179db
2025.11.02 19:47:24.548328 [ 83 ] {} <Debug> HTTP-Session-48e63615-b1c8-4202-8316-6b25c078581b: Authenticating user 'default' from 172.19.0.7:45960
2025.11.02 19:47:24.548402 [ 83 ] {} <Debug> HTTP-Session-48e63615-b1c8-4202-8316-6b25c078581b: 48e63615-b1c8-4202-8316-6b25c078581b Authenticated with global context as user 94309d50-4f52-5250-31bd-74fecac179db
2025.11.02 19:47:24.548457 [ 83 ] {} <Debug> HTTP-Session-48e63615-b1c8-4202-8316-6b25c078581b: Creating session context with user_id: 94309d50-4f52-5250-31bd-74fecac179db
2025.11.02 19:47:24.548641 [ 83 ] {cc66f0b1-6902-469a-b489-2ad4b61d56ee} <Debug> executeQuery: (from 172.19.0.7:45960) SELECT partition, -- String
 partition_id, -- String
 sum(rows) AS row_count, -- UInt64
 sum(bytes_on_disk) AS size_in_bytes -- UInt64
 FROM `system`.`parts` WHERE `database`='db_w' AND `table`='t_dist_local' AND `active`=1 GROUP BY `partition`, `partition_id` ORDER BY `partition` ASC, partition_id ASC  (stage: Complete)
2025.11.02 19:47:24.556665 [ 83 ] {cc66f0b1-6902-469a-b489-2ad4b61d56ee} <Debug> executeQuery: Read 1 rows, 71.00 B in 0.008087 sec., 123.65524916532706 rows/sec., 8.57 KiB/sec.
2025.11.02 19:47:24.557045 [ 83 ] {cc66f0b1-6902-469a-b489-2ad4b61d56ee} <Debug> DynamicQueryHandler: Done processing query
2025.11.02 19:47:24.557118 [ 83 ] {cc66f0b1-6902-469a-b489-2ad4b61d56ee} <Debug> MemoryTracker: Query peak memory usage: 4.02 MiB.
2025.11.02 19:47:24.557198 [ 83 ] {} <Debug> HTTP-Session-48e63615-b1c8-4202-8316-6b25c078581b: 48e63615-b1c8-4202-8316-6b25c078581b Logout, user_id: 94309d50-4f52-5250-31bd-74fecac179db
2025.11.02 19:47:24.569767 [ 83 ] {} <Debug> HTTP-Session-85211593-5824-40ac-b0ac-07abd55366bc: Authenticating user 'default' from 172.19.0.7:45962
2025.11.02 19:47:24.569849 [ 83 ] {} <Debug> HTTP-Session-85211593-5824-40ac-b0ac-07abd55366bc: 85211593-5824-40ac-b0ac-07abd55366bc Authenticated with global context as user 94309d50-4f52-5250-31bd-74fecac179db
2025.11.02 19:47:24.569906 [ 83 ] {} <Debug> HTTP-Session-85211593-5824-40ac-b0ac-07abd55366bc: Creating session context with user_id: 94309d50-4f52-5250-31bd-74fecac179db
2025.11.02 19:47:24.570136 [ 83 ] {c8af359d-fd0e-41a7-af92-3d97d87c55c8} <Debug> executeQuery: (from 172.19.0.7:45962) SELECT `create_time`, `y`, `m`, `id`, `value` FROM `db_w`.`t_dist_local` WHERE (_partition_id = '1') AND ((1=1) AND (1=1))  (stage: Complete)
2025.11.02 19:47:24.570603 [ 83 ] {c8af359d-fd0e-41a7-af92-3d97d87c55c8} <Debug> db_w.t_dist_local (c3567450-b476-4cbc-8378-1c8baeadaa8a) (SelectExecutor): Key condition: unknown, true, and
2025.11.02 19:47:24.570661 [ 83 ] {c8af359d-fd0e-41a7-af92-3d97d87c55c8} <Debug> db_w.t_dist_local (c3567450-b476-4cbc-8378-1c8baeadaa8a) (SelectExecutor): MinMax index condition: unknown, true, and
2025.11.02 19:47:24.570777 [ 83 ] {c8af359d-fd0e-41a7-af92-3d97d87c55c8} <Debug> db_w.t_dist_local (c3567450-b476-4cbc-8378-1c8baeadaa8a) (SelectExecutor): PK index has dropped 0/1 granules, it took 0ms across 1 threads.
2025.11.02 19:47:24.570831 [ 83 ] {c8af359d-fd0e-41a7-af92-3d97d87c55c8} <Debug> db_w.t_dist_local (c3567450-b476-4cbc-8378-1c8baeadaa8a) (SelectExecutor): Selected 1/1 parts by partition key, 1 parts by primary key, 1/1 marks by primary key, 1 marks to read from 1 ranges
2025.11.02 19:47:24.571362 [ 83 ] {c8af359d-fd0e-41a7-af92-3d97d87c55c8} <Debug> executeQuery: Read 1 rows, 31.00 B in 0.001296 sec., 771.6049382716049 rows/sec., 23.36 KiB/sec.
2025.11.02 19:47:24.571695 [ 83 ] {c8af359d-fd0e-41a7-af92-3d97d87c55c8} <Debug> DynamicQueryHandler: Done processing query
2025.11.02 19:47:24.571765 [ 83 ] {c8af359d-fd0e-41a7-af92-3d97d87c55c8} <Debug> MemoryTracker: Query peak memory usage: 4.00 MiB.
2025.11.02 19:47:24.571835 [ 83 ] {} <Debug> HTTP-Session-85211593-5824-40ac-b0ac-07abd55366bc: 85211593-5824-40ac-b0ac-07abd55366bc Logout, user_id: 94309d50-4f52-5250-31bd-74fecac179db
2025.11.02 19:47:24.580641 [ 83 ] {} <Debug> HTTP-Session-22090303-ea13-4192-87fe-e20c8a268f68: Authenticating user 'default' from 172.19.0.7:45972
2025.11.02 19:47:24.580725 [ 83 ] {} <Debug> HTTP-Session-22090303-ea13-4192-87fe-e20c8a268f68: 22090303-ea13-4192-87fe-e20c8a268f68 Authenticated with global context as user 94309d50-4f52-5250-31bd-74fecac179db
2025.11.02 19:47:24.580778 [ 83 ] {} <Debug> HTTP-Session-22090303-ea13-4192-87fe-e20c8a268f68: Creating session context with user_id: 94309d50-4f52-5250-31bd-74fecac179db
2025.11.02 19:47:24.580980 [ 83 ] {b38c7309-b27f-4899-b3b4-c00a3594ea62} <Debug> executeQuery: (from 172.19.0.7:45972) SELECT `create_time`, `y`, `m`, `id`, `value` FROM `db_w`.`t_dist_local` WHERE (_partition_id = '1') AND ((1=1) AND (1=1))  (stage: Complete)
2025.11.02 19:47:24.581393 [ 83 ] {b38c7309-b27f-4899-b3b4-c00a3594ea62} <Debug> db_w.t_dist_local (c3567450-b476-4cbc-8378-1c8baeadaa8a) (SelectExecutor): Key condition: unknown, true, and
2025.11.02 19:47:24.581454 [ 83 ] {b38c7309-b27f-4899-b3b4-c00a3594ea62} <Debug> db_w.t_dist_local (c3567450-b476-4cbc-8378-1c8baeadaa8a) (SelectExecutor): MinMax index condition: unknown, true, and
2025.11.02 19:47:24.581514 [ 83 ] {b38c7309-b27f-4899-b3b4-c00a3594ea62} <Debug> db_w.t_dist_local (c3567450-b476-4cbc-8378-1c8baeadaa8a) (SelectExecutor): PK index has dropped 0/1 granules, it took 0ms across 1 threads.
2025.11.02 19:47:24.581565 [ 83 ] {b38c7309-b27f-4899-b3b4-c00a3594ea62} <Debug> db_w.t_dist_local (c3567450-b476-4cbc-8378-1c8baeadaa8a) (SelectExecutor): Selected 1/1 parts by partition key, 1 parts by primary key, 1/1 marks by primary key, 1 marks to read from 1 ranges
2025.11.02 19:47:24.582122 [ 83 ] {b38c7309-b27f-4899-b3b4-c00a3594ea62} <Debug> executeQuery: Read 1 rows, 31.00 B in 0.00121 sec., 826.4462809917355 rows/sec., 25.02 KiB/sec.
2025.11.02 19:47:24.582420 [ 83 ] {b38c7309-b27f-4899-b3b4-c00a3594ea62} <Debug> DynamicQueryHandler: Done processing query
2025.11.02 19:47:24.582486 [ 83 ] {b38c7309-b27f-4899-b3b4-c00a3594ea62} <Debug> MemoryTracker: Query peak memory usage: 4.00 MiB.
2025.11.02 19:47:24.582562 [ 83 ] {} <Debug> HTTP-Session-22090303-ea13-4192-87fe-e20c8a268f68: 22090303-ea13-4192-87fe-e20c8a268f68 Logout, user_id: 94309d50-4f52-5250-31bd-74fecac179db
2025.11.02 19:47:24.701319 [ 727 ] {} <Debug> DDLWorker: Scheduling tasks
2025.11.02 19:47:24.702127 [ 727 ] {} <Debug> DDLWorker: Will schedule 1 tasks starting from query-0000000003
2025.11.02 19:47:24.702986 [ 727 ] {} <Debug> DDLWorker: Processing task query-0000000003 (query: DROP TABLE IF EXISTS db_w.t_dist, backup restore: false)
2025.11.02 19:47:24.703981 [ 727 ] {} <Debug> DDLWorker: Executing query: DROP TABLE IF EXISTS db_w.t_dist
2025.11.02 19:47:24.704199 [ 727 ] {edddfed6-4f0c-4b4f-ac30-8fc4ce184a38} <Debug> executeQuery: (from 0.0.0.0:0, user: , initial_query_id: 18d821dc-7cb7-4b3e-b4a5-56c9a05758c0) /* ddl_entry=query-0000000003 */ DROP TABLE IF EXISTS db_w.t_dist (stage: Complete)
2025.11.02 19:47:24.704333 [ 727 ] {edddfed6-4f0c-4b4f-ac30-8fc4ce184a38} <Information> StorageDistributed (t_dist): Flushing pending INSERT blocks
2025.11.02 19:47:24.704394 [ 727 ] {edddfed6-4f0c-4b4f-ac30-8fc4ce184a38} <Information> StorageDistributed (t_dist): Pending INSERT blocks flushed, took 0 ms.
2025.11.02 19:47:24.704455 [ 727 ] {edddfed6-4f0c-4b4f-ac30-8fc4ce184a38} <Debug> StorageDistributed (t_dist): Joining background threads for async INSERT
2025.11.02 19:47:24.704499 [ 727 ] {edddfed6-4f0c-4b4f-ac30-8fc4ce184a38} <Debug> StorageDistributed (t_dist): Background threads for async INSERT joined
2025.11.02 19:47:24.704727 [ 727 ] {edddfed6-4f0c-4b4f-ac30-8fc4ce184a38} <Debug> DDLWorker: Executed query: /* ddl_entry=query-0000000003 */ DROP TABLE IF EXISTS db_w.t_dist
2025.11.02 19:47:24.705962 [ 727 ] {} <Debug> DDLWorker: Waiting for queue updates
2025.11.02 19:47:24.765013 [ 727 ] {} <Debug> DDLWorker: Scheduling tasks
2025.11.02 19:47:24.765593 [ 727 ] {} <Debug> DDLWorker: Will schedule 1 tasks starting from query-0000000004
2025.11.02 19:47:24.766536 [ 727 ] {} <Debug> DDLWorker: Processing task query-0000000004 (query: DROP TABLE IF EXISTS db_w.t_dist_local, backup restore: false)
2025.11.02 19:47:24.767270 [ 727 ] {} <Debug> DDLWorker: Executing query: DROP TABLE IF EXISTS db_w.t_dist_local
2025.11.02 19:47:24.767409 [ 727 ] {d681af2a-ba89-4d8c-9dda-ed2795306731} <Debug> executeQuery: (from 0.0.0.0:0, user: , initial_query_id: b6f0ccd4-a435-47fe-a858-32b7d295607a) /* ddl_entry=query-0000000004 */ DROP TABLE IF EXISTS db_w.t_dist_local (stage: Complete)
2025.11.02 19:47:24.767587 [ 727 ] {d681af2a-ba89-4d8c-9dda-ed2795306731} <Debug> DDLWorker: Executed query: /* ddl_entry=query-0000000004 */ DROP TABLE IF EXISTS db_w.t_dist_local
2025.11.02 19:47:24.768453 [ 727 ] {} <Debug> DDLWorker: Waiting for queue updates
2025.11.02 19:47:24.829774 [ 727 ] {} <Debug> DDLWorker: Scheduling tasks
2025.11.02 19:47:24.830251 [ 727 ] {} <Debug> DDLWorker: Will schedule 1 tasks starting from query-0000000005
2025.11.02 19:47:24.831184 [ 727 ] {} <Debug> DDLWorker: Processing task query-0000000005 (query: DROP DATABASE IF EXISTS db_w, backup restore: false)
2025.11.02 19:47:24.832013 [ 727 ] {} <Debug> DDLWorker: Executing query: DROP DATABASE IF EXISTS db_w
2025.11.02 19:47:24.832092 [ 727 ] {b659e8c7-73ec-4a69-a491-64aeedd34e21} <Debug> executeQuery: (from 0.0.0.0:0, user: , initial_query_id: d417bc2c-a2c9-42a3-bd74-d76de88ac03d) /* ddl_entry=query-0000000005 */ DROP DATABASE IF EXISTS db_w (stage: Complete)
2025.11.02 19:47:24.832141 [ 727 ] {b659e8c7-73ec-4a69-a491-64aeedd34e21} <Debug> DatabaseAtomic (db_w): There are 0 detached tables. Start searching non used tables.
2025.11.02 19:47:24.832188 [ 727 ] {b659e8c7-73ec-4a69-a491-64aeedd34e21} <Debug> DatabaseAtomic (db_w): Found 0 non used tables in detached tables.
2025.11.02 19:47:24.832422 [ 727 ] {b659e8c7-73ec-4a69-a491-64aeedd34e21} <Debug> DDLWorker: Executed query: /* ddl_entry=query-0000000005 */ DROP DATABASE IF EXISTS db_w
2025.11.02 19:47:24.833265 [ 727 ] {} <Debug> DDLWorker: Waiting for queue updates
2025.11.02 19:47:25.575285 [ 78 ] {} <Information> Application: Received termination signal (Terminated)
2025.11.02 19:47:25.575437 [ 1 ] {} <Debug> Application: Received termination signal.
2025.11.02 19:47:25.575720 [ 1 ] {} <Debug> Application: Waiting for current connections to close.
2025.11.02 19:47:25.576389 [ 1 ] {} <Warning> Application: Closed all listening sockets. Waiting for 1 outstanding connections.
2025.11.02 19:47:26.449034 [ 81 ] {} <Debug> TCPHandler: Done processing connection.
2025.11.02 19:47:26.449182 [ 81 ] {} <Debug> TCP-Session-1a5338e7-63cb-4064-a092-36c39842df0b: 1a5338e7-63cb-4064-a092-36c39842df0b Logout, user_id: 94309d50-4f52-5250-31bd-74fecac179db
2025.11.02 19:47:26.483939 [ 1 ] {} <Information> Application: Closed connections.
2025.11.02 19:47:26.483980 [ 1 ] {} <Information> Application: Stopping AsyncLoader.
2025.11.02 19:47:26.484059 [ 1 ] {} <Information> CgroupsMemoryUsageObserver: Stopped cgroup current memory usage observer thread
2025.11.02 19:47:26.484208 [ 1 ] {} <Information> Application: Shutting down storages.
2025.11.02 19:47:26.484578 [ 1 ] {} <Debug> Context: Shutting down dictionaries loader
2025.11.02 19:47:26.484643 [ 1 ] {} <Debug> Context: Shutting down UDFs loader
2025.11.02 19:47:26.484707 [ 1 ] {} <Debug> Context: Shutting down another UDFs storage
2025.11.02 19:47:26.484742 [ 1 ] {} <Debug> Context: Shutting down workload entity storage
2025.11.02 19:47:26.484779 [ 1 ] {} <Debug> Context: Shutting down system logs
2025.11.02 19:47:26.484829 [ 1 ] {} <Debug> SystemLogQueue (system.query_log): Requested flush up to offset 54
2025.11.02 19:47:26.484882 [ 718 ] {} <Debug> SystemLog (system.metric_log): Creating new table system.metric_log for MetricLog
2025.11.02 19:47:26.484841 [ 715 ] {} <Debug> SystemLog (system.query_log): Creating new table system.query_log for QueryLog
2025.11.02 19:47:26.486961 [ 715 ] {} <Debug> system.query_log (bb9e2c2c-70df-479f-96f2-35b49596f396): Loading data parts
2025.11.02 19:47:26.487122 [ 715 ] {} <Debug> system.query_log (bb9e2c2c-70df-479f-96f2-35b49596f396): There are no data parts
2025.11.02 19:47:26.488013 [ 715 ] {} <Debug> DatabaseAtomic (system): There are 0 detached tables. Start searching non used tables.
2025.11.02 19:47:26.488063 [ 715 ] {} <Debug> DatabaseAtomic (system): Found 0 non used tables in detached tables.
2025.11.02 19:47:26.490482 [ 1 ] {} <Debug> SystemLogQueue (system.query_thread_log): Requested flush up to offset 0
2025.11.02 19:47:26.490524 [ 1 ] {} <Debug> SystemLogQueue (system.metric_log): Requested flush up to offset 4
2025.11.02 19:47:26.493672 [ 718 ] {} <Debug> system.metric_log (1a5a9cb5-a365-4f2d-966e-b39c63c0228e): Loading data parts
2025.11.02 19:47:26.493988 [ 718 ] {} <Debug> system.metric_log (1a5a9cb5-a365-4f2d-966e-b39c63c0228e): There are no data parts
2025.11.02 19:47:26.497102 [ 718 ] {} <Debug> DatabaseAtomic (system): There are 0 detached tables. Start searching non used tables.
2025.11.02 19:47:26.497142 [ 718 ] {} <Debug> DatabaseAtomic (system): Found 0 non used tables in detached tables.
2025.11.02 19:47:28.517928 [ 1 ] {} <Information> SentryWriter: Sending crash reports is disabled
2025.11.02 19:47:28.546488 [ 1 ] {} <Information> Application: Starting ClickHouse 25.3.7.194 (revision: 54502, git hash: 36637934778b7d39b37f378d258359dd6ffdd110, build id: E09B0ADBF9AF0530703B179DBA02705D5DF508C0), PID 1
2025.11.02 19:47:28.546589 [ 1 ] {} <Information> Application: starting up
2025.11.02 19:47:28.546688 [ 1 ] {} <Information> Application: OS name: Linux, version: 6.10.14-linuxkit, architecture: aarch64
2025.11.02 19:47:28.546787 [ 1 ] {} <Information> Jemalloc: Value for background_thread set to true (from true)
2025.11.02 19:47:28.548357 [ 1 ] {} <Information> Application: Available RAM: 7.65 GiB; logical cores: 14; used cores: 14.
2025.11.02 19:47:28.549016 [ 1 ] {} <Information> CgroupsReader: Will create cgroup reader from '/sys/fs/cgroup/' (cgroups version: v2)
2025.11.02 19:47:28.551916 [ 1 ] {} <Warning> Application: Integrity check of the executable skipped because the reference checksum could not be read.
2025.11.02 19:47:28.552127 [ 1 ] {} <Information> Application: It looks like the process has no CAP_IPC_LOCK capability, binary mlock will be disabled. It could happen due to incorrect ClickHouse package installation. You could resolve the problem manually with 'sudo setcap cap_ipc_lock=+ep /usr/bin/clickhouse'. Note that it will not work on 'nosuid' mounted filesystems.
2025.11.02 19:47:28.552189 [ 1 ] {} <Information> MemoryWorker: Starting background memory thread with period of 50ms, using Cgroups as source
2025.11.02 19:47:28.552328 [ 1 ] {} <Information> BackgroundSchedulePool/BgSchPool: Create BackgroundSchedulePool with 512 threads
2025.11.02 19:47:28.567487 [ 1 ] {} <Debug> Application: rlimit on number of file descriptors is 1048576
2025.11.02 19:47:28.567538 [ 1 ] {} <Debug> Application: rlimit on number of threads is 18446744073709551615
2025.11.02 19:47:28.567649 [ 1 ] {} <Debug> Application: Initializing DateLUT.
2025.11.02 19:47:28.567743 [ 1 ] {} <Debug> Context: Setting up /var/lib/clickhouse/tmp/ to store temporary data in it
2025.11.02 19:47:28.567929 [ 1 ] {} <Debug> Application: Initializing interserver credentials.
2025.11.02 19:47:28.568001 [ 1 ] {} <Information> Application: Lowered uncompressed cache size to 3.83 GiB because the system has limited RAM
2025.11.02 19:47:28.568064 [ 1 ] {} <Information> Application: Lowered mark cache size to 3.83 GiB because the system has limited RAM
2025.11.02 19:47:28.568130 [ 1 ] {} <Information> Application: Lowered primary index cache size to 3.83 GiB because the system has limited RAM
2025.11.02 19:47:28.568201 [ 1 ] {} <Information> Application: Lowered index mark cache size to 3.83 GiB because the system has limited RAM
2025.11.02 19:47:28.568292 [ 1 ] {} <Debug> FileCacheFactory: Will load 0 caches from default cache config
2025.11.02 19:47:28.568545 [ 1 ] {} <Debug> ConfigReloader: Loading config '/etc/clickhouse-server/config.xml'
2025.11.02 19:47:28.568605 [ 1 ] {} <Debug> ConfigProcessor: Processing configuration file '/etc/clickhouse-server/config.xml'.
2025.11.02 19:47:28.569099 [ 1 ] {} <Debug> ConfigProcessor: Merging configuration file '/etc/clickhouse-server/config.d/docker_related_config.xml'.
2025.11.02 19:47:28.569219 [ 1 ] {} <Debug> ConfigProcessor: Merging configuration file '/etc/clickhouse-server/config.d/interserver_http_host.xml'.
2025.11.02 19:47:28.569544 [ 1 ] {} <Debug> ConfigProcessor: Merging configuration file '/etc/clickhouse-server/config.d/macros.xml'.
2025.11.02 19:47:28.569874 [ 1 ] {} <Debug> ConfigProcessor: Merging configuration file '/etc/clickhouse-server/config.d/remote_servers.xml'.
2025.11.02 19:47:28.570281 [ 1 ] {} <Debug> ConfigProcessor: Merging configuration file '/etc/clickhouse-server/config.d/zookeeper.xml'.
2025.11.02 19:47:28.570918 [ 1 ] {} <Debug> ConfigProcessor: Saved preprocessed configuration to '/var/lib/clickhouse/preprocessed_configs/config.xml'.
2025.11.02 19:47:28.570974 [ 1 ] {} <Debug> ConfigReloader: Loaded config '/etc/clickhouse-server/config.xml', performing update on configuration
2025.11.02 19:47:28.571607 [ 1 ] {} <Information> Application: Changed setting 'max_server_memory_usage' to 6.89 GiB (7.65 GiB available memory * 0.90 max_server_memory_usage_to_ram_ratio)
2025.11.02 19:47:28.571655 [ 1 ] {} <Information> Application: Setting merges_mutations_memory_usage_soft_limit was set to 3.83 GiB (7.65 GiB available * 0.50 merges_mutations_memory_usage_to_ram_ratio)
2025.11.02 19:47:28.571739 [ 1 ] {} <Information> Application: Merges and mutations memory limit is set to 3.83 GiB
2025.11.02 19:47:28.572447 [ 1 ] {} <Information> Application: Setting max_remote_read_network_bandwidth_for_server was set to 0
2025.11.02 19:47:28.572512 [ 1 ] {} <Information> Application: Setting max_remote_write_network_bandwidth_for_server was set to 0
2025.11.02 19:47:28.572559 [ 1 ] {} <Information> Application: Setting max_local_read_bandwidth_for_server was set to 0
2025.11.02 19:47:28.572622 [ 1 ] {} <Information> Application: Setting max_local_write_bandwidth_for_server was set to 0
2025.11.02 19:47:28.572709 [ 1 ] {} <Information> Application: ConcurrencyControl limit is set to UNLIMITED CPU slots with 'round_robin' scheduler
2025.11.02 19:47:28.572740 [ 1 ] {} <Information> BackgroundSchedulePool/BgBufSchPool: Create BackgroundSchedulePool with 16 threads
2025.11.02 19:47:28.573383 [ 1 ] {} <Information> BackgroundSchedulePool/BgMBSchPool: Create BackgroundSchedulePool with 16 threads
2025.11.02 19:47:28.574005 [ 1 ] {} <Information> BackgroundSchedulePool/BgDistSchPool: Create BackgroundSchedulePool with 16 threads
2025.11.02 19:47:28.574575 [ 1 ] {} <Debug> ConfigReloader: Loaded config '/etc/clickhouse-server/config.xml', performed update on configuration
2025.11.02 19:47:28.574766 [ 1 ] {} <Warning> Application: Listen [::]:9009 failed: Poco::Exception. Code: 1000, e.code() = 0, DNS error: EAI: Address family for hostname not supported (version 25.3.7.194 (official build)). If it is an IPv6 or IPv4 address and your host has disabled IPv6 or IPv4, then consider to specify not disabled IPv4 or IPv6 address to listen in <listen_host> element of configuration file. Example for disabled IPv6: <listen_host>0.0.0.0</listen_host> . Example for disabled IPv4: <listen_host>::</listen_host>
2025.11.02 19:47:28.575111 [ 1 ] {} <Information> Application: Listening for replica communication (interserver): http://0.0.0.0:9009
2025.11.02 19:47:28.575227 [ 1 ] {} <Warning> Access(local_directory): File /var/lib/clickhouse/access/users.list doesn't exist
2025.11.02 19:47:28.575313 [ 1 ] {} <Warning> Access(local_directory): Recovering lists in directory /var/lib/clickhouse/access/
2025.11.02 19:47:28.575489 [ 1 ] {} <Debug> Access(user directories): Added local_directory access storage 'local_directory', path: /var/lib/clickhouse/access/
2025.11.02 19:47:28.575764 [ 1 ] {} <Debug> ConfigReloader: Loading config '/etc/clickhouse-server/users.xml'
2025.11.02 19:47:28.575842 [ 1 ] {} <Debug> ConfigProcessor: Processing configuration file '/etc/clickhouse-server/users.xml'.
2025.11.02 19:47:28.575990 [ 1 ] {} <Debug> ConfigProcessor: Merging configuration file '/etc/clickhouse-server/users.d/users.xml'.
2025.11.02 19:47:28.576560 [ 1 ] {} <Debug> ConfigProcessor: Saved preprocessed configuration to '/var/lib/clickhouse/preprocessed_configs/users.xml'.
2025.11.02 19:47:28.576623 [ 1 ] {} <Debug> ConfigReloader: Loaded config '/etc/clickhouse-server/users.xml', performing update on configuration
2025.11.02 19:47:28.577036 [ 1 ] {} <Debug> ConfigReloader: Loaded config '/etc/clickhouse-server/users.xml', performed update on configuration
2025.11.02 19:47:28.577149 [ 1 ] {} <Debug> Access(user directories): Added users_xml access storage 'users_xml', path: /etc/clickhouse-server/users.xml
2025.11.02 19:47:28.577249 [ 1 ] {} <Information> CgroupsMemoryUsageObserver: Started cgroup current memory usage observer thread
2025.11.02 19:47:28.577308 [ 652 ] {} <Information> CgroupsMemoryUsageObserver: Memory amount initially available to the process is 7.65 GiB
2025.11.02 19:47:28.577915 [ 1 ] {} <Information> Context: Initialized background executor for merges and mutations with num_threads=16, num_tasks=32, scheduling_policy=round_robin
2025.11.02 19:47:28.578269 [ 1 ] {} <Information> Context: Initialized background executor for move operations with num_threads=8, num_tasks=8
2025.11.02 19:47:28.578782 [ 1 ] {} <Information> Context: Initialized background executor for fetches with num_threads=16, num_tasks=16
2025.11.02 19:47:28.579104 [ 1 ] {} <Information> Context: Initialized background executor for common operations (e.g. clearing old parts) with num_threads=8, num_tasks=8
2025.11.02 19:47:28.579809 [ 1 ] {} <Warning> Context: Linux transparent hugepages are set to "always". Check /sys/kernel/mm/transparent_hugepage/enabled
2025.11.02 19:47:28.579987 [ 1 ] {} <Warning> Context: Delay accounting is not enabled, OSIOWaitMicroseconds will not be gathered. You can enable it using `echo 1 > /proc/sys/kernel/task_delayacct` or by using sysctl.
2025.11.02 19:47:28.580201 [ 1 ] {} <Information> DNSCacheUpdater: Update period 15 seconds
2025.11.02 19:47:28.580258 [ 1 ] {} <Information> Application: Loading metadata from /var/lib/clickhouse/
2025.11.02 19:47:28.580270 [ 87 ] {} <Debug> DNSResolver: Updating DNS cache
2025.11.02 19:47:28.580304 [ 1 ] {} <Information> Context: Database disk name: default
2025.11.02 19:47:28.580393 [ 1 ] {} <Information> Context: Database disk name: default, path: /var/lib/clickhouse/
2025.11.02 19:47:28.580479 [ 1 ] {} <Debug> loadSystemDatabase: metadata_file_path metadata/system.sql, existsFile false
2025.11.02 19:47:28.580750 [ 87 ] {} <Debug> DNSResolver: Updated DNS cache
2025.11.02 19:47:28.582415 [ 1 ] {} <Debug> loadSystemDatabase: metadata_file_path metadata/information_schema.sql, existsFile false
2025.11.02 19:47:28.584122 [ 1 ] {} <Debug> loadSystemDatabase: metadata_file_path metadata/INFORMATION_SCHEMA.sql, existsFile false
2025.11.02 19:47:28.584847 [ 1 ] {} <Information> DatabaseAtomic (system): Metadata processed, database system has 0 tables and 0 dictionaries in total.
2025.11.02 19:47:28.585454 [ 1 ] {} <Information> TablesLoader: Parsed metadata of 0 tables in 1 databases in 0.000613917 sec
2025.11.02 19:47:28.585526 [ 1 ] {} <Debug> AsyncLoader: Prioritize load job 'startup Atomic database system': BackgrndStartup -> ForegroundLoad
2025.11.02 19:47:28.585570 [ 1 ] {} <Debug> AsyncLoader: Prioritize load job 'startup Ordinary database system': BackgrndStartup -> ForegroundLoad
2025.11.02 19:47:28.585606 [ 1 ] {} <Debug> AsyncLoader: Schedule load job 'startup Ordinary database system' into ForegroundLoad
2025.11.02 19:47:28.585642 [ 1 ] {} <Debug> AsyncLoader: Schedule load job 'startup Atomic database system' into ForegroundLoad
2025.11.02 19:47:28.585675 [ 1 ] {} <Debug> AsyncLoader: Change current priority: none -> 0
2025.11.02 19:47:28.585912 [ 1 ] {} <Debug> AsyncLoader: Spawn loader worker #1 in ForegroundLoad
2025.11.02 19:47:28.586013 [ 1 ] {} <Debug> AsyncLoader: Wait load job 'startup Atomic database system' in ForegroundLoad
2025.11.02 19:47:28.586066 [ 717 ] {} <Debug> AsyncLoader: Execute load job 'startup Ordinary database system' in ForegroundLoad
2025.11.02 19:47:28.586288 [ 717 ] {} <Debug> AsyncLoader: Finish load job 'startup Ordinary database system' with status OK
2025.11.02 19:47:28.586333 [ 717 ] {} <Debug> AsyncLoader: Spawn loader worker #2 in ForegroundLoad
2025.11.02 19:47:28.586404 [ 717 ] {} <Debug> AsyncLoader: Execute load job 'startup Atomic database system' in ForegroundLoad
2025.11.02 19:47:28.586464 [ 718 ] {} <Debug> AsyncLoader: Stop worker in ForegroundLoad
2025.11.02 19:47:28.586552 [ 717 ] {} <Debug> AsyncLoader: Finish load job 'startup Atomic database system' with status OK
2025.11.02 19:47:28.586618 [ 717 ] {} <Debug> AsyncLoader: Stop worker in ForegroundLoad
2025.11.02 19:47:28.586668 [ 717 ] {} <Debug> AsyncLoader: Change current priority: 0 -> none
2025.11.02 19:47:28.586577 [ 1 ] {} <Debug> SystemLog: Creating system.query_log from query_log
2025.11.02 19:47:28.591328 [ 1 ] {} <Debug> SystemLog: Creating system.query_thread_log from query_thread_log
2025.11.02 19:47:28.591984 [ 1 ] {} <Debug> SystemLog: Not creating system.part_log since corresponding section 'part_log' is missing from config
2025.11.02 19:47:28.592194 [ 1 ] {} <Debug> SystemLog: Not creating system.trace_log since corresponding section 'trace_log' is missing from config
2025.11.02 19:47:28.592435 [ 1 ] {} <Debug> SystemLog: Not creating system.crash_log since corresponding section 'crash_log' is missing from config
2025.11.02 19:47:28.592684 [ 1 ] {} <Debug> SystemLog: Not creating system.text_log since corresponding section 'text_log' is missing from config
2025.11.02 19:47:28.592837 [ 1 ] {} <Debug> SystemLog: Creating system.metric_log from metric_log
2025.11.02 19:47:28.595231 [ 1 ] {} <Debug> SystemLog: Not creating system.latency_log since corresponding section 'latency_log' is missing from config
2025.11.02 19:47:28.595327 [ 1 ] {} <Debug> SystemLog: Not creating system.error_log since corresponding section 'error_log' is missing from config
2025.11.02 19:47:28.595379 [ 1 ] {} <Debug> SystemLog: Not creating system.filesystem_cache_log since corresponding section 'filesystem_cache_log' is missing from config
2025.11.02 19:47:28.595423 [ 1 ] {} <Debug> SystemLog: Not creating system.filesystem_read_prefetches_log since corresponding section 'filesystem_read_prefetches_log' is missing from config
2025.11.02 19:47:28.595499 [ 1 ] {} <Debug> SystemLog: Not creating system.s3queue_log since corresponding section 's3queue_log' is missing from config
2025.11.02 19:47:28.595555 [ 1 ] {} <Debug> SystemLog: Not creating system.azure_queue_log since corresponding section 'azure_queue_log' is missing from config
2025.11.02 19:47:28.595616 [ 1 ] {} <Debug> SystemLog: Not creating system.asynchronous_metric_log since corresponding section 'asynchronous_metric_log' is missing from config
2025.11.02 19:47:28.595662 [ 1 ] {} <Debug> SystemLog: Not creating system.opentelemetry_span_log since corresponding section 'opentelemetry_span_log' is missing from config
2025.11.02 19:47:28.595745 [ 1 ] {} <Debug> SystemLog: Not creating system.query_views_log since corresponding section 'query_views_log' is missing from config
2025.11.02 19:47:28.595790 [ 1 ] {} <Debug> SystemLog: Not creating system.zookeeper_log since corresponding section 'zookeeper_log' is missing from config
2025.11.02 19:47:28.595852 [ 1 ] {} <Debug> SystemLog: Not creating system.session_log since corresponding section 'session_log' is missing from config
2025.11.02 19:47:28.595957 [ 1 ] {} <Debug> SystemLog: Not creating system.transactions_info_log since corresponding section 'transactions_info_log' is missing from config
2025.11.02 19:47:28.596042 [ 1 ] {} <Debug> SystemLog: Not creating system.processors_profile_log since corresponding section 'processors_profile_log' is missing from config
2025.11.02 19:47:28.596082 [ 1 ] {} <Debug> SystemLog: Not creating system.asynchronous_insert_log since corresponding section 'asynchronous_insert_log' is missing from config
2025.11.02 19:47:28.596167 [ 1 ] {} <Debug> SystemLog: Not creating system.backup_log since corresponding section 'backup_log' is missing from config
2025.11.02 19:47:28.596213 [ 1 ] {} <Debug> SystemLog: Not creating system.blob_storage_log since corresponding section 'blob_storage_log' is missing from config
2025.11.02 19:47:28.596281 [ 1 ] {} <Debug> SystemLog: Not creating system.query_metric_log since corresponding section 'query_metric_log' is missing from config
2025.11.02 19:47:28.596575 [ 1 ] {} <Debug> DatabaseAtomic (system): There are 0 detached tables. Start searching non used tables.
2025.11.02 19:47:28.596653 [ 1 ] {} <Debug> DatabaseAtomic (system): Found 0 non used tables in detached tables.
2025.11.02 19:47:28.597277 [ 1 ] {} <Debug> DatabaseAtomic (system): There are 0 detached tables. Start searching non used tables.
2025.11.02 19:47:28.597344 [ 1 ] {} <Debug> DatabaseAtomic (system): Found 0 non used tables in detached tables.
2025.11.02 19:47:28.597441 [ 1 ] {} <Debug> DatabaseAtomic (system): There are 0 detached tables. Start searching non used tables.
2025.11.02 19:47:28.597498 [ 1 ] {} <Debug> DatabaseAtomic (system): Found 0 non used tables in detached tables.
2025.11.02 19:47:28.597622 [ 1 ] {} <Debug> DatabaseAtomic (system): There are 0 detached tables. Start searching non used tables.
2025.11.02 19:47:28.597693 [ 1 ] {} <Debug> DatabaseAtomic (system): Found 0 non used tables in detached tables.
2025.11.02 19:47:28.597750 [ 1 ] {} <Debug> DatabaseAtomic (system): There are 0 detached tables. Start searching non used tables.
2025.11.02 19:47:28.597799 [ 1 ] {} <Debug> DatabaseAtomic (system): Found 0 non used tables in detached tables.
2025.11.02 19:47:28.597898 [ 1 ] {} <Debug> DatabaseAtomic (system): There are 0 detached tables. Start searching non used tables.
2025.11.02 19:47:28.597963 [ 1 ] {} <Debug> DatabaseAtomic (system): Found 0 non used tables in detached tables.
2025.11.02 19:47:28.598268 [ 1 ] {} <Debug> DatabaseAtomic (system): There are 0 detached tables. Start searching non used tables.
2025.11.02 19:47:28.598315 [ 1 ] {} <Debug> DatabaseAtomic (system): Found 0 non used tables in detached tables.
2025.11.02 19:47:28.598449 [ 1 ] {} <Debug> DatabaseAtomic (system): There are 0 detached tables. Start searching non used tables.
2025.11.02 19:47:28.598504 [ 1 ] {} <Debug> DatabaseAtomic (system): Found 0 non used tables in detached tables.
2025.11.02 19:47:28.598601 [ 1 ] {} <Debug> DatabaseAtomic (system): There are 0 detached tables. Start searching non used tables.
2025.11.02 19:47:28.598655 [ 1 ] {} <Debug> DatabaseAtomic (system): Found 0 non used tables in detached tables.
2025.11.02 19:47:28.598740 [ 1 ] {} <Debug> DatabaseAtomic (system): There are 0 detached tables. Start searching non used tables.
2025.11.02 19:47:28.598832 [ 1 ] {} <Debug> DatabaseAtomic (system): Found 0 non used tables in detached tables.
2025.11.02 19:47:28.598949 [ 1 ] {} <Debug> DatabaseAtomic (system): There are 0 detached tables. Start searching non used tables.
2025.11.02 19:47:28.599161 [ 1 ] {} <Debug> DatabaseAtomic (system): Found 0 non used tables in detached tables.
2025.11.02 19:47:28.599253 [ 1 ] {} <Debug> DatabaseAtomic (system): There are 0 detached tables. Start searching non used tables.
2025.11.02 19:47:28.599302 [ 1 ] {} <Debug> DatabaseAtomic (system): Found 0 non used tables in detached tables.
2025.11.02 19:47:28.599389 [ 1 ] {} <Debug> DatabaseAtomic (system): There are 0 detached tables. Start searching non used tables.
2025.11.02 19:47:28.599475 [ 1 ] {} <Debug> DatabaseAtomic (system): Found 0 non used tables in detached tables.
2025.11.02 19:47:28.599658 [ 1 ] {} <Debug> DatabaseAtomic (system): There are 0 detached tables. Start searching non used tables.
2025.11.02 19:47:28.599743 [ 1 ] {} <Debug> DatabaseAtomic (system): Found 0 non used tables in detached tables.
2025.11.02 19:47:28.599831 [ 1 ] {} <Debug> DatabaseAtomic (system): There are 0 detached tables. Start searching non used tables.
2025.11.02 19:47:28.599937 [ 1 ] {} <Debug> DatabaseAtomic (system): Found 0 non used tables in detached tables.
2025.11.02 19:47:28.600041 [ 1 ] {} <Debug> DatabaseAtomic (system): There are 0 detached tables. Start searching non used tables.
2025.11.02 19:47:28.600111 [ 1 ] {} <Debug> DatabaseAtomic (system): Found 0 non used tables in detached tables.
2025.11.02 19:47:28.600175 [ 1 ] {} <Debug> DatabaseAtomic (system): There are 0 detached tables. Start searching non used tables.
2025.11.02 19:47:28.600216 [ 1 ] {} <Debug> DatabaseAtomic (system): Found 0 non used tables in detached tables.
2025.11.02 19:47:28.600321 [ 1 ] {} <Debug> DatabaseAtomic (system): There are 0 detached tables. Start searching non used tables.
2025.11.02 19:47:28.600405 [ 1 ] {} <Debug> DatabaseAtomic (system): Found 0 non used tables in detached tables.
2025.11.02 19:47:28.600513 [ 1 ] {} <Debug> DatabaseAtomic (system): There are 0 detached tables. Start searching non used tables.
2025.11.02 19:47:28.600596 [ 1 ] {} <Debug> DatabaseAtomic (system): Found 0 non used tables in detached tables.
2025.11.02 19:47:28.600730 [ 1 ] {} <Debug> DatabaseAtomic (system): There are 0 detached tables. Start searching non used tables.
2025.11.02 19:47:28.600811 [ 1 ] {} <Debug> DatabaseAtomic (system): Found 0 non used tables in detached tables.
2025.11.02 19:47:28.601025 [ 1 ] {} <Debug> DatabaseAtomic (system): There are 0 detached tables. Start searching non used tables.
2025.11.02 19:47:28.601087 [ 1 ] {} <Debug> DatabaseAtomic (system): Found 0 non used tables in detached tables.
2025.11.02 19:47:28.601254 [ 1 ] {} <Debug> DatabaseAtomic (system): There are 0 detached tables. Start searching non used tables.
2025.11.02 19:47:28.601310 [ 1 ] {} <Debug> DatabaseAtomic (system): Found 0 non used tables in detached tables.
2025.11.02 19:47:28.601412 [ 1 ] {} <Debug> DatabaseAtomic (system): There are 0 detached tables. Start searching non used tables.
2025.11.02 19:47:28.601492 [ 1 ] {} <Debug> DatabaseAtomic (system): Found 0 non used tables in detached tables.
2025.11.02 19:47:28.601558 [ 1 ] {} <Debug> DatabaseAtomic (system): There are 0 detached tables. Start searching non used tables.
2025.11.02 19:47:28.601607 [ 1 ] {} <Debug> DatabaseAtomic (system): Found 0 non used tables in detached tables.
2025.11.02 19:47:28.601675 [ 1 ] {} <Debug> DatabaseAtomic (system): There are 0 detached tables. Start searching non used tables.
2025.11.02 19:47:28.601807 [ 1 ] {} <Debug> DatabaseAtomic (system): Found 0 non used tables in detached tables.
2025.11.02 19:47:28.601962 [ 1 ] {} <Debug> DatabaseAtomic (system): There are 0 detached tables. Start searching non used tables.
2025.11.02 19:47:28.602062 [ 1 ] {} <Debug> DatabaseAtomic (system): Found 0 non used tables in detached tables.
2025.11.02 19:47:28.602211 [ 1 ] {} <Debug> DatabaseAtomic (system): There are 0 detached tables. Start searching non used tables.
2025.11.02 19:47:28.602330 [ 1 ] {} <Debug> DatabaseAtomic (system): Found 0 non used tables in detached tables.
2025.11.02 19:47:28.602531 [ 1 ] {} <Debug> DatabaseAtomic (system): There are 0 detached tables. Start searching non used tables.
2025.11.02 19:47:28.602613 [ 1 ] {} <Debug> DatabaseAtomic (system): Found 0 non used tables in detached tables.
2025.11.02 19:47:28.602683 [ 1 ] {} <Debug> DatabaseAtomic (system): There are 0 detached tables. Start searching non used tables.
2025.11.02 19:47:28.602730 [ 1 ] {} <Debug> DatabaseAtomic (system): Found 0 non used tables in detached tables.
2025.11.02 19:47:28.602823 [ 1 ] {} <Debug> DatabaseAtomic (system): There are 0 detached tables. Start searching non used tables.
2025.11.02 19:47:28.602879 [ 1 ] {} <Debug> DatabaseAtomic (system): Found 0 non used tables in detached tables.
2025.11.02 19:47:28.602933 [ 1 ] {} <Debug> DatabaseAtomic (system): There are 0 detached tables. Start searching non used tables.
2025.11.02 19:47:28.602979 [ 1 ] {} <Debug> DatabaseAtomic (system): Found 0 non used tables in detached tables.
2025.11.02 19:47:28.603079 [ 1 ] {} <Debug> DatabaseAtomic (system): There are 0 detached tables. Start searching non used tables.
2025.11.02 19:47:28.603178 [ 1 ] {} <Debug> DatabaseAtomic (system): Found 0 non used tables in detached tables.
2025.11.02 19:47:28.603268 [ 1 ] {} <Debug> DatabaseAtomic (system): There are 0 detached tables. Start searching non used tables.
2025.11.02 19:47:28.603344 [ 1 ] {} <Debug> DatabaseAtomic (system): Found 0 non used tables in detached tables.
2025.11.02 19:47:28.603422 [ 1 ] {} <Debug> DatabaseAtomic (system): There are 0 detached tables. Start searching non used tables.
2025.11.02 19:47:28.603479 [ 1 ] {} <Debug> DatabaseAtomic (system): Found 0 non used tables in detached tables.
2025.11.02 19:47:28.603642 [ 1 ] {} <Debug> DatabaseAtomic (system): There are 0 detached tables. Start searching non used tables.
2025.11.02 19:47:28.603735 [ 1 ] {} <Debug> DatabaseAtomic (system): Found 0 non used tables in detached tables.
2025.11.02 19:47:28.603908 [ 1 ] {} <Debug> DatabaseAtomic (system): There are 0 detached tables. Start searching non used tables.
2025.11.02 19:47:28.603993 [ 1 ] {} <Debug> DatabaseAtomic (system): Found 0 non used tables in detached tables.
2025.11.02 19:47:28.604131 [ 1 ] {} <Debug> DatabaseAtomic (system): There are 0 detached tables. Start searching non used tables.
2025.11.02 19:47:28.604243 [ 1 ] {} <Debug> DatabaseAtomic (system): Found 0 non used tables in detached tables.
2025.11.02 19:47:28.604327 [ 1 ] {} <Debug> DatabaseAtomic (system): There are 0 detached tables. Start searching non used tables.
2025.11.02 19:47:28.604382 [ 1 ] {} <Debug> DatabaseAtomic (system): Found 0 non used tables in detached tables.
2025.11.02 19:47:28.604486 [ 1 ] {} <Debug> DatabaseAtomic (system): There are 0 detached tables. Start searching non used tables.
2025.11.02 19:47:28.604532 [ 1 ] {} <Debug> DatabaseAtomic (system): Found 0 non used tables in detached tables.
2025.11.02 19:47:28.604622 [ 1 ] {} <Debug> DatabaseAtomic (system): There are 0 detached tables. Start searching non used tables.
2025.11.02 19:47:28.604689 [ 1 ] {} <Debug> DatabaseAtomic (system): Found 0 non used tables in detached tables.
2025.11.02 19:47:28.604767 [ 1 ] {} <Debug> DatabaseAtomic (system): There are 0 detached tables. Start searching non used tables.
2025.11.02 19:47:28.604816 [ 1 ] {} <Debug> DatabaseAtomic (system): Found 0 non used tables in detached tables.
2025.11.02 19:47:28.604901 [ 1 ] {} <Debug> DatabaseAtomic (system): There are 0 detached tables. Start searching non used tables.
2025.11.02 19:47:28.604982 [ 1 ] {} <Debug> DatabaseAtomic (system): Found 0 non used tables in detached tables.
2025.11.02 19:47:28.605064 [ 1 ] {} <Debug> DatabaseAtomic (system): There are 0 detached tables. Start searching non used tables.
2025.11.02 19:47:28.605100 [ 1 ] {} <Debug> DatabaseAtomic (system): Found 0 non used tables in detached tables.
2025.11.02 19:47:28.605167 [ 1 ] {} <Debug> DatabaseAtomic (system): There are 0 detached tables. Start searching non used tables.
2025.11.02 19:47:28.605216 [ 1 ] {} <Debug> DatabaseAtomic (system): Found 0 non used tables in detached tables.
2025.11.02 19:47:28.605324 [ 1 ] {} <Debug> DatabaseAtomic (system): There are 0 detached tables. Start searching non used tables.
2025.11.02 19:47:28.605386 [ 1 ] {} <Debug> DatabaseAtomic (system): Found 0 non used tables in detached tables.
2025.11.02 19:47:28.605455 [ 1 ] {} <Debug> DatabaseAtomic (system): There are 0 detached tables. Start searching non used tables.
2025.11.02 19:47:28.605494 [ 1 ] {} <Debug> DatabaseAtomic (system): Found 0 non used tables in detached tables.
2025.11.02 19:47:28.605593 [ 1 ] {} <Debug> DatabaseAtomic (system): There are 0 detached tables. Start searching non used tables.
2025.11.02 19:47:28.605637 [ 1 ] {} <Debug> DatabaseAtomic (system): Found 0 non used tables in detached tables.
2025.11.02 19:47:28.605701 [ 1 ] {} <Debug> DatabaseAtomic (system): There are 0 detached tables. Start searching non used tables.
2025.11.02 19:47:28.605741 [ 1 ] {} <Debug> DatabaseAtomic (system): Found 0 non used tables in detached tables.
2025.11.02 19:47:28.605783 [ 1 ] {} <Debug> DatabaseAtomic (system): There are 0 detached tables. Start searching non used tables.
2025.11.02 19:47:28.605825 [ 1 ] {} <Debug> DatabaseAtomic (system): Found 0 non used tables in detached tables.
2025.11.02 19:47:28.605930 [ 1 ] {} <Debug> DatabaseAtomic (system): There are 0 detached tables. Start searching non used tables.
2025.11.02 19:47:28.605983 [ 1 ] {} <Debug> DatabaseAtomic (system): Found 0 non used tables in detached tables.
2025.11.02 19:47:28.606084 [ 1 ] {} <Debug> DatabaseAtomic (system): There are 0 detached tables. Start searching non used tables.
2025.11.02 19:47:28.606125 [ 1 ] {} <Debug> DatabaseAtomic (system): Found 0 non used tables in detached tables.
2025.11.02 19:47:28.606172 [ 1 ] {} <Debug> DatabaseAtomic (system): There are 0 detached tables. Start searching non used tables.
2025.11.02 19:47:28.606214 [ 1 ] {} <Debug> DatabaseAtomic (system): Found 0 non used tables in detached tables.
2025.11.02 19:47:28.606252 [ 1 ] {} <Debug> DatabaseAtomic (system): There are 0 detached tables. Start searching non used tables.
2025.11.02 19:47:28.606294 [ 1 ] {} <Debug> DatabaseAtomic (system): Found 0 non used tables in detached tables.
2025.11.02 19:47:28.606339 [ 1 ] {} <Debug> DatabaseAtomic (system): There are 0 detached tables. Start searching non used tables.
2025.11.02 19:47:28.606392 [ 1 ] {} <Debug> DatabaseAtomic (system): Found 0 non used tables in detached tables.
2025.11.02 19:47:28.606481 [ 1 ] {} <Debug> DatabaseAtomic (system): There are 0 detached tables. Start searching non used tables.
2025.11.02 19:47:28.606533 [ 1 ] {} <Debug> DatabaseAtomic (system): Found 0 non used tables in detached tables.
2025.11.02 19:47:28.606591 [ 1 ] {} <Debug> DatabaseAtomic (system): There are 0 detached tables. Start searching non used tables.
2025.11.02 19:47:28.606640 [ 1 ] {} <Debug> DatabaseAtomic (system): Found 0 non used tables in detached tables.
2025.11.02 19:47:28.606702 [ 1 ] {} <Debug> DatabaseAtomic (system): There are 0 detached tables. Start searching non used tables.
2025.11.02 19:47:28.606735 [ 1 ] {} <Debug> DatabaseAtomic (system): Found 0 non used tables in detached tables.
2025.11.02 19:47:28.606834 [ 1 ] {} <Debug> DatabaseAtomic (system): There are 0 detached tables. Start searching non used tables.
2025.11.02 19:47:28.606872 [ 1 ] {} <Debug> DatabaseAtomic (system): Found 0 non used tables in detached tables.
2025.11.02 19:47:28.607035 [ 1 ] {} <Debug> DatabaseAtomic (system): There are 0 detached tables. Start searching non used tables.
2025.11.02 19:47:28.607065 [ 1 ] {} <Debug> DatabaseAtomic (system): Found 0 non used tables in detached tables.
2025.11.02 19:47:28.607161 [ 1 ] {} <Debug> DatabaseAtomic (system): There are 0 detached tables. Start searching non used tables.
2025.11.02 19:47:28.607210 [ 1 ] {} <Debug> DatabaseAtomic (system): Found 0 non used tables in detached tables.
2025.11.02 19:47:28.607314 [ 1 ] {} <Debug> DatabaseAtomic (system): There are 0 detached tables. Start searching non used tables.
2025.11.02 19:47:28.607358 [ 1 ] {} <Debug> DatabaseAtomic (system): Found 0 non used tables in detached tables.
2025.11.02 19:47:28.607520 [ 1 ] {} <Debug> DatabaseAtomic (system): There are 0 detached tables. Start searching non used tables.
2025.11.02 19:47:28.607563 [ 1 ] {} <Debug> DatabaseAtomic (system): Found 0 non used tables in detached tables.
2025.11.02 19:47:28.603019 [ 84 ] {} <Information> MemoryTracker: Correcting the value of global memory tracker from 46.56 MiB to 433.99 MiB
2025.11.02 19:47:28.610875 [ 1 ] {} <Debug> DatabaseAtomic (system): There are 0 detached tables. Start searching non used tables.
2025.11.02 19:47:28.611062 [ 1 ] {} <Debug> DatabaseAtomic (system): Found 0 non used tables in detached tables.
2025.11.02 19:47:28.611183 [ 1 ] {} <Debug> DatabaseAtomic (system): There are 0 detached tables. Start searching non used tables.
2025.11.02 19:47:28.611288 [ 1 ] {} <Debug> DatabaseAtomic (system): Found 0 non used tables in detached tables.
2025.11.02 19:47:28.611420 [ 1 ] {} <Debug> DatabaseAtomic (system): There are 0 detached tables. Start searching non used tables.
2025.11.02 19:47:28.611486 [ 1 ] {} <Debug> DatabaseAtomic (system): Found 0 non used tables in detached tables.
2025.11.02 19:47:28.611586 [ 1 ] {} <Debug> DatabaseAtomic (system): There are 0 detached tables. Start searching non used tables.
2025.11.02 19:47:28.611632 [ 1 ] {} <Debug> DatabaseAtomic (system): Found 0 non used tables in detached tables.
2025.11.02 19:47:28.611748 [ 1 ] {} <Debug> DatabaseAtomic (system): There are 0 detached tables. Start searching non used tables.
2025.11.02 19:47:28.611890 [ 1 ] {} <Debug> DatabaseAtomic (system): Found 0 non used tables in detached tables.
2025.11.02 19:47:28.612010 [ 1 ] {} <Debug> DatabaseAtomic (system): There are 0 detached tables. Start searching non used tables.
2025.11.02 19:47:28.612080 [ 1 ] {} <Debug> DatabaseAtomic (system): Found 0 non used tables in detached tables.
2025.11.02 19:47:28.612140 [ 1 ] {} <Debug> DatabaseAtomic (system): There are 0 detached tables. Start searching non used tables.
2025.11.02 19:47:28.612190 [ 1 ] {} <Debug> DatabaseAtomic (system): Found 0 non used tables in detached tables.
2025.11.02 19:47:28.612290 [ 1 ] {} <Debug> DatabaseAtomic (system): There are 0 detached tables. Start searching non used tables.
2025.11.02 19:47:28.612424 [ 1 ] {} <Debug> DatabaseAtomic (system): Found 0 non used tables in detached tables.
2025.11.02 19:47:28.612568 [ 1 ] {} <Debug> DatabaseAtomic (system): There are 0 detached tables. Start searching non used tables.
2025.11.02 19:47:28.612625 [ 1 ] {} <Debug> DatabaseAtomic (system): Found 0 non used tables in detached tables.
2025.11.02 19:47:28.612774 [ 1 ] {} <Debug> DatabaseAtomic (system): There are 0 detached tables. Start searching non used tables.
2025.11.02 19:47:28.612837 [ 1 ] {} <Debug> DatabaseAtomic (system): Found 0 non used tables in detached tables.
2025.11.02 19:47:28.612920 [ 1 ] {} <Debug> DatabaseAtomic (system): There are 0 detached tables. Start searching non used tables.
2025.11.02 19:47:28.613156 [ 1 ] {} <Debug> DatabaseAtomic (system): Found 0 non used tables in detached tables.
2025.11.02 19:47:28.613273 [ 1 ] {} <Debug> DatabaseAtomic (system): There are 0 detached tables. Start searching non used tables.
2025.11.02 19:47:28.613351 [ 1 ] {} <Debug> DatabaseAtomic (system): Found 0 non used tables in detached tables.
2025.11.02 19:47:28.613512 [ 1 ] {} <Debug> DatabaseAtomic (system): There are 0 detached tables. Start searching non used tables.
2025.11.02 19:47:28.613592 [ 1 ] {} <Debug> DatabaseAtomic (system): Found 0 non used tables in detached tables.
2025.11.02 19:47:28.613664 [ 1 ] {} <Debug> DatabaseAtomic (system): There are 0 detached tables. Start searching non used tables.
2025.11.02 19:47:28.613712 [ 1 ] {} <Debug> DatabaseAtomic (system): Found 0 non used tables in detached tables.
2025.11.02 19:47:28.614052 [ 1 ] {} <Debug> DatabaseAtomic (system): There are 0 detached tables. Start searching non used tables.
2025.11.02 19:47:28.614200 [ 1 ] {} <Debug> DatabaseAtomic (system): Found 0 non used tables in detached tables.
2025.11.02 19:47:28.614339 [ 1 ] {} <Debug> DatabaseAtomic (system): There are 0 detached tables. Start searching non used tables.
2025.11.02 19:47:28.614381 [ 1 ] {} <Debug> DatabaseAtomic (system): Found 0 non used tables in detached tables.
2025.11.02 19:47:28.614450 [ 1 ] {} <Debug> DatabaseAtomic (system): There are 0 detached tables. Start searching non used tables.
2025.11.02 19:47:28.614526 [ 1 ] {} <Debug> DatabaseAtomic (system): Found 0 non used tables in detached tables.
2025.11.02 19:47:28.614625 [ 1 ] {} <Debug> DatabaseAtomic (system): There are 0 detached tables. Start searching non used tables.
2025.11.02 19:47:28.614689 [ 1 ] {} <Debug> DatabaseAtomic (system): Found 0 non used tables in detached tables.
2025.11.02 19:47:28.614776 [ 1 ] {} <Debug> DatabaseAtomic (system): There are 0 detached tables. Start searching non used tables.
2025.11.02 19:47:28.614910 [ 1 ] {} <Debug> DatabaseAtomic (system): Found 0 non used tables in detached tables.
2025.11.02 19:47:28.615055 [ 1 ] {} <Debug> DatabaseAtomic (system): There are 0 detached tables. Start searching non used tables.
2025.11.02 19:47:28.615149 [ 1 ] {} <Debug> DatabaseAtomic (system): Found 0 non used tables in detached tables.
2025.11.02 19:47:28.615278 [ 1 ] {} <Debug> DatabaseAtomic (system): There are 0 detached tables. Start searching non used tables.
2025.11.02 19:47:28.615339 [ 1 ] {} <Debug> DatabaseAtomic (system): Found 0 non used tables in detached tables.
2025.11.02 19:47:28.615520 [ 1 ] {} <Debug> DatabaseAtomic (system): There are 0 detached tables. Start searching non used tables.
2025.11.02 19:47:28.615591 [ 1 ] {} <Debug> DatabaseAtomic (system): Found 0 non used tables in detached tables.
2025.11.02 19:47:28.615666 [ 1 ] {} <Debug> DatabaseAtomic (system): There are 0 detached tables. Start searching non used tables.
2025.11.02 19:47:28.615757 [ 1 ] {} <Debug> DatabaseAtomic (system): Found 0 non used tables in detached tables.
2025.11.02 19:47:28.615814 [ 1 ] {} <Debug> DatabaseAtomic (system): There are 0 detached tables. Start searching non used tables.
2025.11.02 19:47:28.615888 [ 1 ] {} <Debug> DatabaseAtomic (system): Found 0 non used tables in detached tables.
2025.11.02 19:47:28.616053 [ 1 ] {} <Debug> DatabaseAtomic (system): There are 0 detached tables. Start searching non used tables.
2025.11.02 19:47:28.616146 [ 1 ] {} <Debug> DatabaseAtomic (system): Found 0 non used tables in detached tables.
2025.11.02 19:47:28.616394 [ 1 ] {} <Debug> DatabaseAtomic (system): There are 0 detached tables. Start searching non used tables.
2025.11.02 19:47:28.616456 [ 1 ] {} <Debug> DatabaseAtomic (system): Found 0 non used tables in detached tables.
2025.11.02 19:47:28.616643 [ 1 ] {} <Debug> DatabaseAtomic (system): There are 0 detached tables. Start searching non used tables.
2025.11.02 19:47:28.616729 [ 1 ] {} <Debug> DatabaseAtomic (system): Found 0 non used tables in detached tables.
2025.11.02 19:47:28.616918 [ 1 ] {} <Debug> DatabaseAtomic (system): There are 0 detached tables. Start searching non used tables.
2025.11.02 19:47:28.616974 [ 1 ] {} <Debug> DatabaseAtomic (system): Found 0 non used tables in detached tables.
2025.11.02 19:47:28.617212 [ 1 ] {} <Debug> DatabaseAtomic (system): There are 0 detached tables. Start searching non used tables.
2025.11.02 19:47:28.617312 [ 1 ] {} <Debug> DatabaseAtomic (system): Found 0 non used tables in detached tables.
2025.11.02 19:47:28.617464 [ 1 ] {} <Debug> DatabaseAtomic (system): There are 0 detached tables. Start searching non used tables.
2025.11.02 19:47:28.617569 [ 1 ] {} <Debug> DatabaseAtomic (system): Found 0 non used tables in detached tables.
2025.11.02 19:47:28.617626 [ 1 ] {} <Debug> DatabaseAtomic (system): There are 0 detached tables. Start searching non used tables.
2025.11.02 19:47:28.617692 [ 1 ] {} <Debug> DatabaseAtomic (system): Found 0 non used tables in detached tables.
2025.11.02 19:47:28.617759 [ 1 ] {} <Debug> DatabaseAtomic (system): There are 0 detached tables. Start searching non used tables.
2025.11.02 19:47:28.617795 [ 1 ] {} <Debug> DatabaseAtomic (system): Found 0 non used tables in detached tables.
2025.11.02 19:47:28.617941 [ 1 ] {} <Debug> DatabaseAtomic (system): There are 0 detached tables. Start searching non used tables.
2025.11.02 19:47:28.617989 [ 1 ] {} <Debug> DatabaseAtomic (system): Found 0 non used tables in detached tables.
2025.11.02 19:47:28.618051 [ 1 ] {} <Debug> DatabaseAtomic (system): There are 0 detached tables. Start searching non used tables.
2025.11.02 19:47:28.619250 [ 1 ] {} <Debug> DatabaseAtomic (system): Found 0 non used tables in detached tables.
2025.11.02 19:47:28.619466 [ 1 ] {} <Debug> DatabaseAtomic (system): There are 0 detached tables. Start searching non used tables.
2025.11.02 19:47:28.619553 [ 1 ] {} <Debug> DatabaseAtomic (system): Found 0 non used tables in detached tables.
2025.11.02 19:47:28.619683 [ 1 ] {} <Debug> DatabaseAtomic (system): There are 0 detached tables. Start searching non used tables.
2025.11.02 19:47:28.619741 [ 1 ] {} <Debug> DatabaseAtomic (system): Found 0 non used tables in detached tables.
2025.11.02 19:47:28.619799 [ 1 ] {} <Debug> DatabaseAtomic (system): There are 0 detached tables. Start searching non used tables.
2025.11.02 19:47:28.619985 [ 1 ] {} <Debug> DatabaseAtomic (system): Found 0 non used tables in detached tables.
2025.11.02 19:47:28.620099 [ 1 ] {} <Debug> DatabaseAtomic (system): There are 0 detached tables. Start searching non used tables.
2025.11.02 19:47:28.620149 [ 1 ] {} <Debug> DatabaseAtomic (system): Found 0 non used tables in detached tables.
2025.11.02 19:47:28.620260 [ 1 ] {} <Debug> DatabaseAtomic (system): There are 0 detached tables. Start searching non used tables.
2025.11.02 19:47:28.620298 [ 1 ] {} <Debug> DatabaseAtomic (system): Found 0 non used tables in detached tables.
2025.11.02 19:47:28.620358 [ 1 ] {} <Debug> DatabaseAtomic (system): There are 0 detached tables. Start searching non used tables.
2025.11.02 19:47:28.620389 [ 1 ] {} <Debug> DatabaseAtomic (system): Found 0 non used tables in detached tables.
2025.11.02 19:47:28.620460 [ 1 ] {} <Debug> DatabaseAtomic (system): There are 0 detached tables. Start searching non used tables.
2025.11.02 19:47:28.620499 [ 1 ] {} <Debug> DatabaseAtomic (system): Found 0 non used tables in detached tables.
2025.11.02 19:47:28.623471 [ 1 ] {} <Information> DatabaseCatalog: Found 0 partially dropped tables. Will load them and retry removal.
2025.11.02 19:47:28.624271 [ 1 ] {} <Information> DatabaseAtomic (default): Metadata processed, database default has 0 tables and 0 dictionaries in total.
2025.11.02 19:47:28.624324 [ 1 ] {} <Information> TablesLoader: Parsed metadata of 0 tables in 1 databases in 5.5917e-05 sec
2025.11.02 19:47:28.624386 [ 1 ] {} <Information> loadMetadata: Start asynchronous loading of databases
2025.11.02 19:47:28.624447 [ 1 ] {} <Debug> AsyncLoader: Schedule load job 'startup Ordinary database default' into BackgrndStartup
2025.11.02 19:47:28.624493 [ 1 ] {} <Debug> AsyncLoader: Schedule load job 'startup Atomic database default' into BackgrndStartup
2025.11.02 19:47:28.624551 [ 1 ] {} <Debug> AsyncLoader: Change current priority: none -> 2
2025.11.02 19:47:28.624598 [ 1 ] {} <Debug> AsyncLoader: Spawn loader worker #1 in BackgrndStartup
2025.11.02 19:47:28.624713 [ 1 ] {} <Information> UserDefinedSQLObjectsLoaderFromDisk: Loading user defined objects from /var/lib/clickhouse/user_defined/
2025.11.02 19:47:28.624778 [ 1 ] {} <Debug> UserDefinedSQLObjectsLoaderFromDisk: The directory for user defined objects (/var/lib/clickhouse/user_defined/) does not exist: nothing to load
2025.11.02 19:47:28.624722 [ 720 ] {} <Debug> AsyncLoader: Execute load job 'startup Ordinary database default' in BackgrndStartup
2025.11.02 19:47:28.624947 [ 720 ] {} <Debug> AsyncLoader: Finish load job 'startup Ordinary database default' with status OK
2025.11.02 19:47:28.625003 [ 720 ] {} <Debug> AsyncLoader: Spawn loader worker #2 in BackgrndStartup
2025.11.02 19:47:28.624883 [ 1 ] {} <Information> WorkloadEntityDiskStorage: Loading workload entities from /var/lib/clickhouse/workload/
2025.11.02 19:47:28.625183 [ 1 ] {} <Debug> WorkloadEntityDiskStorage: The directory for workload entities (/var/lib/clickhouse/workload/) does not exist: nothing to load
2025.11.02 19:47:28.625153 [ 720 ] {} <Debug> AsyncLoader: Execute load job 'startup Atomic database default' in BackgrndStartup
2025.11.02 19:47:28.625319 [ 720 ] {} <Debug> AsyncLoader: Finish load job 'startup Atomic database default' with status OK
2025.11.02 19:47:28.625383 [ 720 ] {} <Debug> AsyncLoader: Stop worker in BackgrndStartup
2025.11.02 19:47:28.625473 [ 722 ] {} <Debug> AsyncLoader: Stop worker in BackgrndStartup
2025.11.02 19:47:28.625543 [ 722 ] {} <Debug> AsyncLoader: Change current priority: 2 -> none
2025.11.02 19:47:28.626580 [ 1 ] {} <Information> ZooKeeperClient: Connected to ZooKeeper at 172.19.0.2:2181 with session_id 72057598639276035
2025.11.02 19:47:28.628535 [ 1 ] {} <Information> ZooKeeperClient: Keeper feature flag FILTERED_LIST: disabled
2025.11.02 19:47:28.628584 [ 1 ] {} <Information> ZooKeeperClient: Keeper feature flag MULTI_READ: disabled
2025.11.02 19:47:28.628653 [ 1 ] {} <Information> ZooKeeperClient: Keeper feature flag CHECK_NOT_EXISTS: disabled
2025.11.02 19:47:28.628755 [ 1 ] {} <Information> ZooKeeperClient: Keeper feature flag CREATE_IF_NOT_EXISTS: disabled
2025.11.02 19:47:28.628801 [ 1 ] {} <Information> ZooKeeperClient: Keeper feature flag REMOVE_RECURSIVE: disabled
2025.11.02 19:47:28.631946 [ 1 ] {} <Debug> Application: Loaded metadata.
2025.11.02 19:47:28.632009 [ 1 ] {} <Information> Application: Tasks stats provider: procfs
2025.11.02 19:47:28.632068 [ 1 ] {} <Information> Application: It looks like the process has no CAP_SYS_NICE capability, the setting 'os_thread_priority' will have no effect. It could happen due to incorrect ClickHouse package installation. You could resolve the problem manually with 'sudo setcap cap_sys_nice=+ep /usr/bin/clickhouse'. Note that it will not work on 'nosuid' mounted filesystems.
2025.11.02 19:47:28.632164 [ 1 ] {} <Debug> DatabaseAtomic (system): There are 0 detached tables. Start searching non used tables.
2025.11.02 19:47:28.632219 [ 1 ] {} <Debug> DatabaseAtomic (system): Found 0 non used tables in detached tables.
2025.11.02 19:47:28.632342 [ 1 ] {} <Warning> Application: Listen [::]:8123 failed: Poco::Exception. Code: 1000, e.code() = 0, DNS error: EAI: Address family for hostname not supported (version 25.3.7.194 (official build)). If it is an IPv6 or IPv4 address and your host has disabled IPv6 or IPv4, then consider to specify not disabled IPv4 or IPv6 address to listen in <listen_host> element of configuration file. Example for disabled IPv6: <listen_host>0.0.0.0</listen_host> . Example for disabled IPv4: <listen_host>::</listen_host>
2025.11.02 19:47:28.632489 [ 1 ] {} <Warning> Application: Listen [::]:9000 failed: Poco::Exception. Code: 1000, e.code() = 0, DNS error: EAI: Address family for hostname not supported (version 25.3.7.194 (official build)). If it is an IPv6 or IPv4 address and your host has disabled IPv6 or IPv4, then consider to specify not disabled IPv4 or IPv6 address to listen in <listen_host> element of configuration file. Example for disabled IPv6: <listen_host>0.0.0.0</listen_host> . Example for disabled IPv4: <listen_host>::</listen_host>
2025.11.02 19:47:28.632673 [ 1 ] {} <Warning> Application: Listen [::]:8001 failed: Poco::Exception. Code: 1000, e.code() = 0, DNS error: EAI: Address family for hostname not supported (version 25.3.7.194 (official build)). If it is an IPv6 or IPv4 address and your host has disabled IPv6 or IPv4, then consider to specify not disabled IPv4 or IPv6 address to listen in <listen_host> element of configuration file. Example for disabled IPv6: <listen_host>0.0.0.0</listen_host> . Example for disabled IPv4: <listen_host>::</listen_host>
2025.11.02 19:47:28.632829 [ 1 ] {} <Information> CertificateReloader: One of paths is empty. Cannot apply new configuration for certificates. Fill all paths and try again.
2025.11.02 19:47:28.632869 [ 1 ] {} <Information> CertificateReloader: One of paths is empty. Cannot apply new configuration for certificates. Fill all paths and try again.
2025.11.02 19:47:28.634218 [ 1 ] {} <Debug> AsyncLoader: Schedule load job 'startup ddl worker' into BackgrndStartup
2025.11.02 19:47:28.634274 [ 1 ] {} <Debug> AsyncLoader: Change current priority: none -> 2
2025.11.02 19:47:28.634314 [ 1 ] {} <Debug> AsyncLoader: Spawn loader worker #1 in BackgrndStartup
2025.11.02 19:47:28.634413 [ 1 ] {} <Information> Application: Listening for http://0.0.0.0:8123
2025.11.02 19:47:28.634424 [ 729 ] {} <Debug> AsyncLoader: Execute load job 'startup ddl worker' in BackgrndStartup
2025.11.02 19:47:28.634599 [ 732 ] {} <Debug> DDLWorker: Starting DDLWorker thread
2025.11.02 19:47:28.634664 [ 732 ] {} <Debug> DDLWorker: Initializing DDLWorker thread
2025.11.02 19:47:28.634492 [ 1 ] {} <Information> Application: Listening for native protocol (tcp): 0.0.0.0:9000
2025.11.02 19:47:28.634804 [ 1 ] {} <Information> Application: Listening for Prometheus: http://0.0.0.0:8001
2025.11.02 19:47:28.634600 [ 729 ] {} <Debug> AsyncLoader: Finish load job 'startup ddl worker' with status OK
2025.11.02 19:47:28.634923 [ 729 ] {} <Debug> AsyncLoader: Stop worker in BackgrndStartup
2025.11.02 19:47:28.634968 [ 729 ] {} <Debug> AsyncLoader: Change current priority: 2 -> none
2025.11.02 19:47:28.634620 [ 725 ] {} <Debug> DDLWorker: Started DDLWorker cleanup thread
2025.11.02 19:47:28.634866 [ 1 ] {} <Information> Application: Ready for connections.
2025.11.02 19:47:28.638052 [ 732 ] {} <Debug> DDLWorker: Initialized DDLWorker thread
2025.11.02 19:47:28.638104 [ 725 ] {} <Debug> DDLWorker: Cleaning queue
2025.11.02 19:47:28.639190 [ 732 ] {} <Debug> DDLWorker: Scheduling tasks
2025.11.02 19:47:28.639484 [ 732 ] {} <Debug> DDLWorker: No tasks to schedule
2025.11.02 19:47:28.639523 [ 732 ] {} <Debug> DDLWorker: Waiting for queue updates
2025.11.02 19:47:28.957204 [ 82 ] {} <Information> TCPHandler: Client has not sent any data.
2025.11.02 19:47:28.957350 [ 82 ] {} <Debug> TCPHandler: Done processing connection.
2025.11.02 19:47:28.989778 [ 82 ] {} <Information> TCPHandler: Client has not sent any data.
2025.11.02 19:47:28.989964 [ 82 ] {} <Debug> TCPHandler: Done processing connection.
2025.11.02 19:47:29.049071 [ 732 ] {} <Debug> DDLWorker: Scheduling tasks
2025.11.02 19:47:29.051137 [ 732 ] {} <Debug> DDLWorker: Will schedule 1 tasks starting from query-0000000000
2025.11.02 19:47:29.052452 [ 732 ] {} <Debug> DDLWorker: Processing task query-0000000000 (query: CREATE DATABASE IF NOT EXISTS db_truncate UUID 'b9aaedc5-3235-4843-966a-18a1138291cc', backup restore: false)
2025.11.02 19:47:29.053679 [ 732 ] {} <Debug> DDLWorker: Executing query: CREATE DATABASE IF NOT EXISTS db_truncate UUID 'b9aaedc5-3235-4843-966a-18a1138291cc'
2025.11.02 19:47:29.053802 [ 732 ] {212b5091-d65d-4b44-bd3f-20f0f75bbf7b} <Debug> executeQuery: (from 0.0.0.0:0, user: , initial_query_id: 2afdd569-d899-466c-9719-8e40763fda0b) /* ddl_entry=query-0000000000 */ CREATE DATABASE IF NOT EXISTS db_truncate UUID 'b9aaedc5-3235-4843-966a-18a1138291cc' (stage: Complete)
2025.11.02 19:47:29.054849 [ 732 ] {212b5091-d65d-4b44-bd3f-20f0f75bbf7b} <Information> DatabaseAtomic (db_truncate): Metadata processed, database db_truncate has 0 tables and 0 dictionaries in total.
2025.11.02 19:47:29.054923 [ 732 ] {212b5091-d65d-4b44-bd3f-20f0f75bbf7b} <Information> TablesLoader: Parsed metadata of 0 tables in 1 databases in 8.1625e-05 sec
2025.11.02 19:47:29.054986 [ 732 ] {212b5091-d65d-4b44-bd3f-20f0f75bbf7b} <Debug> AsyncLoader: Prioritize load job 'startup Atomic database db_truncate': BackgrndStartup -> ForegroundLoad
2025.11.02 19:47:29.055021 [ 732 ] {212b5091-d65d-4b44-bd3f-20f0f75bbf7b} <Debug> AsyncLoader: Prioritize load job 'startup Ordinary database db_truncate': BackgrndStartup -> ForegroundLoad
2025.11.02 19:47:29.055062 [ 732 ] {212b5091-d65d-4b44-bd3f-20f0f75bbf7b} <Debug> AsyncLoader: Schedule load job 'startup Ordinary database db_truncate' into ForegroundLoad
2025.11.02 19:47:29.055153 [ 732 ] {212b5091-d65d-4b44-bd3f-20f0f75bbf7b} <Debug> AsyncLoader: Schedule load job 'startup Atomic database db_truncate' into ForegroundLoad
2025.11.02 19:47:29.055288 [ 732 ] {212b5091-d65d-4b44-bd3f-20f0f75bbf7b} <Debug> AsyncLoader: Change current priority: none -> 0
2025.11.02 19:47:29.055332 [ 732 ] {212b5091-d65d-4b44-bd3f-20f0f75bbf7b} <Debug> AsyncLoader: Spawn loader worker #1 in ForegroundLoad
2025.11.02 19:47:29.055440 [ 732 ] {212b5091-d65d-4b44-bd3f-20f0f75bbf7b} <Debug> AsyncLoader: Wait load job 'startup Atomic database db_truncate' in ForegroundLoad
2025.11.02 19:47:29.055466 [ 733 ] {} <Debug> AsyncLoader: Execute load job 'startup Ordinary database db_truncate' in ForegroundLoad
2025.11.02 19:47:29.055556 [ 733 ] {} <Debug> AsyncLoader: Finish load job 'startup Ordinary database db_truncate' with status OK
2025.11.02 19:47:29.055616 [ 733 ] {} <Debug> AsyncLoader: Spawn loader worker #2 in ForegroundLoad
2025.11.02 19:47:29.055734 [ 733 ] {} <Debug> AsyncLoader: Execute load job 'startup Atomic database db_truncate' in ForegroundLoad
2025.11.02 19:47:29.055824 [ 733 ] {} <Debug> AsyncLoader: Finish load job 'startup Atomic database db_truncate' with status OK
2025.11.02 19:47:29.055882 [ 733 ] {} <Debug> AsyncLoader: Stop worker in ForegroundLoad
2025.11.02 19:47:29.055919 [ 732 ] {212b5091-d65d-4b44-bd3f-20f0f75bbf7b} <Debug> DDLWorker: Executed query: /* ddl_entry=query-0000000000 */ CREATE DATABASE IF NOT EXISTS db_truncate UUID 'b9aaedc5-3235-4843-966a-18a1138291cc'
2025.11.02 19:47:29.055958 [ 729 ] {} <Debug> AsyncLoader: Stop worker in ForegroundLoad
2025.11.02 19:47:29.056045 [ 729 ] {} <Debug> AsyncLoader: Change current priority: 0 -> none
2025.11.02 19:47:29.057659 [ 732 ] {} <Debug> DDLWorker: Waiting for queue updates
2025.11.02 19:47:29.118489 [ 732 ] {} <Debug> DDLWorker: Scheduling tasks
2025.11.02 19:47:29.119123 [ 732 ] {} <Debug> DDLWorker: Will schedule 1 tasks starting from query-0000000001
2025.11.02 19:47:29.120050 [ 732 ] {} <Debug> DDLWorker: Processing task query-0000000001 (query: CREATE TABLE db_truncate.tbl_truncate_local UUID 'b85c4c2a-1940-4fc2-9e98-5a1438bad77a' (`create_time` DateTime, `y` Int32 COMMENT 'shard key', `m` Int32 COMMENT 'part key', `id` Int64 COMMENT 'sort key', `value` Nullable(String)) ENGINE = MergeTree PARTITION BY m ORDER BY id SETTINGS index_granularity = 8192, backup restore: false)
2025.11.02 19:47:29.121102 [ 732 ] {} <Debug> DDLWorker: Executing query: CREATE TABLE db_truncate.tbl_truncate_local UUID 'b85c4c2a-1940-4fc2-9e98-5a1438bad77a' (`create_time` DateTime, `y` Int32 COMMENT 'shard key', `m` Int32 COMMENT 'part key', `id` Int64 COMMENT 'sort key', `value` Nullable(String)) ENGINE = MergeTree PARTITION BY m ORDER BY id SETTINGS index_granularity = 8192
2025.11.02 19:47:29.121270 [ 732 ] {2b5711ff-8d2d-4ef1-88b2-e60227c1741d} <Debug> executeQuery: (from 0.0.0.0:0, user: , initial_query_id: 5c1d33ba-97f1-460a-a639-83ded9a9e96c) /* ddl_entry=query-0000000001 */ CREATE TABLE db_truncate.tbl_truncate_local UUID 'b85c4c2a-1940-4fc2-9e98-5a1438bad77a' (`create_time` DateTime, `y` Int32 COMMENT 'shard key', `m` Int32 COMMENT 'part key', `id` Int64 COMMENT 'sort key', `value` Nullable(String)) ENGINE = MergeTree PARTITION BY m ORDER BY id SETTINGS index_granularity = 8192 (stage: Complete)
2025.11.02 19:47:29.122409 [ 732 ] {2b5711ff-8d2d-4ef1-88b2-e60227c1741d} <Debug> db_truncate.tbl_truncate_local (b85c4c2a-1940-4fc2-9e98-5a1438bad77a): Loading data parts
2025.11.02 19:47:29.122627 [ 732 ] {2b5711ff-8d2d-4ef1-88b2-e60227c1741d} <Debug> db_truncate.tbl_truncate_local (b85c4c2a-1940-4fc2-9e98-5a1438bad77a): There are no data parts
2025.11.02 19:47:29.123302 [ 732 ] {2b5711ff-8d2d-4ef1-88b2-e60227c1741d} <Debug> DatabaseAtomic (db_truncate): There are 0 detached tables. Start searching non used tables.
2025.11.02 19:47:29.123342 [ 732 ] {2b5711ff-8d2d-4ef1-88b2-e60227c1741d} <Debug> DatabaseAtomic (db_truncate): Found 0 non used tables in detached tables.
2025.11.02 19:47:29.123576 [ 732 ] {2b5711ff-8d2d-4ef1-88b2-e60227c1741d} <Debug> DDLWorker: Executed query: /* ddl_entry=query-0000000001 */ CREATE TABLE db_truncate.tbl_truncate_local UUID 'b85c4c2a-1940-4fc2-9e98-5a1438bad77a' (`create_time` DateTime, `y` Int32 COMMENT 'shard key', `m` Int32 COMMENT 'part key', `id` Int64 COMMENT 'sort key', `value` Nullable(String)) ENGINE = MergeTree PARTITION BY m ORDER BY id SETTINGS index_granularity = 8192
2025.11.02 19:47:29.125473 [ 732 ] {} <Debug> DDLWorker: Waiting for queue updates
2025.11.02 19:47:29.178008 [ 732 ] {} <Debug> DDLWorker: Scheduling tasks
2025.11.02 19:47:29.178485 [ 732 ] {} <Debug> DDLWorker: Will schedule 1 tasks starting from query-0000000002
2025.11.02 19:47:29.179368 [ 732 ] {} <Debug> DDLWorker: Processing task query-0000000002 (query: CREATE TABLE db_truncate.tbl_truncate UUID '8423f054-d174-4065-b26f-b16e3ca73e8e' (`create_time` DateTime, `y` Int32 COMMENT 'shard key', `m` Int32 COMMENT 'part key', `id` Int64 COMMENT 'sort key', `value` Nullable(String)) ENGINE = Distributed(single_replica, 'db_truncate', 'tbl_truncate_local', y), backup restore: false)
2025.11.02 19:47:29.180798 [ 732 ] {} <Debug> DDLWorker: Executing query: CREATE TABLE db_truncate.tbl_truncate UUID '8423f054-d174-4065-b26f-b16e3ca73e8e' (`create_time` DateTime, `y` Int32 COMMENT 'shard key', `m` Int32 COMMENT 'part key', `id` Int64 COMMENT 'sort key', `value` Nullable(String)) ENGINE = Distributed(single_replica, 'db_truncate', 'tbl_truncate_local', y)
2025.11.02 19:47:29.180969 [ 732 ] {cf92b2f8-ffcd-404c-ad87-6e948dc5aa74} <Debug> executeQuery: (from 0.0.0.0:0, user: , initial_query_id: 364a3e5e-1092-43d8-9cb4-af2dd43f4625) /* ddl_entry=query-0000000002 */ CREATE TABLE db_truncate.tbl_truncate UUID '8423f054-d174-4065-b26f-b16e3ca73e8e' (`create_time` DateTime, `y` Int32 COMMENT 'shard key', `m` Int32 COMMENT 'part key', `id` Int64 COMMENT 'sort key', `value` Nullable(String)) ENGINE = Distributed(single_replica, 'db_truncate', 'tbl_truncate_local', y) (stage: Complete)
2025.11.02 19:47:29.181360 [ 732 ] {cf92b2f8-ffcd-404c-ad87-6e948dc5aa74} <Debug> StorageDistributed (tbl_truncate): Auto-increment is 0
2025.11.02 19:47:29.182147 [ 732 ] {cf92b2f8-ffcd-404c-ad87-6e948dc5aa74} <Debug> DatabaseAtomic (db_truncate): There are 0 detached tables. Start searching non used tables.
2025.11.02 19:47:29.182184 [ 732 ] {cf92b2f8-ffcd-404c-ad87-6e948dc5aa74} <Debug> DatabaseAtomic (db_truncate): Found 0 non used tables in detached tables.
2025.11.02 19:47:29.182399 [ 732 ] {cf92b2f8-ffcd-404c-ad87-6e948dc5aa74} <Debug> DDLWorker: Executed query: /* ddl_entry=query-0000000002 */ CREATE TABLE db_truncate.tbl_truncate UUID '8423f054-d174-4065-b26f-b16e3ca73e8e' (`create_time` DateTime, `y` Int32 COMMENT 'shard key', `m` Int32 COMMENT 'part key', `id` Int64 COMMENT 'sort key', `value` Nullable(String)) ENGINE = Distributed(single_replica, 'db_truncate', 'tbl_truncate_local', y)
2025.11.02 19:47:29.183844 [ 732 ] {} <Debug> DDLWorker: Waiting for queue updates
2025.11.02 19:47:29.235554 [ 82 ] {} <Debug> TCPHandler: Connected ClickHouse server version 25.3.0, revision: 54476, user: default.
2025.11.02 19:47:29.235636 [ 82 ] {} <Debug> TCP-Session-da302379-6165-42fa-95c2-12814398319c: Authenticating user 'default' from 172.19.0.5:54456
2025.11.02 19:47:29.235703 [ 82 ] {} <Debug> TCP-Session-da302379-6165-42fa-95c2-12814398319c: da302379-6165-42fa-95c2-12814398319c Authenticated with global context as user 94309d50-4f52-5250-31bd-74fecac179db
2025.11.02 19:47:29.235764 [ 82 ] {} <Debug> TCP-Session-da302379-6165-42fa-95c2-12814398319c: Creating session context with user_id: 94309d50-4f52-5250-31bd-74fecac179db
2025.11.02 19:47:29.236820 [ 82 ] {9a4bde8d-30b6-4608-99d9-b19a522c0cc7} <Debug> executeQuery: (from 172.19.0.5:54456, initial_query_id: d63915da-17c7-4734-b7b2-01611a13d5b2) SELECT `__table1`.`create_time` AS `create_time`, `__table1`.`y` AS `y`, `__table1`.`m` AS `m`, `__table1`.`id` AS `id`, `__table1`.`value` AS `value` FROM `db_truncate`.`tbl_truncate_local` AS `__table1` WHERE _CAST(0, 'UInt8') (stage: Complete)
2025.11.02 19:47:29.237583 [ 82 ] {9a4bde8d-30b6-4608-99d9-b19a522c0cc7} <Debug> TCPHandler: Processed in 0.000965417 sec.
2025.11.02 19:47:29.275543 [ 82 ] {6cef637d-9227-4874-8741-ab1292c5c3bf} <Debug> executeQuery: (from 172.19.0.5:54456, initial_query_id: e29bdaeb-6a18-42cd-aeb0-65f40b87a003) SELECT `__table1`.`create_time` AS `create_time`, `__table1`.`y` AS `y`, `__table1`.`m` AS `m`, `__table1`.`id` AS `id`, `__table1`.`value` AS `value` FROM `db_truncate`.`tbl_truncate_local` AS `__table1` WHERE _CAST(0, 'UInt8') (stage: Complete)
2025.11.02 19:47:29.276235 [ 82 ] {6cef637d-9227-4874-8741-ab1292c5c3bf} <Debug> TCPHandler: Processed in 0.000966291 sec.
2025.11.02 19:47:29.304482 [ 82 ] {ed587364-c972-4c23-8506-056525f31b51} <Debug> executeQuery: (from 172.19.0.5:54456, initial_query_id: 1c553f8f-2361-4d78-89cf-457877852401) SELECT `__table1`.`create_time` AS `create_time`, `__table1`.`y` AS `y`, `__table1`.`m` AS `m`, `__table1`.`id` AS `id`, `__table1`.`value` AS `value` FROM `db_truncate`.`tbl_truncate_local` AS `__table1` WHERE _CAST(0, 'UInt8') (stage: Complete)
2025.11.02 19:47:29.305078 [ 82 ] {ed587364-c972-4c23-8506-056525f31b51} <Debug> TCPHandler: Processed in 0.000773833 sec.
2025.11.02 19:47:29.410347 [ 83 ] {} <Debug> TCPHandler: Connected ClickHouse server version 25.3.0, revision: 54476, user: default.
2025.11.02 19:47:29.410458 [ 83 ] {} <Debug> TCP-Session-2b9be3f9-b46c-405a-aa05-d8bb46769b4e: Authenticating user 'default' from 172.19.0.3:56108
2025.11.02 19:47:29.410515 [ 83 ] {} <Debug> TCP-Session-2b9be3f9-b46c-405a-aa05-d8bb46769b4e: 2b9be3f9-b46c-405a-aa05-d8bb46769b4e Authenticated with global context as user 94309d50-4f52-5250-31bd-74fecac179db
2025.11.02 19:47:29.410620 [ 83 ] {} <Debug> TCP-Session-2b9be3f9-b46c-405a-aa05-d8bb46769b4e: Creating session context with user_id: 94309d50-4f52-5250-31bd-74fecac179db
2025.11.02 19:47:29.411590 [ 83 ] {5a5f59de-bffc-43c1-92a4-6e65860f8bc1} <Debug> executeQuery: (from 172.19.0.3:56108, initial_query_id: 71bf5675-eb00-4133-819e-2f16b5f63d4b) INSERT INTO db_truncate.tbl_truncate_local (create_time, y, m, id, value) VALUES (stage: Complete)
2025.11.02 19:47:29.412585 [ 83 ] {5a5f59de-bffc-43c1-92a4-6e65860f8bc1} <Debug> executeQuery: Read 1 rows, 31.00 B in 0.001032 sec., 968.9922480620156 rows/sec., 29.33 KiB/sec.
2025.11.02 19:47:29.412758 [ 83 ] {5a5f59de-bffc-43c1-92a4-6e65860f8bc1} <Debug> MemoryTracker: Query peak memory usage: 4.30 MiB.
2025.11.02 19:47:29.412958 [ 83 ] {5a5f59de-bffc-43c1-92a4-6e65860f8bc1} <Debug> TCPHandler: Processed in 0.001526458 sec.
2025.11.02 19:47:29.480218 [ 82 ] {273826f4-095b-4f43-89af-cb6299125a0c} <Debug> executeQuery: (from 172.19.0.5:54456, initial_query_id: 9b48558d-9c52-4fa7-a40b-6b0af9540005) SELECT `__table1`.`create_time` AS `create_time`, `__table1`.`y` AS `y`, `__table1`.`m` AS `m`, `__table1`.`id` AS `id`, `__table1`.`value` AS `value` FROM `db_truncate`.`tbl_truncate_local` AS `__table1` WHERE _CAST(0, 'UInt8') (stage: Complete)
2025.11.02 19:47:29.480533 [ 82 ] {273826f4-095b-4f43-89af-cb6299125a0c} <Debug> db_truncate.tbl_truncate_local (b85c4c2a-1940-4fc2-9e98-5a1438bad77a) (SelectExecutor): Selected 0/0 parts by partition key, 0 parts by primary key, 0/0 marks by primary key, 0 marks to read from 0 ranges
2025.11.02 19:47:29.480922 [ 82 ] {273826f4-095b-4f43-89af-cb6299125a0c} <Debug> TCPHandler: Processed in 0.000879792 sec.
2025.11.02 19:47:29.510236 [ 82 ] {b310bae2-68ee-47a4-90b8-d4ed24b04aad} <Debug> executeQuery: (from 172.19.0.5:54456, initial_query_id: 79634d33-10dd-4ad9-ad04-24043b42590b) SELECT count() AS `COUNT()` FROM `db_truncate`.`tbl_truncate_local` AS `__table1` WHERE _CAST(0, 'UInt8') (stage: WithMergeableState)
2025.11.02 19:47:29.510720 [ 82 ] {b310bae2-68ee-47a4-90b8-d4ed24b04aad} <Debug> db_truncate.tbl_truncate_local (b85c4c2a-1940-4fc2-9e98-5a1438bad77a) (SelectExecutor): Selected 0/0 parts by partition key, 0 parts by primary key, 0/0 marks by primary key, 0 marks to read from 0 ranges
2025.11.02 19:47:29.511174 [ 82 ] {b310bae2-68ee-47a4-90b8-d4ed24b04aad} <Debug> TCPHandler: Processed in 0.001106291 sec.
2025.11.02 19:47:29.525240 [ 80 ] {} <Debug> HTTP-Session-6ac1d34f-6acc-4955-8009-e4d396ca4866: Authenticating user 'default' from 172.19.0.7:46012
2025.11.02 19:47:29.525388 [ 80 ] {} <Debug> HTTP-Session-6ac1d34f-6acc-4955-8009-e4d396ca4866: 6ac1d34f-6acc-4955-8009-e4d396ca4866 Authenticated with global context as user 94309d50-4f52-5250-31bd-74fecac179db
2025.11.02 19:47:29.525451 [ 80 ] {} <Debug> HTTP-Session-6ac1d34f-6acc-4955-8009-e4d396ca4866: Creating session context with user_id: 94309d50-4f52-5250-31bd-74fecac179db
2025.11.02 19:47:29.525672 [ 80 ] {e2b908e4-50f9-4b9c-95a9-e615fd3ec512} <Debug> executeQuery: (from 172.19.0.7:46012) SELECT partition, -- String
 partition_id, -- String
 sum(rows) AS row_count, -- UInt64
 sum(bytes_on_disk) AS size_in_bytes -- UInt64
 FROM `system`.`parts` WHERE `database`='db_truncate' AND `table`='tbl_truncate_local' AND `active`=1 GROUP BY `partition`, `partition_id` ORDER BY `partition` ASC, partition_id ASC  (stage: Complete)
2025.11.02 19:47:29.527478 [ 80 ] {e2b908e4-50f9-4b9c-95a9-e615fd3ec512} <Debug> executeQuery: Read 1 rows, 84.00 B in 0.001871 sec., 534.4735435595937 rows/sec., 43.84 KiB/sec.
2025.11.02 19:47:29.527870 [ 80 ] {e2b908e4-50f9-4b9c-95a9-e615fd3ec512} <Debug> DynamicQueryHandler: Done processing query
2025.11.02 19:47:29.527915 [ 80 ] {e2b908e4-50f9-4b9c-95a9-e615fd3ec512} <Debug> MemoryTracker: Query peak memory usage: 4.02 MiB.
2025.11.02 19:47:29.527969 [ 80 ] {} <Debug> HTTP-Session-6ac1d34f-6acc-4955-8009-e4d396ca4866: 6ac1d34f-6acc-4955-8009-e4d396ca4866 Logout, user_id: 94309d50-4f52-5250-31bd-74fecac179db
2025.11.02 19:47:29.569266 [ 80 ] {} <Debug> HTTP-Session-24bf12e3-1353-4e49-be2b-1d41d5648a75: Authenticating user 'default' from 172.19.0.7:46024
2025.11.02 19:47:29.569359 [ 80 ] {} <Debug> HTTP-Session-24bf12e3-1353-4e49-be2b-1d41d5648a75: 24bf12e3-1353-4e49-be2b-1d41d5648a75 Authenticated with global context as user 94309d50-4f52-5250-31bd-74fecac179db
2025.11.02 19:47:29.569421 [ 80 ] {} <Debug> HTTP-Session-24bf12e3-1353-4e49-be2b-1d41d5648a75: Creating session context with user_id: 94309d50-4f52-5250-31bd-74fecac179db
2025.11.02 19:47:29.569628 [ 80 ] {d22dc5d4-b05b-42d4-b758-d3182a36ac98} <Debug> executeQuery: (from 172.19.0.7:46024) SELECT COUNT(*) FROM `db_truncate`.`tbl_truncate_local` WHERE (_partition_id = '1') AND ((1=1) AND (1=1))  (stage: Complete)
2025.11.02 19:47:29.571266 [ 80 ] {d22dc5d4-b05b-42d4-b758-d3182a36ac98} <Debug> executeQuery: Read 1 rows, 44.00 B in 0.0017 sec., 588.2352941176471 rows/sec., 25.28 KiB/sec.
2025.11.02 19:47:29.571669 [ 80 ] {d22dc5d4-b05b-42d4-b758-d3182a36ac98} <Debug> DynamicQueryHandler: Done processing query
2025.11.02 19:47:29.571733 [ 80 ] {d22dc5d4-b05b-42d4-b758-d3182a36ac98} <Debug> MemoryTracker: Query peak memory usage: 4.03 MiB.
2025.11.02 19:47:29.571829 [ 80 ] {} <Debug> HTTP-Session-24bf12e3-1353-4e49-be2b-1d41d5648a75: 24bf12e3-1353-4e49-be2b-1d41d5648a75 Logout, user_id: 94309d50-4f52-5250-31bd-74fecac179db
2025.11.02 19:47:29.631057 [ 82 ] {7748cc7c-df6f-4f92-a402-a1a21534b5e1} <Debug> executeQuery: (from 172.19.0.5:54456, initial_query_id: a8d15c28-66d6-41f5-b1bc-81408d38e5d4) SELECT `__table1`.`create_time` AS `create_time`, `__table1`.`y` AS `y`, `__table1`.`m` AS `m`, `__table1`.`id` AS `id`, `__table1`.`value` AS `value` FROM `db_truncate`.`tbl_truncate_local` AS `__table1` WHERE _CAST(0, 'UInt8') (stage: Complete)
2025.11.02 19:47:29.631464 [ 82 ] {7748cc7c-df6f-4f92-a402-a1a21534b5e1} <Debug> db_truncate.tbl_truncate_local (b85c4c2a-1940-4fc2-9e98-5a1438bad77a) (SelectExecutor): Selected 0/0 parts by partition key, 0 parts by primary key, 0/0 marks by primary key, 0 marks to read from 0 ranges
2025.11.02 19:47:29.632132 [ 82 ] {7748cc7c-df6f-4f92-a402-a1a21534b5e1} <Debug> TCPHandler: Processed in 0.001352458 sec.
2025.11.02 19:47:29.663537 [ 732 ] {} <Debug> DDLWorker: Scheduling tasks
2025.11.02 19:47:29.664162 [ 732 ] {} <Debug> DDLWorker: Will schedule 1 tasks starting from query-0000000003
2025.11.02 19:47:29.665016 [ 732 ] {} <Debug> DDLWorker: Processing task query-0000000003 (query: TRUNCATE TABLE db_truncate.tbl_truncate_local, backup restore: false)
2025.11.02 19:47:29.665928 [ 732 ] {} <Debug> DDLWorker: Executing query: TRUNCATE TABLE db_truncate.tbl_truncate_local
2025.11.02 19:47:29.666139 [ 732 ] {efc8e4f1-5393-4a3a-a30c-50472e111d83} <Debug> executeQuery: (from 0.0.0.0:0, user: , initial_query_id: 613dd8df-f1bb-480e-ac30-81a1312a902d) /* ddl_entry=query-0000000003 */ TRUNCATE TABLE db_truncate.tbl_truncate_local (stage: Complete)
2025.11.02 19:47:29.666525 [ 732 ] {efc8e4f1-5393-4a3a-a30c-50472e111d83} <Information> db_truncate.tbl_truncate_local (b85c4c2a-1940-4fc2-9e98-5a1438bad77a): Remove 1 parts by covering them with empty 1 parts. With txn (1, 1, 00000000-0000-0000-0000-000000000000).
2025.11.02 19:47:29.666616 [ 732 ] {efc8e4f1-5393-4a3a-a30c-50472e111d83} <Information> db_truncate.tbl_truncate_local (b85c4c2a-1940-4fc2-9e98-5a1438bad77a): Truncated table with 1 parts by replacing them with new empty 1 parts. With txn (1, 1, 00000000-0000-0000-0000-000000000000)
2025.11.02 19:47:29.667046 [ 732 ] {efc8e4f1-5393-4a3a-a30c-50472e111d83} <Debug> db_truncate.tbl_truncate_local (b85c4c2a-1940-4fc2-9e98-5a1438bad77a): Removing 1 parts from filesystem (serially): Parts: [1_1_1_0]
2025.11.02 19:47:29.667233 [ 732 ] {efc8e4f1-5393-4a3a-a30c-50472e111d83} <Debug> db_truncate.tbl_truncate_local (b85c4c2a-1940-4fc2-9e98-5a1438bad77a): Removing 1 parts from memory: Parts: [1_1_1_0]
2025.11.02 19:47:29.667289 [ 732 ] {efc8e4f1-5393-4a3a-a30c-50472e111d83} <Debug> db_truncate.tbl_truncate_local (b85c4c2a-1940-4fc2-9e98-5a1438bad77a): Removed 1 old parts
2025.11.02 19:47:29.667350 [ 732 ] {efc8e4f1-5393-4a3a-a30c-50472e111d83} <Information> db_truncate.tbl_truncate_local (b85c4c2a-1940-4fc2-9e98-5a1438bad77a): Will drop empty part 1_1_1_1
2025.11.02 19:47:29.667578 [ 732 ] {efc8e4f1-5393-4a3a-a30c-50472e111d83} <Debug> DDLWorker: Executed query: /* ddl_entry=query-0000000003 */ TRUNCATE TABLE db_truncate.tbl_truncate_local
2025.11.02 19:47:29.669809 [ 732 ] {} <Debug> DDLWorker: Waiting for queue updates
2025.11.02 19:47:29.721840 [ 82 ] {2f6e170e-c83a-4372-b183-9d84a37c8718} <Debug> executeQuery: (from 172.19.0.5:54456, initial_query_id: 4a61a125-b7e8-42da-ba50-884382bfd013) SELECT `__table1`.`create_time` AS `create_time`, `__table1`.`y` AS `y`, `__table1`.`m` AS `m`, `__table1`.`id` AS `id`, `__table1`.`value` AS `value` FROM `db_truncate`.`tbl_truncate_local` AS `__table1` WHERE _CAST(0, 'UInt8') (stage: Complete)
2025.11.02 19:47:29.722575 [ 82 ] {2f6e170e-c83a-4372-b183-9d84a37c8718} <Debug> TCPHandler: Processed in 0.000912625 sec.
2025.11.02 19:47:29.740213 [ 82 ] {916d6956-de42-4678-9588-33c9d8ddda40} <Debug> executeQuery: (from 172.19.0.5:54456, initial_query_id: 2475b7be-5071-4671-965f-151947eab1f1) SELECT count() AS `COUNT()` FROM `db_truncate`.`tbl_truncate_local` AS `__table1` WHERE _CAST(0, 'UInt8') (stage: WithMergeableState)
2025.11.02 19:47:29.740888 [ 82 ] {916d6956-de42-4678-9588-33c9d8ddda40} <Debug> TCPHandler: Processed in 0.000834041 sec.
2025.11.02 19:47:29.748049 [ 80 ] {} <Debug> HTTP-Session-782b4cbd-56b5-41ab-a23b-d3a5041d1375: Authenticating user 'default' from 172.19.0.7:46030
2025.11.02 19:47:29.748119 [ 80 ] {} <Debug> HTTP-Session-782b4cbd-56b5-41ab-a23b-d3a5041d1375: 782b4cbd-56b5-41ab-a23b-d3a5041d1375 Authenticated with global context as user 94309d50-4f52-5250-31bd-74fecac179db
2025.11.02 19:47:29.748173 [ 80 ] {} <Debug> HTTP-Session-782b4cbd-56b5-41ab-a23b-d3a5041d1375: Creating session context with user_id: 94309d50-4f52-5250-31bd-74fecac179db
2025.11.02 19:47:29.748375 [ 80 ] {ea02f91d-dbfa-41dd-b71e-61a3074c4987} <Debug> executeQuery: (from 172.19.0.7:46030) SELECT partition, -- String
 partition_id, -- String
 sum(rows) AS row_count, -- UInt64
 sum(bytes_on_disk) AS size_in_bytes -- UInt64
 FROM `system`.`parts` WHERE `database`='db_truncate' AND `table`='tbl_truncate_local' AND `active`=1 GROUP BY `partition`, `partition_id` ORDER BY `partition` ASC, partition_id ASC  (stage: Complete)
2025.11.02 19:47:29.750113 [ 80 ] {ea02f91d-dbfa-41dd-b71e-61a3074c4987} <Debug> DynamicQueryHandler: Done processing query
2025.11.02 19:47:29.750188 [ 80 ] {ea02f91d-dbfa-41dd-b71e-61a3074c4987} <Debug> MemoryTracker: Query peak memory usage: 3.03 MiB.
2025.11.02 19:47:29.750342 [ 80 ] {} <Debug> HTTP-Session-782b4cbd-56b5-41ab-a23b-d3a5041d1375: 782b4cbd-56b5-41ab-a23b-d3a5041d1375 Logout, user_id: 94309d50-4f52-5250-31bd-74fecac179db
2025.11.02 19:47:29.765486 [ 80 ] {} <Debug> HTTP-Session-a4aeb67e-23d9-497a-94e0-94d2731575b5: Authenticating user 'default' from 172.19.0.7:46038
2025.11.02 19:47:29.765573 [ 80 ] {} <Debug> HTTP-Session-a4aeb67e-23d9-497a-94e0-94d2731575b5: a4aeb67e-23d9-497a-94e0-94d2731575b5 Authenticated with global context as user 94309d50-4f52-5250-31bd-74fecac179db
2025.11.02 19:47:29.765624 [ 80 ] {} <Debug> HTTP-Session-a4aeb67e-23d9-497a-94e0-94d2731575b5: Creating session context with user_id: 94309d50-4f52-5250-31bd-74fecac179db
2025.11.02 19:47:29.765804 [ 80 ] {d9650120-4e6c-43ed-9f42-92aa562fabb3} <Debug> executeQuery: (from 172.19.0.7:46038) SELECT COUNT(*) FROM `db_truncate`.`tbl_truncate_local` WHERE (1=1) AND ((1=1) AND (1=1))  (stage: Complete)
2025.11.02 19:47:29.766377 [ 758 ] {d9650120-4e6c-43ed-9f42-92aa562fabb3} <Debug> MergingAggregatedTransform: Read 1 blocks of partially aggregated data, total 1 rows.
2025.11.02 19:47:29.766521 [ 758 ] {d9650120-4e6c-43ed-9f42-92aa562fabb3} <Debug> Aggregator: Converted aggregated data to blocks. 1 rows, 8.00 B in 4.584e-06 sec. (218150.087 rows/sec., 1.66 MiB/sec.)
2025.11.02 19:47:29.767266 [ 80 ] {d9650120-4e6c-43ed-9f42-92aa562fabb3} <Debug> executeQuery: Read 1 rows, 16.00 B in 0.001519 sec., 658.3278472679394 rows/sec., 10.29 KiB/sec.
2025.11.02 19:47:29.767629 [ 80 ] {d9650120-4e6c-43ed-9f42-92aa562fabb3} <Debug> DynamicQueryHandler: Done processing query
2025.11.02 19:47:29.767713 [ 80 ] {d9650120-4e6c-43ed-9f42-92aa562fabb3} <Debug> MemoryTracker: Query peak memory usage: 4.01 MiB.
2025.11.02 19:47:29.767824 [ 80 ] {} <Debug> HTTP-Session-a4aeb67e-23d9-497a-94e0-94d2731575b5: a4aeb67e-23d9-497a-94e0-94d2731575b5 Logout, user_id: 94309d50-4f52-5250-31bd-74fecac179db
2025.11.02 19:47:29.797599 [ 732 ] {} <Debug> DDLWorker: Scheduling tasks
2025.11.02 19:47:29.798257 [ 732 ] {} <Debug> DDLWorker: Will schedule 1 tasks starting from query-0000000004
2025.11.02 19:47:29.799941 [ 732 ] {} <Debug> DDLWorker: Processing task query-0000000004 (query: DROP TABLE IF EXISTS db_truncate.tbl_truncate, backup restore: false)
2025.11.02 19:47:29.801092 [ 732 ] {} <Debug> DDLWorker: Executing query: DROP TABLE IF EXISTS db_truncate.tbl_truncate
2025.11.02 19:47:29.801247 [ 732 ] {992e88ff-f3e6-4dd1-aa21-88377b280ece} <Debug> executeQuery: (from 0.0.0.0:0, user: , initial_query_id: 516050a8-3f4d-420c-a5b4-d9ecd74cdac9) /* ddl_entry=query-0000000004 */ DROP TABLE IF EXISTS db_truncate.tbl_truncate (stage: Complete)
2025.11.02 19:47:29.801320 [ 732 ] {992e88ff-f3e6-4dd1-aa21-88377b280ece} <Information> StorageDistributed (tbl_truncate): Flushing pending INSERT blocks
2025.11.02 19:47:29.801527 [ 732 ] {992e88ff-f3e6-4dd1-aa21-88377b280ece} <Information> StorageDistributed (tbl_truncate): Pending INSERT blocks flushed, took 0 ms.
2025.11.02 19:47:29.801656 [ 732 ] {992e88ff-f3e6-4dd1-aa21-88377b280ece} <Debug> StorageDistributed (tbl_truncate): Joining background threads for async INSERT
2025.11.02 19:47:29.801716 [ 732 ] {992e88ff-f3e6-4dd1-aa21-88377b280ece} <Debug> StorageDistributed (tbl_truncate): Background threads for async INSERT joined
2025.11.02 19:47:29.802097 [ 732 ] {992e88ff-f3e6-4dd1-aa21-88377b280ece} <Debug> DDLWorker: Executed query: /* ddl_entry=query-0000000004 */ DROP TABLE IF EXISTS db_truncate.tbl_truncate
2025.11.02 19:47:29.803615 [ 732 ] {} <Debug> DDLWorker: Waiting for queue updates
2025.11.02 19:47:29.863242 [ 732 ] {} <Debug> DDLWorker: Scheduling tasks
2025.11.02 19:47:29.863637 [ 732 ] {} <Debug> DDLWorker: Will schedule 1 tasks starting from query-0000000005
2025.11.02 19:47:29.864647 [ 732 ] {} <Debug> DDLWorker: Processing task query-0000000005 (query: DROP TABLE IF EXISTS db_truncate.tbl_truncate_local, backup restore: false)
2025.11.02 19:47:29.865478 [ 732 ] {} <Debug> DDLWorker: Executing query: DROP TABLE IF EXISTS db_truncate.tbl_truncate_local
2025.11.02 19:47:29.865643 [ 732 ] {a00eb186-64b4-4da1-b12d-12ae2f7843fa} <Debug> executeQuery: (from 0.0.0.0:0, user: , initial_query_id: f4732d21-c96f-44e0-9b20-0db1af10f541) /* ddl_entry=query-0000000005 */ DROP TABLE IF EXISTS db_truncate.tbl_truncate_local (stage: Complete)
2025.11.02 19:47:29.865919 [ 732 ] {a00eb186-64b4-4da1-b12d-12ae2f7843fa} <Debug> DDLWorker: Executed query: /* ddl_entry=query-0000000005 */ DROP TABLE IF EXISTS db_truncate.tbl_truncate_local
2025.11.02 19:47:29.866752 [ 732 ] {} <Debug> DDLWorker: Waiting for queue updates
2025.11.02 19:47:29.926176 [ 732 ] {} <Debug> DDLWorker: Scheduling tasks
2025.11.02 19:47:29.926813 [ 732 ] {} <Debug> DDLWorker: Will schedule 1 tasks starting from query-0000000006
2025.11.02 19:47:29.927663 [ 732 ] {} <Debug> DDLWorker: Processing task query-0000000006 (query: DROP DATABASE IF EXISTS db_truncate, backup restore: false)
2025.11.02 19:47:29.928381 [ 732 ] {} <Debug> DDLWorker: Executing query: DROP DATABASE IF EXISTS db_truncate
2025.11.02 19:47:29.928502 [ 732 ] {0ec7af9c-cb25-422b-8129-9f9d20c0a525} <Debug> executeQuery: (from 0.0.0.0:0, user: , initial_query_id: 35a6e153-b603-46d5-bccb-0c1065f9ec41) /* ddl_entry=query-0000000006 */ DROP DATABASE IF EXISTS db_truncate (stage: Complete)
2025.11.02 19:47:29.928590 [ 732 ] {0ec7af9c-cb25-422b-8129-9f9d20c0a525} <Debug> DatabaseAtomic (db_truncate): There are 0 detached tables. Start searching non used tables.
2025.11.02 19:47:29.928647 [ 732 ] {0ec7af9c-cb25-422b-8129-9f9d20c0a525} <Debug> DatabaseAtomic (db_truncate): Found 0 non used tables in detached tables.
2025.11.02 19:47:29.929002 [ 732 ] {0ec7af9c-cb25-422b-8129-9f9d20c0a525} <Debug> DDLWorker: Executed query: /* ddl_entry=query-0000000006 */ DROP DATABASE IF EXISTS db_truncate
2025.11.02 19:47:29.930048 [ 732 ] {} <Debug> DDLWorker: Waiting for queue updates
2025.11.02 19:47:29.990102 [ 732 ] {} <Debug> DDLWorker: Scheduling tasks
2025.11.02 19:47:29.990650 [ 732 ] {} <Debug> DDLWorker: Will schedule 1 tasks starting from query-0000000007
2025.11.02 19:47:29.991706 [ 732 ] {} <Debug> DDLWorker: Processing task query-0000000007 (query: CREATE DATABASE IF NOT EXISTS db_delete UUID '550e4696-db43-4420-8ed9-8f43d03f03c2', backup restore: false)
2025.11.02 19:47:29.992720 [ 732 ] {} <Debug> DDLWorker: Executing query: CREATE DATABASE IF NOT EXISTS db_delete UUID '550e4696-db43-4420-8ed9-8f43d03f03c2'
2025.11.02 19:47:29.992799 [ 732 ] {5c627a81-cb20-46e9-9e42-8693f3c1e9de} <Debug> executeQuery: (from 0.0.0.0:0, user: , initial_query_id: 740b971c-9aa7-4a43-b412-94ed3e7731fa) /* ddl_entry=query-0000000007 */ CREATE DATABASE IF NOT EXISTS db_delete UUID '550e4696-db43-4420-8ed9-8f43d03f03c2' (stage: Complete)
2025.11.02 19:47:29.994119 [ 732 ] {5c627a81-cb20-46e9-9e42-8693f3c1e9de} <Information> DatabaseAtomic (db_delete): Metadata processed, database db_delete has 0 tables and 0 dictionaries in total.
2025.11.02 19:47:29.994174 [ 732 ] {5c627a81-cb20-46e9-9e42-8693f3c1e9de} <Information> TablesLoader: Parsed metadata of 0 tables in 1 databases in 6.3167e-05 sec
2025.11.02 19:47:29.994257 [ 732 ] {5c627a81-cb20-46e9-9e42-8693f3c1e9de} <Debug> AsyncLoader: Prioritize load job 'startup Atomic database db_delete': BackgrndStartup -> ForegroundLoad
2025.11.02 19:47:29.994328 [ 732 ] {5c627a81-cb20-46e9-9e42-8693f3c1e9de} <Debug> AsyncLoader: Prioritize load job 'startup Ordinary database db_delete': BackgrndStartup -> ForegroundLoad
2025.11.02 19:47:29.994391 [ 732 ] {5c627a81-cb20-46e9-9e42-8693f3c1e9de} <Debug> AsyncLoader: Schedule load job 'startup Ordinary database db_delete' into ForegroundLoad
2025.11.02 19:47:29.994430 [ 732 ] {5c627a81-cb20-46e9-9e42-8693f3c1e9de} <Debug> AsyncLoader: Schedule load job 'startup Atomic database db_delete' into ForegroundLoad
2025.11.02 19:47:29.994463 [ 732 ] {5c627a81-cb20-46e9-9e42-8693f3c1e9de} <Debug> AsyncLoader: Change current priority: none -> 0
2025.11.02 19:47:29.994518 [ 732 ] {5c627a81-cb20-46e9-9e42-8693f3c1e9de} <Debug> AsyncLoader: Spawn loader worker #1 in ForegroundLoad
2025.11.02 19:47:29.994671 [ 732 ] {5c627a81-cb20-46e9-9e42-8693f3c1e9de} <Debug> AsyncLoader: Wait load job 'startup Atomic database db_delete' in ForegroundLoad
2025.11.02 19:47:29.994681 [ 765 ] {} <Debug> AsyncLoader: Execute load job 'startup Ordinary database db_delete' in ForegroundLoad
2025.11.02 19:47:29.994791 [ 765 ] {} <Debug> AsyncLoader: Finish load job 'startup Ordinary database db_delete' with status OK
2025.11.02 19:47:29.994852 [ 765 ] {} <Debug> AsyncLoader: Spawn loader worker #2 in ForegroundLoad
2025.11.02 19:47:29.994978 [ 765 ] {} <Debug> AsyncLoader: Execute load job 'startup Atomic database db_delete' in ForegroundLoad
2025.11.02 19:47:29.995064 [ 765 ] {} <Debug> AsyncLoader: Finish load job 'startup Atomic database db_delete' with status OK
2025.11.02 19:47:29.995131 [ 765 ] {} <Debug> AsyncLoader: Stop worker in ForegroundLoad
2025.11.02 19:47:29.995168 [ 732 ] {5c627a81-cb20-46e9-9e42-8693f3c1e9de} <Debug> DDLWorker: Executed query: /* ddl_entry=query-0000000007 */ CREATE DATABASE IF NOT EXISTS db_delete UUID '550e4696-db43-4420-8ed9-8f43d03f03c2'
2025.11.02 19:47:29.995207 [ 729 ] {} <Debug> AsyncLoader: Stop worker in ForegroundLoad
2025.11.02 19:47:29.995345 [ 729 ] {} <Debug> AsyncLoader: Change current priority: 0 -> none
2025.11.02 19:47:29.996843 [ 732 ] {} <Debug> DDLWorker: Waiting for queue updates
2025.11.02 19:47:30.053758 [ 732 ] {} <Debug> DDLWorker: Scheduling tasks
2025.11.02 19:47:30.054391 [ 732 ] {} <Debug> DDLWorker: Will schedule 1 tasks starting from query-0000000008
2025.11.02 19:47:30.055294 [ 732 ] {} <Debug> DDLWorker: Processing task query-0000000008 (query: CREATE TABLE db_delete.tbl_delete_local UUID '09ba16bb-7769-44f8-90c5-d56416554259' (`create_time` DateTime, `y` Int32 COMMENT 'shard key', `m` Int32 COMMENT 'part key', `id` Int64 COMMENT 'sort key', `value` Nullable(String)) ENGINE = MergeTree PARTITION BY m ORDER BY id SETTINGS index_granularity = 8192, backup restore: false)
2025.11.02 19:47:30.056144 [ 732 ] {} <Debug> DDLWorker: Executing query: CREATE TABLE db_delete.tbl_delete_local UUID '09ba16bb-7769-44f8-90c5-d56416554259' (`create_time` DateTime, `y` Int32 COMMENT 'shard key', `m` Int32 COMMENT 'part key', `id` Int64 COMMENT 'sort key', `value` Nullable(String)) ENGINE = MergeTree PARTITION BY m ORDER BY id SETTINGS index_granularity = 8192
2025.11.02 19:47:30.056274 [ 732 ] {269fa742-400f-4094-9dcc-93ef0a6a838e} <Debug> executeQuery: (from 0.0.0.0:0, user: , initial_query_id: 2f2ee573-4b70-40ce-a1f5-f4836e1f5b50) /* ddl_entry=query-0000000008 */ CREATE TABLE db_delete.tbl_delete_local UUID '09ba16bb-7769-44f8-90c5-d56416554259' (`create_time` DateTime, `y` Int32 COMMENT 'shard key', `m` Int32 COMMENT 'part key', `id` Int64 COMMENT 'sort key', `value` Nullable(String)) ENGINE = MergeTree PARTITION BY m ORDER BY id SETTINGS index_granularity = 8192 (stage: Complete)
2025.11.02 19:47:30.057516 [ 732 ] {269fa742-400f-4094-9dcc-93ef0a6a838e} <Debug> db_delete.tbl_delete_local (09ba16bb-7769-44f8-90c5-d56416554259): Loading data parts
2025.11.02 19:47:30.057659 [ 732 ] {269fa742-400f-4094-9dcc-93ef0a6a838e} <Debug> db_delete.tbl_delete_local (09ba16bb-7769-44f8-90c5-d56416554259): There are no data parts
2025.11.02 19:47:30.058500 [ 732 ] {269fa742-400f-4094-9dcc-93ef0a6a838e} <Debug> DatabaseAtomic (db_delete): There are 0 detached tables. Start searching non used tables.
2025.11.02 19:47:30.058546 [ 732 ] {269fa742-400f-4094-9dcc-93ef0a6a838e} <Debug> DatabaseAtomic (db_delete): Found 0 non used tables in detached tables.
2025.11.02 19:47:30.059201 [ 732 ] {269fa742-400f-4094-9dcc-93ef0a6a838e} <Debug> DDLWorker: Executed query: /* ddl_entry=query-0000000008 */ CREATE TABLE db_delete.tbl_delete_local UUID '09ba16bb-7769-44f8-90c5-d56416554259' (`create_time` DateTime, `y` Int32 COMMENT 'shard key', `m` Int32 COMMENT 'part key', `id` Int64 COMMENT 'sort key', `value` Nullable(String)) ENGINE = MergeTree PARTITION BY m ORDER BY id SETTINGS index_granularity = 8192
2025.11.02 19:47:30.060259 [ 732 ] {} <Debug> DDLWorker: Waiting for queue updates
2025.11.02 19:47:30.114550 [ 732 ] {} <Debug> DDLWorker: Scheduling tasks
2025.11.02 19:47:30.115199 [ 732 ] {} <Debug> DDLWorker: Will schedule 1 tasks starting from query-0000000009
2025.11.02 19:47:30.116086 [ 732 ] {} <Debug> DDLWorker: Processing task query-0000000009 (query: CREATE TABLE db_delete.tbl_delete UUID '86ae22dd-64b0-4aeb-87c8-12beef8d671c' (`create_time` DateTime, `y` Int32 COMMENT 'shard key', `m` Int32 COMMENT 'part key', `id` Int64 COMMENT 'sort key', `value` Nullable(String)) ENGINE = Distributed(single_replica, 'db_delete', 'tbl_delete_local', y), backup restore: false)
2025.11.02 19:47:30.116830 [ 732 ] {} <Debug> DDLWorker: Executing query: CREATE TABLE db_delete.tbl_delete UUID '86ae22dd-64b0-4aeb-87c8-12beef8d671c' (`create_time` DateTime, `y` Int32 COMMENT 'shard key', `m` Int32 COMMENT 'part key', `id` Int64 COMMENT 'sort key', `value` Nullable(String)) ENGINE = Distributed(single_replica, 'db_delete', 'tbl_delete_local', y)
2025.11.02 19:47:30.117017 [ 732 ] {ff830519-3946-48c2-a47b-c9a92ff8f381} <Debug> executeQuery: (from 0.0.0.0:0, user: , initial_query_id: eb89d9d6-b368-4eb3-a493-2689d653d950) /* ddl_entry=query-0000000009 */ CREATE TABLE db_delete.tbl_delete UUID '86ae22dd-64b0-4aeb-87c8-12beef8d671c' (`create_time` DateTime, `y` Int32 COMMENT 'shard key', `m` Int32 COMMENT 'part key', `id` Int64 COMMENT 'sort key', `value` Nullable(String)) ENGINE = Distributed(single_replica, 'db_delete', 'tbl_delete_local', y) (stage: Complete)
2025.11.02 19:47:30.117440 [ 732 ] {ff830519-3946-48c2-a47b-c9a92ff8f381} <Debug> StorageDistributed (tbl_delete): Auto-increment is 0
2025.11.02 19:47:30.118588 [ 732 ] {ff830519-3946-48c2-a47b-c9a92ff8f381} <Debug> DatabaseAtomic (db_delete): There are 0 detached tables. Start searching non used tables.
2025.11.02 19:47:30.118644 [ 732 ] {ff830519-3946-48c2-a47b-c9a92ff8f381} <Debug> DatabaseAtomic (db_delete): Found 0 non used tables in detached tables.
2025.11.02 19:47:30.118917 [ 732 ] {ff830519-3946-48c2-a47b-c9a92ff8f381} <Debug> DDLWorker: Executed query: /* ddl_entry=query-0000000009 */ CREATE TABLE db_delete.tbl_delete UUID '86ae22dd-64b0-4aeb-87c8-12beef8d671c' (`create_time` DateTime, `y` Int32 COMMENT 'shard key', `m` Int32 COMMENT 'part key', `id` Int64 COMMENT 'sort key', `value` Nullable(String)) ENGINE = Distributed(single_replica, 'db_delete', 'tbl_delete_local', y)
2025.11.02 19:47:30.119577 [ 732 ] {} <Debug> DDLWorker: Waiting for queue updates
2025.11.02 19:47:30.172271 [ 82 ] {4c52d217-6e46-4e23-92b8-1e1e2552c240} <Debug> executeQuery: (from 172.19.0.5:54456, initial_query_id: c2bb38f2-9abe-42ae-b219-9fdc78fd54b0) SELECT `__table1`.`create_time` AS `create_time`, `__table1`.`y` AS `y`, `__table1`.`m` AS `m`, `__table1`.`id` AS `id`, `__table1`.`value` AS `value` FROM `db_delete`.`tbl_delete_local` AS `__table1` WHERE _CAST(0, 'UInt8') (stage: Complete)
2025.11.02 19:47:30.172848 [ 82 ] {4c52d217-6e46-4e23-92b8-1e1e2552c240} <Debug> TCPHandler: Processed in 0.000756167 sec.
2025.11.02 19:47:30.179001 [ 82 ] {7e952065-9ded-48f7-88c5-b0a0685bf301} <Debug> executeQuery: (from 172.19.0.5:54456, initial_query_id: 97dae15b-8cd2-44b0-bd6f-8d4e2ef04530) SELECT `__table1`.`create_time` AS `create_time`, `__table1`.`y` AS `y`, `__table1`.`m` AS `m`, `__table1`.`id` AS `id`, `__table1`.`value` AS `value` FROM `db_delete`.`tbl_delete_local` AS `__table1` WHERE _CAST(0, 'UInt8') (stage: Complete)
2025.11.02 19:47:30.179627 [ 82 ] {7e952065-9ded-48f7-88c5-b0a0685bf301} <Debug> TCPHandler: Processed in 0.000837417 sec.
2025.11.02 19:47:30.207269 [ 82 ] {88d82583-ec5e-4d98-96bc-1ccf2cae5d3f} <Debug> executeQuery: (from 172.19.0.5:54456, initial_query_id: 3669b592-ff5b-46e6-a32e-ddbf41cc287e) SELECT `__table1`.`create_time` AS `create_time`, `__table1`.`y` AS `y`, `__table1`.`m` AS `m`, `__table1`.`id` AS `id`, `__table1`.`value` AS `value` FROM `db_delete`.`tbl_delete_local` AS `__table1` WHERE _CAST(0, 'UInt8') (stage: Complete)
2025.11.02 19:47:30.207891 [ 82 ] {88d82583-ec5e-4d98-96bc-1ccf2cae5d3f} <Debug> TCPHandler: Processed in 0.000878458 sec.
2025.11.02 19:47:30.243073 [ 80 ] {} <Debug> HTTP-Session-cd9eea02-a9be-4990-9094-67dfe5c18070: Authenticating user 'default' from 172.19.0.7:46048
2025.11.02 19:47:30.243168 [ 80 ] {} <Debug> HTTP-Session-cd9eea02-a9be-4990-9094-67dfe5c18070: cd9eea02-a9be-4990-9094-67dfe5c18070 Authenticated with global context as user 94309d50-4f52-5250-31bd-74fecac179db
2025.11.02 19:47:30.243223 [ 80 ] {} <Debug> HTTP-Session-cd9eea02-a9be-4990-9094-67dfe5c18070: Creating session context with user_id: 94309d50-4f52-5250-31bd-74fecac179db
2025.11.02 19:47:30.243413 [ 80 ] {a4de70ee-8fcf-4e5f-bc90-e7ff37adc083} <Debug> executeQuery: (from 172.19.0.7:46048) INSERT INTO `db_delete`.`tbl_delete` FORMAT ArrowStream  (stage: Complete)
2025.11.02 19:47:30.304568 [ 758 ] {76228cbf-732f-4c15-8126-e1934963c8dc} <Debug> AsynchronousInsertQueue: Flushed 2 rows, 62 bytes for query 'INSERT INTO db_delete.tbl_delete (create_time, y, m, id, value) FORMAT ArrowStream'
2025.11.02 19:47:30.304706 [ 758 ] {76228cbf-732f-4c15-8126-e1934963c8dc} <Debug> MemoryTracker: Query peak memory usage: 3.38 MiB.
2025.11.02 19:47:30.304822 [ 80 ] {a4de70ee-8fcf-4e5f-bc90-e7ff37adc083} <Debug> DynamicQueryHandler: Done processing query
2025.11.02 19:47:30.304938 [ 80 ] {} <Debug> HTTP-Session-cd9eea02-a9be-4990-9094-67dfe5c18070: cd9eea02-a9be-4990-9094-67dfe5c18070 Logout, user_id: 94309d50-4f52-5250-31bd-74fecac179db
2025.11.02 19:47:30.305619 [ 634 ] {} <Debug> db_delete.tbl_delete.DistributedInsertQueue.default: Sending `/var/lib/clickhouse/store/86a/86ae22dd-64b0-4aeb-87c8-12beef8d671c/shard3_replica1/1.bin` to clickhouse-s2r1:9000 (1.00 rows, 31.00 B bytes)
2025.11.02 19:47:30.376746 [ 82 ] {68b03153-b84a-4e7f-bbb3-917082d4a0d8} <Debug> executeQuery: (from 172.19.0.5:54456, initial_query_id: ea8325e6-5e8e-4dcb-8bc7-348b955a32d1) SELECT `__table1`.`create_time` AS `create_time`, `__table1`.`y` AS `y`, `__table1`.`m` AS `m`, `__table1`.`id` AS `id`, `__table1`.`value` AS `value` FROM `db_delete`.`tbl_delete_local` AS `__table1` WHERE _CAST(0, 'UInt8') (stage: Complete)
2025.11.02 19:47:30.377160 [ 82 ] {68b03153-b84a-4e7f-bbb3-917082d4a0d8} <Debug> db_delete.tbl_delete_local (09ba16bb-7769-44f8-90c5-d56416554259) (SelectExecutor): Selected 0/0 parts by partition key, 0 parts by primary key, 0/0 marks by primary key, 0 marks to read from 0 ranges
2025.11.02 19:47:30.377657 [ 82 ] {68b03153-b84a-4e7f-bbb3-917082d4a0d8} <Debug> TCPHandler: Processed in 0.001135541 sec.
2025.11.02 19:47:30.399945 [ 82 ] {1f0d325b-503b-47b2-bec2-218901620105} <Debug> executeQuery: (from 172.19.0.5:54456, initial_query_id: 9bc95791-b906-41ba-8e5f-ee39f2686915) SELECT count() AS `COUNT()` FROM `db_delete`.`tbl_delete_local` AS `__table1` WHERE _CAST(0, 'UInt8') (stage: WithMergeableState)
2025.11.02 19:47:30.400393 [ 82 ] {1f0d325b-503b-47b2-bec2-218901620105} <Debug> db_delete.tbl_delete_local (09ba16bb-7769-44f8-90c5-d56416554259) (SelectExecutor): Selected 0/0 parts by partition key, 0 parts by primary key, 0/0 marks by primary key, 0 marks to read from 0 ranges
2025.11.02 19:47:30.405218 [ 82 ] {1f0d325b-503b-47b2-bec2-218901620105} <Debug> TCPHandler: Processed in 0.005445459 sec.
2025.11.02 19:47:30.413536 [ 80 ] {} <Debug> HTTP-Session-c9926924-d1b3-45f3-b6ef-8e2b186efbe5: Authenticating user 'default' from 172.19.0.7:46054
2025.11.02 19:47:30.413609 [ 80 ] {} <Debug> HTTP-Session-c9926924-d1b3-45f3-b6ef-8e2b186efbe5: c9926924-d1b3-45f3-b6ef-8e2b186efbe5 Authenticated with global context as user 94309d50-4f52-5250-31bd-74fecac179db
2025.11.02 19:47:30.413661 [ 80 ] {} <Debug> HTTP-Session-c9926924-d1b3-45f3-b6ef-8e2b186efbe5: Creating session context with user_id: 94309d50-4f52-5250-31bd-74fecac179db
2025.11.02 19:47:30.413850 [ 80 ] {be258857-623d-4337-9612-b24a13156ea5} <Debug> executeQuery: (from 172.19.0.7:46054) SELECT partition, -- String
 partition_id, -- String
 sum(rows) AS row_count, -- UInt64
 sum(bytes_on_disk) AS size_in_bytes -- UInt64
 FROM `system`.`parts` WHERE `database`='db_delete' AND `table`='tbl_delete_local' AND `active`=1 GROUP BY `partition`, `partition_id` ORDER BY `partition` ASC, partition_id ASC  (stage: Complete)
2025.11.02 19:47:30.415359 [ 80 ] {be258857-623d-4337-9612-b24a13156ea5} <Debug> executeQuery: Read 1 rows, 80.00 B in 0.001586 sec., 630.517023959647 rows/sec., 49.26 KiB/sec.
2025.11.02 19:47:30.415688 [ 80 ] {be258857-623d-4337-9612-b24a13156ea5} <Debug> DynamicQueryHandler: Done processing query
2025.11.02 19:47:30.415741 [ 80 ] {be258857-623d-4337-9612-b24a13156ea5} <Debug> MemoryTracker: Query peak memory usage: 4.02 MiB.
2025.11.02 19:47:30.415807 [ 80 ] {} <Debug> HTTP-Session-c9926924-d1b3-45f3-b6ef-8e2b186efbe5: c9926924-d1b3-45f3-b6ef-8e2b186efbe5 Logout, user_id: 94309d50-4f52-5250-31bd-74fecac179db
2025.11.02 19:47:30.431478 [ 80 ] {} <Debug> HTTP-Session-0a800692-301b-40d2-ab7d-25f1f18a4267: Authenticating user 'default' from 172.19.0.7:46056
2025.11.02 19:47:30.431568 [ 80 ] {} <Debug> HTTP-Session-0a800692-301b-40d2-ab7d-25f1f18a4267: 0a800692-301b-40d2-ab7d-25f1f18a4267 Authenticated with global context as user 94309d50-4f52-5250-31bd-74fecac179db
2025.11.02 19:47:30.431625 [ 80 ] {} <Debug> HTTP-Session-0a800692-301b-40d2-ab7d-25f1f18a4267: Creating session context with user_id: 94309d50-4f52-5250-31bd-74fecac179db
2025.11.02 19:47:30.431821 [ 80 ] {7f7c7773-3bc1-41a5-a6d3-d13e6b669796} <Debug> executeQuery: (from 172.19.0.7:46056) SELECT COUNT(*) FROM `db_delete`.`tbl_delete_local` WHERE (_partition_id = '1') AND ((1=1) AND (1=1))  (stage: Complete)
2025.11.02 19:47:30.433337 [ 80 ] {7f7c7773-3bc1-41a5-a6d3-d13e6b669796} <Debug> executeQuery: Read 1 rows, 44.00 B in 0.001565 sec., 638.9776357827476 rows/sec., 27.46 KiB/sec.
2025.11.02 19:47:30.433716 [ 80 ] {7f7c7773-3bc1-41a5-a6d3-d13e6b669796} <Debug> DynamicQueryHandler: Done processing query
2025.11.02 19:47:30.433792 [ 80 ] {7f7c7773-3bc1-41a5-a6d3-d13e6b669796} <Debug> MemoryTracker: Query peak memory usage: 4.03 MiB.
2025.11.02 19:47:30.433985 [ 80 ] {} <Debug> HTTP-Session-0a800692-301b-40d2-ab7d-25f1f18a4267: 0a800692-301b-40d2-ab7d-25f1f18a4267 Logout, user_id: 94309d50-4f52-5250-31bd-74fecac179db
2025.11.02 19:47:30.461066 [ 82 ] {40e96fe5-7152-4085-9e9d-a1d457b23ba8} <Debug> executeQuery: (from 172.19.0.5:54456, initial_query_id: c5b239c0-ea23-41d3-84fd-8c4afa7ffa8e) SELECT `__table1`.`create_time` AS `create_time`, `__table1`.`y` AS `y`, `__table1`.`m` AS `m`, `__table1`.`id` AS `id`, `__table1`.`value` AS `value` FROM `db_delete`.`tbl_delete_local` AS `__table1` WHERE _CAST(0, 'UInt8') (stage: Complete)
2025.11.02 19:47:30.461435 [ 82 ] {40e96fe5-7152-4085-9e9d-a1d457b23ba8} <Debug> db_delete.tbl_delete_local (09ba16bb-7769-44f8-90c5-d56416554259) (SelectExecutor): Selected 0/0 parts by partition key, 0 parts by primary key, 0/0 marks by primary key, 0 marks to read from 0 ranges
2025.11.02 19:47:30.462149 [ 82 ] {40e96fe5-7152-4085-9e9d-a1d457b23ba8} <Debug> TCPHandler: Processed in 0.00127775 sec.
2025.11.02 19:47:30.493167 [ 80 ] {} <Debug> HTTP-Session-6e9e6b3e-49df-4187-9f25-0cb62503fc0b: Authenticating user 'default' from 172.19.0.7:46064
2025.11.02 19:47:30.493254 [ 80 ] {} <Debug> HTTP-Session-6e9e6b3e-49df-4187-9f25-0cb62503fc0b: 6e9e6b3e-49df-4187-9f25-0cb62503fc0b Authenticated with global context as user 94309d50-4f52-5250-31bd-74fecac179db
2025.11.02 19:47:30.493305 [ 80 ] {} <Debug> HTTP-Session-6e9e6b3e-49df-4187-9f25-0cb62503fc0b: Creating session context with user_id: 94309d50-4f52-5250-31bd-74fecac179db
2025.11.02 19:47:30.493518 [ 80 ] {1e442e9c-2bdb-4ef3-ad42-030548bcf908} <Debug> executeQuery: (from 172.19.0.7:46064) SELECT partition, -- String
 partition_id, -- String
 sum(rows) AS row_count, -- UInt64
 sum(bytes_on_disk) AS size_in_bytes -- UInt64
 FROM `system`.`parts` WHERE `database`='db_delete' AND `table`='tbl_delete_local' AND `active`=1 GROUP BY `partition`, `partition_id` ORDER BY `partition` ASC, partition_id ASC  (stage: Complete)
2025.11.02 19:47:30.501660 [ 80 ] {1e442e9c-2bdb-4ef3-ad42-030548bcf908} <Debug> executeQuery: Read 1 rows, 80.00 B in 0.008224 sec., 121.5953307392996 rows/sec., 9.50 KiB/sec.
2025.11.02 19:47:30.502152 [ 80 ] {1e442e9c-2bdb-4ef3-ad42-030548bcf908} <Debug> DynamicQueryHandler: Done processing query
2025.11.02 19:47:30.502216 [ 80 ] {1e442e9c-2bdb-4ef3-ad42-030548bcf908} <Debug> MemoryTracker: Query peak memory usage: 4.02 MiB.
2025.11.02 19:47:30.502331 [ 80 ] {} <Debug> HTTP-Session-6e9e6b3e-49df-4187-9f25-0cb62503fc0b: 6e9e6b3e-49df-4187-9f25-0cb62503fc0b Logout, user_id: 94309d50-4f52-5250-31bd-74fecac179db
2025.11.02 19:47:30.534277 [ 732 ] {} <Debug> DDLWorker: Scheduling tasks
2025.11.02 19:47:30.534762 [ 732 ] {} <Debug> DDLWorker: Will schedule 1 tasks starting from query-0000000010
2025.11.02 19:47:30.535578 [ 732 ] {} <Debug> DDLWorker: Processing task query-0000000010 (query: ALTER TABLE db_delete.tbl_delete_local (DELETE WHERE (1 = 1) AND (m = 1)), backup restore: false)
2025.11.02 19:47:30.536125 [ 732 ] {} <Debug> DDLWorker: Executing query: ALTER TABLE db_delete.tbl_delete_local (DELETE WHERE (1 = 1) AND (m = 1))
2025.11.02 19:47:30.536255 [ 732 ] {849fd36d-bed0-4893-ad1b-1762972959f4} <Debug> executeQuery: (from 0.0.0.0:0, user: , initial_query_id: 5cfcedf4-8b8f-496f-adb3-94ff477b2258) /* ddl_entry=query-0000000010 */ ALTER TABLE db_delete.tbl_delete_local (DELETE WHERE (1 = 1) AND (m = 1)) (stage: Complete)
2025.11.02 19:47:30.538224 [ 732 ] {849fd36d-bed0-4893-ad1b-1762972959f4} <Information> db_delete.tbl_delete_local (09ba16bb-7769-44f8-90c5-d56416554259): Added mutation: mutation_2.txt
2025.11.02 19:47:30.538379 [ 732 ] {849fd36d-bed0-4893-ad1b-1762972959f4} <Information> db_delete.tbl_delete_local (09ba16bb-7769-44f8-90c5-d56416554259): Waiting mutation: mutation_2.txt
2025.11.02 19:47:30.540591 [ 653 ] {09ba16bb-7769-44f8-90c5-d56416554259::1_1_1_0_2} <Debug> MutationsInterpreter: Key condition: unknown
2025.11.02 19:47:30.540706 [ 653 ] {09ba16bb-7769-44f8-90c5-d56416554259::1_1_1_0_2} <Debug> MergeTreeSequentialSource: Reading 2 marks from part 1_1_1_0, total 1 rows starting from the beginning of the part
2025.11.02 19:47:30.541487 [ 732 ] {849fd36d-bed0-4893-ad1b-1762972959f4} <Information> db_delete.tbl_delete_local (09ba16bb-7769-44f8-90c5-d56416554259): Mutation mutation_2.txt done
2025.11.02 19:47:30.541553 [ 653 ] {} <Debug> MemoryTracker: Background process (mutate/merge) peak memory usage: 3.32 MiB.
2025.11.02 19:47:30.541689 [ 732 ] {849fd36d-bed0-4893-ad1b-1762972959f4} <Debug> DDLWorker: Executed query: /* ddl_entry=query-0000000010 */ ALTER TABLE db_delete.tbl_delete_local (DELETE WHERE (1 = 1) AND (m = 1))
2025.11.02 19:47:30.542672 [ 732 ] {} <Debug> DDLWorker: Waiting for queue updates
2025.11.02 19:47:30.592472 [ 82 ] {19c3052d-de14-40d1-87bb-6ec139a55c95} <Debug> executeQuery: (from 172.19.0.5:54456, initial_query_id: a33f23e9-22b8-4aa2-b520-3dbebc5179f8) SELECT `__table1`.`create_time` AS `create_time`, `__table1`.`y` AS `y`, `__table1`.`m` AS `m`, `__table1`.`id` AS `id`, `__table1`.`value` AS `value` FROM `db_delete`.`tbl_delete_local` AS `__table1` WHERE _CAST(0, 'UInt8') (stage: Complete)
2025.11.02 19:47:30.592826 [ 82 ] {19c3052d-de14-40d1-87bb-6ec139a55c95} <Debug> db_delete.tbl_delete_local (09ba16bb-7769-44f8-90c5-d56416554259) (SelectExecutor): Selected 0/0 parts by partition key, 0 parts by primary key, 0/0 marks by primary key, 0 marks to read from 0 ranges
2025.11.02 19:47:30.593243 [ 82 ] {19c3052d-de14-40d1-87bb-6ec139a55c95} <Debug> TCPHandler: Processed in 0.001078417 sec.
2025.11.02 19:47:30.610539 [ 82 ] {6161cc0e-d195-4fbb-bd9d-9cd739668f0e} <Debug> executeQuery: (from 172.19.0.5:54456, initial_query_id: e5e05166-1329-472d-b098-1cae60ceb57d) SELECT count() AS `COUNT()` FROM `db_delete`.`tbl_delete_local` AS `__table1` WHERE _CAST(0, 'UInt8') (stage: WithMergeableState)
2025.11.02 19:47:30.610958 [ 82 ] {6161cc0e-d195-4fbb-bd9d-9cd739668f0e} <Debug> db_delete.tbl_delete_local (09ba16bb-7769-44f8-90c5-d56416554259) (SelectExecutor): Selected 0/0 parts by partition key, 0 parts by primary key, 0/0 marks by primary key, 0 marks to read from 0 ranges
2025.11.02 19:47:30.611359 [ 82 ] {6161cc0e-d195-4fbb-bd9d-9cd739668f0e} <Debug> TCPHandler: Processed in 0.000991291 sec.
2025.11.02 19:47:30.618396 [ 80 ] {} <Debug> HTTP-Session-31fe23c7-2f59-4d8c-94e6-a94c2d01176e: Authenticating user 'default' from 172.19.0.7:46078
2025.11.02 19:47:30.618460 [ 80 ] {} <Debug> HTTP-Session-31fe23c7-2f59-4d8c-94e6-a94c2d01176e: 31fe23c7-2f59-4d8c-94e6-a94c2d01176e Authenticated with global context as user 94309d50-4f52-5250-31bd-74fecac179db
2025.11.02 19:47:30.618510 [ 80 ] {} <Debug> HTTP-Session-31fe23c7-2f59-4d8c-94e6-a94c2d01176e: Creating session context with user_id: 94309d50-4f52-5250-31bd-74fecac179db
2025.11.02 19:47:30.618680 [ 80 ] {a845e1a8-18eb-4f1e-8804-6f9345d215af} <Debug> executeQuery: (from 172.19.0.7:46078) SELECT partition, -- String
 partition_id, -- String
 sum(rows) AS row_count, -- UInt64
 sum(bytes_on_disk) AS size_in_bytes -- UInt64
 FROM `system`.`parts` WHERE `database`='db_delete' AND `table`='tbl_delete_local' AND `active`=1 GROUP BY `partition`, `partition_id` ORDER BY `partition` ASC, partition_id ASC  (stage: Complete)
2025.11.02 19:47:30.620062 [ 80 ] {a845e1a8-18eb-4f1e-8804-6f9345d215af} <Debug> executeQuery: Read 1 rows, 80.00 B in 0.001453 sec., 688.2312456985546 rows/sec., 53.77 KiB/sec.
2025.11.02 19:47:30.620415 [ 80 ] {a845e1a8-18eb-4f1e-8804-6f9345d215af} <Debug> DynamicQueryHandler: Done processing query
2025.11.02 19:47:30.620484 [ 80 ] {a845e1a8-18eb-4f1e-8804-6f9345d215af} <Debug> MemoryTracker: Query peak memory usage: 4.02 MiB.
2025.11.02 19:47:30.620553 [ 80 ] {} <Debug> HTTP-Session-31fe23c7-2f59-4d8c-94e6-a94c2d01176e: 31fe23c7-2f59-4d8c-94e6-a94c2d01176e Logout, user_id: 94309d50-4f52-5250-31bd-74fecac179db
2025.11.02 19:47:30.636337 [ 80 ] {} <Debug> HTTP-Session-847a6041-ca19-4a80-a003-454922cdbf10: Authenticating user 'default' from 172.19.0.7:46090
2025.11.02 19:47:30.636413 [ 80 ] {} <Debug> HTTP-Session-847a6041-ca19-4a80-a003-454922cdbf10: 847a6041-ca19-4a80-a003-454922cdbf10 Authenticated with global context as user 94309d50-4f52-5250-31bd-74fecac179db
2025.11.02 19:47:30.636469 [ 80 ] {} <Debug> HTTP-Session-847a6041-ca19-4a80-a003-454922cdbf10: Creating session context with user_id: 94309d50-4f52-5250-31bd-74fecac179db
2025.11.02 19:47:30.636642 [ 80 ] {3e9dc9b2-8f7e-40ef-8c3e-b1ddc5877146} <Debug> executeQuery: (from 172.19.0.7:46090) SELECT COUNT(*) FROM `db_delete`.`tbl_delete_local` WHERE (_partition_id = '1') AND ((1=1) AND (1=1))  (stage: Complete)
2025.11.02 19:47:30.637209 [ 80 ] {3e9dc9b2-8f7e-40ef-8c3e-b1ddc5877146} <Debug> db_delete.tbl_delete_local (09ba16bb-7769-44f8-90c5-d56416554259) (SelectExecutor): Key condition: unknown, true, and
2025.11.02 19:47:30.637277 [ 80 ] {3e9dc9b2-8f7e-40ef-8c3e-b1ddc5877146} <Debug> db_delete.tbl_delete_local (09ba16bb-7769-44f8-90c5-d56416554259) (SelectExecutor): MinMax index condition: unknown, true, and
2025.11.02 19:47:30.637366 [ 80 ] {3e9dc9b2-8f7e-40ef-8c3e-b1ddc5877146} <Debug> db_delete.tbl_delete_local (09ba16bb-7769-44f8-90c5-d56416554259) (SelectExecutor): PK index has dropped 0/0 granules, it took 0ms across 0 threads.
2025.11.02 19:47:30.637438 [ 80 ] {3e9dc9b2-8f7e-40ef-8c3e-b1ddc5877146} <Debug> db_delete.tbl_delete_local (09ba16bb-7769-44f8-90c5-d56416554259) (SelectExecutor): Selected 0/1 parts by partition key, 0 parts by primary key, 0/0 marks by primary key, 0 marks to read from 0 ranges
2025.11.02 19:47:30.638641 [ 80 ] {3e9dc9b2-8f7e-40ef-8c3e-b1ddc5877146} <Debug> DynamicQueryHandler: Done processing query
2025.11.02 19:47:30.638717 [ 80 ] {3e9dc9b2-8f7e-40ef-8c3e-b1ddc5877146} <Debug> MemoryTracker: Query peak memory usage: 4.04 MiB.
2025.11.02 19:47:30.638827 [ 80 ] {} <Debug> HTTP-Session-847a6041-ca19-4a80-a003-454922cdbf10: 847a6041-ca19-4a80-a003-454922cdbf10 Logout, user_id: 94309d50-4f52-5250-31bd-74fecac179db
2025.11.02 19:47:30.668152 [ 732 ] {} <Debug> DDLWorker: Scheduling tasks
2025.11.02 19:47:30.668627 [ 732 ] {} <Debug> DDLWorker: Will schedule 1 tasks starting from query-0000000011
2025.11.02 19:47:30.670067 [ 732 ] {} <Debug> DDLWorker: Processing task query-0000000011 (query: DROP TABLE IF EXISTS db_delete.tbl_delete, backup restore: false)
2025.11.02 19:47:30.671339 [ 732 ] {} <Debug> DDLWorker: Executing query: DROP TABLE IF EXISTS db_delete.tbl_delete
2025.11.02 19:47:30.671464 [ 732 ] {2277f998-1b27-4e41-84da-7a4728454a4c} <Debug> executeQuery: (from 0.0.0.0:0, user: , initial_query_id: 62c79b78-d678-479d-a446-84bddcb02c3e) /* ddl_entry=query-0000000011 */ DROP TABLE IF EXISTS db_delete.tbl_delete (stage: Complete)
2025.11.02 19:47:30.671620 [ 732 ] {2277f998-1b27-4e41-84da-7a4728454a4c} <Information> StorageDistributed (tbl_delete): Flushing pending INSERT blocks
2025.11.02 19:47:30.671806 [ 732 ] {2277f998-1b27-4e41-84da-7a4728454a4c} <Information> StorageDistributed (tbl_delete): Pending INSERT blocks flushed, took 0 ms.
2025.11.02 19:47:30.672153 [ 732 ] {2277f998-1b27-4e41-84da-7a4728454a4c} <Debug> StorageDistributed (tbl_delete): Joining background threads for async INSERT
2025.11.02 19:47:30.672242 [ 732 ] {2277f998-1b27-4e41-84da-7a4728454a4c} <Debug> StorageDistributed (tbl_delete): Background threads for async INSERT joined
2025.11.02 19:47:30.672533 [ 732 ] {2277f998-1b27-4e41-84da-7a4728454a4c} <Debug> DDLWorker: Executed query: /* ddl_entry=query-0000000011 */ DROP TABLE IF EXISTS db_delete.tbl_delete
2025.11.02 19:47:30.674133 [ 732 ] {} <Debug> DDLWorker: Waiting for queue updates
2025.11.02 19:47:30.730988 [ 732 ] {} <Debug> DDLWorker: Scheduling tasks
2025.11.02 19:47:30.731365 [ 732 ] {} <Debug> DDLWorker: Will schedule 1 tasks starting from query-0000000012
2025.11.02 19:47:30.732082 [ 732 ] {} <Debug> DDLWorker: Processing task query-0000000012 (query: DROP TABLE IF EXISTS db_delete.tbl_delete_local, backup restore: false)
2025.11.02 19:47:30.733068 [ 732 ] {} <Debug> DDLWorker: Executing query: DROP TABLE IF EXISTS db_delete.tbl_delete_local
2025.11.02 19:47:30.733205 [ 732 ] {64f487ef-8307-4939-9a64-ac43c5ead908} <Debug> executeQuery: (from 0.0.0.0:0, user: , initial_query_id: 89418763-236e-40ca-a040-9a3eeb8cb3b0) /* ddl_entry=query-0000000012 */ DROP TABLE IF EXISTS db_delete.tbl_delete_local (stage: Complete)
2025.11.02 19:47:30.733438 [ 732 ] {64f487ef-8307-4939-9a64-ac43c5ead908} <Debug> DDLWorker: Executed query: /* ddl_entry=query-0000000012 */ DROP TABLE IF EXISTS db_delete.tbl_delete_local
2025.11.02 19:47:30.734382 [ 732 ] {} <Debug> DDLWorker: Waiting for queue updates
2025.11.02 19:47:30.795369 [ 732 ] {} <Debug> DDLWorker: Scheduling tasks
2025.11.02 19:47:30.795950 [ 732 ] {} <Debug> DDLWorker: Will schedule 1 tasks starting from query-0000000013
2025.11.02 19:47:30.796886 [ 732 ] {} <Debug> DDLWorker: Processing task query-0000000013 (query: DROP DATABASE IF EXISTS db_delete, backup restore: false)
2025.11.02 19:47:30.798001 [ 732 ] {} <Debug> DDLWorker: Executing query: DROP DATABASE IF EXISTS db_delete
2025.11.02 19:47:30.798110 [ 732 ] {a4f5a2b5-bb53-41f9-a9d0-16ddbfed4652} <Debug> executeQuery: (from 0.0.0.0:0, user: , initial_query_id: 129eabae-88fe-429b-b4f6-b023857193a5) /* ddl_entry=query-0000000013 */ DROP DATABASE IF EXISTS db_delete (stage: Complete)
2025.11.02 19:47:30.798202 [ 732 ] {a4f5a2b5-bb53-41f9-a9d0-16ddbfed4652} <Debug> DatabaseAtomic (db_delete): There are 0 detached tables. Start searching non used tables.
2025.11.02 19:47:30.798242 [ 732 ] {a4f5a2b5-bb53-41f9-a9d0-16ddbfed4652} <Debug> DatabaseAtomic (db_delete): Found 0 non used tables in detached tables.
2025.11.02 19:47:30.798486 [ 732 ] {a4f5a2b5-bb53-41f9-a9d0-16ddbfed4652} <Debug> DDLWorker: Executed query: /* ddl_entry=query-0000000013 */ DROP DATABASE IF EXISTS db_delete
2025.11.02 19:47:30.799460 [ 732 ] {} <Debug> DDLWorker: Waiting for queue updates
2025.11.02 19:47:31.500038 [ 79 ] {} <Information> Application: Received termination signal (Terminated)
2025.11.02 19:47:31.500136 [ 1 ] {} <Debug> Application: Received termination signal.
2025.11.02 19:47:31.500302 [ 1 ] {} <Debug> Application: Waiting for current connections to close.
2025.11.02 19:47:31.500708 [ 1 ] {} <Warning> Application: Closed all listening sockets. Waiting for 2 outstanding connections.
2025.11.02 19:47:31.597559 [ 82 ] {} <Debug> TCPHandler: Done processing connection.
2025.11.02 19:47:31.597716 [ 82 ] {} <Debug> TCP-Session-da302379-6165-42fa-95c2-12814398319c: da302379-6165-42fa-95c2-12814398319c Logout, user_id: 94309d50-4f52-5250-31bd-74fecac179db
2025.11.02 19:47:34.451382 [ 1 ] {} <Information> SentryWriter: Sending crash reports is disabled
2025.11.02 19:47:34.480618 [ 1 ] {} <Information> Application: Starting ClickHouse 25.3.7.194 (revision: 54502, git hash: 36637934778b7d39b37f378d258359dd6ffdd110, build id: E09B0ADBF9AF0530703B179DBA02705D5DF508C0), PID 1
2025.11.02 19:47:34.480699 [ 1 ] {} <Information> Application: starting up
2025.11.02 19:47:34.480757 [ 1 ] {} <Information> Application: OS name: Linux, version: 6.10.14-linuxkit, architecture: aarch64
2025.11.02 19:47:34.480848 [ 1 ] {} <Information> Jemalloc: Value for background_thread set to true (from true)
2025.11.02 19:47:34.482314 [ 1 ] {} <Information> Application: Available RAM: 7.65 GiB; logical cores: 14; used cores: 14.
2025.11.02 19:47:34.483018 [ 1 ] {} <Information> CgroupsReader: Will create cgroup reader from '/sys/fs/cgroup/' (cgroups version: v2)
2025.11.02 19:47:34.484997 [ 1 ] {} <Warning> Application: Integrity check of the executable skipped because the reference checksum could not be read.
2025.11.02 19:47:34.485135 [ 1 ] {} <Information> Application: It looks like the process has no CAP_IPC_LOCK capability, binary mlock will be disabled. It could happen due to incorrect ClickHouse package installation. You could resolve the problem manually with 'sudo setcap cap_ipc_lock=+ep /usr/bin/clickhouse'. Note that it will not work on 'nosuid' mounted filesystems.
2025.11.02 19:47:34.485204 [ 1 ] {} <Information> MemoryWorker: Starting background memory thread with period of 50ms, using Cgroups as source
2025.11.02 19:47:34.485283 [ 1 ] {} <Information> BackgroundSchedulePool/BgSchPool: Create BackgroundSchedulePool with 512 threads
2025.11.02 19:47:34.519244 [ 1 ] {} <Debug> Application: rlimit on number of file descriptors is 1048576
2025.11.02 19:47:34.519290 [ 1 ] {} <Debug> Application: rlimit on number of threads is 18446744073709551615
2025.11.02 19:47:34.519470 [ 1 ] {} <Debug> Application: Initializing DateLUT.
2025.11.02 19:47:34.519622 [ 1 ] {} <Debug> Context: Setting up /var/lib/clickhouse/tmp/ to store temporary data in it
2025.11.02 19:47:34.520334 [ 1 ] {} <Debug> Application: Initializing interserver credentials.
2025.11.02 19:47:34.520533 [ 1 ] {} <Information> Application: Lowered uncompressed cache size to 3.83 GiB because the system has limited RAM
2025.11.02 19:47:34.520670 [ 1 ] {} <Information> Application: Lowered mark cache size to 3.83 GiB because the system has limited RAM
2025.11.02 19:47:34.520785 [ 1 ] {} <Information> Application: Lowered primary index cache size to 3.83 GiB because the system has limited RAM
2025.11.02 19:47:34.520830 [ 1 ] {} <Information> Application: Lowered index mark cache size to 3.83 GiB because the system has limited RAM
2025.11.02 19:47:34.521371 [ 1 ] {} <Debug> FileCacheFactory: Will load 0 caches from default cache config
2025.11.02 19:47:34.524311 [ 1 ] {} <Debug> ConfigReloader: Loading config '/etc/clickhouse-server/config.xml'
2025.11.02 19:47:34.524341 [ 1 ] {} <Debug> ConfigProcessor: Processing configuration file '/etc/clickhouse-server/config.xml'.
2025.11.02 19:47:34.525202 [ 1 ] {} <Debug> ConfigProcessor: Merging configuration file '/etc/clickhouse-server/config.d/docker_related_config.xml'.
2025.11.02 19:47:34.525290 [ 1 ] {} <Debug> ConfigProcessor: Merging configuration file '/etc/clickhouse-server/config.d/interserver_http_host.xml'.
2025.11.02 19:47:34.525536 [ 1 ] {} <Debug> ConfigProcessor: Merging configuration file '/etc/clickhouse-server/config.d/macros.xml'.
2025.11.02 19:47:34.525818 [ 1 ] {} <Debug> ConfigProcessor: Merging configuration file '/etc/clickhouse-server/config.d/remote_servers.xml'.
2025.11.02 19:47:34.526182 [ 1 ] {} <Debug> ConfigProcessor: Merging configuration file '/etc/clickhouse-server/config.d/zookeeper.xml'.
2025.11.02 19:47:34.526749 [ 1 ] {} <Debug> ConfigProcessor: Saved preprocessed configuration to '/var/lib/clickhouse/preprocessed_configs/config.xml'.
2025.11.02 19:47:34.526864 [ 1 ] {} <Debug> ConfigReloader: Loaded config '/etc/clickhouse-server/config.xml', performing update on configuration
2025.11.02 19:47:34.527447 [ 1 ] {} <Information> Application: Changed setting 'max_server_memory_usage' to 6.89 GiB (7.65 GiB available memory * 0.90 max_server_memory_usage_to_ram_ratio)
2025.11.02 19:47:34.527498 [ 1 ] {} <Information> Application: Setting merges_mutations_memory_usage_soft_limit was set to 3.83 GiB (7.65 GiB available * 0.50 merges_mutations_memory_usage_to_ram_ratio)
2025.11.02 19:47:34.527552 [ 1 ] {} <Information> Application: Merges and mutations memory limit is set to 3.83 GiB
2025.11.02 19:47:34.528300 [ 1 ] {} <Information> Application: Setting max_remote_read_network_bandwidth_for_server was set to 0
2025.11.02 19:47:34.528333 [ 1 ] {} <Information> Application: Setting max_remote_write_network_bandwidth_for_server was set to 0
2025.11.02 19:47:34.528438 [ 1 ] {} <Information> Application: Setting max_local_read_bandwidth_for_server was set to 0
2025.11.02 19:47:34.528487 [ 1 ] {} <Information> Application: Setting max_local_write_bandwidth_for_server was set to 0
2025.11.02 19:47:34.528545 [ 1 ] {} <Information> Application: ConcurrencyControl limit is set to UNLIMITED CPU slots with 'round_robin' scheduler
2025.11.02 19:47:34.528586 [ 1 ] {} <Information> BackgroundSchedulePool/BgBufSchPool: Create BackgroundSchedulePool with 16 threads
2025.11.02 19:47:34.530260 [ 1 ] {} <Information> BackgroundSchedulePool/BgMBSchPool: Create BackgroundSchedulePool with 16 threads
2025.11.02 19:47:34.530810 [ 1 ] {} <Information> BackgroundSchedulePool/BgDistSchPool: Create BackgroundSchedulePool with 16 threads
2025.11.02 19:47:34.531547 [ 1 ] {} <Debug> ConfigReloader: Loaded config '/etc/clickhouse-server/config.xml', performed update on configuration
2025.11.02 19:47:34.531741 [ 1 ] {} <Warning> Application: Listen [::]:9009 failed: Poco::Exception. Code: 1000, e.code() = 0, DNS error: EAI: Address family for hostname not supported (version 25.3.7.194 (official build)). If it is an IPv6 or IPv4 address and your host has disabled IPv6 or IPv4, then consider to specify not disabled IPv4 or IPv6 address to listen in <listen_host> element of configuration file. Example for disabled IPv6: <listen_host>0.0.0.0</listen_host> . Example for disabled IPv4: <listen_host>::</listen_host>
2025.11.02 19:47:34.531937 [ 1 ] {} <Information> Application: Listening for replica communication (interserver): http://0.0.0.0:9009
2025.11.02 19:47:34.532063 [ 1 ] {} <Warning> Access(local_directory): File /var/lib/clickhouse/access/users.list doesn't exist
2025.11.02 19:47:34.532167 [ 1 ] {} <Warning> Access(local_directory): Recovering lists in directory /var/lib/clickhouse/access/
2025.11.02 19:47:34.532403 [ 1 ] {} <Debug> Access(user directories): Added local_directory access storage 'local_directory', path: /var/lib/clickhouse/access/
2025.11.02 19:47:34.532652 [ 1 ] {} <Debug> ConfigReloader: Loading config '/etc/clickhouse-server/users.xml'
2025.11.02 19:47:34.532702 [ 1 ] {} <Debug> ConfigProcessor: Processing configuration file '/etc/clickhouse-server/users.xml'.
2025.11.02 19:47:34.532811 [ 1 ] {} <Debug> ConfigProcessor: Merging configuration file '/etc/clickhouse-server/users.d/users.xml'.
2025.11.02 19:47:34.533623 [ 1 ] {} <Debug> ConfigProcessor: Saved preprocessed configuration to '/var/lib/clickhouse/preprocessed_configs/users.xml'.
2025.11.02 19:47:34.534427 [ 1 ] {} <Debug> ConfigReloader: Loaded config '/etc/clickhouse-server/users.xml', performing update on configuration
2025.11.02 19:47:34.534780 [ 1 ] {} <Debug> ConfigReloader: Loaded config '/etc/clickhouse-server/users.xml', performed update on configuration
2025.11.02 19:47:34.535090 [ 1 ] {} <Debug> Access(user directories): Added users_xml access storage 'users_xml', path: /etc/clickhouse-server/users.xml
2025.11.02 19:47:34.535392 [ 1 ] {} <Information> CgroupsMemoryUsageObserver: Started cgroup current memory usage observer thread
2025.11.02 19:47:34.535543 [ 652 ] {} <Information> CgroupsMemoryUsageObserver: Memory amount initially available to the process is 7.65 GiB
2025.11.02 19:47:34.536531 [ 1 ] {} <Information> Context: Initialized background executor for merges and mutations with num_threads=16, num_tasks=32, scheduling_policy=round_robin
2025.11.02 19:47:34.536781 [ 1 ] {} <Information> Context: Initialized background executor for move operations with num_threads=8, num_tasks=8
2025.11.02 19:47:34.537709 [ 85 ] {} <Information> MemoryTracker: Correcting the value of global memory tracker from 16.15 MiB to 420.85 MiB
2025.11.02 19:47:34.537970 [ 1 ] {} <Information> Context: Initialized background executor for fetches with num_threads=16, num_tasks=16
2025.11.02 19:47:34.538588 [ 1 ] {} <Information> Context: Initialized background executor for common operations (e.g. clearing old parts) with num_threads=8, num_tasks=8
2025.11.02 19:47:34.539414 [ 1 ] {} <Warning> Context: Linux transparent hugepages are set to "always". Check /sys/kernel/mm/transparent_hugepage/enabled
2025.11.02 19:47:34.539599 [ 1 ] {} <Warning> Context: Delay accounting is not enabled, OSIOWaitMicroseconds will not be gathered. You can enable it using `echo 1 > /proc/sys/kernel/task_delayacct` or by using sysctl.
2025.11.02 19:47:34.539933 [ 1 ] {} <Information> DNSCacheUpdater: Update period 15 seconds
2025.11.02 19:47:34.539974 [ 1 ] {} <Information> Application: Loading metadata from /var/lib/clickhouse/
2025.11.02 19:47:34.540044 [ 1 ] {} <Information> Context: Database disk name: default
2025.11.02 19:47:34.540138 [ 1 ] {} <Information> Context: Database disk name: default, path: /var/lib/clickhouse/
2025.11.02 19:47:34.540217 [ 1 ] {} <Debug> loadSystemDatabase: metadata_file_path metadata/system.sql, existsFile false
2025.11.02 19:47:34.539985 [ 88 ] {} <Debug> DNSResolver: Updating DNS cache
2025.11.02 19:47:34.541126 [ 88 ] {} <Debug> DNSResolver: Updated DNS cache
2025.11.02 19:47:34.541479 [ 1 ] {} <Debug> loadSystemDatabase: metadata_file_path metadata/information_schema.sql, existsFile false
2025.11.02 19:47:34.542162 [ 1 ] {} <Debug> loadSystemDatabase: metadata_file_path metadata/INFORMATION_SCHEMA.sql, existsFile false
2025.11.02 19:47:34.543260 [ 1 ] {} <Information> DatabaseAtomic (system): Metadata processed, database system has 0 tables and 0 dictionaries in total.
2025.11.02 19:47:34.543545 [ 1 ] {} <Information> TablesLoader: Parsed metadata of 0 tables in 1 databases in 0.000290333 sec
2025.11.02 19:47:34.543844 [ 1 ] {} <Debug> AsyncLoader: Prioritize load job 'startup Atomic database system': BackgrndStartup -> ForegroundLoad
2025.11.02 19:47:34.544256 [ 1 ] {} <Debug> AsyncLoader: Prioritize load job 'startup Ordinary database system': BackgrndStartup -> ForegroundLoad
2025.11.02 19:47:34.544724 [ 1 ] {} <Debug> AsyncLoader: Schedule load job 'startup Ordinary database system' into ForegroundLoad
2025.11.02 19:47:34.545586 [ 1 ] {} <Debug> AsyncLoader: Schedule load job 'startup Atomic database system' into ForegroundLoad
2025.11.02 19:47:34.546463 [ 1 ] {} <Debug> AsyncLoader: Change current priority: none -> 0
2025.11.02 19:47:34.547040 [ 1 ] {} <Debug> AsyncLoader: Spawn loader worker #1 in ForegroundLoad
2025.11.02 19:47:34.547588 [ 1 ] {} <Debug> AsyncLoader: Wait load job 'startup Atomic database system' in ForegroundLoad
2025.11.02 19:47:34.547622 [ 717 ] {} <Debug> AsyncLoader: Execute load job 'startup Ordinary database system' in ForegroundLoad
2025.11.02 19:47:34.548029 [ 717 ] {} <Debug> AsyncLoader: Finish load job 'startup Ordinary database system' with status OK
2025.11.02 19:47:34.548285 [ 717 ] {} <Debug> AsyncLoader: Spawn loader worker #2 in ForegroundLoad
2025.11.02 19:47:34.548558 [ 717 ] {} <Debug> AsyncLoader: Execute load job 'startup Atomic database system' in ForegroundLoad
2025.11.02 19:47:34.548687 [ 718 ] {} <Debug> AsyncLoader: Stop worker in ForegroundLoad
2025.11.02 19:47:34.548773 [ 717 ] {} <Debug> AsyncLoader: Finish load job 'startup Atomic database system' with status OK
2025.11.02 19:47:34.548993 [ 717 ] {} <Debug> AsyncLoader: Stop worker in ForegroundLoad
2025.11.02 19:47:34.549212 [ 717 ] {} <Debug> AsyncLoader: Change current priority: 0 -> none
2025.11.02 19:47:34.548802 [ 1 ] {} <Debug> SystemLog: Creating system.query_log from query_log
2025.11.02 19:47:34.554018 [ 1 ] {} <Debug> SystemLog: Creating system.query_thread_log from query_thread_log
2025.11.02 19:47:34.554331 [ 1 ] {} <Debug> SystemLog: Not creating system.part_log since corresponding section 'part_log' is missing from config
2025.11.02 19:47:34.554461 [ 1 ] {} <Debug> SystemLog: Not creating system.trace_log since corresponding section 'trace_log' is missing from config
2025.11.02 19:47:34.554544 [ 1 ] {} <Debug> SystemLog: Not creating system.crash_log since corresponding section 'crash_log' is missing from config
2025.11.02 19:47:34.554627 [ 1 ] {} <Debug> SystemLog: Not creating system.text_log since corresponding section 'text_log' is missing from config
2025.11.02 19:47:34.554824 [ 1 ] {} <Debug> SystemLog: Creating system.metric_log from metric_log
2025.11.02 19:47:34.556727 [ 1 ] {} <Debug> SystemLog: Not creating system.latency_log since corresponding section 'latency_log' is missing from config
2025.11.02 19:47:34.556855 [ 1 ] {} <Debug> SystemLog: Not creating system.error_log since corresponding section 'error_log' is missing from config
2025.11.02 19:47:34.556931 [ 1 ] {} <Debug> SystemLog: Not creating system.filesystem_cache_log since corresponding section 'filesystem_cache_log' is missing from config
2025.11.02 19:47:34.557002 [ 1 ] {} <Debug> SystemLog: Not creating system.filesystem_read_prefetches_log since corresponding section 'filesystem_read_prefetches_log' is missing from config
2025.11.02 19:47:34.557296 [ 1 ] {} <Debug> SystemLog: Not creating system.s3queue_log since corresponding section 's3queue_log' is missing from config
2025.11.02 19:47:34.557362 [ 1 ] {} <Debug> SystemLog: Not creating system.azure_queue_log since corresponding section 'azure_queue_log' is missing from config
2025.11.02 19:47:34.557421 [ 1 ] {} <Debug> SystemLog: Not creating system.asynchronous_metric_log since corresponding section 'asynchronous_metric_log' is missing from config
2025.11.02 19:47:34.557467 [ 1 ] {} <Debug> SystemLog: Not creating system.opentelemetry_span_log since corresponding section 'opentelemetry_span_log' is missing from config
2025.11.02 19:47:34.557517 [ 1 ] {} <Debug> SystemLog: Not creating system.query_views_log since corresponding section 'query_views_log' is missing from config
2025.11.02 19:47:34.557562 [ 1 ] {} <Debug> SystemLog: Not creating system.zookeeper_log since corresponding section 'zookeeper_log' is missing from config
2025.11.02 19:47:34.557592 [ 1 ] {} <Debug> SystemLog: Not creating system.session_log since corresponding section 'session_log' is missing from config
2025.11.02 19:47:34.557632 [ 1 ] {} <Debug> SystemLog: Not creating system.transactions_info_log since corresponding section 'transactions_info_log' is missing from config
2025.11.02 19:47:34.557674 [ 1 ] {} <Debug> SystemLog: Not creating system.processors_profile_log since corresponding section 'processors_profile_log' is missing from config
2025.11.02 19:47:34.557762 [ 1 ] {} <Debug> SystemLog: Not creating system.asynchronous_insert_log since corresponding section 'asynchronous_insert_log' is missing from config
2025.11.02 19:47:34.557797 [ 1 ] {} <Debug> SystemLog: Not creating system.backup_log since corresponding section 'backup_log' is missing from config
2025.11.02 19:47:34.557838 [ 1 ] {} <Debug> SystemLog: Not creating system.blob_storage_log since corresponding section 'blob_storage_log' is missing from config
2025.11.02 19:47:34.558018 [ 1 ] {} <Debug> SystemLog: Not creating system.query_metric_log since corresponding section 'query_metric_log' is missing from config
2025.11.02 19:47:34.558286 [ 1 ] {} <Debug> DatabaseAtomic (system): There are 0 detached tables. Start searching non used tables.
2025.11.02 19:47:34.558340 [ 1 ] {} <Debug> DatabaseAtomic (system): Found 0 non used tables in detached tables.
2025.11.02 19:47:34.559042 [ 1 ] {} <Debug> DatabaseAtomic (system): There are 0 detached tables. Start searching non used tables.
2025.11.02 19:47:34.559080 [ 1 ] {} <Debug> DatabaseAtomic (system): Found 0 non used tables in detached tables.
2025.11.02 19:47:34.559127 [ 1 ] {} <Debug> DatabaseAtomic (system): There are 0 detached tables. Start searching non used tables.
2025.11.02 19:47:34.559159 [ 1 ] {} <Debug> DatabaseAtomic (system): Found 0 non used tables in detached tables.
2025.11.02 19:47:34.559208 [ 1 ] {} <Debug> DatabaseAtomic (system): There are 0 detached tables. Start searching non used tables.
2025.11.02 19:47:34.559234 [ 1 ] {} <Debug> DatabaseAtomic (system): Found 0 non used tables in detached tables.
2025.11.02 19:47:34.559277 [ 1 ] {} <Debug> DatabaseAtomic (system): There are 0 detached tables. Start searching non used tables.
2025.11.02 19:47:34.559321 [ 1 ] {} <Debug> DatabaseAtomic (system): Found 0 non used tables in detached tables.
2025.11.02 19:47:34.559372 [ 1 ] {} <Debug> DatabaseAtomic (system): There are 0 detached tables. Start searching non used tables.
2025.11.02 19:47:34.559397 [ 1 ] {} <Debug> DatabaseAtomic (system): Found 0 non used tables in detached tables.
2025.11.02 19:47:34.559470 [ 1 ] {} <Debug> DatabaseAtomic (system): There are 0 detached tables. Start searching non used tables.
2025.11.02 19:47:34.559499 [ 1 ] {} <Debug> DatabaseAtomic (system): Found 0 non used tables in detached tables.
2025.11.02 19:47:34.559540 [ 1 ] {} <Debug> DatabaseAtomic (system): There are 0 detached tables. Start searching non used tables.
2025.11.02 19:47:34.560794 [ 1 ] {} <Debug> DatabaseAtomic (system): Found 0 non used tables in detached tables.
2025.11.02 19:47:34.560876 [ 1 ] {} <Debug> DatabaseAtomic (system): There are 0 detached tables. Start searching non used tables.
2025.11.02 19:47:34.560988 [ 1 ] {} <Debug> DatabaseAtomic (system): Found 0 non used tables in detached tables.
2025.11.02 19:47:34.561055 [ 1 ] {} <Debug> DatabaseAtomic (system): There are 0 detached tables. Start searching non used tables.
2025.11.02 19:47:34.561107 [ 1 ] {} <Debug> DatabaseAtomic (system): Found 0 non used tables in detached tables.
2025.11.02 19:47:34.561204 [ 1 ] {} <Debug> DatabaseAtomic (system): There are 0 detached tables. Start searching non used tables.
2025.11.02 19:47:34.561257 [ 1 ] {} <Debug> DatabaseAtomic (system): Found 0 non used tables in detached tables.
2025.11.02 19:47:34.561338 [ 1 ] {} <Debug> DatabaseAtomic (system): There are 0 detached tables. Start searching non used tables.
2025.11.02 19:47:34.561390 [ 1 ] {} <Debug> DatabaseAtomic (system): Found 0 non used tables in detached tables.
2025.11.02 19:47:34.561472 [ 1 ] {} <Debug> DatabaseAtomic (system): There are 0 detached tables. Start searching non used tables.
2025.11.02 19:47:34.561533 [ 1 ] {} <Debug> DatabaseAtomic (system): Found 0 non used tables in detached tables.
2025.11.02 19:47:34.561620 [ 1 ] {} <Debug> DatabaseAtomic (system): There are 0 detached tables. Start searching non used tables.
2025.11.02 19:47:34.561672 [ 1 ] {} <Debug> DatabaseAtomic (system): Found 0 non used tables in detached tables.
2025.11.02 19:47:34.561725 [ 1 ] {} <Debug> DatabaseAtomic (system): There are 0 detached tables. Start searching non used tables.
2025.11.02 19:47:34.561799 [ 1 ] {} <Debug> DatabaseAtomic (system): Found 0 non used tables in detached tables.
2025.11.02 19:47:34.561879 [ 1 ] {} <Debug> DatabaseAtomic (system): There are 0 detached tables. Start searching non used tables.
2025.11.02 19:47:34.561927 [ 1 ] {} <Debug> DatabaseAtomic (system): Found 0 non used tables in detached tables.
2025.11.02 19:47:34.561985 [ 1 ] {} <Debug> DatabaseAtomic (system): There are 0 detached tables. Start searching non used tables.
2025.11.02 19:47:34.562138 [ 1 ] {} <Debug> DatabaseAtomic (system): Found 0 non used tables in detached tables.
2025.11.02 19:47:34.562228 [ 1 ] {} <Debug> DatabaseAtomic (system): There are 0 detached tables. Start searching non used tables.
2025.11.02 19:47:34.562276 [ 1 ] {} <Debug> DatabaseAtomic (system): Found 0 non used tables in detached tables.
2025.11.02 19:47:34.562379 [ 1 ] {} <Debug> DatabaseAtomic (system): There are 0 detached tables. Start searching non used tables.
2025.11.02 19:47:34.562438 [ 1 ] {} <Debug> DatabaseAtomic (system): Found 0 non used tables in detached tables.
2025.11.02 19:47:34.562517 [ 1 ] {} <Debug> DatabaseAtomic (system): There are 0 detached tables. Start searching non used tables.
2025.11.02 19:47:34.562588 [ 1 ] {} <Debug> DatabaseAtomic (system): Found 0 non used tables in detached tables.
2025.11.02 19:47:34.562659 [ 1 ] {} <Debug> DatabaseAtomic (system): There are 0 detached tables. Start searching non used tables.
2025.11.02 19:47:34.562724 [ 1 ] {} <Debug> DatabaseAtomic (system): Found 0 non used tables in detached tables.
2025.11.02 19:47:34.562798 [ 1 ] {} <Debug> DatabaseAtomic (system): There are 0 detached tables. Start searching non used tables.
2025.11.02 19:47:34.562850 [ 1 ] {} <Debug> DatabaseAtomic (system): Found 0 non used tables in detached tables.
2025.11.02 19:47:34.562924 [ 1 ] {} <Debug> DatabaseAtomic (system): There are 0 detached tables. Start searching non used tables.
2025.11.02 19:47:34.562983 [ 1 ] {} <Debug> DatabaseAtomic (system): Found 0 non used tables in detached tables.
2025.11.02 19:47:34.563054 [ 1 ] {} <Debug> DatabaseAtomic (system): There are 0 detached tables. Start searching non used tables.
2025.11.02 19:47:34.563095 [ 1 ] {} <Debug> DatabaseAtomic (system): Found 0 non used tables in detached tables.
2025.11.02 19:47:34.563145 [ 1 ] {} <Debug> DatabaseAtomic (system): There are 0 detached tables. Start searching non used tables.
2025.11.02 19:47:34.563191 [ 1 ] {} <Debug> DatabaseAtomic (system): Found 0 non used tables in detached tables.
2025.11.02 19:47:34.563283 [ 1 ] {} <Debug> DatabaseAtomic (system): There are 0 detached tables. Start searching non used tables.
2025.11.02 19:47:34.563340 [ 1 ] {} <Debug> DatabaseAtomic (system): Found 0 non used tables in detached tables.
2025.11.02 19:47:34.563417 [ 1 ] {} <Debug> DatabaseAtomic (system): There are 0 detached tables. Start searching non used tables.
2025.11.02 19:47:34.563484 [ 1 ] {} <Debug> DatabaseAtomic (system): Found 0 non used tables in detached tables.
2025.11.02 19:47:34.563611 [ 1 ] {} <Debug> DatabaseAtomic (system): There are 0 detached tables. Start searching non used tables.
2025.11.02 19:47:34.563658 [ 1 ] {} <Debug> DatabaseAtomic (system): Found 0 non used tables in detached tables.
2025.11.02 19:47:34.563727 [ 1 ] {} <Debug> DatabaseAtomic (system): There are 0 detached tables. Start searching non used tables.
2025.11.02 19:47:34.563808 [ 1 ] {} <Debug> DatabaseAtomic (system): Found 0 non used tables in detached tables.
2025.11.02 19:47:34.563902 [ 1 ] {} <Debug> DatabaseAtomic (system): There are 0 detached tables. Start searching non used tables.
2025.11.02 19:47:34.563956 [ 1 ] {} <Debug> DatabaseAtomic (system): Found 0 non used tables in detached tables.
2025.11.02 19:47:34.564027 [ 1 ] {} <Debug> DatabaseAtomic (system): There are 0 detached tables. Start searching non used tables.
2025.11.02 19:47:34.564080 [ 1 ] {} <Debug> DatabaseAtomic (system): Found 0 non used tables in detached tables.
2025.11.02 19:47:34.564152 [ 1 ] {} <Debug> DatabaseAtomic (system): There are 0 detached tables. Start searching non used tables.
2025.11.02 19:47:34.564205 [ 1 ] {} <Debug> DatabaseAtomic (system): Found 0 non used tables in detached tables.
2025.11.02 19:47:34.564281 [ 1 ] {} <Debug> DatabaseAtomic (system): There are 0 detached tables. Start searching non used tables.
2025.11.02 19:47:34.564341 [ 1 ] {} <Debug> DatabaseAtomic (system): Found 0 non used tables in detached tables.
2025.11.02 19:47:34.564423 [ 1 ] {} <Debug> DatabaseAtomic (system): There are 0 detached tables. Start searching non used tables.
2025.11.02 19:47:34.564578 [ 1 ] {} <Debug> DatabaseAtomic (system): Found 0 non used tables in detached tables.
2025.11.02 19:47:34.564677 [ 1 ] {} <Debug> DatabaseAtomic (system): There are 0 detached tables. Start searching non used tables.
2025.11.02 19:47:34.564846 [ 1 ] {} <Debug> DatabaseAtomic (system): Found 0 non used tables in detached tables.
2025.11.02 19:47:34.565047 [ 1 ] {} <Debug> DatabaseAtomic (system): There are 0 detached tables. Start searching non used tables.
2025.11.02 19:47:34.565135 [ 1 ] {} <Debug> DatabaseAtomic (system): Found 0 non used tables in detached tables.
2025.11.02 19:47:34.565235 [ 1 ] {} <Debug> DatabaseAtomic (system): There are 0 detached tables. Start searching non used tables.
2025.11.02 19:47:34.565374 [ 1 ] {} <Debug> DatabaseAtomic (system): Found 0 non used tables in detached tables.
2025.11.02 19:47:34.565522 [ 1 ] {} <Debug> DatabaseAtomic (system): There are 0 detached tables. Start searching non used tables.
2025.11.02 19:47:34.565588 [ 1 ] {} <Debug> DatabaseAtomic (system): Found 0 non used tables in detached tables.
2025.11.02 19:47:34.565658 [ 1 ] {} <Debug> DatabaseAtomic (system): There are 0 detached tables. Start searching non used tables.
2025.11.02 19:47:34.565710 [ 1 ] {} <Debug> DatabaseAtomic (system): Found 0 non used tables in detached tables.
2025.11.02 19:47:34.565906 [ 1 ] {} <Debug> DatabaseAtomic (system): There are 0 detached tables. Start searching non used tables.
2025.11.02 19:47:34.566084 [ 1 ] {} <Debug> DatabaseAtomic (system): Found 0 non used tables in detached tables.
2025.11.02 19:47:34.566144 [ 1 ] {} <Debug> DatabaseAtomic (system): There are 0 detached tables. Start searching non used tables.
2025.11.02 19:47:34.566189 [ 1 ] {} <Debug> DatabaseAtomic (system): Found 0 non used tables in detached tables.
2025.11.02 19:47:34.566291 [ 1 ] {} <Debug> DatabaseAtomic (system): There are 0 detached tables. Start searching non used tables.
2025.11.02 19:47:34.566363 [ 1 ] {} <Debug> DatabaseAtomic (system): Found 0 non used tables in detached tables.
2025.11.02 19:47:34.566448 [ 1 ] {} <Debug> DatabaseAtomic (system): There are 0 detached tables. Start searching non used tables.
2025.11.02 19:47:34.566498 [ 1 ] {} <Debug> DatabaseAtomic (system): Found 0 non used tables in detached tables.
2025.11.02 19:47:34.566642 [ 1 ] {} <Debug> DatabaseAtomic (system): There are 0 detached tables. Start searching non used tables.
2025.11.02 19:47:34.566774 [ 1 ] {} <Debug> DatabaseAtomic (system): Found 0 non used tables in detached tables.
2025.11.02 19:47:34.566832 [ 1 ] {} <Debug> DatabaseAtomic (system): There are 0 detached tables. Start searching non used tables.
2025.11.02 19:47:34.567020 [ 1 ] {} <Debug> DatabaseAtomic (system): Found 0 non used tables in detached tables.
2025.11.02 19:47:34.567082 [ 1 ] {} <Debug> DatabaseAtomic (system): There are 0 detached tables. Start searching non used tables.
2025.11.02 19:47:34.567125 [ 1 ] {} <Debug> DatabaseAtomic (system): Found 0 non used tables in detached tables.
2025.11.02 19:47:34.567227 [ 1 ] {} <Debug> DatabaseAtomic (system): There are 0 detached tables. Start searching non used tables.
2025.11.02 19:47:34.567309 [ 1 ] {} <Debug> DatabaseAtomic (system): Found 0 non used tables in detached tables.
2025.11.02 19:47:34.567375 [ 1 ] {} <Debug> DatabaseAtomic (system): There are 0 detached tables. Start searching non used tables.
2025.11.02 19:47:34.567428 [ 1 ] {} <Debug> DatabaseAtomic (system): Found 0 non used tables in detached tables.
2025.11.02 19:47:34.567513 [ 1 ] {} <Debug> DatabaseAtomic (system): There are 0 detached tables. Start searching non used tables.
2025.11.02 19:47:34.567566 [ 1 ] {} <Debug> DatabaseAtomic (system): Found 0 non used tables in detached tables.
2025.11.02 19:47:34.567738 [ 1 ] {} <Debug> DatabaseAtomic (system): There are 0 detached tables. Start searching non used tables.
2025.11.02 19:47:34.567791 [ 1 ] {} <Debug> DatabaseAtomic (system): Found 0 non used tables in detached tables.
2025.11.02 19:47:34.567901 [ 1 ] {} <Debug> DatabaseAtomic (system): There are 0 detached tables. Start searching non used tables.
2025.11.02 19:47:34.567951 [ 1 ] {} <Debug> DatabaseAtomic (system): Found 0 non used tables in detached tables.
2025.11.02 19:47:34.568028 [ 1 ] {} <Debug> DatabaseAtomic (system): There are 0 detached tables. Start searching non used tables.
2025.11.02 19:47:34.568180 [ 1 ] {} <Debug> DatabaseAtomic (system): Found 0 non used tables in detached tables.
2025.11.02 19:47:34.568259 [ 1 ] {} <Debug> DatabaseAtomic (system): There are 0 detached tables. Start searching non used tables.
2025.11.02 19:47:34.568342 [ 1 ] {} <Debug> DatabaseAtomic (system): Found 0 non used tables in detached tables.
2025.11.02 19:47:34.568427 [ 1 ] {} <Debug> DatabaseAtomic (system): There are 0 detached tables. Start searching non used tables.
2025.11.02 19:47:34.568478 [ 1 ] {} <Debug> DatabaseAtomic (system): Found 0 non used tables in detached tables.
2025.11.02 19:47:34.568552 [ 1 ] {} <Debug> DatabaseAtomic (system): There are 0 detached tables. Start searching non used tables.
2025.11.02 19:47:34.568611 [ 1 ] {} <Debug> DatabaseAtomic (system): Found 0 non used tables in detached tables.
2025.11.02 19:47:34.568673 [ 1 ] {} <Debug> DatabaseAtomic (system): There are 0 detached tables. Start searching non used tables.
2025.11.02 19:47:34.568771 [ 1 ] {} <Debug> DatabaseAtomic (system): Found 0 non used tables in detached tables.
2025.11.02 19:47:34.568837 [ 1 ] {} <Debug> DatabaseAtomic (system): There are 0 detached tables. Start searching non used tables.
2025.11.02 19:47:34.568893 [ 1 ] {} <Debug> DatabaseAtomic (system): Found 0 non used tables in detached tables.
2025.11.02 19:47:34.569021 [ 1 ] {} <Debug> DatabaseAtomic (system): There are 0 detached tables. Start searching non used tables.
2025.11.02 19:47:34.569067 [ 1 ] {} <Debug> DatabaseAtomic (system): Found 0 non used tables in detached tables.
2025.11.02 19:47:34.569172 [ 1 ] {} <Debug> DatabaseAtomic (system): There are 0 detached tables. Start searching non used tables.
2025.11.02 19:47:34.569203 [ 1 ] {} <Debug> DatabaseAtomic (system): Found 0 non used tables in detached tables.
2025.11.02 19:47:34.569255 [ 1 ] {} <Debug> DatabaseAtomic (system): There are 0 detached tables. Start searching non used tables.
2025.11.02 19:47:34.569293 [ 1 ] {} <Debug> DatabaseAtomic (system): Found 0 non used tables in detached tables.
2025.11.02 19:47:34.569389 [ 1 ] {} <Debug> DatabaseAtomic (system): There are 0 detached tables. Start searching non used tables.
2025.11.02 19:47:34.569476 [ 1 ] {} <Debug> DatabaseAtomic (system): Found 0 non used tables in detached tables.
2025.11.02 19:47:34.569602 [ 1 ] {} <Debug> DatabaseAtomic (system): There are 0 detached tables. Start searching non used tables.
2025.11.02 19:47:34.569667 [ 1 ] {} <Debug> DatabaseAtomic (system): Found 0 non used tables in detached tables.
2025.11.02 19:47:34.569753 [ 1 ] {} <Debug> DatabaseAtomic (system): There are 0 detached tables. Start searching non used tables.
2025.11.02 19:47:34.569805 [ 1 ] {} <Debug> DatabaseAtomic (system): Found 0 non used tables in detached tables.
2025.11.02 19:47:34.569897 [ 1 ] {} <Debug> DatabaseAtomic (system): There are 0 detached tables. Start searching non used tables.
2025.11.02 19:47:34.570033 [ 1 ] {} <Debug> DatabaseAtomic (system): Found 0 non used tables in detached tables.
2025.11.02 19:47:34.570176 [ 1 ] {} <Debug> DatabaseAtomic (system): There are 0 detached tables. Start searching non used tables.
2025.11.02 19:47:34.570393 [ 1 ] {} <Debug> DatabaseAtomic (system): Found 0 non used tables in detached tables.
2025.11.02 19:47:34.570486 [ 1 ] {} <Debug> DatabaseAtomic (system): There are 0 detached tables. Start searching non used tables.
2025.11.02 19:47:34.570660 [ 1 ] {} <Debug> DatabaseAtomic (system): Found 0 non used tables in detached tables.
2025.11.02 19:47:34.570742 [ 1 ] {} <Debug> DatabaseAtomic (system): There are 0 detached tables. Start searching non used tables.
2025.11.02 19:47:34.570798 [ 1 ] {} <Debug> DatabaseAtomic (system): Found 0 non used tables in detached tables.
2025.11.02 19:47:34.570926 [ 1 ] {} <Debug> DatabaseAtomic (system): There are 0 detached tables. Start searching non used tables.
2025.11.02 19:47:34.571033 [ 1 ] {} <Debug> DatabaseAtomic (system): Found 0 non used tables in detached tables.
2025.11.02 19:47:34.571105 [ 1 ] {} <Debug> DatabaseAtomic (system): There are 0 detached tables. Start searching non used tables.
2025.11.02 19:47:34.571198 [ 1 ] {} <Debug> DatabaseAtomic (system): Found 0 non used tables in detached tables.
2025.11.02 19:47:34.571285 [ 1 ] {} <Debug> DatabaseAtomic (system): There are 0 detached tables. Start searching non used tables.
2025.11.02 19:47:34.571339 [ 1 ] {} <Debug> DatabaseAtomic (system): Found 0 non used tables in detached tables.
2025.11.02 19:47:34.571460 [ 1 ] {} <Debug> DatabaseAtomic (system): There are 0 detached tables. Start searching non used tables.
2025.11.02 19:47:34.571509 [ 1 ] {} <Debug> DatabaseAtomic (system): Found 0 non used tables in detached tables.
2025.11.02 19:47:34.571601 [ 1 ] {} <Debug> DatabaseAtomic (system): There are 0 detached tables. Start searching non used tables.
2025.11.02 19:47:34.571644 [ 1 ] {} <Debug> DatabaseAtomic (system): Found 0 non used tables in detached tables.
2025.11.02 19:47:34.571717 [ 1 ] {} <Debug> DatabaseAtomic (system): There are 0 detached tables. Start searching non used tables.
2025.11.02 19:47:34.571760 [ 1 ] {} <Debug> DatabaseAtomic (system): Found 0 non used tables in detached tables.
2025.11.02 19:47:34.571827 [ 1 ] {} <Debug> DatabaseAtomic (system): There are 0 detached tables. Start searching non used tables.
2025.11.02 19:47:34.571878 [ 1 ] {} <Debug> DatabaseAtomic (system): Found 0 non used tables in detached tables.
2025.11.02 19:47:34.571963 [ 1 ] {} <Debug> DatabaseAtomic (system): There are 0 detached tables. Start searching non used tables.
2025.11.02 19:47:34.572023 [ 1 ] {} <Debug> DatabaseAtomic (system): Found 0 non used tables in detached tables.
2025.11.02 19:47:34.572107 [ 1 ] {} <Debug> DatabaseAtomic (system): There are 0 detached tables. Start searching non used tables.
2025.11.02 19:47:34.572145 [ 1 ] {} <Debug> DatabaseAtomic (system): Found 0 non used tables in detached tables.
2025.11.02 19:47:34.572216 [ 1 ] {} <Debug> DatabaseAtomic (system): There are 0 detached tables. Start searching non used tables.
2025.11.02 19:47:34.572251 [ 1 ] {} <Debug> DatabaseAtomic (system): Found 0 non used tables in detached tables.
2025.11.02 19:47:34.572307 [ 1 ] {} <Debug> DatabaseAtomic (system): There are 0 detached tables. Start searching non used tables.
2025.11.02 19:47:34.572344 [ 1 ] {} <Debug> DatabaseAtomic (system): Found 0 non used tables in detached tables.
2025.11.02 19:47:34.572420 [ 1 ] {} <Debug> DatabaseAtomic (system): There are 0 detached tables. Start searching non used tables.
2025.11.02 19:47:34.572466 [ 1 ] {} <Debug> DatabaseAtomic (system): Found 0 non used tables in detached tables.
2025.11.02 19:47:34.572525 [ 1 ] {} <Debug> DatabaseAtomic (system): There are 0 detached tables. Start searching non used tables.
2025.11.02 19:47:34.572564 [ 1 ] {} <Debug> DatabaseAtomic (system): Found 0 non used tables in detached tables.
2025.11.02 19:47:34.572626 [ 1 ] {} <Debug> DatabaseAtomic (system): There are 0 detached tables. Start searching non used tables.
2025.11.02 19:47:34.572673 [ 1 ] {} <Debug> DatabaseAtomic (system): Found 0 non used tables in detached tables.
2025.11.02 19:47:34.572739 [ 1 ] {} <Debug> DatabaseAtomic (system): There are 0 detached tables. Start searching non used tables.
2025.11.02 19:47:34.572791 [ 1 ] {} <Debug> DatabaseAtomic (system): Found 0 non used tables in detached tables.
2025.11.02 19:47:34.572856 [ 1 ] {} <Debug> DatabaseAtomic (system): There are 0 detached tables. Start searching non used tables.
2025.11.02 19:47:34.572908 [ 1 ] {} <Debug> DatabaseAtomic (system): Found 0 non used tables in detached tables.
2025.11.02 19:47:34.572981 [ 1 ] {} <Debug> DatabaseAtomic (system): There are 0 detached tables. Start searching non used tables.
2025.11.02 19:47:34.573023 [ 1 ] {} <Debug> DatabaseAtomic (system): Found 0 non used tables in detached tables.
2025.11.02 19:47:34.573095 [ 1 ] {} <Debug> DatabaseAtomic (system): There are 0 detached tables. Start searching non used tables.
2025.11.02 19:47:34.573148 [ 1 ] {} <Debug> DatabaseAtomic (system): Found 0 non used tables in detached tables.
2025.11.02 19:47:34.573246 [ 1 ] {} <Debug> DatabaseAtomic (system): There are 0 detached tables. Start searching non used tables.
2025.11.02 19:47:34.573273 [ 1 ] {} <Debug> DatabaseAtomic (system): Found 0 non used tables in detached tables.
2025.11.02 19:47:34.573311 [ 1 ] {} <Debug> DatabaseAtomic (system): There are 0 detached tables. Start searching non used tables.
2025.11.02 19:47:34.573336 [ 1 ] {} <Debug> DatabaseAtomic (system): Found 0 non used tables in detached tables.
2025.11.02 19:47:34.573377 [ 1 ] {} <Debug> DatabaseAtomic (system): There are 0 detached tables. Start searching non used tables.
2025.11.02 19:47:34.573409 [ 1 ] {} <Debug> DatabaseAtomic (system): Found 0 non used tables in detached tables.
2025.11.02 19:47:34.573476 [ 1 ] {} <Debug> DatabaseAtomic (system): There are 0 detached tables. Start searching non used tables.
2025.11.02 19:47:34.573506 [ 1 ] {} <Debug> DatabaseAtomic (system): Found 0 non used tables in detached tables.
2025.11.02 19:47:34.573569 [ 1 ] {} <Debug> DatabaseAtomic (system): There are 0 detached tables. Start searching non used tables.
2025.11.02 19:47:34.573605 [ 1 ] {} <Debug> DatabaseAtomic (system): Found 0 non used tables in detached tables.
2025.11.02 19:47:34.573679 [ 1 ] {} <Debug> DatabaseAtomic (system): There are 0 detached tables. Start searching non used tables.
2025.11.02 19:47:34.573706 [ 1 ] {} <Debug> DatabaseAtomic (system): Found 0 non used tables in detached tables.
2025.11.02 19:47:34.573743 [ 1 ] {} <Debug> DatabaseAtomic (system): There are 0 detached tables. Start searching non used tables.
2025.11.02 19:47:34.573767 [ 1 ] {} <Debug> DatabaseAtomic (system): Found 0 non used tables in detached tables.
2025.11.02 19:47:34.573806 [ 1 ] {} <Debug> DatabaseAtomic (system): There are 0 detached tables. Start searching non used tables.
2025.11.02 19:47:34.573846 [ 1 ] {} <Debug> DatabaseAtomic (system): Found 0 non used tables in detached tables.
2025.11.02 19:47:34.573899 [ 1 ] {} <Debug> DatabaseAtomic (system): There are 0 detached tables. Start searching non used tables.
2025.11.02 19:47:34.573928 [ 1 ] {} <Debug> DatabaseAtomic (system): Found 0 non used tables in detached tables.
2025.11.02 19:47:34.573965 [ 1 ] {} <Debug> DatabaseAtomic (system): There are 0 detached tables. Start searching non used tables.
2025.11.02 19:47:34.573992 [ 1 ] {} <Debug> DatabaseAtomic (system): Found 0 non used tables in detached tables.
2025.11.02 19:47:34.574027 [ 1 ] {} <Debug> DatabaseAtomic (system): There are 0 detached tables. Start searching non used tables.
2025.11.02 19:47:34.574052 [ 1 ] {} <Debug> DatabaseAtomic (system): Found 0 non used tables in detached tables.
2025.11.02 19:47:34.574100 [ 1 ] {} <Debug> DatabaseAtomic (system): There are 0 detached tables. Start searching non used tables.
2025.11.02 19:47:34.574127 [ 1 ] {} <Debug> DatabaseAtomic (system): Found 0 non used tables in detached tables.
2025.11.02 19:47:34.574176 [ 1 ] {} <Debug> DatabaseAtomic (system): There are 0 detached tables. Start searching non used tables.
2025.11.02 19:47:34.574229 [ 1 ] {} <Debug> DatabaseAtomic (system): Found 0 non used tables in detached tables.
2025.11.02 19:47:34.574324 [ 1 ] {} <Debug> DatabaseAtomic (system): There are 0 detached tables. Start searching non used tables.
2025.11.02 19:47:34.574356 [ 1 ] {} <Debug> DatabaseAtomic (system): Found 0 non used tables in detached tables.
2025.11.02 19:47:34.574394 [ 1 ] {} <Debug> DatabaseAtomic (system): There are 0 detached tables. Start searching non used tables.
2025.11.02 19:47:34.574419 [ 1 ] {} <Debug> DatabaseAtomic (system): Found 0 non used tables in detached tables.
2025.11.02 19:47:34.574474 [ 1 ] {} <Debug> DatabaseAtomic (system): There are 0 detached tables. Start searching non used tables.
2025.11.02 19:47:34.574501 [ 1 ] {} <Debug> DatabaseAtomic (system): Found 0 non used tables in detached tables.
2025.11.02 19:47:34.574545 [ 1 ] {} <Debug> DatabaseAtomic (system): There are 0 detached tables. Start searching non used tables.
2025.11.02 19:47:34.574575 [ 1 ] {} <Debug> DatabaseAtomic (system): Found 0 non used tables in detached tables.
2025.11.02 19:47:34.574741 [ 1 ] {} <Debug> DatabaseAtomic (system): There are 0 detached tables. Start searching non used tables.
2025.11.02 19:47:34.574864 [ 1 ] {} <Debug> DatabaseAtomic (system): Found 0 non used tables in detached tables.
2025.11.02 19:47:34.578183 [ 1 ] {} <Information> DatabaseCatalog: Found 0 partially dropped tables. Will load them and retry removal.
2025.11.02 19:47:34.579164 [ 1 ] {} <Information> DatabaseAtomic (default): Metadata processed, database default has 0 tables and 0 dictionaries in total.
2025.11.02 19:47:34.579239 [ 1 ] {} <Information> TablesLoader: Parsed metadata of 0 tables in 1 databases in 8.3625e-05 sec
2025.11.02 19:47:34.579320 [ 1 ] {} <Information> loadMetadata: Start asynchronous loading of databases
2025.11.02 19:47:34.579387 [ 1 ] {} <Debug> AsyncLoader: Schedule load job 'startup Ordinary database default' into BackgrndStartup
2025.11.02 19:47:34.579526 [ 1 ] {} <Debug> AsyncLoader: Schedule load job 'startup Atomic database default' into BackgrndStartup
2025.11.02 19:47:34.579569 [ 1 ] {} <Debug> AsyncLoader: Change current priority: none -> 2
2025.11.02 19:47:34.579630 [ 1 ] {} <Debug> AsyncLoader: Spawn loader worker #1 in BackgrndStartup
2025.11.02 19:47:34.579750 [ 717 ] {} <Debug> AsyncLoader: Execute load job 'startup Ordinary database default' in BackgrndStartup
2025.11.02 19:47:34.579827 [ 717 ] {} <Debug> AsyncLoader: Finish load job 'startup Ordinary database default' with status OK
2025.11.02 19:47:34.580126 [ 717 ] {} <Debug> AsyncLoader: Spawn loader worker #2 in BackgrndStartup
2025.11.02 19:47:34.579775 [ 1 ] {} <Information> UserDefinedSQLObjectsLoaderFromDisk: Loading user defined objects from /var/lib/clickhouse/user_defined/
2025.11.02 19:47:34.580411 [ 1 ] {} <Debug> UserDefinedSQLObjectsLoaderFromDisk: The directory for user defined objects (/var/lib/clickhouse/user_defined/) does not exist: nothing to load
2025.11.02 19:47:34.580372 [ 717 ] {} <Debug> AsyncLoader: Execute load job 'startup Atomic database default' in BackgrndStartup
2025.11.02 19:47:34.580487 [ 1 ] {} <Information> WorkloadEntityDiskStorage: Loading workload entities from /var/lib/clickhouse/workload/
2025.11.02 19:47:34.580658 [ 1 ] {} <Debug> WorkloadEntityDiskStorage: The directory for workload entities (/var/lib/clickhouse/workload/) does not exist: nothing to load
2025.11.02 19:47:34.580563 [ 717 ] {} <Debug> AsyncLoader: Finish load job 'startup Atomic database default' with status OK
2025.11.02 19:47:34.580806 [ 717 ] {} <Debug> AsyncLoader: Stop worker in BackgrndStartup
2025.11.02 19:47:34.580909 [ 722 ] {} <Debug> AsyncLoader: Stop worker in BackgrndStartup
2025.11.02 19:47:34.580947 [ 722 ] {} <Debug> AsyncLoader: Change current priority: 2 -> none
2025.11.02 19:47:34.583367 [ 1 ] {} <Information> ZooKeeperClient: Connected to ZooKeeper at 172.19.0.2:2181 with session_id 72057599028297731
2025.11.02 19:47:34.584346 [ 1 ] {} <Information> ZooKeeperClient: Keeper feature flag FILTERED_LIST: disabled
2025.11.02 19:47:34.584403 [ 1 ] {} <Information> ZooKeeperClient: Keeper feature flag MULTI_READ: disabled
2025.11.02 19:47:34.584479 [ 1 ] {} <Information> ZooKeeperClient: Keeper feature flag CHECK_NOT_EXISTS: disabled
2025.11.02 19:47:34.584536 [ 1 ] {} <Information> ZooKeeperClient: Keeper feature flag CREATE_IF_NOT_EXISTS: disabled
2025.11.02 19:47:34.584596 [ 1 ] {} <Information> ZooKeeperClient: Keeper feature flag REMOVE_RECURSIVE: disabled
2025.11.02 19:47:34.586778 [ 1 ] {} <Debug> Application: Loaded metadata.
2025.11.02 19:47:34.586848 [ 1 ] {} <Information> Application: Tasks stats provider: procfs
2025.11.02 19:47:34.586926 [ 1 ] {} <Information> Application: It looks like the process has no CAP_SYS_NICE capability, the setting 'os_thread_priority' will have no effect. It could happen due to incorrect ClickHouse package installation. You could resolve the problem manually with 'sudo setcap cap_sys_nice=+ep /usr/bin/clickhouse'. Note that it will not work on 'nosuid' mounted filesystems.
2025.11.02 19:47:34.587015 [ 1 ] {} <Debug> DatabaseAtomic (system): There are 0 detached tables. Start searching non used tables.
2025.11.02 19:47:34.587098 [ 1 ] {} <Debug> DatabaseAtomic (system): Found 0 non used tables in detached tables.
2025.11.02 19:47:34.587237 [ 1 ] {} <Warning> Application: Listen [::]:8123 failed: Poco::Exception. Code: 1000, e.code() = 0, DNS error: EAI: Address family for hostname not supported (version 25.3.7.194 (official build)). If it is an IPv6 or IPv4 address and your host has disabled IPv6 or IPv4, then consider to specify not disabled IPv4 or IPv6 address to listen in <listen_host> element of configuration file. Example for disabled IPv6: <listen_host>0.0.0.0</listen_host> . Example for disabled IPv4: <listen_host>::</listen_host>
2025.11.02 19:47:34.587393 [ 1 ] {} <Warning> Application: Listen [::]:9000 failed: Poco::Exception. Code: 1000, e.code() = 0, DNS error: EAI: Address family for hostname not supported (version 25.3.7.194 (official build)). If it is an IPv6 or IPv4 address and your host has disabled IPv6 or IPv4, then consider to specify not disabled IPv4 or IPv6 address to listen in <listen_host> element of configuration file. Example for disabled IPv6: <listen_host>0.0.0.0</listen_host> . Example for disabled IPv4: <listen_host>::</listen_host>
2025.11.02 19:47:34.587520 [ 1 ] {} <Warning> Application: Listen [::]:8001 failed: Poco::Exception. Code: 1000, e.code() = 0, DNS error: EAI: Address family for hostname not supported (version 25.3.7.194 (official build)). If it is an IPv6 or IPv4 address and your host has disabled IPv6 or IPv4, then consider to specify not disabled IPv4 or IPv6 address to listen in <listen_host> element of configuration file. Example for disabled IPv6: <listen_host>0.0.0.0</listen_host> . Example for disabled IPv4: <listen_host>::</listen_host>
2025.11.02 19:47:34.587662 [ 1 ] {} <Information> CertificateReloader: One of paths is empty. Cannot apply new configuration for certificates. Fill all paths and try again.
2025.11.02 19:47:34.587702 [ 1 ] {} <Information> CertificateReloader: One of paths is empty. Cannot apply new configuration for certificates. Fill all paths and try again.
2025.11.02 19:47:34.589078 [ 1 ] {} <Debug> AsyncLoader: Schedule load job 'startup ddl worker' into BackgrndStartup
2025.11.02 19:47:34.589145 [ 1 ] {} <Debug> AsyncLoader: Change current priority: none -> 2
2025.11.02 19:47:34.589190 [ 1 ] {} <Debug> AsyncLoader: Spawn loader worker #1 in BackgrndStartup
2025.11.02 19:47:34.589296 [ 1 ] {} <Information> Application: Listening for http://0.0.0.0:8123
2025.11.02 19:47:34.589306 [ 729 ] {} <Debug> AsyncLoader: Execute load job 'startup ddl worker' in BackgrndStartup
2025.11.02 19:47:34.589450 [ 729 ] {} <Debug> AsyncLoader: Finish load job 'startup ddl worker' with status OK
2025.11.02 19:47:34.589362 [ 1 ] {} <Information> Application: Listening for native protocol (tcp): 0.0.0.0:9000
2025.11.02 19:47:34.589556 [ 1 ] {} <Information> Application: Listening for Prometheus: http://0.0.0.0:8001
2025.11.02 19:47:34.589609 [ 1 ] {} <Information> Application: Ready for connections.
2025.11.02 19:47:34.589504 [ 729 ] {} <Debug> AsyncLoader: Stop worker in BackgrndStartup
2025.11.02 19:47:34.589727 [ 729 ] {} <Debug> AsyncLoader: Change current priority: 2 -> none
2025.11.02 19:47:34.589490 [ 732 ] {} <Debug> DDLWorker: Starting DDLWorker thread
2025.11.02 19:47:34.589811 [ 732 ] {} <Debug> DDLWorker: Initializing DDLWorker thread
2025.11.02 19:47:34.589472 [ 728 ] {} <Debug> DDLWorker: Started DDLWorker cleanup thread
2025.11.02 19:47:34.593615 [ 732 ] {} <Debug> DDLWorker: Initialized DDLWorker thread
2025.11.02 19:47:34.593665 [ 728 ] {} <Debug> DDLWorker: Cleaning queue
2025.11.02 19:47:34.595177 [ 732 ] {} <Debug> DDLWorker: Scheduling tasks
2025.11.02 19:47:34.595464 [ 732 ] {} <Debug> DDLWorker: No tasks to schedule
2025.11.02 19:47:34.595500 [ 732 ] {} <Debug> DDLWorker: Waiting for queue updates
2025.11.02 19:47:34.803205 [ 83 ] {} <Information> TCPHandler: Client has not sent any data.
2025.11.02 19:47:34.803288 [ 83 ] {} <Debug> TCPHandler: Done processing connection.
2025.11.02 19:47:34.838297 [ 83 ] {} <Information> TCPHandler: Client has not sent any data.
2025.11.02 19:47:34.838467 [ 83 ] {} <Debug> TCPHandler: Done processing connection.
2025.11.02 19:47:34.902478 [ 732 ] {} <Debug> DDLWorker: Scheduling tasks
2025.11.02 19:47:34.904694 [ 732 ] {} <Debug> DDLWorker: Will schedule 1 tasks starting from query-0000000000
2025.11.02 19:47:34.905989 [ 732 ] {} <Debug> DDLWorker: Processing task query-0000000000 (query: CREATE DATABASE IF NOT EXISTS db_cor UUID '91d5f8af-7555-4edd-8dbd-050c21b7c62b', backup restore: false)
2025.11.02 19:47:34.907410 [ 732 ] {} <Debug> DDLWorker: Executing query: CREATE DATABASE IF NOT EXISTS db_cor UUID '91d5f8af-7555-4edd-8dbd-050c21b7c62b'
2025.11.02 19:47:34.907573 [ 732 ] {2764de63-dc77-456e-9313-84c2bde565e2} <Debug> executeQuery: (from 0.0.0.0:0, user: , initial_query_id: 24e89954-4698-4b11-b435-5546ec87616c) /* ddl_entry=query-0000000000 */ CREATE DATABASE IF NOT EXISTS db_cor UUID '91d5f8af-7555-4edd-8dbd-050c21b7c62b' (stage: Complete)
2025.11.02 19:47:34.908470 [ 732 ] {2764de63-dc77-456e-9313-84c2bde565e2} <Information> DatabaseAtomic (db_cor): Metadata processed, database db_cor has 0 tables and 0 dictionaries in total.
2025.11.02 19:47:34.908518 [ 732 ] {2764de63-dc77-456e-9313-84c2bde565e2} <Information> TablesLoader: Parsed metadata of 0 tables in 1 databases in 5.5417e-05 sec
2025.11.02 19:47:34.908588 [ 732 ] {2764de63-dc77-456e-9313-84c2bde565e2} <Debug> AsyncLoader: Prioritize load job 'startup Atomic database db_cor': BackgrndStartup -> ForegroundLoad
2025.11.02 19:47:34.908635 [ 732 ] {2764de63-dc77-456e-9313-84c2bde565e2} <Debug> AsyncLoader: Prioritize load job 'startup Ordinary database db_cor': BackgrndStartup -> ForegroundLoad
2025.11.02 19:47:34.908682 [ 732 ] {2764de63-dc77-456e-9313-84c2bde565e2} <Debug> AsyncLoader: Schedule load job 'startup Ordinary database db_cor' into ForegroundLoad
2025.11.02 19:47:34.908745 [ 732 ] {2764de63-dc77-456e-9313-84c2bde565e2} <Debug> AsyncLoader: Schedule load job 'startup Atomic database db_cor' into ForegroundLoad
2025.11.02 19:47:34.908787 [ 732 ] {2764de63-dc77-456e-9313-84c2bde565e2} <Debug> AsyncLoader: Change current priority: none -> 0
2025.11.02 19:47:34.908920 [ 732 ] {2764de63-dc77-456e-9313-84c2bde565e2} <Debug> AsyncLoader: Spawn loader worker #1 in ForegroundLoad
2025.11.02 19:47:34.909016 [ 732 ] {2764de63-dc77-456e-9313-84c2bde565e2} <Debug> AsyncLoader: Wait load job 'startup Atomic database db_cor' in ForegroundLoad
2025.11.02 19:47:34.909065 [ 733 ] {} <Debug> AsyncLoader: Execute load job 'startup Ordinary database db_cor' in ForegroundLoad
2025.11.02 19:47:34.909142 [ 733 ] {} <Debug> AsyncLoader: Finish load job 'startup Ordinary database db_cor' with status OK
2025.11.02 19:47:34.909202 [ 733 ] {} <Debug> AsyncLoader: Spawn loader worker #2 in ForegroundLoad
2025.11.02 19:47:34.909368 [ 733 ] {} <Debug> AsyncLoader: Execute load job 'startup Atomic database db_cor' in ForegroundLoad
2025.11.02 19:47:34.909460 [ 733 ] {} <Debug> AsyncLoader: Finish load job 'startup Atomic database db_cor' with status OK
2025.11.02 19:47:34.909546 [ 733 ] {} <Debug> AsyncLoader: Stop worker in ForegroundLoad
2025.11.02 19:47:34.909564 [ 732 ] {2764de63-dc77-456e-9313-84c2bde565e2} <Debug> DDLWorker: Executed query: /* ddl_entry=query-0000000000 */ CREATE DATABASE IF NOT EXISTS db_cor UUID '91d5f8af-7555-4edd-8dbd-050c21b7c62b'
2025.11.02 19:47:34.909677 [ 755 ] {} <Debug> AsyncLoader: Stop worker in ForegroundLoad
2025.11.02 19:47:34.909793 [ 755 ] {} <Debug> AsyncLoader: Change current priority: 0 -> none
2025.11.02 19:47:34.911692 [ 732 ] {} <Debug> DDLWorker: Waiting for queue updates
2025.11.02 19:47:34.970033 [ 732 ] {} <Debug> DDLWorker: Scheduling tasks
2025.11.02 19:47:34.970952 [ 732 ] {} <Debug> DDLWorker: Will schedule 1 tasks starting from query-0000000001
2025.11.02 19:47:34.971765 [ 732 ] {} <Debug> DDLWorker: Processing task query-0000000001 (query: CREATE TABLE db_cor.tbl_cor_dist_local UUID 'f20a3908-f960-40c4-95f3-7bc6c48a317c' (`id` Int64) ENGINE = MergeTree ORDER BY id SETTINGS index_granularity = 8192, backup restore: false)
2025.11.02 19:47:34.973097 [ 732 ] {} <Debug> DDLWorker: Executing query: CREATE TABLE db_cor.tbl_cor_dist_local UUID 'f20a3908-f960-40c4-95f3-7bc6c48a317c' (`id` Int64) ENGINE = MergeTree ORDER BY id SETTINGS index_granularity = 8192
2025.11.02 19:47:34.973265 [ 732 ] {e070f810-e1d6-40de-8021-3a10f52ce1a2} <Debug> executeQuery: (from 0.0.0.0:0, user: , initial_query_id: ad97e4cd-8720-4261-99b2-ef2138c90067) /* ddl_entry=query-0000000001 */ CREATE TABLE db_cor.tbl_cor_dist_local UUID 'f20a3908-f960-40c4-95f3-7bc6c48a317c' (`id` Int64) ENGINE = MergeTree ORDER BY id SETTINGS index_granularity = 8192 (stage: Complete)
2025.11.02 19:47:34.974619 [ 732 ] {e070f810-e1d6-40de-8021-3a10f52ce1a2} <Debug> db_cor.tbl_cor_dist_local (f20a3908-f960-40c4-95f3-7bc6c48a317c): Loading data parts
2025.11.02 19:47:34.974805 [ 732 ] {e070f810-e1d6-40de-8021-3a10f52ce1a2} <Debug> db_cor.tbl_cor_dist_local (f20a3908-f960-40c4-95f3-7bc6c48a317c): There are no data parts
2025.11.02 19:47:34.975669 [ 732 ] {e070f810-e1d6-40de-8021-3a10f52ce1a2} <Debug> DatabaseAtomic (db_cor): There are 0 detached tables. Start searching non used tables.
2025.11.02 19:47:34.975726 [ 732 ] {e070f810-e1d6-40de-8021-3a10f52ce1a2} <Debug> DatabaseAtomic (db_cor): Found 0 non used tables in detached tables.
2025.11.02 19:47:34.975920 [ 732 ] {e070f810-e1d6-40de-8021-3a10f52ce1a2} <Debug> DDLWorker: Executed query: /* ddl_entry=query-0000000001 */ CREATE TABLE db_cor.tbl_cor_dist_local UUID 'f20a3908-f960-40c4-95f3-7bc6c48a317c' (`id` Int64) ENGINE = MergeTree ORDER BY id SETTINGS index_granularity = 8192
2025.11.02 19:47:34.978137 [ 732 ] {} <Debug> DDLWorker: Waiting for queue updates
2025.11.02 19:47:35.092486 [ 732 ] {} <Debug> DDLWorker: Scheduling tasks
2025.11.02 19:47:35.093082 [ 732 ] {} <Debug> DDLWorker: Will schedule 1 tasks starting from query-0000000002
2025.11.02 19:47:35.093962 [ 732 ] {} <Debug> DDLWorker: Processing task query-0000000002 (query: DROP TABLE IF EXISTS db_cor.tbl_cor_dist, backup restore: false)
2025.11.02 19:47:35.095819 [ 732 ] {} <Debug> DDLWorker: Executing query: DROP TABLE IF EXISTS db_cor.tbl_cor_dist
2025.11.02 19:47:35.095938 [ 732 ] {4c730889-c785-4a36-b8fd-07e9c87612f9} <Debug> executeQuery: (from 0.0.0.0:0, user: , initial_query_id: afc322dc-82a4-497e-acb0-f49308bdecde) /* ddl_entry=query-0000000002 */ DROP TABLE IF EXISTS db_cor.tbl_cor_dist (stage: Complete)
2025.11.02 19:47:35.096077 [ 732 ] {4c730889-c785-4a36-b8fd-07e9c87612f9} <Debug> DDLWorker: Executed query: /* ddl_entry=query-0000000002 */ DROP TABLE IF EXISTS db_cor.tbl_cor_dist
2025.11.02 19:47:35.097600 [ 732 ] {} <Debug> DDLWorker: Waiting for queue updates
2025.11.02 19:47:35.159258 [ 732 ] {} <Debug> DDLWorker: Scheduling tasks
2025.11.02 19:47:35.160134 [ 732 ] {} <Debug> DDLWorker: Will schedule 1 tasks starting from query-0000000003
2025.11.02 19:47:35.161133 [ 732 ] {} <Debug> DDLWorker: Processing task query-0000000003 (query: DROP TABLE IF EXISTS db_cor.tbl_cor_dist_local, backup restore: false)
2025.11.02 19:47:35.162172 [ 732 ] {} <Debug> DDLWorker: Executing query: DROP TABLE IF EXISTS db_cor.tbl_cor_dist_local
2025.11.02 19:47:35.162272 [ 732 ] {4aa2ef2d-3e5e-44de-aeaf-4c4c038d0508} <Debug> executeQuery: (from 0.0.0.0:0, user: , initial_query_id: 1de85e57-e244-4f91-a04b-05e3f64df20f) /* ddl_entry=query-0000000003 */ DROP TABLE IF EXISTS db_cor.tbl_cor_dist_local (stage: Complete)
2025.11.02 19:47:35.162526 [ 732 ] {4aa2ef2d-3e5e-44de-aeaf-4c4c038d0508} <Debug> DDLWorker: Executed query: /* ddl_entry=query-0000000003 */ DROP TABLE IF EXISTS db_cor.tbl_cor_dist_local
2025.11.02 19:47:35.164160 [ 732 ] {} <Debug> DDLWorker: Waiting for queue updates
2025.11.02 19:47:35.224376 [ 732 ] {} <Debug> DDLWorker: Scheduling tasks
2025.11.02 19:47:35.225044 [ 732 ] {} <Debug> DDLWorker: Will schedule 1 tasks starting from query-0000000004
2025.11.02 19:47:35.226372 [ 732 ] {} <Debug> DDLWorker: Processing task query-0000000004 (query: DROP DATABASE IF EXISTS db_cor, backup restore: false)
2025.11.02 19:47:35.227322 [ 732 ] {} <Debug> DDLWorker: Executing query: DROP DATABASE IF EXISTS db_cor
2025.11.02 19:47:35.228056 [ 732 ] {587d16ac-e9b2-419d-a63c-4a65280c50a3} <Debug> executeQuery: (from 0.0.0.0:0, user: , initial_query_id: ef0dc804-e136-4ed2-9fe9-d2e255989f8f) /* ddl_entry=query-0000000004 */ DROP DATABASE IF EXISTS db_cor (stage: Complete)
2025.11.02 19:47:35.228128 [ 732 ] {587d16ac-e9b2-419d-a63c-4a65280c50a3} <Debug> DatabaseAtomic (db_cor): There are 0 detached tables. Start searching non used tables.
2025.11.02 19:47:35.228182 [ 732 ] {587d16ac-e9b2-419d-a63c-4a65280c50a3} <Debug> DatabaseAtomic (db_cor): Found 0 non used tables in detached tables.
2025.11.02 19:47:35.228449 [ 732 ] {587d16ac-e9b2-419d-a63c-4a65280c50a3} <Debug> DDLWorker: Executed query: /* ddl_entry=query-0000000004 */ DROP DATABASE IF EXISTS db_cor
2025.11.02 19:47:35.229706 [ 732 ] {} <Debug> DDLWorker: Waiting for queue updates
2025.11.02 19:47:35.935137 [ 80 ] {} <Information> Application: Received termination signal (Terminated)
2025.11.02 19:47:35.935377 [ 1 ] {} <Debug> Application: Received termination signal.
2025.11.02 19:47:35.935726 [ 1 ] {} <Debug> Application: Waiting for current connections to close.
2025.11.02 19:47:35.936594 [ 1 ] {} <Information> Application: Closed all listening sockets.
2025.11.02 19:47:35.936791 [ 1 ] {} <Information> Application: Closed connections.
2025.11.02 19:47:35.936846 [ 1 ] {} <Information> Application: Stopping AsyncLoader.
2025.11.02 19:47:35.936978 [ 1 ] {} <Information> CgroupsMemoryUsageObserver: Stopped cgroup current memory usage observer thread
2025.11.02 19:47:35.937128 [ 1 ] {} <Information> Application: Shutting down storages.
2025.11.02 19:47:35.937786 [ 1 ] {} <Debug> Context: Shutting down dictionaries loader
2025.11.02 19:47:35.937886 [ 1 ] {} <Debug> Context: Shutting down UDFs loader
2025.11.02 19:47:35.938054 [ 1 ] {} <Debug> Context: Shutting down another UDFs storage
2025.11.02 19:47:35.938095 [ 1 ] {} <Debug> Context: Shutting down workload entity storage
2025.11.02 19:47:35.938144 [ 1 ] {} <Debug> Context: Shutting down system logs
2025.11.02 19:47:35.938245 [ 718 ] {} <Debug> SystemLog (system.query_log): Creating new table system.query_log for QueryLog
2025.11.02 19:47:35.938246 [ 1 ] {} <Debug> SystemLogQueue (system.query_log): Requested flush up to offset 10
2025.11.02 19:47:35.938277 [ 720 ] {} <Debug> SystemLog (system.metric_log): Creating new table system.metric_log for MetricLog
2025.11.02 19:47:35.940448 [ 718 ] {} <Debug> system.query_log (3bc0ab83-e195-49c1-8a7d-bffb3f62648f): Loading data parts
2025.11.02 19:47:35.940620 [ 718 ] {} <Debug> system.query_log (3bc0ab83-e195-49c1-8a7d-bffb3f62648f): There are no data parts
2025.11.02 19:47:35.941598 [ 718 ] {} <Debug> DatabaseAtomic (system): There are 0 detached tables. Start searching non used tables.
2025.11.02 19:47:35.941667 [ 718 ] {} <Debug> DatabaseAtomic (system): Found 0 non used tables in detached tables.
2025.11.02 19:47:35.945856 [ 1 ] {} <Debug> SystemLogQueue (system.query_thread_log): Requested flush up to offset 0
2025.11.02 19:47:35.945988 [ 1 ] {} <Debug> SystemLogQueue (system.metric_log): Requested flush up to offset 2
2025.11.02 19:47:35.947835 [ 720 ] {} <Debug> system.metric_log (bcdfc3f1-8a7d-40cd-8cfd-e9f699ce87d1): Loading data parts
2025.11.02 19:47:35.948179 [ 720 ] {} <Debug> system.metric_log (bcdfc3f1-8a7d-40cd-8cfd-e9f699ce87d1): There are no data parts
2025.11.02 19:47:35.950943 [ 720 ] {} <Debug> DatabaseAtomic (system): There are 0 detached tables. Start searching non used tables.
2025.11.02 19:47:35.950996 [ 720 ] {} <Debug> DatabaseAtomic (system): Found 0 non used tables in detached tables.
2025.11.02 19:47:36.560308 [ 1 ] {} <Debug> Context: Shutting down merges executor
2025.11.02 19:47:36.560785 [ 1 ] {} <Debug> Context: Shutting down fetches executor
2025.11.02 19:47:36.560995 [ 1 ] {} <Debug> Context: Shutting down moves executor
2025.11.02 19:47:36.561636 [ 1 ] {} <Debug> Context: Shutting down common executor
2025.11.02 19:47:36.562838 [ 1 ] {} <Information> Context: Shutdown disk default
2025.11.02 19:47:36.562909 [ 1 ] {} <Information> ZooKeeperClient: Finalizing session 72057599028297731. finalization_started: false, queue_finished: false, reason: 'Destructor called'
2025.11.02 19:47:36.568738 [ 1 ] {} <Debug> Application: Shut down storages.
2025.11.02 19:47:36.568814 [ 1 ] {} <Debug> Application: Waiting for current connections to servers for tables to finish.
2025.11.02 19:47:36.569192 [ 1 ] {} <Information> Application: Closed all listening sockets.
2025.11.02 19:47:36.569369 [ 1 ] {} <Information> Application: Closed connections to servers for tables.
2025.11.02 19:47:36.570557 [ 1 ] {} <Debug> Application: Destroyed global context.
2025.11.02 19:47:36.570743 [ 1 ] {} <Information> Application: Waiting for background threads
2025.11.02 19:47:36.587065 [ 1 ] {} <Information> Application: Background threads finished in 16 ms
2025.11.02 19:47:36.587331 [ 1 ] {} <Information> Application: shutting down
2025.11.02 19:47:36.587367 [ 1 ] {} <Debug> Application: Uninitializing subsystem: Logging Subsystem
2025.11.02 19:47:36.587479 [ 80 ] {} <Information> BaseDaemon: Stop SignalListener thread
2025.11.02 19:47:44.217643 [ 1 ] {} <Information> SentryWriter: Sending crash reports is disabled
2025.11.02 19:47:44.244826 [ 1 ] {} <Information> Application: Starting ClickHouse 25.3.7.194 (revision: 54502, git hash: 36637934778b7d39b37f378d258359dd6ffdd110, build id: E09B0ADBF9AF0530703B179DBA02705D5DF508C0), PID 1
2025.11.02 19:47:44.244929 [ 1 ] {} <Information> Application: starting up
2025.11.02 19:47:44.245042 [ 1 ] {} <Information> Application: OS name: Linux, version: 6.10.14-linuxkit, architecture: aarch64
2025.11.02 19:47:44.245159 [ 1 ] {} <Information> Jemalloc: Value for background_thread set to true (from true)
2025.11.02 19:47:44.246724 [ 1 ] {} <Information> Application: Available RAM: 7.65 GiB; logical cores: 14; used cores: 14.
2025.11.02 19:47:44.247575 [ 1 ] {} <Information> CgroupsReader: Will create cgroup reader from '/sys/fs/cgroup/' (cgroups version: v2)
2025.11.02 19:47:44.249700 [ 1 ] {} <Warning> Application: Integrity check of the executable skipped because the reference checksum could not be read.
2025.11.02 19:47:44.249870 [ 1 ] {} <Information> Application: It looks like the process has no CAP_IPC_LOCK capability, binary mlock will be disabled. It could happen due to incorrect ClickHouse package installation. You could resolve the problem manually with 'sudo setcap cap_ipc_lock=+ep /usr/bin/clickhouse'. Note that it will not work on 'nosuid' mounted filesystems.
2025.11.02 19:47:44.249957 [ 1 ] {} <Information> MemoryWorker: Starting background memory thread with period of 50ms, using Cgroups as source
2025.11.02 19:47:44.250063 [ 1 ] {} <Information> BackgroundSchedulePool/BgSchPool: Create BackgroundSchedulePool with 512 threads
2025.11.02 19:47:44.270927 [ 1 ] {} <Debug> Application: rlimit on number of file descriptors is 1048576
2025.11.02 19:47:44.270963 [ 1 ] {} <Debug> Application: rlimit on number of threads is 18446744073709551615
2025.11.02 19:47:44.270998 [ 1 ] {} <Debug> Application: Initializing DateLUT.
2025.11.02 19:47:44.271049 [ 1 ] {} <Debug> Context: Setting up /var/lib/clickhouse/tmp/ to store temporary data in it
2025.11.02 19:47:44.271163 [ 1 ] {} <Debug> Application: Initializing interserver credentials.
2025.11.02 19:47:44.271204 [ 1 ] {} <Information> Application: Lowered uncompressed cache size to 3.83 GiB because the system has limited RAM
2025.11.02 19:47:44.271227 [ 1 ] {} <Information> Application: Lowered mark cache size to 3.83 GiB because the system has limited RAM
2025.11.02 19:47:44.271251 [ 1 ] {} <Information> Application: Lowered primary index cache size to 3.83 GiB because the system has limited RAM
2025.11.02 19:47:44.271277 [ 1 ] {} <Information> Application: Lowered index mark cache size to 3.83 GiB because the system has limited RAM
2025.11.02 19:47:44.271312 [ 1 ] {} <Debug> FileCacheFactory: Will load 0 caches from default cache config
2025.11.02 19:47:44.271485 [ 1 ] {} <Debug> ConfigReloader: Loading config '/etc/clickhouse-server/config.xml'
2025.11.02 19:47:44.271546 [ 1 ] {} <Debug> ConfigProcessor: Processing configuration file '/etc/clickhouse-server/config.xml'.
2025.11.02 19:47:44.271825 [ 1 ] {} <Debug> ConfigProcessor: Merging configuration file '/etc/clickhouse-server/config.d/docker_related_config.xml'.
2025.11.02 19:47:44.271897 [ 1 ] {} <Debug> ConfigProcessor: Merging configuration file '/etc/clickhouse-server/config.d/interserver_http_host.xml'.
2025.11.02 19:47:44.272082 [ 1 ] {} <Debug> ConfigProcessor: Merging configuration file '/etc/clickhouse-server/config.d/macros.xml'.
2025.11.02 19:47:44.272276 [ 1 ] {} <Debug> ConfigProcessor: Merging configuration file '/etc/clickhouse-server/config.d/remote_servers.xml'.
2025.11.02 19:47:44.272489 [ 1 ] {} <Debug> ConfigProcessor: Merging configuration file '/etc/clickhouse-server/config.d/zookeeper.xml'.
2025.11.02 19:47:44.272878 [ 1 ] {} <Debug> ConfigProcessor: Saved preprocessed configuration to '/var/lib/clickhouse/preprocessed_configs/config.xml'.
2025.11.02 19:47:44.272950 [ 1 ] {} <Debug> ConfigReloader: Loaded config '/etc/clickhouse-server/config.xml', performing update on configuration
2025.11.02 19:47:44.273538 [ 1 ] {} <Information> Application: Changed setting 'max_server_memory_usage' to 6.89 GiB (7.65 GiB available memory * 0.90 max_server_memory_usage_to_ram_ratio)
2025.11.02 19:47:44.273591 [ 1 ] {} <Information> Application: Setting merges_mutations_memory_usage_soft_limit was set to 3.83 GiB (7.65 GiB available * 0.50 merges_mutations_memory_usage_to_ram_ratio)
2025.11.02 19:47:44.273630 [ 1 ] {} <Information> Application: Merges and mutations memory limit is set to 3.83 GiB
2025.11.02 19:47:44.274276 [ 1 ] {} <Information> Application: Setting max_remote_read_network_bandwidth_for_server was set to 0
2025.11.02 19:47:44.274341 [ 1 ] {} <Information> Application: Setting max_remote_write_network_bandwidth_for_server was set to 0
2025.11.02 19:47:44.274392 [ 1 ] {} <Information> Application: Setting max_local_read_bandwidth_for_server was set to 0
2025.11.02 19:47:44.275030 [ 1 ] {} <Information> Application: Setting max_local_write_bandwidth_for_server was set to 0
2025.11.02 19:47:44.275159 [ 1 ] {} <Information> Application: ConcurrencyControl limit is set to UNLIMITED CPU slots with 'round_robin' scheduler
2025.11.02 19:47:44.275224 [ 1 ] {} <Information> BackgroundSchedulePool/BgBufSchPool: Create BackgroundSchedulePool with 16 threads
2025.11.02 19:47:44.275813 [ 1 ] {} <Information> BackgroundSchedulePool/BgMBSchPool: Create BackgroundSchedulePool with 16 threads
2025.11.02 19:47:44.276706 [ 1 ] {} <Information> BackgroundSchedulePool/BgDistSchPool: Create BackgroundSchedulePool with 16 threads
2025.11.02 19:47:44.277305 [ 1 ] {} <Debug> ConfigReloader: Loaded config '/etc/clickhouse-server/config.xml', performed update on configuration
2025.11.02 19:47:44.277468 [ 1 ] {} <Warning> Application: Listen [::]:9009 failed: Poco::Exception. Code: 1000, e.code() = 0, DNS error: EAI: Address family for hostname not supported (version 25.3.7.194 (official build)). If it is an IPv6 or IPv4 address and your host has disabled IPv6 or IPv4, then consider to specify not disabled IPv4 or IPv6 address to listen in <listen_host> element of configuration file. Example for disabled IPv6: <listen_host>0.0.0.0</listen_host> . Example for disabled IPv4: <listen_host>::</listen_host>
2025.11.02 19:47:44.277567 [ 1 ] {} <Information> Application: Listening for replica communication (interserver): http://0.0.0.0:9009
2025.11.02 19:47:44.277667 [ 1 ] {} <Warning> Access(local_directory): File /var/lib/clickhouse/access/users.list doesn't exist
2025.11.02 19:47:44.277745 [ 1 ] {} <Warning> Access(local_directory): Recovering lists in directory /var/lib/clickhouse/access/
2025.11.02 19:47:44.277846 [ 1 ] {} <Debug> Access(user directories): Added local_directory access storage 'local_directory', path: /var/lib/clickhouse/access/
2025.11.02 19:47:44.278026 [ 1 ] {} <Debug> ConfigReloader: Loading config '/etc/clickhouse-server/users.xml'
2025.11.02 19:47:44.278131 [ 1 ] {} <Debug> ConfigProcessor: Processing configuration file '/etc/clickhouse-server/users.xml'.
2025.11.02 19:47:44.278225 [ 1 ] {} <Debug> ConfigProcessor: Merging configuration file '/etc/clickhouse-server/users.d/users.xml'.
2025.11.02 19:47:44.278787 [ 1 ] {} <Debug> ConfigProcessor: Saved preprocessed configuration to '/var/lib/clickhouse/preprocessed_configs/users.xml'.
2025.11.02 19:47:44.278840 [ 1 ] {} <Debug> ConfigReloader: Loaded config '/etc/clickhouse-server/users.xml', performing update on configuration
2025.11.02 19:47:44.279161 [ 1 ] {} <Debug> ConfigReloader: Loaded config '/etc/clickhouse-server/users.xml', performed update on configuration
2025.11.02 19:47:44.279273 [ 1 ] {} <Debug> Access(user directories): Added users_xml access storage 'users_xml', path: /etc/clickhouse-server/users.xml
2025.11.02 19:47:44.279369 [ 1 ] {} <Information> CgroupsMemoryUsageObserver: Started cgroup current memory usage observer thread
2025.11.02 19:47:44.279456 [ 654 ] {} <Information> CgroupsMemoryUsageObserver: Memory amount initially available to the process is 7.65 GiB
2025.11.02 19:47:44.280157 [ 1 ] {} <Information> Context: Initialized background executor for merges and mutations with num_threads=16, num_tasks=32, scheduling_policy=round_robin
2025.11.02 19:47:44.280532 [ 1 ] {} <Information> Context: Initialized background executor for move operations with num_threads=8, num_tasks=8
2025.11.02 19:47:44.281208 [ 1 ] {} <Information> Context: Initialized background executor for fetches with num_threads=16, num_tasks=16
2025.11.02 19:47:44.281710 [ 1 ] {} <Information> Context: Initialized background executor for common operations (e.g. clearing old parts) with num_threads=8, num_tasks=8
2025.11.02 19:47:44.282484 [ 1 ] {} <Warning> Context: Linux transparent hugepages are set to "always". Check /sys/kernel/mm/transparent_hugepage/enabled
2025.11.02 19:47:44.282658 [ 1 ] {} <Warning> Context: Delay accounting is not enabled, OSIOWaitMicroseconds will not be gathered. You can enable it using `echo 1 > /proc/sys/kernel/task_delayacct` or by using sysctl.
2025.11.02 19:47:44.282871 [ 1 ] {} <Information> DNSCacheUpdater: Update period 15 seconds
2025.11.02 19:47:44.282955 [ 1 ] {} <Information> Application: Loading metadata from /var/lib/clickhouse/
2025.11.02 19:47:44.282977 [ 89 ] {} <Debug> DNSResolver: Updating DNS cache
2025.11.02 19:47:44.283087 [ 1 ] {} <Information> Context: Database disk name: default
2025.11.02 19:47:44.283229 [ 1 ] {} <Information> Context: Database disk name: default, path: /var/lib/clickhouse/
2025.11.02 19:47:44.283288 [ 1 ] {} <Debug> loadSystemDatabase: metadata_file_path metadata/system.sql, existsFile false
2025.11.02 19:47:44.283659 [ 89 ] {} <Debug> DNSResolver: Updated DNS cache
2025.11.02 19:47:44.284502 [ 1 ] {} <Debug> loadSystemDatabase: metadata_file_path metadata/information_schema.sql, existsFile false
2025.11.02 19:47:44.285189 [ 1 ] {} <Debug> loadSystemDatabase: metadata_file_path metadata/INFORMATION_SCHEMA.sql, existsFile false
2025.11.02 19:47:44.287314 [ 1 ] {} <Information> DatabaseAtomic (system): Metadata processed, database system has 0 tables and 0 dictionaries in total.
2025.11.02 19:47:44.287374 [ 1 ] {} <Information> TablesLoader: Parsed metadata of 0 tables in 1 databases in 7.1375e-05 sec
2025.11.02 19:47:44.287433 [ 1 ] {} <Debug> AsyncLoader: Prioritize load job 'startup Atomic database system': BackgrndStartup -> ForegroundLoad
2025.11.02 19:47:44.287466 [ 1 ] {} <Debug> AsyncLoader: Prioritize load job 'startup Ordinary database system': BackgrndStartup -> ForegroundLoad
2025.11.02 19:47:44.287493 [ 1 ] {} <Debug> AsyncLoader: Schedule load job 'startup Ordinary database system' into ForegroundLoad
2025.11.02 19:47:44.287521 [ 1 ] {} <Debug> AsyncLoader: Schedule load job 'startup Atomic database system' into ForegroundLoad
2025.11.02 19:47:44.287542 [ 1 ] {} <Debug> AsyncLoader: Change current priority: none -> 0
2025.11.02 19:47:44.287575 [ 1 ] {} <Debug> AsyncLoader: Spawn loader worker #1 in ForegroundLoad
2025.11.02 19:47:44.287666 [ 1 ] {} <Debug> AsyncLoader: Wait load job 'startup Atomic database system' in ForegroundLoad
2025.11.02 19:47:44.287720 [ 719 ] {} <Debug> AsyncLoader: Execute load job 'startup Ordinary database system' in ForegroundLoad
2025.11.02 19:47:44.287801 [ 719 ] {} <Debug> AsyncLoader: Finish load job 'startup Ordinary database system' with status OK
2025.11.02 19:47:44.287849 [ 719 ] {} <Debug> AsyncLoader: Spawn loader worker #2 in ForegroundLoad
2025.11.02 19:47:44.287970 [ 719 ] {} <Debug> AsyncLoader: Execute load job 'startup Atomic database system' in ForegroundLoad
2025.11.02 19:47:44.288033 [ 720 ] {} <Debug> AsyncLoader: Stop worker in ForegroundLoad
2025.11.02 19:47:44.288105 [ 719 ] {} <Debug> AsyncLoader: Finish load job 'startup Atomic database system' with status OK
2025.11.02 19:47:44.288201 [ 719 ] {} <Debug> AsyncLoader: Stop worker in ForegroundLoad
2025.11.02 19:47:44.288264 [ 719 ] {} <Debug> AsyncLoader: Change current priority: 0 -> none
2025.11.02 19:47:44.288124 [ 1 ] {} <Debug> SystemLog: Creating system.query_log from query_log
2025.11.02 19:47:44.292960 [ 1 ] {} <Debug> SystemLog: Creating system.query_thread_log from query_thread_log
2025.11.02 19:47:44.293214 [ 1 ] {} <Debug> SystemLog: Not creating system.part_log since corresponding section 'part_log' is missing from config
2025.11.02 19:47:44.293270 [ 1 ] {} <Debug> SystemLog: Not creating system.trace_log since corresponding section 'trace_log' is missing from config
2025.11.02 19:47:44.293322 [ 1 ] {} <Debug> SystemLog: Not creating system.crash_log since corresponding section 'crash_log' is missing from config
2025.11.02 19:47:44.293384 [ 1 ] {} <Debug> SystemLog: Not creating system.text_log since corresponding section 'text_log' is missing from config
2025.11.02 19:47:44.293433 [ 1 ] {} <Debug> SystemLog: Creating system.metric_log from metric_log
2025.11.02 19:47:44.295335 [ 1 ] {} <Debug> SystemLog: Not creating system.latency_log since corresponding section 'latency_log' is missing from config
2025.11.02 19:47:44.295412 [ 1 ] {} <Debug> SystemLog: Not creating system.error_log since corresponding section 'error_log' is missing from config
2025.11.02 19:47:44.295465 [ 1 ] {} <Debug> SystemLog: Not creating system.filesystem_cache_log since corresponding section 'filesystem_cache_log' is missing from config
2025.11.02 19:47:44.295487 [ 1 ] {} <Debug> SystemLog: Not creating system.filesystem_read_prefetches_log since corresponding section 'filesystem_read_prefetches_log' is missing from config
2025.11.02 19:47:44.295537 [ 1 ] {} <Debug> SystemLog: Not creating system.s3queue_log since corresponding section 's3queue_log' is missing from config
2025.11.02 19:47:44.295573 [ 1 ] {} <Debug> SystemLog: Not creating system.azure_queue_log since corresponding section 'azure_queue_log' is missing from config
2025.11.02 19:47:44.295656 [ 1 ] {} <Debug> SystemLog: Not creating system.asynchronous_metric_log since corresponding section 'asynchronous_metric_log' is missing from config
2025.11.02 19:47:44.295707 [ 1 ] {} <Debug> SystemLog: Not creating system.opentelemetry_span_log since corresponding section 'opentelemetry_span_log' is missing from config
2025.11.02 19:47:44.295782 [ 1 ] {} <Debug> SystemLog: Not creating system.query_views_log since corresponding section 'query_views_log' is missing from config
2025.11.02 19:47:44.295848 [ 1 ] {} <Debug> SystemLog: Not creating system.zookeeper_log since corresponding section 'zookeeper_log' is missing from config
2025.11.02 19:47:44.295902 [ 1 ] {} <Debug> SystemLog: Not creating system.session_log since corresponding section 'session_log' is missing from config
2025.11.02 19:47:44.295979 [ 1 ] {} <Debug> SystemLog: Not creating system.transactions_info_log since corresponding section 'transactions_info_log' is missing from config
2025.11.02 19:47:44.296028 [ 1 ] {} <Debug> SystemLog: Not creating system.processors_profile_log since corresponding section 'processors_profile_log' is missing from config
2025.11.02 19:47:44.296112 [ 1 ] {} <Debug> SystemLog: Not creating system.asynchronous_insert_log since corresponding section 'asynchronous_insert_log' is missing from config
2025.11.02 19:47:44.296275 [ 1 ] {} <Debug> SystemLog: Not creating system.backup_log since corresponding section 'backup_log' is missing from config
2025.11.02 19:47:44.296321 [ 1 ] {} <Debug> SystemLog: Not creating system.blob_storage_log since corresponding section 'blob_storage_log' is missing from config
2025.11.02 19:47:44.296395 [ 1 ] {} <Debug> SystemLog: Not creating system.query_metric_log since corresponding section 'query_metric_log' is missing from config
2025.11.02 19:47:44.296709 [ 1 ] {} <Debug> DatabaseAtomic (system): There are 0 detached tables. Start searching non used tables.
2025.11.02 19:47:44.296772 [ 1 ] {} <Debug> DatabaseAtomic (system): Found 0 non used tables in detached tables.
2025.11.02 19:47:44.297419 [ 1 ] {} <Debug> DatabaseAtomic (system): There are 0 detached tables. Start searching non used tables.
2025.11.02 19:47:44.297732 [ 1 ] {} <Debug> DatabaseAtomic (system): Found 0 non used tables in detached tables.
2025.11.02 19:47:44.297794 [ 1 ] {} <Debug> DatabaseAtomic (system): There are 0 detached tables. Start searching non used tables.
2025.11.02 19:47:44.297892 [ 1 ] {} <Debug> DatabaseAtomic (system): Found 0 non used tables in detached tables.
2025.11.02 19:47:44.297988 [ 1 ] {} <Debug> DatabaseAtomic (system): There are 0 detached tables. Start searching non used tables.
2025.11.02 19:47:44.298080 [ 1 ] {} <Debug> DatabaseAtomic (system): Found 0 non used tables in detached tables.
2025.11.02 19:47:44.298150 [ 1 ] {} <Debug> DatabaseAtomic (system): There are 0 detached tables. Start searching non used tables.
2025.11.02 19:47:44.298237 [ 1 ] {} <Debug> DatabaseAtomic (system): Found 0 non used tables in detached tables.
2025.11.02 19:47:44.298321 [ 1 ] {} <Debug> DatabaseAtomic (system): There are 0 detached tables. Start searching non used tables.
2025.11.02 19:47:44.298369 [ 1 ] {} <Debug> DatabaseAtomic (system): Found 0 non used tables in detached tables.
2025.11.02 19:47:44.298489 [ 1 ] {} <Debug> DatabaseAtomic (system): There are 0 detached tables. Start searching non used tables.
2025.11.02 19:47:44.298566 [ 1 ] {} <Debug> DatabaseAtomic (system): Found 0 non used tables in detached tables.
2025.11.02 19:47:44.298757 [ 1 ] {} <Debug> DatabaseAtomic (system): There are 0 detached tables. Start searching non used tables.
2025.11.02 19:47:44.298871 [ 1 ] {} <Debug> DatabaseAtomic (system): Found 0 non used tables in detached tables.
2025.11.02 19:47:44.299033 [ 1 ] {} <Debug> DatabaseAtomic (system): There are 0 detached tables. Start searching non used tables.
2025.11.02 19:47:44.299084 [ 1 ] {} <Debug> DatabaseAtomic (system): Found 0 non used tables in detached tables.
2025.11.02 19:47:44.299175 [ 1 ] {} <Debug> DatabaseAtomic (system): There are 0 detached tables. Start searching non used tables.
2025.11.02 19:47:44.299264 [ 1 ] {} <Debug> DatabaseAtomic (system): Found 0 non used tables in detached tables.
2025.11.02 19:47:44.299349 [ 1 ] {} <Debug> DatabaseAtomic (system): There are 0 detached tables. Start searching non used tables.
2025.11.02 19:47:44.299739 [ 1 ] {} <Debug> DatabaseAtomic (system): Found 0 non used tables in detached tables.
2025.11.02 19:47:44.299871 [ 1 ] {} <Debug> DatabaseAtomic (system): There are 0 detached tables. Start searching non used tables.
2025.11.02 19:47:44.299953 [ 1 ] {} <Debug> DatabaseAtomic (system): Found 0 non used tables in detached tables.
2025.11.02 19:47:44.300082 [ 1 ] {} <Debug> DatabaseAtomic (system): There are 0 detached tables. Start searching non used tables.
2025.11.02 19:47:44.300176 [ 1 ] {} <Debug> DatabaseAtomic (system): Found 0 non used tables in detached tables.
2025.11.02 19:47:44.300264 [ 1 ] {} <Debug> DatabaseAtomic (system): There are 0 detached tables. Start searching non used tables.
2025.11.02 19:47:44.300326 [ 1 ] {} <Debug> DatabaseAtomic (system): Found 0 non used tables in detached tables.
2025.11.02 19:47:44.300405 [ 1 ] {} <Debug> DatabaseAtomic (system): There are 0 detached tables. Start searching non used tables.
2025.11.02 19:47:44.300528 [ 1 ] {} <Debug> DatabaseAtomic (system): Found 0 non used tables in detached tables.
2025.11.02 19:47:44.300598 [ 1 ] {} <Debug> DatabaseAtomic (system): There are 0 detached tables. Start searching non used tables.
2025.11.02 19:47:44.300653 [ 1 ] {} <Debug> DatabaseAtomic (system): Found 0 non used tables in detached tables.
2025.11.02 19:47:44.300709 [ 1 ] {} <Debug> DatabaseAtomic (system): There are 0 detached tables. Start searching non used tables.
2025.11.02 19:47:44.300748 [ 1 ] {} <Debug> DatabaseAtomic (system): Found 0 non used tables in detached tables.
2025.11.02 19:47:44.300799 [ 1 ] {} <Debug> DatabaseAtomic (system): There are 0 detached tables. Start searching non used tables.
2025.11.02 19:47:44.300834 [ 1 ] {} <Debug> DatabaseAtomic (system): Found 0 non used tables in detached tables.
2025.11.02 19:47:44.300891 [ 1 ] {} <Debug> DatabaseAtomic (system): There are 0 detached tables. Start searching non used tables.
2025.11.02 19:47:44.301063 [ 1 ] {} <Debug> DatabaseAtomic (system): Found 0 non used tables in detached tables.
2025.11.02 19:47:44.301120 [ 1 ] {} <Debug> DatabaseAtomic (system): There are 0 detached tables. Start searching non used tables.
2025.11.02 19:47:44.301163 [ 1 ] {} <Debug> DatabaseAtomic (system): Found 0 non used tables in detached tables.
2025.11.02 19:47:44.301203 [ 1 ] {} <Debug> DatabaseAtomic (system): There are 0 detached tables. Start searching non used tables.
2025.11.02 19:47:44.301233 [ 1 ] {} <Debug> DatabaseAtomic (system): Found 0 non used tables in detached tables.
2025.11.02 19:47:44.301121 [ 86 ] {} <Information> MemoryTracker: Correcting the value of global memory tracker from 46.56 MiB to 423.96 MiB
2025.11.02 19:47:44.301270 [ 1 ] {} <Debug> DatabaseAtomic (system): There are 0 detached tables. Start searching non used tables.
2025.11.02 19:47:44.301339 [ 1 ] {} <Debug> DatabaseAtomic (system): Found 0 non used tables in detached tables.
2025.11.02 19:47:44.301376 [ 1 ] {} <Debug> DatabaseAtomic (system): There are 0 detached tables. Start searching non used tables.
2025.11.02 19:47:44.301409 [ 1 ] {} <Debug> DatabaseAtomic (system): Found 0 non used tables in detached tables.
2025.11.02 19:47:44.301447 [ 1 ] {} <Debug> DatabaseAtomic (system): There are 0 detached tables. Start searching non used tables.
2025.11.02 19:47:44.301468 [ 1 ] {} <Debug> DatabaseAtomic (system): Found 0 non used tables in detached tables.
2025.11.02 19:47:44.301502 [ 1 ] {} <Debug> DatabaseAtomic (system): There are 0 detached tables. Start searching non used tables.
2025.11.02 19:47:44.301528 [ 1 ] {} <Debug> DatabaseAtomic (system): Found 0 non used tables in detached tables.
2025.11.02 19:47:44.301583 [ 1 ] {} <Debug> DatabaseAtomic (system): There are 0 detached tables. Start searching non used tables.
2025.11.02 19:47:44.301608 [ 1 ] {} <Debug> DatabaseAtomic (system): Found 0 non used tables in detached tables.
2025.11.02 19:47:44.301645 [ 1 ] {} <Debug> DatabaseAtomic (system): There are 0 detached tables. Start searching non used tables.
2025.11.02 19:47:44.301672 [ 1 ] {} <Debug> DatabaseAtomic (system): Found 0 non used tables in detached tables.
2025.11.02 19:47:44.301787 [ 1 ] {} <Debug> DatabaseAtomic (system): There are 0 detached tables. Start searching non used tables.
2025.11.02 19:47:44.301818 [ 1 ] {} <Debug> DatabaseAtomic (system): Found 0 non used tables in detached tables.
2025.11.02 19:47:44.301878 [ 1 ] {} <Debug> DatabaseAtomic (system): There are 0 detached tables. Start searching non used tables.
2025.11.02 19:47:44.301900 [ 1 ] {} <Debug> DatabaseAtomic (system): Found 0 non used tables in detached tables.
2025.11.02 19:47:44.301956 [ 1 ] {} <Debug> DatabaseAtomic (system): There are 0 detached tables. Start searching non used tables.
2025.11.02 19:47:44.301989 [ 1 ] {} <Debug> DatabaseAtomic (system): Found 0 non used tables in detached tables.
2025.11.02 19:47:44.302042 [ 1 ] {} <Debug> DatabaseAtomic (system): There are 0 detached tables. Start searching non used tables.
2025.11.02 19:47:44.302120 [ 1 ] {} <Debug> DatabaseAtomic (system): Found 0 non used tables in detached tables.
2025.11.02 19:47:44.302190 [ 1 ] {} <Debug> DatabaseAtomic (system): There are 0 detached tables. Start searching non used tables.
2025.11.02 19:47:44.302238 [ 1 ] {} <Debug> DatabaseAtomic (system): Found 0 non used tables in detached tables.
2025.11.02 19:47:44.302310 [ 1 ] {} <Debug> DatabaseAtomic (system): There are 0 detached tables. Start searching non used tables.
2025.11.02 19:47:44.302361 [ 1 ] {} <Debug> DatabaseAtomic (system): Found 0 non used tables in detached tables.
2025.11.02 19:47:44.302454 [ 1 ] {} <Debug> DatabaseAtomic (system): There are 0 detached tables. Start searching non used tables.
2025.11.02 19:47:44.302492 [ 1 ] {} <Debug> DatabaseAtomic (system): Found 0 non used tables in detached tables.
2025.11.02 19:47:44.302575 [ 1 ] {} <Debug> DatabaseAtomic (system): There are 0 detached tables. Start searching non used tables.
2025.11.02 19:47:44.302610 [ 1 ] {} <Debug> DatabaseAtomic (system): Found 0 non used tables in detached tables.
2025.11.02 19:47:44.302682 [ 1 ] {} <Debug> DatabaseAtomic (system): There are 0 detached tables. Start searching non used tables.
2025.11.02 19:47:44.302732 [ 1 ] {} <Debug> DatabaseAtomic (system): Found 0 non used tables in detached tables.
2025.11.02 19:47:44.302817 [ 1 ] {} <Debug> DatabaseAtomic (system): There are 0 detached tables. Start searching non used tables.
2025.11.02 19:47:44.302943 [ 1 ] {} <Debug> DatabaseAtomic (system): Found 0 non used tables in detached tables.
2025.11.02 19:47:44.303118 [ 1 ] {} <Debug> DatabaseAtomic (system): There are 0 detached tables. Start searching non used tables.
2025.11.02 19:47:44.303222 [ 1 ] {} <Debug> DatabaseAtomic (system): Found 0 non used tables in detached tables.
2025.11.02 19:47:44.303288 [ 1 ] {} <Debug> DatabaseAtomic (system): There are 0 detached tables. Start searching non used tables.
2025.11.02 19:47:44.303378 [ 1 ] {} <Debug> DatabaseAtomic (system): Found 0 non used tables in detached tables.
2025.11.02 19:47:44.303477 [ 1 ] {} <Debug> DatabaseAtomic (system): There are 0 detached tables. Start searching non used tables.
2025.11.02 19:47:44.303525 [ 1 ] {} <Debug> DatabaseAtomic (system): Found 0 non used tables in detached tables.
2025.11.02 19:47:44.303596 [ 1 ] {} <Debug> DatabaseAtomic (system): There are 0 detached tables. Start searching non used tables.
2025.11.02 19:47:44.303635 [ 1 ] {} <Debug> DatabaseAtomic (system): Found 0 non used tables in detached tables.
2025.11.02 19:47:44.303717 [ 1 ] {} <Debug> DatabaseAtomic (system): There are 0 detached tables. Start searching non used tables.
2025.11.02 19:47:44.303773 [ 1 ] {} <Debug> DatabaseAtomic (system): Found 0 non used tables in detached tables.
2025.11.02 19:47:44.303828 [ 1 ] {} <Debug> DatabaseAtomic (system): There are 0 detached tables. Start searching non used tables.
2025.11.02 19:47:44.303918 [ 1 ] {} <Debug> DatabaseAtomic (system): Found 0 non used tables in detached tables.
2025.11.02 19:47:44.304020 [ 1 ] {} <Debug> DatabaseAtomic (system): There are 0 detached tables. Start searching non used tables.
2025.11.02 19:47:44.304102 [ 1 ] {} <Debug> DatabaseAtomic (system): Found 0 non used tables in detached tables.
2025.11.02 19:47:44.304153 [ 1 ] {} <Debug> DatabaseAtomic (system): There are 0 detached tables. Start searching non used tables.
2025.11.02 19:47:44.304190 [ 1 ] {} <Debug> DatabaseAtomic (system): Found 0 non used tables in detached tables.
2025.11.02 19:47:44.304249 [ 1 ] {} <Debug> DatabaseAtomic (system): There are 0 detached tables. Start searching non used tables.
2025.11.02 19:47:44.304289 [ 1 ] {} <Debug> DatabaseAtomic (system): Found 0 non used tables in detached tables.
2025.11.02 19:47:44.304354 [ 1 ] {} <Debug> DatabaseAtomic (system): There are 0 detached tables. Start searching non used tables.
2025.11.02 19:47:44.304382 [ 1 ] {} <Debug> DatabaseAtomic (system): Found 0 non used tables in detached tables.
2025.11.02 19:47:44.304453 [ 1 ] {} <Debug> DatabaseAtomic (system): There are 0 detached tables. Start searching non used tables.
2025.11.02 19:47:44.304526 [ 1 ] {} <Debug> DatabaseAtomic (system): Found 0 non used tables in detached tables.
2025.11.02 19:47:44.304578 [ 1 ] {} <Debug> DatabaseAtomic (system): There are 0 detached tables. Start searching non used tables.
2025.11.02 19:47:44.304623 [ 1 ] {} <Debug> DatabaseAtomic (system): Found 0 non used tables in detached tables.
2025.11.02 19:47:44.304740 [ 1 ] {} <Debug> DatabaseAtomic (system): There are 0 detached tables. Start searching non used tables.
2025.11.02 19:47:44.304771 [ 1 ] {} <Debug> DatabaseAtomic (system): Found 0 non used tables in detached tables.
2025.11.02 19:47:44.304887 [ 1 ] {} <Debug> DatabaseAtomic (system): There are 0 detached tables. Start searching non used tables.
2025.11.02 19:47:44.304943 [ 1 ] {} <Debug> DatabaseAtomic (system): Found 0 non used tables in detached tables.
2025.11.02 19:47:44.305010 [ 1 ] {} <Debug> DatabaseAtomic (system): There are 0 detached tables. Start searching non used tables.
2025.11.02 19:47:44.305061 [ 1 ] {} <Debug> DatabaseAtomic (system): Found 0 non used tables in detached tables.
2025.11.02 19:47:44.305141 [ 1 ] {} <Debug> DatabaseAtomic (system): There are 0 detached tables. Start searching non used tables.
2025.11.02 19:47:44.305258 [ 1 ] {} <Debug> DatabaseAtomic (system): Found 0 non used tables in detached tables.
2025.11.02 19:47:44.305367 [ 1 ] {} <Debug> DatabaseAtomic (system): There are 0 detached tables. Start searching non used tables.
2025.11.02 19:47:44.305420 [ 1 ] {} <Debug> DatabaseAtomic (system): Found 0 non used tables in detached tables.
2025.11.02 19:47:44.305502 [ 1 ] {} <Debug> DatabaseAtomic (system): There are 0 detached tables. Start searching non used tables.
2025.11.02 19:47:44.305561 [ 1 ] {} <Debug> DatabaseAtomic (system): Found 0 non used tables in detached tables.
2025.11.02 19:47:44.305632 [ 1 ] {} <Debug> DatabaseAtomic (system): There are 0 detached tables. Start searching non used tables.
2025.11.02 19:47:44.305695 [ 1 ] {} <Debug> DatabaseAtomic (system): Found 0 non used tables in detached tables.
2025.11.02 19:47:44.305803 [ 1 ] {} <Debug> DatabaseAtomic (system): There are 0 detached tables. Start searching non used tables.
2025.11.02 19:47:44.306042 [ 1 ] {} <Debug> DatabaseAtomic (system): Found 0 non used tables in detached tables.
2025.11.02 19:47:44.306162 [ 1 ] {} <Debug> DatabaseAtomic (system): There are 0 detached tables. Start searching non used tables.
2025.11.02 19:47:44.306215 [ 1 ] {} <Debug> DatabaseAtomic (system): Found 0 non used tables in detached tables.
2025.11.02 19:47:44.306322 [ 1 ] {} <Debug> DatabaseAtomic (system): There are 0 detached tables. Start searching non used tables.
2025.11.02 19:47:44.306362 [ 1 ] {} <Debug> DatabaseAtomic (system): Found 0 non used tables in detached tables.
2025.11.02 19:47:44.306437 [ 1 ] {} <Debug> DatabaseAtomic (system): There are 0 detached tables. Start searching non used tables.
2025.11.02 19:47:44.306473 [ 1 ] {} <Debug> DatabaseAtomic (system): Found 0 non used tables in detached tables.
2025.11.02 19:47:44.306612 [ 1 ] {} <Debug> DatabaseAtomic (system): There are 0 detached tables. Start searching non used tables.
2025.11.02 19:47:44.306693 [ 1 ] {} <Debug> DatabaseAtomic (system): Found 0 non used tables in detached tables.
2025.11.02 19:47:44.306798 [ 1 ] {} <Debug> DatabaseAtomic (system): There are 0 detached tables. Start searching non used tables.
2025.11.02 19:47:44.306830 [ 1 ] {} <Debug> DatabaseAtomic (system): Found 0 non used tables in detached tables.
2025.11.02 19:47:44.306907 [ 1 ] {} <Debug> DatabaseAtomic (system): There are 0 detached tables. Start searching non used tables.
2025.11.02 19:47:44.306960 [ 1 ] {} <Debug> DatabaseAtomic (system): Found 0 non used tables in detached tables.
2025.11.02 19:47:44.307025 [ 1 ] {} <Debug> DatabaseAtomic (system): There are 0 detached tables. Start searching non used tables.
2025.11.02 19:47:44.307194 [ 1 ] {} <Debug> DatabaseAtomic (system): Found 0 non used tables in detached tables.
2025.11.02 19:47:44.307395 [ 1 ] {} <Debug> DatabaseAtomic (system): There are 0 detached tables. Start searching non used tables.
2025.11.02 19:47:44.307596 [ 1 ] {} <Debug> DatabaseAtomic (system): Found 0 non used tables in detached tables.
2025.11.02 19:47:44.307759 [ 1 ] {} <Debug> DatabaseAtomic (system): There are 0 detached tables. Start searching non used tables.
2025.11.02 19:47:44.307879 [ 1 ] {} <Debug> DatabaseAtomic (system): Found 0 non used tables in detached tables.
2025.11.02 19:47:44.308138 [ 1 ] {} <Debug> DatabaseAtomic (system): There are 0 detached tables. Start searching non used tables.
2025.11.02 19:47:44.308456 [ 1 ] {} <Debug> DatabaseAtomic (system): Found 0 non used tables in detached tables.
2025.11.02 19:47:44.308894 [ 1 ] {} <Debug> DatabaseAtomic (system): There are 0 detached tables. Start searching non used tables.
2025.11.02 19:47:44.308945 [ 1 ] {} <Debug> DatabaseAtomic (system): Found 0 non used tables in detached tables.
2025.11.02 19:47:44.309011 [ 1 ] {} <Debug> DatabaseAtomic (system): There are 0 detached tables. Start searching non used tables.
2025.11.02 19:47:44.309102 [ 1 ] {} <Debug> DatabaseAtomic (system): Found 0 non used tables in detached tables.
2025.11.02 19:47:44.309296 [ 1 ] {} <Debug> DatabaseAtomic (system): There are 0 detached tables. Start searching non used tables.
2025.11.02 19:47:44.309628 [ 1 ] {} <Debug> DatabaseAtomic (system): Found 0 non used tables in detached tables.
2025.11.02 19:47:44.309964 [ 1 ] {} <Debug> DatabaseAtomic (system): There are 0 detached tables. Start searching non used tables.
2025.11.02 19:47:44.310139 [ 1 ] {} <Debug> DatabaseAtomic (system): Found 0 non used tables in detached tables.
2025.11.02 19:47:44.310323 [ 1 ] {} <Debug> DatabaseAtomic (system): There are 0 detached tables. Start searching non used tables.
2025.11.02 19:47:44.310460 [ 1 ] {} <Debug> DatabaseAtomic (system): Found 0 non used tables in detached tables.
2025.11.02 19:47:44.310608 [ 1 ] {} <Debug> DatabaseAtomic (system): There are 0 detached tables. Start searching non used tables.
2025.11.02 19:47:44.310902 [ 1 ] {} <Debug> DatabaseAtomic (system): Found 0 non used tables in detached tables.
2025.11.02 19:47:44.311137 [ 1 ] {} <Debug> DatabaseAtomic (system): There are 0 detached tables. Start searching non used tables.
2025.11.02 19:47:44.311276 [ 1 ] {} <Debug> DatabaseAtomic (system): Found 0 non used tables in detached tables.
2025.11.02 19:47:44.311366 [ 1 ] {} <Debug> DatabaseAtomic (system): There are 0 detached tables. Start searching non used tables.
2025.11.02 19:47:44.311416 [ 1 ] {} <Debug> DatabaseAtomic (system): Found 0 non used tables in detached tables.
2025.11.02 19:47:44.311482 [ 1 ] {} <Debug> DatabaseAtomic (system): There are 0 detached tables. Start searching non used tables.
2025.11.02 19:47:44.311524 [ 1 ] {} <Debug> DatabaseAtomic (system): Found 0 non used tables in detached tables.
2025.11.02 19:47:44.311596 [ 1 ] {} <Debug> DatabaseAtomic (system): There are 0 detached tables. Start searching non used tables.
2025.11.02 19:47:44.311668 [ 1 ] {} <Debug> DatabaseAtomic (system): Found 0 non used tables in detached tables.
2025.11.02 19:47:44.311821 [ 1 ] {} <Debug> DatabaseAtomic (system): There are 0 detached tables. Start searching non used tables.
2025.11.02 19:47:44.311866 [ 1 ] {} <Debug> DatabaseAtomic (system): Found 0 non used tables in detached tables.
2025.11.02 19:47:44.311938 [ 1 ] {} <Debug> DatabaseAtomic (system): There are 0 detached tables. Start searching non used tables.
2025.11.02 19:47:44.311993 [ 1 ] {} <Debug> DatabaseAtomic (system): Found 0 non used tables in detached tables.
2025.11.02 19:47:44.312085 [ 1 ] {} <Debug> DatabaseAtomic (system): There are 0 detached tables. Start searching non used tables.
2025.11.02 19:47:44.312114 [ 1 ] {} <Debug> DatabaseAtomic (system): Found 0 non used tables in detached tables.
2025.11.02 19:47:44.312188 [ 1 ] {} <Debug> DatabaseAtomic (system): There are 0 detached tables. Start searching non used tables.
2025.11.02 19:47:44.312246 [ 1 ] {} <Debug> DatabaseAtomic (system): Found 0 non used tables in detached tables.
2025.11.02 19:47:44.312375 [ 1 ] {} <Debug> DatabaseAtomic (system): There are 0 detached tables. Start searching non used tables.
2025.11.02 19:47:44.312410 [ 1 ] {} <Debug> DatabaseAtomic (system): Found 0 non used tables in detached tables.
2025.11.02 19:47:44.312477 [ 1 ] {} <Debug> DatabaseAtomic (system): There are 0 detached tables. Start searching non used tables.
2025.11.02 19:47:44.312515 [ 1 ] {} <Debug> DatabaseAtomic (system): Found 0 non used tables in detached tables.
2025.11.02 19:47:44.312611 [ 1 ] {} <Debug> DatabaseAtomic (system): There are 0 detached tables. Start searching non used tables.
2025.11.02 19:47:44.312665 [ 1 ] {} <Debug> DatabaseAtomic (system): Found 0 non used tables in detached tables.
2025.11.02 19:47:44.312729 [ 1 ] {} <Debug> DatabaseAtomic (system): There are 0 detached tables. Start searching non used tables.
2025.11.02 19:47:44.312799 [ 1 ] {} <Debug> DatabaseAtomic (system): Found 0 non used tables in detached tables.
2025.11.02 19:47:44.312875 [ 1 ] {} <Debug> DatabaseAtomic (system): There are 0 detached tables. Start searching non used tables.
2025.11.02 19:47:44.312913 [ 1 ] {} <Debug> DatabaseAtomic (system): Found 0 non used tables in detached tables.
2025.11.02 19:47:44.312977 [ 1 ] {} <Debug> DatabaseAtomic (system): There are 0 detached tables. Start searching non used tables.
2025.11.02 19:47:44.313028 [ 1 ] {} <Debug> DatabaseAtomic (system): Found 0 non used tables in detached tables.
2025.11.02 19:47:44.313098 [ 1 ] {} <Debug> DatabaseAtomic (system): There are 0 detached tables. Start searching non used tables.
2025.11.02 19:47:44.313164 [ 1 ] {} <Debug> DatabaseAtomic (system): Found 0 non used tables in detached tables.
2025.11.02 19:47:44.313256 [ 1 ] {} <Debug> DatabaseAtomic (system): There are 0 detached tables. Start searching non used tables.
2025.11.02 19:47:44.313317 [ 1 ] {} <Debug> DatabaseAtomic (system): Found 0 non used tables in detached tables.
2025.11.02 19:47:44.313394 [ 1 ] {} <Debug> DatabaseAtomic (system): There are 0 detached tables. Start searching non used tables.
2025.11.02 19:47:44.313444 [ 1 ] {} <Debug> DatabaseAtomic (system): Found 0 non used tables in detached tables.
2025.11.02 19:47:44.313545 [ 1 ] {} <Debug> DatabaseAtomic (system): There are 0 detached tables. Start searching non used tables.
2025.11.02 19:47:44.313620 [ 1 ] {} <Debug> DatabaseAtomic (system): Found 0 non used tables in detached tables.
2025.11.02 19:47:44.313683 [ 1 ] {} <Debug> DatabaseAtomic (system): There are 0 detached tables. Start searching non used tables.
2025.11.02 19:47:44.313734 [ 1 ] {} <Debug> DatabaseAtomic (system): Found 0 non used tables in detached tables.
2025.11.02 19:47:44.313799 [ 1 ] {} <Debug> DatabaseAtomic (system): There are 0 detached tables. Start searching non used tables.
2025.11.02 19:47:44.313835 [ 1 ] {} <Debug> DatabaseAtomic (system): Found 0 non used tables in detached tables.
2025.11.02 19:47:44.313899 [ 1 ] {} <Debug> DatabaseAtomic (system): There are 0 detached tables. Start searching non used tables.
2025.11.02 19:47:44.313983 [ 1 ] {} <Debug> DatabaseAtomic (system): Found 0 non used tables in detached tables.
2025.11.02 19:47:44.314062 [ 1 ] {} <Debug> DatabaseAtomic (system): There are 0 detached tables. Start searching non used tables.
2025.11.02 19:47:44.314130 [ 1 ] {} <Debug> DatabaseAtomic (system): Found 0 non used tables in detached tables.
2025.11.02 19:47:44.314256 [ 1 ] {} <Debug> DatabaseAtomic (system): There are 0 detached tables. Start searching non used tables.
2025.11.02 19:47:44.314304 [ 1 ] {} <Debug> DatabaseAtomic (system): Found 0 non used tables in detached tables.
2025.11.02 19:47:44.314379 [ 1 ] {} <Debug> DatabaseAtomic (system): There are 0 detached tables. Start searching non used tables.
2025.11.02 19:47:44.314433 [ 1 ] {} <Debug> DatabaseAtomic (system): Found 0 non used tables in detached tables.
2025.11.02 19:47:44.314511 [ 1 ] {} <Debug> DatabaseAtomic (system): There are 0 detached tables. Start searching non used tables.
2025.11.02 19:47:44.314561 [ 1 ] {} <Debug> DatabaseAtomic (system): Found 0 non used tables in detached tables.
2025.11.02 19:47:44.314705 [ 1 ] {} <Debug> DatabaseAtomic (system): There are 0 detached tables. Start searching non used tables.
2025.11.02 19:47:44.314759 [ 1 ] {} <Debug> DatabaseAtomic (system): Found 0 non used tables in detached tables.
2025.11.02 19:47:44.314829 [ 1 ] {} <Debug> DatabaseAtomic (system): There are 0 detached tables. Start searching non used tables.
2025.11.02 19:47:44.314935 [ 1 ] {} <Debug> DatabaseAtomic (system): Found 0 non used tables in detached tables.
2025.11.02 19:47:44.315061 [ 1 ] {} <Debug> DatabaseAtomic (system): There are 0 detached tables. Start searching non used tables.
2025.11.02 19:47:44.315109 [ 1 ] {} <Debug> DatabaseAtomic (system): Found 0 non used tables in detached tables.
2025.11.02 19:47:44.315202 [ 1 ] {} <Debug> DatabaseAtomic (system): There are 0 detached tables. Start searching non used tables.
2025.11.02 19:47:44.315250 [ 1 ] {} <Debug> DatabaseAtomic (system): Found 0 non used tables in detached tables.
2025.11.02 19:47:44.315341 [ 1 ] {} <Debug> DatabaseAtomic (system): There are 0 detached tables. Start searching non used tables.
2025.11.02 19:47:44.315386 [ 1 ] {} <Debug> DatabaseAtomic (system): Found 0 non used tables in detached tables.
2025.11.02 19:47:44.318277 [ 1 ] {} <Information> DatabaseCatalog: Found 0 partially dropped tables. Will load them and retry removal.
2025.11.02 19:47:44.319034 [ 1 ] {} <Information> DatabaseAtomic (default): Metadata processed, database default has 0 tables and 0 dictionaries in total.
2025.11.02 19:47:44.319100 [ 1 ] {} <Information> TablesLoader: Parsed metadata of 0 tables in 1 databases in 7.1167e-05 sec
2025.11.02 19:47:44.319174 [ 1 ] {} <Information> loadMetadata: Start asynchronous loading of databases
2025.11.02 19:47:44.319232 [ 1 ] {} <Debug> AsyncLoader: Schedule load job 'startup Ordinary database default' into BackgrndStartup
2025.11.02 19:47:44.319306 [ 1 ] {} <Debug> AsyncLoader: Schedule load job 'startup Atomic database default' into BackgrndStartup
2025.11.02 19:47:44.319370 [ 1 ] {} <Debug> AsyncLoader: Change current priority: none -> 2
2025.11.02 19:47:44.319476 [ 1 ] {} <Debug> AsyncLoader: Spawn loader worker #1 in BackgrndStartup
2025.11.02 19:47:44.319603 [ 1 ] {} <Information> UserDefinedSQLObjectsLoaderFromDisk: Loading user defined objects from /var/lib/clickhouse/user_defined/
2025.11.02 19:47:44.319782 [ 1 ] {} <Debug> UserDefinedSQLObjectsLoaderFromDisk: The directory for user defined objects (/var/lib/clickhouse/user_defined/) does not exist: nothing to load
2025.11.02 19:47:44.319832 [ 1 ] {} <Information> WorkloadEntityDiskStorage: Loading workload entities from /var/lib/clickhouse/workload/
2025.11.02 19:47:44.319902 [ 1 ] {} <Debug> WorkloadEntityDiskStorage: The directory for workload entities (/var/lib/clickhouse/workload/) does not exist: nothing to load
2025.11.02 19:47:44.319642 [ 724 ] {} <Debug> AsyncLoader: Execute load job 'startup Ordinary database default' in BackgrndStartup
2025.11.02 19:47:44.320162 [ 724 ] {} <Debug> AsyncLoader: Finish load job 'startup Ordinary database default' with status OK
2025.11.02 19:47:44.320362 [ 724 ] {} <Debug> AsyncLoader: Spawn loader worker #2 in BackgrndStartup
2025.11.02 19:47:44.320476 [ 724 ] {} <Debug> AsyncLoader: Execute load job 'startup Atomic database default' in BackgrndStartup
2025.11.02 19:47:44.320542 [ 724 ] {} <Debug> AsyncLoader: Finish load job 'startup Atomic database default' with status OK
2025.11.02 19:47:44.320602 [ 724 ] {} <Debug> AsyncLoader: Stop worker in BackgrndStartup
2025.11.02 19:47:44.320678 [ 723 ] {} <Debug> AsyncLoader: Stop worker in BackgrndStartup
2025.11.02 19:47:44.320745 [ 723 ] {} <Debug> AsyncLoader: Change current priority: 2 -> none
2025.11.02 19:47:44.322289 [ 1 ] {} <Information> ZooKeeperClient: Connected to ZooKeeper at 172.19.0.2:2181 with session_id 72057599666814978
2025.11.02 19:47:44.323587 [ 1 ] {} <Information> ZooKeeperClient: Keeper feature flag FILTERED_LIST: disabled
2025.11.02 19:47:44.323621 [ 1 ] {} <Information> ZooKeeperClient: Keeper feature flag MULTI_READ: disabled
2025.11.02 19:47:44.323689 [ 1 ] {} <Information> ZooKeeperClient: Keeper feature flag CHECK_NOT_EXISTS: disabled
2025.11.02 19:47:44.323717 [ 1 ] {} <Information> ZooKeeperClient: Keeper feature flag CREATE_IF_NOT_EXISTS: disabled
2025.11.02 19:47:44.323749 [ 1 ] {} <Information> ZooKeeperClient: Keeper feature flag REMOVE_RECURSIVE: disabled
2025.11.02 19:47:44.326560 [ 1 ] {} <Debug> Application: Loaded metadata.
2025.11.02 19:47:44.326647 [ 1 ] {} <Information> Application: Tasks stats provider: procfs
2025.11.02 19:47:44.326709 [ 1 ] {} <Information> Application: It looks like the process has no CAP_SYS_NICE capability, the setting 'os_thread_priority' will have no effect. It could happen due to incorrect ClickHouse package installation. You could resolve the problem manually with 'sudo setcap cap_sys_nice=+ep /usr/bin/clickhouse'. Note that it will not work on 'nosuid' mounted filesystems.
2025.11.02 19:47:44.326807 [ 1 ] {} <Debug> DatabaseAtomic (system): There are 0 detached tables. Start searching non used tables.
2025.11.02 19:47:44.326926 [ 1 ] {} <Debug> DatabaseAtomic (system): Found 0 non used tables in detached tables.
2025.11.02 19:47:44.327052 [ 1 ] {} <Warning> Application: Listen [::]:8123 failed: Poco::Exception. Code: 1000, e.code() = 0, DNS error: EAI: Address family for hostname not supported (version 25.3.7.194 (official build)). If it is an IPv6 or IPv4 address and your host has disabled IPv6 or IPv4, then consider to specify not disabled IPv4 or IPv6 address to listen in <listen_host> element of configuration file. Example for disabled IPv6: <listen_host>0.0.0.0</listen_host> . Example for disabled IPv4: <listen_host>::</listen_host>
2025.11.02 19:47:44.327197 [ 1 ] {} <Warning> Application: Listen [::]:9000 failed: Poco::Exception. Code: 1000, e.code() = 0, DNS error: EAI: Address family for hostname not supported (version 25.3.7.194 (official build)). If it is an IPv6 or IPv4 address and your host has disabled IPv6 or IPv4, then consider to specify not disabled IPv4 or IPv6 address to listen in <listen_host> element of configuration file. Example for disabled IPv6: <listen_host>0.0.0.0</listen_host> . Example for disabled IPv4: <listen_host>::</listen_host>
2025.11.02 19:47:44.327374 [ 1 ] {} <Warning> Application: Listen [::]:8001 failed: Poco::Exception. Code: 1000, e.code() = 0, DNS error: EAI: Address family for hostname not supported (version 25.3.7.194 (official build)). If it is an IPv6 or IPv4 address and your host has disabled IPv6 or IPv4, then consider to specify not disabled IPv4 or IPv6 address to listen in <listen_host> element of configuration file. Example for disabled IPv6: <listen_host>0.0.0.0</listen_host> . Example for disabled IPv4: <listen_host>::</listen_host>
2025.11.02 19:47:44.327609 [ 1 ] {} <Information> CertificateReloader: One of paths is empty. Cannot apply new configuration for certificates. Fill all paths and try again.
2025.11.02 19:47:44.327654 [ 1 ] {} <Information> CertificateReloader: One of paths is empty. Cannot apply new configuration for certificates. Fill all paths and try again.
2025.11.02 19:47:44.329041 [ 1 ] {} <Debug> AsyncLoader: Schedule load job 'startup ddl worker' into BackgrndStartup
2025.11.02 19:47:44.329127 [ 1 ] {} <Debug> AsyncLoader: Change current priority: none -> 2
2025.11.02 19:47:44.329219 [ 1 ] {} <Debug> AsyncLoader: Spawn loader worker #1 in BackgrndStartup
2025.11.02 19:47:44.329354 [ 731 ] {} <Debug> AsyncLoader: Execute load job 'startup ddl worker' in BackgrndStartup
2025.11.02 19:47:44.329373 [ 1 ] {} <Information> Application: Listening for http://0.0.0.0:8123
2025.11.02 19:47:44.329483 [ 723 ] {} <Debug> DDLWorker: Starting DDLWorker thread
2025.11.02 19:47:44.329552 [ 723 ] {} <Debug> DDLWorker: Initializing DDLWorker thread
2025.11.02 19:47:44.329617 [ 733 ] {} <Debug> DDLWorker: Started DDLWorker cleanup thread
2025.11.02 19:47:44.329565 [ 731 ] {} <Debug> AsyncLoader: Finish load job 'startup ddl worker' with status OK
2025.11.02 19:47:44.329818 [ 731 ] {} <Debug> AsyncLoader: Stop worker in BackgrndStartup
2025.11.02 19:47:44.330012 [ 731 ] {} <Debug> AsyncLoader: Change current priority: 2 -> none
2025.11.02 19:47:44.329532 [ 1 ] {} <Information> Application: Listening for native protocol (tcp): 0.0.0.0:9000
2025.11.02 19:47:44.330180 [ 1 ] {} <Information> Application: Listening for Prometheus: http://0.0.0.0:8001
2025.11.02 19:47:44.330242 [ 1 ] {} <Information> Application: Ready for connections.
2025.11.02 19:47:44.334778 [ 723 ] {} <Debug> DDLWorker: Initialized DDLWorker thread
2025.11.02 19:47:44.334878 [ 733 ] {} <Debug> DDLWorker: Cleaning queue
2025.11.02 19:47:44.338038 [ 723 ] {} <Debug> DDLWorker: Scheduling tasks
2025.11.02 19:47:44.338491 [ 723 ] {} <Debug> DDLWorker: No tasks to schedule
2025.11.02 19:47:44.338586 [ 723 ] {} <Debug> DDLWorker: Waiting for queue updates
2025.11.02 19:47:44.545916 [ 84 ] {} <Information> TCPHandler: Client has not sent any data.
2025.11.02 19:47:44.546016 [ 84 ] {} <Debug> TCPHandler: Done processing connection.
2025.11.02 19:47:44.576736 [ 84 ] {} <Information> TCPHandler: Client has not sent any data.
2025.11.02 19:47:44.576946 [ 84 ] {} <Debug> TCPHandler: Done processing connection.
2025.11.02 19:47:44.639477 [ 723 ] {} <Debug> DDLWorker: Scheduling tasks
2025.11.02 19:47:44.642112 [ 723 ] {} <Debug> DDLWorker: Will schedule 1 tasks starting from query-0000000000
2025.11.02 19:47:44.643277 [ 723 ] {} <Debug> DDLWorker: Processing task query-0000000000 (query: CREATE DATABASE IF NOT EXISTS db_w UUID 'cd93a1af-e4b3-44f1-b7cd-43a8c176f07a', backup restore: false)
2025.11.02 19:47:44.644680 [ 723 ] {} <Debug> DDLWorker: Executing query: CREATE DATABASE IF NOT EXISTS db_w UUID 'cd93a1af-e4b3-44f1-b7cd-43a8c176f07a'
2025.11.02 19:47:44.644805 [ 723 ] {20bc2c6a-9fa3-4bd1-b6f2-e6c3acf898ef} <Debug> executeQuery: (from 0.0.0.0:0, user: , initial_query_id: e4cd4806-4a78-4a28-a9da-9a1fa547bd8a) /* ddl_entry=query-0000000000 */ CREATE DATABASE IF NOT EXISTS db_w UUID 'cd93a1af-e4b3-44f1-b7cd-43a8c176f07a' (stage: Complete)
2025.11.02 19:47:44.645728 [ 723 ] {20bc2c6a-9fa3-4bd1-b6f2-e6c3acf898ef} <Information> DatabaseAtomic (db_w): Metadata processed, database db_w has 0 tables and 0 dictionaries in total.
2025.11.02 19:47:44.645796 [ 723 ] {20bc2c6a-9fa3-4bd1-b6f2-e6c3acf898ef} <Information> TablesLoader: Parsed metadata of 0 tables in 1 databases in 7.4875e-05 sec
2025.11.02 19:47:44.645877 [ 723 ] {20bc2c6a-9fa3-4bd1-b6f2-e6c3acf898ef} <Debug> AsyncLoader: Prioritize load job 'startup Atomic database db_w': BackgrndStartup -> ForegroundLoad
2025.11.02 19:47:44.645937 [ 723 ] {20bc2c6a-9fa3-4bd1-b6f2-e6c3acf898ef} <Debug> AsyncLoader: Prioritize load job 'startup Ordinary database db_w': BackgrndStartup -> ForegroundLoad
2025.11.02 19:47:44.645992 [ 723 ] {20bc2c6a-9fa3-4bd1-b6f2-e6c3acf898ef} <Debug> AsyncLoader: Schedule load job 'startup Ordinary database db_w' into ForegroundLoad
2025.11.02 19:47:44.646045 [ 723 ] {20bc2c6a-9fa3-4bd1-b6f2-e6c3acf898ef} <Debug> AsyncLoader: Schedule load job 'startup Atomic database db_w' into ForegroundLoad
2025.11.02 19:47:44.646100 [ 723 ] {20bc2c6a-9fa3-4bd1-b6f2-e6c3acf898ef} <Debug> AsyncLoader: Change current priority: none -> 0
2025.11.02 19:47:44.646156 [ 723 ] {20bc2c6a-9fa3-4bd1-b6f2-e6c3acf898ef} <Debug> AsyncLoader: Spawn loader worker #1 in ForegroundLoad
2025.11.02 19:47:44.646253 [ 723 ] {20bc2c6a-9fa3-4bd1-b6f2-e6c3acf898ef} <Debug> AsyncLoader: Wait load job 'startup Atomic database db_w' in ForegroundLoad
2025.11.02 19:47:44.646310 [ 735 ] {} <Debug> AsyncLoader: Execute load job 'startup Ordinary database db_w' in ForegroundLoad
2025.11.02 19:47:44.646397 [ 735 ] {} <Debug> AsyncLoader: Finish load job 'startup Ordinary database db_w' with status OK
2025.11.02 19:47:44.646430 [ 735 ] {} <Debug> AsyncLoader: Spawn loader worker #2 in ForegroundLoad
2025.11.02 19:47:44.646593 [ 735 ] {} <Debug> AsyncLoader: Execute load job 'startup Atomic database db_w' in ForegroundLoad
2025.11.02 19:47:44.646684 [ 735 ] {} <Debug> AsyncLoader: Finish load job 'startup Atomic database db_w' with status OK
2025.11.02 19:47:44.646818 [ 735 ] {} <Debug> AsyncLoader: Stop worker in ForegroundLoad
2025.11.02 19:47:44.647002 [ 757 ] {} <Debug> AsyncLoader: Stop worker in ForegroundLoad
2025.11.02 19:47:44.647084 [ 757 ] {} <Debug> AsyncLoader: Change current priority: 0 -> none
2025.11.02 19:47:44.646766 [ 723 ] {20bc2c6a-9fa3-4bd1-b6f2-e6c3acf898ef} <Debug> DDLWorker: Executed query: /* ddl_entry=query-0000000000 */ CREATE DATABASE IF NOT EXISTS db_w UUID 'cd93a1af-e4b3-44f1-b7cd-43a8c176f07a'
2025.11.02 19:47:44.648983 [ 723 ] {} <Debug> DDLWorker: Waiting for queue updates
2025.11.02 19:47:44.707824 [ 723 ] {} <Debug> DDLWorker: Scheduling tasks
2025.11.02 19:47:44.708312 [ 723 ] {} <Debug> DDLWorker: Will schedule 1 tasks starting from query-0000000001
2025.11.02 19:47:44.709718 [ 723 ] {} <Debug> DDLWorker: Processing task query-0000000001 (query: CREATE TABLE db_w.t_dist_local UUID 'c18ef1e7-7969-4f96-a93e-95fae1e3b43f' (`create_time` DateTime, `y` Int32 COMMENT 'shard key', `m` Int32 COMMENT 'part key', `id` Int64 COMMENT 'sort key', `value` Nullable(String)) ENGINE = MergeTree PARTITION BY m ORDER BY id SETTINGS index_granularity = 8192, backup restore: false)
2025.11.02 19:47:44.712901 [ 723 ] {} <Debug> DDLWorker: Executing query: CREATE TABLE db_w.t_dist_local UUID 'c18ef1e7-7969-4f96-a93e-95fae1e3b43f' (`create_time` DateTime, `y` Int32 COMMENT 'shard key', `m` Int32 COMMENT 'part key', `id` Int64 COMMENT 'sort key', `value` Nullable(String)) ENGINE = MergeTree PARTITION BY m ORDER BY id SETTINGS index_granularity = 8192
2025.11.02 19:47:44.713130 [ 723 ] {7a28c0a3-adaf-4488-a709-a8a125c4117a} <Debug> executeQuery: (from 0.0.0.0:0, user: , initial_query_id: fad51b00-aee7-4bc3-a991-dc24a8f4bf77) /* ddl_entry=query-0000000001 */ CREATE TABLE db_w.t_dist_local UUID 'c18ef1e7-7969-4f96-a93e-95fae1e3b43f' (`create_time` DateTime, `y` Int32 COMMENT 'shard key', `m` Int32 COMMENT 'part key', `id` Int64 COMMENT 'sort key', `value` Nullable(String)) ENGINE = MergeTree PARTITION BY m ORDER BY id SETTINGS index_granularity = 8192 (stage: Complete)
2025.11.02 19:47:44.714168 [ 723 ] {7a28c0a3-adaf-4488-a709-a8a125c4117a} <Debug> db_w.t_dist_local (c18ef1e7-7969-4f96-a93e-95fae1e3b43f): Loading data parts
2025.11.02 19:47:44.714321 [ 723 ] {7a28c0a3-adaf-4488-a709-a8a125c4117a} <Debug> db_w.t_dist_local (c18ef1e7-7969-4f96-a93e-95fae1e3b43f): There are no data parts
2025.11.02 19:47:44.715315 [ 723 ] {7a28c0a3-adaf-4488-a709-a8a125c4117a} <Debug> DatabaseAtomic (db_w): There are 0 detached tables. Start searching non used tables.
2025.11.02 19:47:44.715350 [ 723 ] {7a28c0a3-adaf-4488-a709-a8a125c4117a} <Debug> DatabaseAtomic (db_w): Found 0 non used tables in detached tables.
2025.11.02 19:47:44.715574 [ 723 ] {7a28c0a3-adaf-4488-a709-a8a125c4117a} <Debug> DDLWorker: Executed query: /* ddl_entry=query-0000000001 */ CREATE TABLE db_w.t_dist_local UUID 'c18ef1e7-7969-4f96-a93e-95fae1e3b43f' (`create_time` DateTime, `y` Int32 COMMENT 'shard key', `m` Int32 COMMENT 'part key', `id` Int64 COMMENT 'sort key', `value` Nullable(String)) ENGINE = MergeTree PARTITION BY m ORDER BY id SETTINGS index_granularity = 8192
2025.11.02 19:47:44.716822 [ 723 ] {} <Debug> DDLWorker: Waiting for queue updates
2025.11.02 19:47:44.771160 [ 723 ] {} <Debug> DDLWorker: Scheduling tasks
2025.11.02 19:47:44.772212 [ 723 ] {} <Debug> DDLWorker: Will schedule 1 tasks starting from query-0000000002
2025.11.02 19:47:44.773147 [ 723 ] {} <Debug> DDLWorker: Processing task query-0000000002 (query: CREATE TABLE db_w.t_dist UUID 'c33b4b0c-7c00-415c-b159-7fd1749f4053' (`create_time` DateTime, `y` Int32 COMMENT 'shard key', `m` Int32 COMMENT 'part key', `id` Int64 COMMENT 'sort key', `value` Nullable(String)) ENGINE = Distributed(single_replica, 'db_w', 't_dist_local', y), backup restore: false)
2025.11.02 19:47:44.774074 [ 723 ] {} <Debug> DDLWorker: Executing query: CREATE TABLE db_w.t_dist UUID 'c33b4b0c-7c00-415c-b159-7fd1749f4053' (`create_time` DateTime, `y` Int32 COMMENT 'shard key', `m` Int32 COMMENT 'part key', `id` Int64 COMMENT 'sort key', `value` Nullable(String)) ENGINE = Distributed(single_replica, 'db_w', 't_dist_local', y)
2025.11.02 19:47:44.774269 [ 723 ] {83528f70-6242-4732-906f-8393119bd756} <Debug> executeQuery: (from 0.0.0.0:0, user: , initial_query_id: 89a0485e-5a1c-4e0f-864a-a095f789284f) /* ddl_entry=query-0000000002 */ CREATE TABLE db_w.t_dist UUID 'c33b4b0c-7c00-415c-b159-7fd1749f4053' (`create_time` DateTime, `y` Int32 COMMENT 'shard key', `m` Int32 COMMENT 'part key', `id` Int64 COMMENT 'sort key', `value` Nullable(String)) ENGINE = Distributed(single_replica, 'db_w', 't_dist_local', y) (stage: Complete)
2025.11.02 19:47:44.774651 [ 723 ] {83528f70-6242-4732-906f-8393119bd756} <Debug> StorageDistributed (t_dist): Auto-increment is 0
2025.11.02 19:47:44.776029 [ 723 ] {83528f70-6242-4732-906f-8393119bd756} <Debug> DatabaseAtomic (db_w): There are 0 detached tables. Start searching non used tables.
2025.11.02 19:47:44.776099 [ 723 ] {83528f70-6242-4732-906f-8393119bd756} <Debug> DatabaseAtomic (db_w): Found 0 non used tables in detached tables.
2025.11.02 19:47:44.776258 [ 723 ] {83528f70-6242-4732-906f-8393119bd756} <Debug> DDLWorker: Executed query: /* ddl_entry=query-0000000002 */ CREATE TABLE db_w.t_dist UUID 'c33b4b0c-7c00-415c-b159-7fd1749f4053' (`create_time` DateTime, `y` Int32 COMMENT 'shard key', `m` Int32 COMMENT 'part key', `id` Int64 COMMENT 'sort key', `value` Nullable(String)) ENGINE = Distributed(single_replica, 'db_w', 't_dist_local', y)
2025.11.02 19:47:44.778260 [ 723 ] {} <Debug> DDLWorker: Waiting for queue updates
2025.11.02 19:47:44.829437 [ 84 ] {} <Debug> TCPHandler: Connected ClickHouse server version 25.3.0, revision: 54476, user: default.
2025.11.02 19:47:44.829502 [ 84 ] {} <Debug> TCP-Session-72e200c1-971e-4813-b96f-5fb6acbf9aef: Authenticating user 'default' from 172.19.0.5:41916
2025.11.02 19:47:44.829603 [ 84 ] {} <Debug> TCP-Session-72e200c1-971e-4813-b96f-5fb6acbf9aef: 72e200c1-971e-4813-b96f-5fb6acbf9aef Authenticated with global context as user 94309d50-4f52-5250-31bd-74fecac179db
2025.11.02 19:47:44.829664 [ 84 ] {} <Debug> TCP-Session-72e200c1-971e-4813-b96f-5fb6acbf9aef: Creating session context with user_id: 94309d50-4f52-5250-31bd-74fecac179db
2025.11.02 19:47:44.830416 [ 84 ] {55088b51-886b-4284-bf05-154a02339167} <Debug> executeQuery: (from 172.19.0.5:41916, initial_query_id: 336e6ff5-0b0f-4b25-8fcb-d114f3672525) SELECT `__table1`.`create_time` AS `create_time`, `__table1`.`y` AS `y`, `__table1`.`m` AS `m`, `__table1`.`id` AS `id`, `__table1`.`value` AS `value` FROM `db_w`.`t_dist_local` AS `__table1` WHERE _CAST(0, 'UInt8') (stage: Complete)
2025.11.02 19:47:44.831066 [ 84 ] {55088b51-886b-4284-bf05-154a02339167} <Debug> TCPHandler: Processed in 0.000843625 sec.
2025.11.02 19:47:44.871545 [ 84 ] {aa69f341-761a-48bf-813a-9d5a53eeb207} <Debug> executeQuery: (from 172.19.0.5:41916, initial_query_id: 4516930c-1f92-4aa5-a246-4b13e16b94aa) SELECT `__table1`.`create_time` AS `create_time`, `__table1`.`y` AS `y`, `__table1`.`m` AS `m`, `__table1`.`id` AS `id`, `__table1`.`value` AS `value` FROM `db_w`.`t_dist_local` AS `__table1` WHERE _CAST(0, 'UInt8') (stage: Complete)
2025.11.02 19:47:44.872350 [ 84 ] {aa69f341-761a-48bf-813a-9d5a53eeb207} <Debug> TCPHandler: Processed in 0.000980583 sec.
2025.11.02 19:47:44.899703 [ 84 ] {ab2dacbd-f4c8-4b46-9fa7-5e0b672adc50} <Debug> executeQuery: (from 172.19.0.5:41916, initial_query_id: 7a96fe0f-9342-4682-94f5-690fde484229) SELECT `__table1`.`create_time` AS `create_time`, `__table1`.`y` AS `y`, `__table1`.`m` AS `m`, `__table1`.`id` AS `id`, `__table1`.`value` AS `value` FROM `db_w`.`t_dist_local` AS `__table1` WHERE _CAST(0, 'UInt8') (stage: Complete)
2025.11.02 19:47:44.900597 [ 84 ] {ab2dacbd-f4c8-4b46-9fa7-5e0b672adc50} <Debug> TCPHandler: Processed in 0.001063 sec.
2025.11.02 19:47:45.009512 [ 85 ] {} <Debug> TCPHandler: Connected ClickHouse server version 25.3.0, revision: 54476, user: default.
2025.11.02 19:47:45.009635 [ 85 ] {} <Debug> TCP-Session-1a5cdcd6-3a0c-4999-afe9-13e3afa7e255: Authenticating user 'default' from 172.19.0.4:44792
2025.11.02 19:47:45.009732 [ 85 ] {} <Debug> TCP-Session-1a5cdcd6-3a0c-4999-afe9-13e3afa7e255: 1a5cdcd6-3a0c-4999-afe9-13e3afa7e255 Authenticated with global context as user 94309d50-4f52-5250-31bd-74fecac179db
2025.11.02 19:47:45.009870 [ 85 ] {} <Debug> TCP-Session-1a5cdcd6-3a0c-4999-afe9-13e3afa7e255: Creating session context with user_id: 94309d50-4f52-5250-31bd-74fecac179db
2025.11.02 19:47:45.010646 [ 85 ] {dcc36d69-c64d-403b-8d80-f378ec2f7230} <Debug> executeQuery: (from 172.19.0.4:44792, initial_query_id: 6b94b6e5-a7ce-40fb-a33d-e474b638cc8d) INSERT INTO db_w.t_dist_local (create_time, y, m, id, value) VALUES (stage: Complete)
2025.11.02 19:47:45.011496 [ 85 ] {dcc36d69-c64d-403b-8d80-f378ec2f7230} <Debug> executeQuery: Read 1 rows, 31.00 B in 0.000892 sec., 1121.0762331838564 rows/sec., 33.94 KiB/sec.
2025.11.02 19:47:45.011643 [ 85 ] {dcc36d69-c64d-403b-8d80-f378ec2f7230} <Debug> MemoryTracker: Query peak memory usage: 4.30 MiB.
2025.11.02 19:47:45.011724 [ 85 ] {dcc36d69-c64d-403b-8d80-f378ec2f7230} <Debug> TCPHandler: Processed in 0.001250791 sec.
2025.11.02 19:47:45.077004 [ 84 ] {8d0937d8-6bd8-49bd-9e9f-672cb2229731} <Debug> executeQuery: (from 172.19.0.5:41916, initial_query_id: f3bfd483-f446-42de-84b6-639b03256e05) SELECT `__table1`.`create_time` AS `create_time`, `__table1`.`y` AS `y`, `__table1`.`m` AS `m`, `__table1`.`id` AS `id`, `__table1`.`value` AS `value` FROM `db_w`.`t_dist_local` AS `__table1` WHERE _CAST(0, 'UInt8') (stage: Complete)
2025.11.02 19:47:45.077398 [ 84 ] {8d0937d8-6bd8-49bd-9e9f-672cb2229731} <Debug> db_w.t_dist_local (c18ef1e7-7969-4f96-a93e-95fae1e3b43f) (SelectExecutor): Selected 0/0 parts by partition key, 0 parts by primary key, 0/0 marks by primary key, 0 marks to read from 0 ranges
2025.11.02 19:47:45.077795 [ 84 ] {8d0937d8-6bd8-49bd-9e9f-672cb2229731} <Debug> TCPHandler: Processed in 0.000992083 sec.
2025.11.02 19:47:45.102401 [ 84 ] {0b9b4b3f-345e-435f-b99a-e45fe5b27a7d} <Debug> executeQuery: (from 172.19.0.5:41916, initial_query_id: 2f332bb3-142a-4dce-8423-11b78fba84cf) SELECT `__table1`.`create_time` AS `create_time`, `__table1`.`y` AS `y`, `__table1`.`m` AS `m`, `__table1`.`id` AS `id`, `__table1`.`value` AS `value` FROM `db_w`.`t_dist_local` AS `__table1` WHERE _CAST(0, 'UInt8') (stage: Complete)
2025.11.02 19:47:45.102714 [ 84 ] {0b9b4b3f-345e-435f-b99a-e45fe5b27a7d} <Debug> db_w.t_dist_local (c18ef1e7-7969-4f96-a93e-95fae1e3b43f) (SelectExecutor): Selected 0/0 parts by partition key, 0 parts by primary key, 0/0 marks by primary key, 0 marks to read from 0 ranges
2025.11.02 19:47:45.103126 [ 84 ] {0b9b4b3f-345e-435f-b99a-e45fe5b27a7d} <Debug> TCPHandler: Processed in 0.000953083 sec.
2025.11.02 19:47:45.134787 [ 84 ] {2f864d42-65b3-4042-84d5-633e600ec460} <Debug> executeQuery: (from 172.19.0.5:41916, initial_query_id: 7664b0f4-3ac7-4b61-a979-3651a232002d) SELECT `__table1`.`y` AS `y`, shardNum() AS `_shard_num` FROM `db_w`.`t_dist_local` AS `__table1` (stage: Complete)
2025.11.02 19:47:45.135017 [ 84 ] {2f864d42-65b3-4042-84d5-633e600ec460} <Debug> db_w.t_dist_local (c18ef1e7-7969-4f96-a93e-95fae1e3b43f) (SelectExecutor): Key condition: unknown
2025.11.02 19:47:45.135074 [ 84 ] {2f864d42-65b3-4042-84d5-633e600ec460} <Debug> db_w.t_dist_local (c18ef1e7-7969-4f96-a93e-95fae1e3b43f) (SelectExecutor): MinMax index condition: unknown
2025.11.02 19:47:45.135130 [ 84 ] {2f864d42-65b3-4042-84d5-633e600ec460} <Debug> db_w.t_dist_local (c18ef1e7-7969-4f96-a93e-95fae1e3b43f) (SelectExecutor): PK index has dropped 0/1 granules, it took 0ms across 1 threads.
2025.11.02 19:47:45.135201 [ 84 ] {2f864d42-65b3-4042-84d5-633e600ec460} <Debug> db_w.t_dist_local (c18ef1e7-7969-4f96-a93e-95fae1e3b43f) (SelectExecutor): Selected 1/1 parts by partition key, 1 parts by primary key, 1/1 marks by primary key, 1 marks to read from 1 ranges
2025.11.02 19:47:45.135618 [ 84 ] {2f864d42-65b3-4042-84d5-633e600ec460} <Debug> executeQuery: Read 1 rows, 4.00 B in 0.000864 sec., 1157.4074074074074 rows/sec., 4.52 KiB/sec.
2025.11.02 19:47:45.135734 [ 84 ] {2f864d42-65b3-4042-84d5-633e600ec460} <Debug> TCPHandler: Processed in 0.001106167 sec.
2025.11.02 19:47:45.148362 [ 84 ] {07e4aed3-0997-45d1-a609-2ced4612445d} <Debug> executeQuery: (from 172.19.0.5:41916, initial_query_id: c68ce749-c47a-4d21-af04-ba11d3554459) SELECT `__table1`.`y` AS `y`, shardNum() AS `_shard_num` FROM `db_w`.`t_dist_local` AS `__table1` (stage: Complete)
2025.11.02 19:47:45.148530 [ 84 ] {07e4aed3-0997-45d1-a609-2ced4612445d} <Debug> db_w.t_dist_local (c18ef1e7-7969-4f96-a93e-95fae1e3b43f) (SelectExecutor): Key condition: unknown
2025.11.02 19:47:45.148579 [ 84 ] {07e4aed3-0997-45d1-a609-2ced4612445d} <Debug> db_w.t_dist_local (c18ef1e7-7969-4f96-a93e-95fae1e3b43f) (SelectExecutor): MinMax index condition: unknown
2025.11.02 19:47:45.148636 [ 84 ] {07e4aed3-0997-45d1-a609-2ced4612445d} <Debug> db_w.t_dist_local (c18ef1e7-7969-4f96-a93e-95fae1e3b43f) (SelectExecutor): PK index has dropped 0/1 granules, it took 0ms across 1 threads.
2025.11.02 19:47:45.148695 [ 84 ] {07e4aed3-0997-45d1-a609-2ced4612445d} <Debug> db_w.t_dist_local (c18ef1e7-7969-4f96-a93e-95fae1e3b43f) (SelectExecutor): Selected 1/1 parts by partition key, 1 parts by primary key, 1/1 marks by primary key, 1 marks to read from 1 ranges
2025.11.02 19:47:45.149124 [ 84 ] {07e4aed3-0997-45d1-a609-2ced4612445d} <Debug> executeQuery: Read 1 rows, 4.00 B in 0.000791 sec., 1264.2225031605562 rows/sec., 4.94 KiB/sec.
2025.11.02 19:47:45.149239 [ 84 ] {07e4aed3-0997-45d1-a609-2ced4612445d} <Debug> TCPHandler: Processed in 0.00102675 sec.
2025.11.02 19:47:45.161730 [ 723 ] {} <Debug> DDLWorker: Scheduling tasks
2025.11.02 19:47:45.162267 [ 723 ] {} <Debug> DDLWorker: Will schedule 1 tasks starting from query-0000000003
2025.11.02 19:47:45.163132 [ 723 ] {} <Debug> DDLWorker: Processing task query-0000000003 (query: DROP TABLE IF EXISTS db_w.t_dist, backup restore: false)
2025.11.02 19:47:45.164055 [ 723 ] {} <Debug> DDLWorker: Executing query: DROP TABLE IF EXISTS db_w.t_dist
2025.11.02 19:47:45.164197 [ 723 ] {db560158-c40c-475d-8b32-99198baec659} <Debug> executeQuery: (from 0.0.0.0:0, user: , initial_query_id: 608e49a2-e6f2-41db-9d73-dd69aba9079e) /* ddl_entry=query-0000000003 */ DROP TABLE IF EXISTS db_w.t_dist (stage: Complete)
2025.11.02 19:47:45.164253 [ 723 ] {db560158-c40c-475d-8b32-99198baec659} <Information> StorageDistributed (t_dist): Flushing pending INSERT blocks
2025.11.02 19:47:45.164316 [ 723 ] {db560158-c40c-475d-8b32-99198baec659} <Information> StorageDistributed (t_dist): Pending INSERT blocks flushed, took 0 ms.
2025.11.02 19:47:45.164369 [ 723 ] {db560158-c40c-475d-8b32-99198baec659} <Debug> StorageDistributed (t_dist): Joining background threads for async INSERT
2025.11.02 19:47:45.164422 [ 723 ] {db560158-c40c-475d-8b32-99198baec659} <Debug> StorageDistributed (t_dist): Background threads for async INSERT joined
2025.11.02 19:47:45.164691 [ 723 ] {db560158-c40c-475d-8b32-99198baec659} <Debug> DDLWorker: Executed query: /* ddl_entry=query-0000000003 */ DROP TABLE IF EXISTS db_w.t_dist
2025.11.02 19:47:45.166430 [ 723 ] {} <Debug> DDLWorker: Waiting for queue updates
2025.11.02 19:47:45.224950 [ 723 ] {} <Debug> DDLWorker: Scheduling tasks
2025.11.02 19:47:45.225557 [ 723 ] {} <Debug> DDLWorker: Will schedule 1 tasks starting from query-0000000004
2025.11.02 19:47:45.226584 [ 723 ] {} <Debug> DDLWorker: Processing task query-0000000004 (query: DROP TABLE IF EXISTS db_w.t_dist_local, backup restore: false)
2025.11.02 19:47:45.227419 [ 723 ] {} <Debug> DDLWorker: Executing query: DROP TABLE IF EXISTS db_w.t_dist_local
2025.11.02 19:47:45.227539 [ 723 ] {0cb0cfb1-2ad5-4d32-a0ef-975dde7ba7ab} <Debug> executeQuery: (from 0.0.0.0:0, user: , initial_query_id: 36bedc74-f65b-4165-9ac1-3c1fbd0c28a2) /* ddl_entry=query-0000000004 */ DROP TABLE IF EXISTS db_w.t_dist_local (stage: Complete)
2025.11.02 19:47:45.227709 [ 723 ] {0cb0cfb1-2ad5-4d32-a0ef-975dde7ba7ab} <Debug> DDLWorker: Executed query: /* ddl_entry=query-0000000004 */ DROP TABLE IF EXISTS db_w.t_dist_local
2025.11.02 19:47:45.228647 [ 723 ] {} <Debug> DDLWorker: Waiting for queue updates
2025.11.02 19:47:45.289487 [ 723 ] {} <Debug> DDLWorker: Scheduling tasks
2025.11.02 19:47:45.290056 [ 723 ] {} <Debug> DDLWorker: Will schedule 1 tasks starting from query-0000000005
2025.11.02 19:47:45.290791 [ 723 ] {} <Debug> DDLWorker: Processing task query-0000000005 (query: DROP DATABASE IF EXISTS db_w, backup restore: false)
2025.11.02 19:47:45.291960 [ 723 ] {} <Debug> DDLWorker: Executing query: DROP DATABASE IF EXISTS db_w
2025.11.02 19:47:45.292120 [ 723 ] {02672ae4-9b05-4c3e-9819-79aec7dcc147} <Debug> executeQuery: (from 0.0.0.0:0, user: , initial_query_id: b13449b8-dd41-4c1a-872c-1681677d9bbd) /* ddl_entry=query-0000000005 */ DROP DATABASE IF EXISTS db_w (stage: Complete)
2025.11.02 19:47:45.292226 [ 723 ] {02672ae4-9b05-4c3e-9819-79aec7dcc147} <Debug> DatabaseAtomic (db_w): There are 0 detached tables. Start searching non used tables.
2025.11.02 19:47:45.292334 [ 723 ] {02672ae4-9b05-4c3e-9819-79aec7dcc147} <Debug> DatabaseAtomic (db_w): Found 0 non used tables in detached tables.
2025.11.02 19:47:45.292530 [ 723 ] {02672ae4-9b05-4c3e-9819-79aec7dcc147} <Debug> DDLWorker: Executed query: /* ddl_entry=query-0000000005 */ DROP DATABASE IF EXISTS db_w
2025.11.02 19:47:45.293319 [ 723 ] {} <Debug> DDLWorker: Waiting for queue updates
2025.11.02 19:47:45.356700 [ 723 ] {} <Debug> DDLWorker: Scheduling tasks
2025.11.02 19:47:45.357302 [ 723 ] {} <Debug> DDLWorker: Will schedule 1 tasks starting from query-0000000006
2025.11.02 19:47:45.358055 [ 723 ] {} <Debug> DDLWorker: Processing task query-0000000006 (query: CREATE DATABASE IF NOT EXISTS db_agg_col UUID '15340fc0-08a2-4139-8186-3493c6187067', backup restore: false)
2025.11.02 19:47:45.359472 [ 723 ] {} <Debug> DDLWorker: Executing query: CREATE DATABASE IF NOT EXISTS db_agg_col UUID '15340fc0-08a2-4139-8186-3493c6187067'
2025.11.02 19:47:45.359565 [ 723 ] {a427470d-60b1-4309-850e-9e1271c88d51} <Debug> executeQuery: (from 0.0.0.0:0, user: , initial_query_id: 79e4b9cf-b63a-47a3-b863-1a828947a0c0) /* ddl_entry=query-0000000006 */ CREATE DATABASE IF NOT EXISTS db_agg_col UUID '15340fc0-08a2-4139-8186-3493c6187067' (stage: Complete)
2025.11.02 19:47:45.360441 [ 723 ] {a427470d-60b1-4309-850e-9e1271c88d51} <Information> DatabaseAtomic (db_agg_col): Metadata processed, database db_agg_col has 0 tables and 0 dictionaries in total.
2025.11.02 19:47:45.360493 [ 723 ] {a427470d-60b1-4309-850e-9e1271c88d51} <Information> TablesLoader: Parsed metadata of 0 tables in 1 databases in 6.5e-05 sec
2025.11.02 19:47:45.360545 [ 723 ] {a427470d-60b1-4309-850e-9e1271c88d51} <Debug> AsyncLoader: Prioritize load job 'startup Atomic database db_agg_col': BackgrndStartup -> ForegroundLoad
2025.11.02 19:47:45.360592 [ 723 ] {a427470d-60b1-4309-850e-9e1271c88d51} <Debug> AsyncLoader: Prioritize load job 'startup Ordinary database db_agg_col': BackgrndStartup -> ForegroundLoad
2025.11.02 19:47:45.360650 [ 723 ] {a427470d-60b1-4309-850e-9e1271c88d51} <Debug> AsyncLoader: Schedule load job 'startup Ordinary database db_agg_col' into ForegroundLoad
2025.11.02 19:47:45.360695 [ 723 ] {a427470d-60b1-4309-850e-9e1271c88d51} <Debug> AsyncLoader: Schedule load job 'startup Atomic database db_agg_col' into ForegroundLoad
2025.11.02 19:47:45.360743 [ 723 ] {a427470d-60b1-4309-850e-9e1271c88d51} <Debug> AsyncLoader: Change current priority: none -> 0
2025.11.02 19:47:45.360777 [ 723 ] {a427470d-60b1-4309-850e-9e1271c88d51} <Debug> AsyncLoader: Spawn loader worker #1 in ForegroundLoad
2025.11.02 19:47:45.360854 [ 723 ] {a427470d-60b1-4309-850e-9e1271c88d51} <Debug> AsyncLoader: Wait load job 'startup Atomic database db_agg_col' in ForegroundLoad
2025.11.02 19:47:45.360875 [ 731 ] {} <Debug> AsyncLoader: Execute load job 'startup Ordinary database db_agg_col' in ForegroundLoad
2025.11.02 19:47:45.361029 [ 731 ] {} <Debug> AsyncLoader: Finish load job 'startup Ordinary database db_agg_col' with status OK
2025.11.02 19:47:45.361081 [ 731 ] {} <Debug> AsyncLoader: Spawn loader worker #2 in ForegroundLoad
2025.11.02 19:47:45.361145 [ 731 ] {} <Debug> AsyncLoader: Execute load job 'startup Atomic database db_agg_col' in ForegroundLoad
2025.11.02 19:47:45.361225 [ 731 ] {} <Debug> AsyncLoader: Finish load job 'startup Atomic database db_agg_col' with status OK
2025.11.02 19:47:45.361390 [ 731 ] {} <Debug> AsyncLoader: Stop worker in ForegroundLoad
2025.11.02 19:47:45.361358 [ 723 ] {a427470d-60b1-4309-850e-9e1271c88d51} <Debug> DDLWorker: Executed query: /* ddl_entry=query-0000000006 */ CREATE DATABASE IF NOT EXISTS db_agg_col UUID '15340fc0-08a2-4139-8186-3493c6187067'
2025.11.02 19:47:45.361543 [ 735 ] {} <Debug> AsyncLoader: Stop worker in ForegroundLoad
2025.11.02 19:47:45.361612 [ 735 ] {} <Debug> AsyncLoader: Change current priority: 0 -> none
2025.11.02 19:47:45.362510 [ 723 ] {} <Debug> DDLWorker: Waiting for queue updates
2025.11.02 19:47:45.422149 [ 723 ] {} <Debug> DDLWorker: Scheduling tasks
2025.11.02 19:47:45.422649 [ 723 ] {} <Debug> DDLWorker: Will schedule 1 tasks starting from query-0000000007
2025.11.02 19:47:45.423548 [ 723 ] {} <Debug> DDLWorker: Processing task query-0000000007 (query: CREATE TABLE db_agg_col.t_dist_local UUID '8cba62cd-75e8-471d-ae47-243ec4716c01' (`create_time` DateTime, `y` Int32 COMMENT 'shard key', `m` Int32 COMMENT 'part key', `id` Int64 COMMENT 'sort key', `value` Nullable(String)) ENGINE = MergeTree PARTITION BY m ORDER BY id SETTINGS index_granularity = 8192, backup restore: false)
2025.11.02 19:47:45.424295 [ 723 ] {} <Debug> DDLWorker: Executing query: CREATE TABLE db_agg_col.t_dist_local UUID '8cba62cd-75e8-471d-ae47-243ec4716c01' (`create_time` DateTime, `y` Int32 COMMENT 'shard key', `m` Int32 COMMENT 'part key', `id` Int64 COMMENT 'sort key', `value` Nullable(String)) ENGINE = MergeTree PARTITION BY m ORDER BY id SETTINGS index_granularity = 8192
2025.11.02 19:47:45.424433 [ 723 ] {7a6f2548-453a-46e8-ac14-5c46ee74d1ef} <Debug> executeQuery: (from 0.0.0.0:0, user: , initial_query_id: 35bd81fe-6c6d-4b73-bc66-f7cabe49f754) /* ddl_entry=query-0000000007 */ CREATE TABLE db_agg_col.t_dist_local UUID '8cba62cd-75e8-471d-ae47-243ec4716c01' (`create_time` DateTime, `y` Int32 COMMENT 'shard key', `m` Int32 COMMENT 'part key', `id` Int64 COMMENT 'sort key', `value` Nullable(String)) ENGINE = MergeTree PARTITION BY m ORDER BY id SETTINGS index_granularity = 8192 (stage: Complete)
2025.11.02 19:47:45.426001 [ 723 ] {7a6f2548-453a-46e8-ac14-5c46ee74d1ef} <Debug> db_agg_col.t_dist_local (8cba62cd-75e8-471d-ae47-243ec4716c01): Loading data parts
2025.11.02 19:47:45.426170 [ 723 ] {7a6f2548-453a-46e8-ac14-5c46ee74d1ef} <Debug> db_agg_col.t_dist_local (8cba62cd-75e8-471d-ae47-243ec4716c01): There are no data parts
2025.11.02 19:47:45.427051 [ 723 ] {7a6f2548-453a-46e8-ac14-5c46ee74d1ef} <Debug> DatabaseAtomic (db_agg_col): There are 0 detached tables. Start searching non used tables.
2025.11.02 19:47:45.427086 [ 723 ] {7a6f2548-453a-46e8-ac14-5c46ee74d1ef} <Debug> DatabaseAtomic (db_agg_col): Found 0 non used tables in detached tables.
2025.11.02 19:47:45.427347 [ 723 ] {7a6f2548-453a-46e8-ac14-5c46ee74d1ef} <Debug> DDLWorker: Executed query: /* ddl_entry=query-0000000007 */ CREATE TABLE db_agg_col.t_dist_local UUID '8cba62cd-75e8-471d-ae47-243ec4716c01' (`create_time` DateTime, `y` Int32 COMMENT 'shard key', `m` Int32 COMMENT 'part key', `id` Int64 COMMENT 'sort key', `value` Nullable(String)) ENGINE = MergeTree PARTITION BY m ORDER BY id SETTINGS index_granularity = 8192
2025.11.02 19:47:45.429490 [ 723 ] {} <Debug> DDLWorker: Waiting for queue updates
2025.11.02 19:47:45.482303 [ 723 ] {} <Debug> DDLWorker: Scheduling tasks
2025.11.02 19:47:45.482920 [ 723 ] {} <Debug> DDLWorker: Will schedule 1 tasks starting from query-0000000008
2025.11.02 19:47:45.483842 [ 723 ] {} <Debug> DDLWorker: Processing task query-0000000008 (query: CREATE TABLE db_agg_col.t_dist UUID 'caad669f-2126-4cb9-a95e-a37a92e767fa' (`create_time` DateTime, `y` Int32 COMMENT 'shard key', `m` Int32 COMMENT 'part key', `id` Int64 COMMENT 'sort key', `value` Nullable(String)) ENGINE = Distributed(single_replica, 'db_agg_col', 't_dist_local', y), backup restore: false)
2025.11.02 19:47:45.484591 [ 723 ] {} <Debug> DDLWorker: Executing query: CREATE TABLE db_agg_col.t_dist UUID 'caad669f-2126-4cb9-a95e-a37a92e767fa' (`create_time` DateTime, `y` Int32 COMMENT 'shard key', `m` Int32 COMMENT 'part key', `id` Int64 COMMENT 'sort key', `value` Nullable(String)) ENGINE = Distributed(single_replica, 'db_agg_col', 't_dist_local', y)
2025.11.02 19:47:45.484811 [ 723 ] {e2150d28-dc3d-4caa-ab07-c7106e0247b6} <Debug> executeQuery: (from 0.0.0.0:0, user: , initial_query_id: 44e203a4-a5dc-46af-aa0c-9de1d25a4996) /* ddl_entry=query-0000000008 */ CREATE TABLE db_agg_col.t_dist UUID 'caad669f-2126-4cb9-a95e-a37a92e767fa' (`create_time` DateTime, `y` Int32 COMMENT 'shard key', `m` Int32 COMMENT 'part key', `id` Int64 COMMENT 'sort key', `value` Nullable(String)) ENGINE = Distributed(single_replica, 'db_agg_col', 't_dist_local', y) (stage: Complete)
2025.11.02 19:47:45.485327 [ 723 ] {e2150d28-dc3d-4caa-ab07-c7106e0247b6} <Debug> StorageDistributed (t_dist): Auto-increment is 0
2025.11.02 19:47:45.486346 [ 723 ] {e2150d28-dc3d-4caa-ab07-c7106e0247b6} <Debug> DatabaseAtomic (db_agg_col): There are 0 detached tables. Start searching non used tables.
2025.11.02 19:47:45.486389 [ 723 ] {e2150d28-dc3d-4caa-ab07-c7106e0247b6} <Debug> DatabaseAtomic (db_agg_col): Found 0 non used tables in detached tables.
2025.11.02 19:47:45.486618 [ 723 ] {e2150d28-dc3d-4caa-ab07-c7106e0247b6} <Debug> DDLWorker: Executed query: /* ddl_entry=query-0000000008 */ CREATE TABLE db_agg_col.t_dist UUID 'caad669f-2126-4cb9-a95e-a37a92e767fa' (`create_time` DateTime, `y` Int32 COMMENT 'shard key', `m` Int32 COMMENT 'part key', `id` Int64 COMMENT 'sort key', `value` Nullable(String)) ENGINE = Distributed(single_replica, 'db_agg_col', 't_dist_local', y)
2025.11.02 19:47:45.487941 [ 723 ] {} <Debug> DDLWorker: Waiting for queue updates
2025.11.02 19:47:45.540371 [ 84 ] {60269a12-d28c-4962-bd1a-63d4f3812f29} <Debug> executeQuery: (from 172.19.0.5:41916, initial_query_id: 415e4d68-6d89-4c0d-9c19-f97d0baf6ede) SELECT `__table1`.`create_time` AS `create_time`, `__table1`.`y` AS `y`, `__table1`.`m` AS `m`, `__table1`.`id` AS `id`, `__table1`.`value` AS `value` FROM `db_agg_col`.`t_dist_local` AS `__table1` WHERE _CAST(0, 'UInt8') (stage: Complete)
2025.11.02 19:47:45.540966 [ 84 ] {60269a12-d28c-4962-bd1a-63d4f3812f29} <Debug> TCPHandler: Processed in 0.000829917 sec.
2025.11.02 19:47:45.548037 [ 84 ] {59d13b60-62de-417f-bbee-0999156970a6} <Debug> executeQuery: (from 172.19.0.5:41916, initial_query_id: 65f846bb-3004-41b2-8810-f8cf9c9f86a0) SELECT `__table1`.`create_time` AS `create_time`, `__table1`.`y` AS `y`, `__table1`.`m` AS `m`, `__table1`.`id` AS `id`, `__table1`.`value` AS `value` FROM `db_agg_col`.`t_dist_local` AS `__table1` WHERE _CAST(0, 'UInt8') (stage: Complete)
2025.11.02 19:47:45.548511 [ 84 ] {59d13b60-62de-417f-bbee-0999156970a6} <Debug> TCPHandler: Processed in 0.00071475 sec.
2025.11.02 19:47:45.567694 [ 84 ] {257c9c56-3c01-485b-9b15-f1dfc16d45b0} <Debug> executeQuery: (from 172.19.0.5:41916, initial_query_id: 345853ab-9cbf-414d-b689-12b0d4223cf6) SELECT `__table1`.`create_time` AS `create_time`, `__table1`.`y` AS `y`, `__table1`.`m` AS `m`, `__table1`.`id` AS `id`, `__table1`.`value` AS `value` FROM `db_agg_col`.`t_dist_local` AS `__table1` WHERE _CAST(0, 'UInt8') (stage: Complete)
2025.11.02 19:47:45.568313 [ 84 ] {257c9c56-3c01-485b-9b15-f1dfc16d45b0} <Debug> TCPHandler: Processed in 0.000796208 sec.
2025.11.02 19:47:45.601007 [ 83 ] {} <Debug> HTTP-Session-edc3f2f1-e868-473b-8cd9-74547950a6d5: Authenticating user 'default' from 172.19.0.7:42614
2025.11.02 19:47:45.601079 [ 83 ] {} <Debug> HTTP-Session-edc3f2f1-e868-473b-8cd9-74547950a6d5: edc3f2f1-e868-473b-8cd9-74547950a6d5 Authenticated with global context as user 94309d50-4f52-5250-31bd-74fecac179db
2025.11.02 19:47:45.601119 [ 83 ] {} <Debug> HTTP-Session-edc3f2f1-e868-473b-8cd9-74547950a6d5: Creating session context with user_id: 94309d50-4f52-5250-31bd-74fecac179db
2025.11.02 19:47:45.601341 [ 83 ] {54c854f0-2216-4c7e-bbef-9d44a3601561} <Debug> executeQuery: (from 172.19.0.7:42614) INSERT INTO `db_agg_col`.`t_dist` FORMAT ArrowStream  (stage: Complete)
2025.11.02 19:47:45.656320 [ 735 ] {d91edca0-ee76-4a3a-abc9-7b9a0b771017} <Debug> AsynchronousInsertQueue: Flushed 2 rows, 62 bytes for query 'INSERT INTO db_agg_col.t_dist (create_time, y, m, id, value) FORMAT ArrowStream'
2025.11.02 19:47:45.656523 [ 735 ] {d91edca0-ee76-4a3a-abc9-7b9a0b771017} <Debug> MemoryTracker: Query peak memory usage: 3.38 MiB.
2025.11.02 19:47:45.656580 [ 83 ] {54c854f0-2216-4c7e-bbef-9d44a3601561} <Debug> DynamicQueryHandler: Done processing query
2025.11.02 19:47:45.656766 [ 83 ] {} <Debug> HTTP-Session-edc3f2f1-e868-473b-8cd9-74547950a6d5: edc3f2f1-e868-473b-8cd9-74547950a6d5 Logout, user_id: 94309d50-4f52-5250-31bd-74fecac179db
2025.11.02 19:47:45.657441 [ 636 ] {} <Debug> db_agg_col.t_dist.DistributedInsertQueue.default: Sending `/var/lib/clickhouse/store/caa/caad669f-2126-4cb9-a95e-a37a92e767fa/shard3_replica1/1.bin` to clickhouse-s2r1:9000 (1.00 rows, 31.00 B bytes)
2025.11.02 19:47:45.658295 [ 83 ] {} <Debug> HTTP-Session-3afd637c-1407-4485-b786-c8cbf6e92ea1: Authenticating user 'default' from 172.19.0.7:42614
2025.11.02 19:47:45.658361 [ 83 ] {} <Debug> HTTP-Session-3afd637c-1407-4485-b786-c8cbf6e92ea1: 3afd637c-1407-4485-b786-c8cbf6e92ea1 Authenticated with global context as user 94309d50-4f52-5250-31bd-74fecac179db
2025.11.02 19:47:45.658411 [ 83 ] {} <Debug> HTTP-Session-3afd637c-1407-4485-b786-c8cbf6e92ea1: Creating session context with user_id: 94309d50-4f52-5250-31bd-74fecac179db
2025.11.02 19:47:45.658534 [ 83 ] {483eb7ac-1907-472b-9c66-9414caf5d6aa} <Debug> executeQuery: (from 172.19.0.7:42614) INSERT INTO `db_agg_col`.`t_dist` FORMAT ArrowStream  (stage: Complete)
2025.11.02 19:47:45.711063 [ 757 ] {6e9754af-1c99-48b2-b4f1-e070d959a570} <Debug> AsynchronousInsertQueue: Flushed 2 rows, 62 bytes for query 'INSERT INTO db_agg_col.t_dist (create_time, y, m, id, value) FORMAT ArrowStream'
2025.11.02 19:47:45.711251 [ 83 ] {483eb7ac-1907-472b-9c66-9414caf5d6aa} <Debug> DynamicQueryHandler: Done processing query
2025.11.02 19:47:45.711354 [ 83 ] {} <Debug> HTTP-Session-3afd637c-1407-4485-b786-c8cbf6e92ea1: 3afd637c-1407-4485-b786-c8cbf6e92ea1 Logout, user_id: 94309d50-4f52-5250-31bd-74fecac179db
2025.11.02 19:47:45.711944 [ 638 ] {} <Debug> db_agg_col.t_dist.DistributedInsertQueue.default: Sending `/var/lib/clickhouse/store/caa/caad669f-2126-4cb9-a95e-a37a92e767fa/shard4_replica1/3.bin` to clickhouse-s2r2:9000 (1.00 rows, 31.00 B bytes)
2025.11.02 19:47:45.711975 [ 637 ] {} <Debug> db_agg_col.t_dist.DistributedInsertQueue.default: Sending `/var/lib/clickhouse/store/caa/caad669f-2126-4cb9-a95e-a37a92e767fa/shard1_replica1/2.bin` to clickhouse-s1r1:9000 (1.00 rows, 31.00 B bytes)
2025.11.02 19:47:45.717872 [ 84 ] {10fc0792-1b4d-4cb3-ad65-687d92cda2f4} <Debug> executeQuery: (from 172.19.0.5:41916, initial_query_id: bf76d4bf-67ef-4c61-a6bd-d5f0a83aafee) SELECT `__table1`.`create_time` AS `create_time`, `__table1`.`y` AS `y`, `__table1`.`m` AS `m`, `__table1`.`id` AS `id`, `__table1`.`value` AS `value` FROM `db_agg_col`.`t_dist_local` AS `__table1` WHERE _CAST(0, 'UInt8') (stage: Complete)
2025.11.02 19:47:45.718160 [ 84 ] {10fc0792-1b4d-4cb3-ad65-687d92cda2f4} <Debug> db_agg_col.t_dist_local (8cba62cd-75e8-471d-ae47-243ec4716c01) (SelectExecutor): Selected 0/0 parts by partition key, 0 parts by primary key, 0/0 marks by primary key, 0 marks to read from 0 ranges
2025.11.02 19:47:45.718637 [ 84 ] {10fc0792-1b4d-4cb3-ad65-687d92cda2f4} <Debug> TCPHandler: Processed in 0.000938875 sec.
2025.11.02 19:47:45.738419 [ 84 ] {0d80c808-0aa6-4b2c-b46a-f21660ae18d2} <Debug> executeQuery: (from 172.19.0.5:41916, initial_query_id: 9be6ff0f-61b7-492c-a082-1070fd8ae4b3) SELECT count() AS `COUNT()` FROM `db_agg_col`.`t_dist_local` AS `__table1` WHERE _CAST(0, 'UInt8') (stage: WithMergeableState)
2025.11.02 19:47:45.738788 [ 84 ] {0d80c808-0aa6-4b2c-b46a-f21660ae18d2} <Debug> db_agg_col.t_dist_local (8cba62cd-75e8-471d-ae47-243ec4716c01) (SelectExecutor): Selected 0/0 parts by partition key, 0 parts by primary key, 0/0 marks by primary key, 0 marks to read from 0 ranges
2025.11.02 19:47:45.739202 [ 84 ] {0d80c808-0aa6-4b2c-b46a-f21660ae18d2} <Debug> TCPHandler: Processed in 0.000990542 sec.
2025.11.02 19:47:45.747362 [ 83 ] {} <Debug> HTTP-Session-0ed9c3d6-e641-4de3-96b0-0b98971ca565: Authenticating user 'default' from 172.19.0.7:42620
2025.11.02 19:47:45.747432 [ 83 ] {} <Debug> HTTP-Session-0ed9c3d6-e641-4de3-96b0-0b98971ca565: 0ed9c3d6-e641-4de3-96b0-0b98971ca565 Authenticated with global context as user 94309d50-4f52-5250-31bd-74fecac179db
2025.11.02 19:47:45.747485 [ 83 ] {} <Debug> HTTP-Session-0ed9c3d6-e641-4de3-96b0-0b98971ca565: Creating session context with user_id: 94309d50-4f52-5250-31bd-74fecac179db
2025.11.02 19:47:45.747680 [ 83 ] {aa388669-3c16-4b3d-9939-d3940d0d0e53} <Debug> executeQuery: (from 172.19.0.7:42620) SELECT partition, -- String
 partition_id, -- String
 sum(rows) AS row_count, -- UInt64
 sum(bytes_on_disk) AS size_in_bytes -- UInt64
 FROM `system`.`parts` WHERE `database`='db_agg_col' AND `table`='t_dist_local' AND `active`=1 GROUP BY `partition`, `partition_id` ORDER BY `partition` ASC, partition_id ASC  (stage: Complete)
2025.11.02 19:47:45.749449 [ 83 ] {aa388669-3c16-4b3d-9939-d3940d0d0e53} <Debug> executeQuery: Read 1 rows, 77.00 B in 0.00185 sec., 540.5405405405405 rows/sec., 40.65 KiB/sec.
2025.11.02 19:47:45.749845 [ 83 ] {aa388669-3c16-4b3d-9939-d3940d0d0e53} <Debug> DynamicQueryHandler: Done processing query
2025.11.02 19:47:45.750030 [ 83 ] {aa388669-3c16-4b3d-9939-d3940d0d0e53} <Debug> MemoryTracker: Query peak memory usage: 4.01 MiB.
2025.11.02 19:47:45.750142 [ 83 ] {} <Debug> HTTP-Session-0ed9c3d6-e641-4de3-96b0-0b98971ca565: 0ed9c3d6-e641-4de3-96b0-0b98971ca565 Logout, user_id: 94309d50-4f52-5250-31bd-74fecac179db
2025.11.02 19:47:45.764972 [ 84 ] {a32baf49-e810-4cad-836b-d7e1d267132c} <Debug> executeQuery: (from 172.19.0.5:41916, initial_query_id: 82c2cc3d-2c5d-4bb7-8eaf-fbbec6ee3dc7) SELECT count() AS `COUNT()` FROM `db_agg_col`.`t_dist_local` AS `__table1` WHERE _CAST(0, 'UInt8') (stage: WithMergeableState)
2025.11.02 19:47:45.765461 [ 84 ] {a32baf49-e810-4cad-836b-d7e1d267132c} <Debug> db_agg_col.t_dist_local (8cba62cd-75e8-471d-ae47-243ec4716c01) (SelectExecutor): Selected 0/0 parts by partition key, 0 parts by primary key, 0/0 marks by primary key, 0 marks to read from 0 ranges
2025.11.02 19:47:45.765940 [ 84 ] {a32baf49-e810-4cad-836b-d7e1d267132c} <Debug> TCPHandler: Processed in 0.001146667 sec.
2025.11.02 19:47:45.773134 [ 83 ] {} <Debug> HTTP-Session-1dd3dbac-202e-4f65-89ab-83b1fab8cdc0: Authenticating user 'default' from 172.19.0.7:42630
2025.11.02 19:47:45.773196 [ 83 ] {} <Debug> HTTP-Session-1dd3dbac-202e-4f65-89ab-83b1fab8cdc0: 1dd3dbac-202e-4f65-89ab-83b1fab8cdc0 Authenticated with global context as user 94309d50-4f52-5250-31bd-74fecac179db
2025.11.02 19:47:45.773241 [ 83 ] {} <Debug> HTTP-Session-1dd3dbac-202e-4f65-89ab-83b1fab8cdc0: Creating session context with user_id: 94309d50-4f52-5250-31bd-74fecac179db
2025.11.02 19:47:45.773440 [ 83 ] {5a1f22cc-5798-460e-82a6-58827c7d7724} <Debug> executeQuery: (from 172.19.0.7:42630) SELECT partition, -- String
 partition_id, -- String
 sum(rows) AS row_count, -- UInt64
 sum(bytes_on_disk) AS size_in_bytes -- UInt64
 FROM `system`.`parts` WHERE `database`='db_agg_col' AND `table`='t_dist_local' AND `active`=1 GROUP BY `partition`, `partition_id` ORDER BY `partition` ASC, partition_id ASC  (stage: Complete)
2025.11.02 19:47:45.775036 [ 83 ] {5a1f22cc-5798-460e-82a6-58827c7d7724} <Debug> executeQuery: Read 1 rows, 77.00 B in 0.001679 sec., 595.5926146515783 rows/sec., 44.79 KiB/sec.
2025.11.02 19:47:45.775390 [ 83 ] {5a1f22cc-5798-460e-82a6-58827c7d7724} <Debug> DynamicQueryHandler: Done processing query
2025.11.02 19:47:45.775487 [ 83 ] {5a1f22cc-5798-460e-82a6-58827c7d7724} <Debug> MemoryTracker: Query peak memory usage: 4.02 MiB.
2025.11.02 19:47:45.775558 [ 83 ] {} <Debug> HTTP-Session-1dd3dbac-202e-4f65-89ab-83b1fab8cdc0: 1dd3dbac-202e-4f65-89ab-83b1fab8cdc0 Logout, user_id: 94309d50-4f52-5250-31bd-74fecac179db
2025.11.02 19:47:45.793637 [ 83 ] {} <Debug> HTTP-Session-41e23b52-8ddc-4f70-b673-89ba569c9630: Authenticating user 'default' from 172.19.0.7:42636
2025.11.02 19:47:45.793763 [ 83 ] {} <Debug> HTTP-Session-41e23b52-8ddc-4f70-b673-89ba569c9630: 41e23b52-8ddc-4f70-b673-89ba569c9630 Authenticated with global context as user 94309d50-4f52-5250-31bd-74fecac179db
2025.11.02 19:47:45.793815 [ 83 ] {} <Debug> HTTP-Session-41e23b52-8ddc-4f70-b673-89ba569c9630: Creating session context with user_id: 94309d50-4f52-5250-31bd-74fecac179db
2025.11.02 19:47:45.793992 [ 83 ] {c89e2e67-69a3-4ebc-93e7-5da3718bdbb9} <Debug> executeQuery: (from 172.19.0.7:42636) SELECT COUNT(*) FROM `db_agg_col`.`t_dist_local` WHERE (_partition_id = '1') AND ((1=1) AND (1=1))  (stage: Complete)
2025.11.02 19:47:45.795467 [ 83 ] {c89e2e67-69a3-4ebc-93e7-5da3718bdbb9} <Debug> executeQuery: Read 1 rows, 44.00 B in 0.001516 sec., 659.6306068601583 rows/sec., 28.34 KiB/sec.
2025.11.02 19:47:45.795806 [ 83 ] {c89e2e67-69a3-4ebc-93e7-5da3718bdbb9} <Debug> DynamicQueryHandler: Done processing query
2025.11.02 19:47:45.795897 [ 83 ] {c89e2e67-69a3-4ebc-93e7-5da3718bdbb9} <Debug> MemoryTracker: Query peak memory usage: 4.03 MiB.
2025.11.02 19:47:45.796120 [ 83 ] {} <Debug> HTTP-Session-41e23b52-8ddc-4f70-b673-89ba569c9630: 41e23b52-8ddc-4f70-b673-89ba569c9630 Logout, user_id: 94309d50-4f52-5250-31bd-74fecac179db
2025.11.02 19:47:45.841629 [ 83 ] {} <Debug> HTTP-Session-32a88798-f771-4907-9475-da39242bde23: Authenticating user 'default' from 172.19.0.7:42650
2025.11.02 19:47:45.841699 [ 83 ] {} <Debug> HTTP-Session-32a88798-f771-4907-9475-da39242bde23: 32a88798-f771-4907-9475-da39242bde23 Authenticated with global context as user 94309d50-4f52-5250-31bd-74fecac179db
2025.11.02 19:47:45.841783 [ 83 ] {} <Debug> HTTP-Session-32a88798-f771-4907-9475-da39242bde23: Creating session context with user_id: 94309d50-4f52-5250-31bd-74fecac179db
2025.11.02 19:47:45.842007 [ 83 ] {17ad027d-6389-4a9f-a74a-dbc51f9f559d} <Debug> executeQuery: (from 172.19.0.7:42650) SELECT COUNT(*) FROM `db_agg_col`.`t_dist_local` WHERE (_partition_id = '1') AND ((1=1) AND (1=1))  (stage: Complete)
2025.11.02 19:47:45.848103 [ 83 ] {17ad027d-6389-4a9f-a74a-dbc51f9f559d} <Debug> executeQuery: Read 1 rows, 44.00 B in 0.006163 sec., 162.2586402725945 rows/sec., 6.97 KiB/sec.
2025.11.02 19:47:45.848553 [ 83 ] {17ad027d-6389-4a9f-a74a-dbc51f9f559d} <Debug> DynamicQueryHandler: Done processing query
2025.11.02 19:47:45.848649 [ 83 ] {17ad027d-6389-4a9f-a74a-dbc51f9f559d} <Debug> MemoryTracker: Query peak memory usage: 4.03 MiB.
2025.11.02 19:47:45.848779 [ 83 ] {} <Debug> HTTP-Session-32a88798-f771-4907-9475-da39242bde23: 32a88798-f771-4907-9475-da39242bde23 Logout, user_id: 94309d50-4f52-5250-31bd-74fecac179db
2025.11.02 19:47:45.886494 [ 84 ] {1d823cc1-f0ff-4f2e-aede-7abb020a6140} <Debug> executeQuery: (from 172.19.0.5:41916, initial_query_id: 34170a95-d944-4011-81d0-f326af5866c3) SELECT `__table1`.`create_time` AS `create_time`, `__table1`.`y` AS `y`, `__table1`.`m` AS `m`, `__table1`.`id` AS `id`, `__table1`.`value` AS `value` FROM `db_agg_col`.`t_dist_local` AS `__table1` WHERE _CAST(0, 'UInt8') (stage: Complete)
2025.11.02 19:47:45.886834 [ 84 ] {1d823cc1-f0ff-4f2e-aede-7abb020a6140} <Debug> db_agg_col.t_dist_local (8cba62cd-75e8-471d-ae47-243ec4716c01) (SelectExecutor): Selected 0/0 parts by partition key, 0 parts by primary key, 0/0 marks by primary key, 0 marks to read from 0 ranges
2025.11.02 19:47:45.887285 [ 84 ] {1d823cc1-f0ff-4f2e-aede-7abb020a6140} <Debug> TCPHandler: Processed in 0.000976708 sec.
2025.11.02 19:47:45.905775 [ 84 ] {0904791c-ea16-457a-a75f-5909b02b3743} <Debug> executeQuery: (from 172.19.0.5:41916, initial_query_id: 1fb833ee-9cb3-4eed-a97d-ce2f232dc31e) SELECT min(`__table1`.`id`) AS `MIN(id)` FROM `db_agg_col`.`t_dist_local` AS `__table1` WHERE _CAST(0, 'UInt8') (stage: WithMergeableState)
2025.11.02 19:47:45.906225 [ 84 ] {0904791c-ea16-457a-a75f-5909b02b3743} <Debug> db_agg_col.t_dist_local (8cba62cd-75e8-471d-ae47-243ec4716c01) (SelectExecutor): Selected 0/0 parts by partition key, 0 parts by primary key, 0/0 marks by primary key, 0 marks to read from 0 ranges
2025.11.02 19:47:45.906635 [ 84 ] {0904791c-ea16-457a-a75f-5909b02b3743} <Debug> TCPHandler: Processed in 0.001061666 sec.
2025.11.02 19:47:45.914703 [ 83 ] {} <Debug> HTTP-Session-9f7f1373-4f23-4d44-a2f0-4be111a2f254: Authenticating user 'default' from 172.19.0.7:42660
2025.11.02 19:47:45.914773 [ 83 ] {} <Debug> HTTP-Session-9f7f1373-4f23-4d44-a2f0-4be111a2f254: 9f7f1373-4f23-4d44-a2f0-4be111a2f254 Authenticated with global context as user 94309d50-4f52-5250-31bd-74fecac179db
2025.11.02 19:47:45.914829 [ 83 ] {} <Debug> HTTP-Session-9f7f1373-4f23-4d44-a2f0-4be111a2f254: Creating session context with user_id: 94309d50-4f52-5250-31bd-74fecac179db
2025.11.02 19:47:45.915079 [ 83 ] {59e628d7-011c-488e-9962-291b9572f6e4} <Debug> executeQuery: (from 172.19.0.7:42660) SELECT partition, -- String
 partition_id, -- String
 sum(rows) AS row_count, -- UInt64
 sum(bytes_on_disk) AS size_in_bytes -- UInt64
 FROM `system`.`parts` WHERE `database`='db_agg_col' AND `table`='t_dist_local' AND `active`=1 GROUP BY `partition`, `partition_id` ORDER BY `partition` ASC, partition_id ASC  (stage: Complete)
2025.11.02 19:47:45.916744 [ 83 ] {59e628d7-011c-488e-9962-291b9572f6e4} <Debug> executeQuery: Read 1 rows, 77.00 B in 0.001763 sec., 567.2149744753261 rows/sec., 42.65 KiB/sec.
2025.11.02 19:47:45.917095 [ 83 ] {59e628d7-011c-488e-9962-291b9572f6e4} <Debug> DynamicQueryHandler: Done processing query
2025.11.02 19:47:45.917165 [ 83 ] {59e628d7-011c-488e-9962-291b9572f6e4} <Debug> MemoryTracker: Query peak memory usage: 4.01 MiB.
2025.11.02 19:47:45.917249 [ 83 ] {} <Debug> HTTP-Session-9f7f1373-4f23-4d44-a2f0-4be111a2f254: 9f7f1373-4f23-4d44-a2f0-4be111a2f254 Logout, user_id: 94309d50-4f52-5250-31bd-74fecac179db
2025.11.02 19:47:45.931721 [ 84 ] {8ca5dbac-7cec-4dad-8a9a-ff645e6e9a38} <Debug> executeQuery: (from 172.19.0.5:41916, initial_query_id: b8ff2e61-bb41-4887-af91-561221e0a0b4) SELECT min(`__table1`.`id`) AS `MIN(id)` FROM `db_agg_col`.`t_dist_local` AS `__table1` WHERE _CAST(0, 'UInt8') (stage: WithMergeableState)
2025.11.02 19:47:45.932210 [ 84 ] {8ca5dbac-7cec-4dad-8a9a-ff645e6e9a38} <Debug> db_agg_col.t_dist_local (8cba62cd-75e8-471d-ae47-243ec4716c01) (SelectExecutor): Selected 0/0 parts by partition key, 0 parts by primary key, 0/0 marks by primary key, 0 marks to read from 0 ranges
2025.11.02 19:47:45.932693 [ 84 ] {8ca5dbac-7cec-4dad-8a9a-ff645e6e9a38} <Debug> TCPHandler: Processed in 0.001201791 sec.
2025.11.02 19:47:45.947102 [ 83 ] {} <Debug> HTTP-Session-66a2dbe6-43e7-4dc0-b06c-2116044d3475: Authenticating user 'default' from 172.19.0.7:42674
2025.11.02 19:47:45.947180 [ 83 ] {} <Debug> HTTP-Session-66a2dbe6-43e7-4dc0-b06c-2116044d3475: 66a2dbe6-43e7-4dc0-b06c-2116044d3475 Authenticated with global context as user 94309d50-4f52-5250-31bd-74fecac179db
2025.11.02 19:47:45.947231 [ 83 ] {} <Debug> HTTP-Session-66a2dbe6-43e7-4dc0-b06c-2116044d3475: Creating session context with user_id: 94309d50-4f52-5250-31bd-74fecac179db
2025.11.02 19:47:45.947460 [ 83 ] {57154399-7828-4cac-b75e-56e3a16c1a07} <Debug> executeQuery: (from 172.19.0.7:42674) SELECT partition, -- String
 partition_id, -- String
 sum(rows) AS row_count, -- UInt64
 sum(bytes_on_disk) AS size_in_bytes -- UInt64
 FROM `system`.`parts` WHERE `database`='db_agg_col' AND `table`='t_dist_local' AND `active`=1 GROUP BY `partition`, `partition_id` ORDER BY `partition` ASC, partition_id ASC  (stage: Complete)
2025.11.02 19:47:45.955658 [ 83 ] {57154399-7828-4cac-b75e-56e3a16c1a07} <Debug> executeQuery: Read 1 rows, 77.00 B in 0.008294 sec., 120.56908608632747 rows/sec., 9.07 KiB/sec.
2025.11.02 19:47:45.956106 [ 83 ] {57154399-7828-4cac-b75e-56e3a16c1a07} <Debug> DynamicQueryHandler: Done processing query
2025.11.02 19:47:45.956185 [ 83 ] {57154399-7828-4cac-b75e-56e3a16c1a07} <Debug> MemoryTracker: Query peak memory usage: 4.01 MiB.
2025.11.02 19:47:45.956241 [ 83 ] {} <Debug> HTTP-Session-66a2dbe6-43e7-4dc0-b06c-2116044d3475: 66a2dbe6-43e7-4dc0-b06c-2116044d3475 Logout, user_id: 94309d50-4f52-5250-31bd-74fecac179db
2025.11.02 19:47:45.986682 [ 83 ] {} <Debug> HTTP-Session-7cc6099d-589b-449e-8027-4f18bf4e5749: Authenticating user 'default' from 172.19.0.7:42690
2025.11.02 19:47:45.986847 [ 83 ] {} <Debug> HTTP-Session-7cc6099d-589b-449e-8027-4f18bf4e5749: 7cc6099d-589b-449e-8027-4f18bf4e5749 Authenticated with global context as user 94309d50-4f52-5250-31bd-74fecac179db
2025.11.02 19:47:45.986946 [ 83 ] {} <Debug> HTTP-Session-7cc6099d-589b-449e-8027-4f18bf4e5749: Creating session context with user_id: 94309d50-4f52-5250-31bd-74fecac179db
2025.11.02 19:47:45.987141 [ 83 ] {9749221d-b521-4540-90ea-a2b336312340} <Debug> executeQuery: (from 172.19.0.7:42690) SELECT MIN(`id`) FROM `db_agg_col`.`t_dist_local` WHERE (_partition_id = '1') AND ((1=1) AND (1=1))  (stage: Complete)
2025.11.02 19:47:45.989207 [ 83 ] {9749221d-b521-4540-90ea-a2b336312340} <Debug> executeQuery: Read 1 rows, 60.00 B in 0.002123 sec., 471.0315591144607 rows/sec., 27.60 KiB/sec.
2025.11.02 19:47:45.989488 [ 83 ] {9749221d-b521-4540-90ea-a2b336312340} <Debug> DynamicQueryHandler: Done processing query
2025.11.02 19:47:45.989547 [ 83 ] {9749221d-b521-4540-90ea-a2b336312340} <Debug> MemoryTracker: Query peak memory usage: 4.03 MiB.
2025.11.02 19:47:45.989641 [ 83 ] {} <Debug> HTTP-Session-7cc6099d-589b-449e-8027-4f18bf4e5749: 7cc6099d-589b-449e-8027-4f18bf4e5749 Logout, user_id: 94309d50-4f52-5250-31bd-74fecac179db
2025.11.02 19:47:46.026550 [ 83 ] {} <Debug> HTTP-Session-c66272d6-894e-4fe6-a06a-216c9180b096: Authenticating user 'default' from 172.19.0.7:42704
2025.11.02 19:47:46.026647 [ 83 ] {} <Debug> HTTP-Session-c66272d6-894e-4fe6-a06a-216c9180b096: c66272d6-894e-4fe6-a06a-216c9180b096 Authenticated with global context as user 94309d50-4f52-5250-31bd-74fecac179db
2025.11.02 19:47:46.026710 [ 83 ] {} <Debug> HTTP-Session-c66272d6-894e-4fe6-a06a-216c9180b096: Creating session context with user_id: 94309d50-4f52-5250-31bd-74fecac179db
2025.11.02 19:47:46.026937 [ 83 ] {efb7e79a-fbe3-43e3-8a1c-8b5ce650f506} <Debug> executeQuery: (from 172.19.0.7:42704) SELECT MIN(`id`) FROM `db_agg_col`.`t_dist_local` WHERE (_partition_id = '1') AND ((1=1) AND (1=1))  (stage: Complete)
2025.11.02 19:47:46.033993 [ 83 ] {efb7e79a-fbe3-43e3-8a1c-8b5ce650f506} <Debug> executeQuery: Read 1 rows, 60.00 B in 0.007134 sec., 140.17381553125875 rows/sec., 8.21 KiB/sec.
2025.11.02 19:47:46.034441 [ 83 ] {efb7e79a-fbe3-43e3-8a1c-8b5ce650f506} <Debug> DynamicQueryHandler: Done processing query
2025.11.02 19:47:46.034529 [ 83 ] {efb7e79a-fbe3-43e3-8a1c-8b5ce650f506} <Debug> MemoryTracker: Query peak memory usage: 4.03 MiB.
2025.11.02 19:47:46.034602 [ 83 ] {} <Debug> HTTP-Session-c66272d6-894e-4fe6-a06a-216c9180b096: c66272d6-894e-4fe6-a06a-216c9180b096 Logout, user_id: 94309d50-4f52-5250-31bd-74fecac179db
2025.11.02 19:47:46.069347 [ 84 ] {58dc3fe5-b971-49e1-989b-5dd299473974} <Debug> executeQuery: (from 172.19.0.5:41916, initial_query_id: 39dfcdfc-0715-477d-9192-02af4cb0e7c3) SELECT `__table1`.`create_time` AS `create_time`, `__table1`.`y` AS `y`, `__table1`.`m` AS `m`, `__table1`.`id` AS `id`, `__table1`.`value` AS `value` FROM `db_agg_col`.`t_dist_local` AS `__table1` WHERE _CAST(0, 'UInt8') (stage: Complete)
2025.11.02 19:47:46.069686 [ 84 ] {58dc3fe5-b971-49e1-989b-5dd299473974} <Debug> db_agg_col.t_dist_local (8cba62cd-75e8-471d-ae47-243ec4716c01) (SelectExecutor): Selected 0/0 parts by partition key, 0 parts by primary key, 0/0 marks by primary key, 0 marks to read from 0 ranges
2025.11.02 19:47:46.070085 [ 84 ] {58dc3fe5-b971-49e1-989b-5dd299473974} <Debug> TCPHandler: Processed in 0.000926333 sec.
2025.11.02 19:47:46.088026 [ 84 ] {4779425e-9649-42db-b8e3-fb2e75a0ed84} <Debug> executeQuery: (from 172.19.0.5:41916, initial_query_id: e8bd209c-dd2a-4f75-bbbf-f514ee0cb6b1) SELECT max(`__table1`.`id`) AS `MAX(id)` FROM `db_agg_col`.`t_dist_local` AS `__table1` WHERE _CAST(0, 'UInt8') (stage: WithMergeableState)
2025.11.02 19:47:46.088522 [ 84 ] {4779425e-9649-42db-b8e3-fb2e75a0ed84} <Debug> db_agg_col.t_dist_local (8cba62cd-75e8-471d-ae47-243ec4716c01) (SelectExecutor): Selected 0/0 parts by partition key, 0 parts by primary key, 0/0 marks by primary key, 0 marks to read from 0 ranges
2025.11.02 19:47:46.088951 [ 84 ] {4779425e-9649-42db-b8e3-fb2e75a0ed84} <Debug> TCPHandler: Processed in 0.001141375 sec.
2025.11.02 19:47:46.096839 [ 83 ] {} <Debug> HTTP-Session-1308cd5b-49dc-4114-a78f-5d573f3ac0e6: Authenticating user 'default' from 172.19.0.7:42712
2025.11.02 19:47:46.096920 [ 83 ] {} <Debug> HTTP-Session-1308cd5b-49dc-4114-a78f-5d573f3ac0e6: 1308cd5b-49dc-4114-a78f-5d573f3ac0e6 Authenticated with global context as user 94309d50-4f52-5250-31bd-74fecac179db
2025.11.02 19:47:46.096971 [ 83 ] {} <Debug> HTTP-Session-1308cd5b-49dc-4114-a78f-5d573f3ac0e6: Creating session context with user_id: 94309d50-4f52-5250-31bd-74fecac179db
2025.11.02 19:47:46.097179 [ 83 ] {b6321a04-3b40-47a7-83da-1b3377e069b0} <Debug> executeQuery: (from 172.19.0.7:42712) SELECT partition, -- String
 partition_id, -- String
 sum(rows) AS row_count, -- UInt64
 sum(bytes_on_disk) AS size_in_bytes -- UInt64
 FROM `system`.`parts` WHERE `database`='db_agg_col' AND `table`='t_dist_local' AND `active`=1 GROUP BY `partition`, `partition_id` ORDER BY `partition` ASC, partition_id ASC  (stage: Complete)
2025.11.02 19:47:46.098757 [ 83 ] {b6321a04-3b40-47a7-83da-1b3377e069b0} <Debug> executeQuery: Read 1 rows, 77.00 B in 0.001667 sec., 599.880023995201 rows/sec., 45.11 KiB/sec.
2025.11.02 19:47:46.099226 [ 83 ] {b6321a04-3b40-47a7-83da-1b3377e069b0} <Debug> DynamicQueryHandler: Done processing query
2025.11.02 19:47:46.099315 [ 83 ] {b6321a04-3b40-47a7-83da-1b3377e069b0} <Debug> MemoryTracker: Query peak memory usage: 4.02 MiB.
2025.11.02 19:47:46.099398 [ 83 ] {} <Debug> HTTP-Session-1308cd5b-49dc-4114-a78f-5d573f3ac0e6: 1308cd5b-49dc-4114-a78f-5d573f3ac0e6 Logout, user_id: 94309d50-4f52-5250-31bd-74fecac179db
2025.11.02 19:47:46.113849 [ 84 ] {92e9f906-f127-4ce8-9755-7e1d920d5ee4} <Debug> executeQuery: (from 172.19.0.5:41916, initial_query_id: 7f640fce-d805-490c-ba86-5bf39fbf1d90) SELECT max(`__table1`.`id`) AS `MAX(id)` FROM `db_agg_col`.`t_dist_local` AS `__table1` WHERE _CAST(0, 'UInt8') (stage: WithMergeableState)
2025.11.02 19:47:46.114270 [ 84 ] {92e9f906-f127-4ce8-9755-7e1d920d5ee4} <Debug> db_agg_col.t_dist_local (8cba62cd-75e8-471d-ae47-243ec4716c01) (SelectExecutor): Selected 0/0 parts by partition key, 0 parts by primary key, 0/0 marks by primary key, 0 marks to read from 0 ranges
2025.11.02 19:47:46.114691 [ 84 ] {92e9f906-f127-4ce8-9755-7e1d920d5ee4} <Debug> TCPHandler: Processed in 0.001013459 sec.
2025.11.02 19:47:46.121891 [ 83 ] {} <Debug> HTTP-Session-ddaebf34-0022-4825-a8c4-44b4c9a5dd30: Authenticating user 'default' from 172.19.0.7:42728
2025.11.02 19:47:46.121973 [ 83 ] {} <Debug> HTTP-Session-ddaebf34-0022-4825-a8c4-44b4c9a5dd30: ddaebf34-0022-4825-a8c4-44b4c9a5dd30 Authenticated with global context as user 94309d50-4f52-5250-31bd-74fecac179db
2025.11.02 19:47:46.122031 [ 83 ] {} <Debug> HTTP-Session-ddaebf34-0022-4825-a8c4-44b4c9a5dd30: Creating session context with user_id: 94309d50-4f52-5250-31bd-74fecac179db
2025.11.02 19:47:46.122242 [ 83 ] {290db119-3a4a-4c7f-ba68-80c7ba92db47} <Debug> executeQuery: (from 172.19.0.7:42728) SELECT partition, -- String
 partition_id, -- String
 sum(rows) AS row_count, -- UInt64
 sum(bytes_on_disk) AS size_in_bytes -- UInt64
 FROM `system`.`parts` WHERE `database`='db_agg_col' AND `table`='t_dist_local' AND `active`=1 GROUP BY `partition`, `partition_id` ORDER BY `partition` ASC, partition_id ASC  (stage: Complete)
2025.11.02 19:47:46.123798 [ 83 ] {290db119-3a4a-4c7f-ba68-80c7ba92db47} <Debug> executeQuery: Read 1 rows, 77.00 B in 0.001647 sec., 607.1645415907711 rows/sec., 45.66 KiB/sec.
2025.11.02 19:47:46.124175 [ 83 ] {290db119-3a4a-4c7f-ba68-80c7ba92db47} <Debug> DynamicQueryHandler: Done processing query
2025.11.02 19:47:46.124252 [ 83 ] {290db119-3a4a-4c7f-ba68-80c7ba92db47} <Debug> MemoryTracker: Query peak memory usage: 4.01 MiB.
2025.11.02 19:47:46.124305 [ 83 ] {} <Debug> HTTP-Session-ddaebf34-0022-4825-a8c4-44b4c9a5dd30: ddaebf34-0022-4825-a8c4-44b4c9a5dd30 Logout, user_id: 94309d50-4f52-5250-31bd-74fecac179db
2025.11.02 19:47:46.140733 [ 83 ] {} <Debug> HTTP-Session-af74044d-e942-496a-9cbc-1f9dbe7854f6: Authenticating user 'default' from 172.19.0.7:42738
2025.11.02 19:47:46.140890 [ 83 ] {} <Debug> HTTP-Session-af74044d-e942-496a-9cbc-1f9dbe7854f6: af74044d-e942-496a-9cbc-1f9dbe7854f6 Authenticated with global context as user 94309d50-4f52-5250-31bd-74fecac179db
2025.11.02 19:47:46.140958 [ 83 ] {} <Debug> HTTP-Session-af74044d-e942-496a-9cbc-1f9dbe7854f6: Creating session context with user_id: 94309d50-4f52-5250-31bd-74fecac179db
2025.11.02 19:47:46.141159 [ 83 ] {c961505d-f28a-4b78-8007-dfd580d2692b} <Debug> executeQuery: (from 172.19.0.7:42738) SELECT MAX(`id`) FROM `db_agg_col`.`t_dist_local` WHERE (_partition_id = '1') AND ((1=1) AND (1=1))  (stage: Complete)
2025.11.02 19:47:46.142767 [ 83 ] {c961505d-f28a-4b78-8007-dfd580d2692b} <Debug> executeQuery: Read 1 rows, 60.00 B in 0.001671 sec., 598.4440454817475 rows/sec., 35.07 KiB/sec.
2025.11.02 19:47:46.143172 [ 83 ] {c961505d-f28a-4b78-8007-dfd580d2692b} <Debug> DynamicQueryHandler: Done processing query
2025.11.02 19:47:46.143248 [ 83 ] {c961505d-f28a-4b78-8007-dfd580d2692b} <Debug> MemoryTracker: Query peak memory usage: 4.03 MiB.
2025.11.02 19:47:46.143311 [ 83 ] {} <Debug> HTTP-Session-af74044d-e942-496a-9cbc-1f9dbe7854f6: af74044d-e942-496a-9cbc-1f9dbe7854f6 Logout, user_id: 94309d50-4f52-5250-31bd-74fecac179db
2025.11.02 19:47:46.177655 [ 83 ] {} <Debug> HTTP-Session-a659e61d-0fe0-45d3-871a-a8011d067e89: Authenticating user 'default' from 172.19.0.7:42740
2025.11.02 19:47:46.177751 [ 83 ] {} <Debug> HTTP-Session-a659e61d-0fe0-45d3-871a-a8011d067e89: a659e61d-0fe0-45d3-871a-a8011d067e89 Authenticated with global context as user 94309d50-4f52-5250-31bd-74fecac179db
2025.11.02 19:47:46.177803 [ 83 ] {} <Debug> HTTP-Session-a659e61d-0fe0-45d3-871a-a8011d067e89: Creating session context with user_id: 94309d50-4f52-5250-31bd-74fecac179db
2025.11.02 19:47:46.178055 [ 83 ] {0c48e21b-8fce-4455-80ea-09ee688b991e} <Debug> executeQuery: (from 172.19.0.7:42740) SELECT MAX(`id`) FROM `db_agg_col`.`t_dist_local` WHERE (_partition_id = '1') AND ((1=1) AND (1=1))  (stage: Complete)
2025.11.02 19:47:46.185917 [ 83 ] {0c48e21b-8fce-4455-80ea-09ee688b991e} <Debug> executeQuery: Read 1 rows, 60.00 B in 0.007929 sec., 126.11930886618741 rows/sec., 7.39 KiB/sec.
2025.11.02 19:47:46.186209 [ 83 ] {0c48e21b-8fce-4455-80ea-09ee688b991e} <Debug> DynamicQueryHandler: Done processing query
2025.11.02 19:47:46.186296 [ 83 ] {0c48e21b-8fce-4455-80ea-09ee688b991e} <Debug> MemoryTracker: Query peak memory usage: 4.03 MiB.
2025.11.02 19:47:46.186360 [ 83 ] {} <Debug> HTTP-Session-a659e61d-0fe0-45d3-871a-a8011d067e89: a659e61d-0fe0-45d3-871a-a8011d067e89 Logout, user_id: 94309d50-4f52-5250-31bd-74fecac179db
2025.11.02 19:47:46.219697 [ 84 ] {0d6013ca-5283-4c5c-8bb1-c2a11e1d2df1} <Debug> executeQuery: (from 172.19.0.5:41916, initial_query_id: f229919b-0da2-4486-8417-f82b9e1213d5) SELECT `__table1`.`create_time` AS `create_time`, `__table1`.`y` AS `y`, `__table1`.`m` AS `m`, `__table1`.`id` AS `id`, `__table1`.`value` AS `value` FROM `db_agg_col`.`t_dist_local` AS `__table1` WHERE _CAST(0, 'UInt8') (stage: Complete)
2025.11.02 19:47:46.220014 [ 84 ] {0d6013ca-5283-4c5c-8bb1-c2a11e1d2df1} <Debug> db_agg_col.t_dist_local (8cba62cd-75e8-471d-ae47-243ec4716c01) (SelectExecutor): Selected 0/0 parts by partition key, 0 parts by primary key, 0/0 marks by primary key, 0 marks to read from 0 ranges
2025.11.02 19:47:46.220438 [ 84 ] {0d6013ca-5283-4c5c-8bb1-c2a11e1d2df1} <Debug> TCPHandler: Processed in 0.00097975 sec.
2025.11.02 19:47:46.243648 [ 83 ] {} <Debug> HTTP-Session-93f022fd-a1a9-4165-8432-9c9d54c0b11b: Authenticating user 'default' from 172.19.0.7:42746
2025.11.02 19:47:46.243724 [ 83 ] {} <Debug> HTTP-Session-93f022fd-a1a9-4165-8432-9c9d54c0b11b: 93f022fd-a1a9-4165-8432-9c9d54c0b11b Authenticated with global context as user 94309d50-4f52-5250-31bd-74fecac179db
2025.11.02 19:47:46.243780 [ 83 ] {} <Debug> HTTP-Session-93f022fd-a1a9-4165-8432-9c9d54c0b11b: Creating session context with user_id: 94309d50-4f52-5250-31bd-74fecac179db
2025.11.02 19:47:46.244065 [ 83 ] {8d1279c2-c04c-4218-88ee-056beb452c69} <Debug> executeQuery: (from 172.19.0.7:42746) SELECT partition, -- String
 partition_id, -- String
 sum(rows) AS row_count, -- UInt64
 sum(bytes_on_disk) AS size_in_bytes -- UInt64
 FROM `system`.`parts` WHERE `database`='db_agg_col' AND `table`='t_dist_local' AND `active`=1 GROUP BY `partition`, `partition_id` ORDER BY `partition` ASC, partition_id ASC  (stage: Complete)
2025.11.02 19:47:46.245826 [ 83 ] {8d1279c2-c04c-4218-88ee-056beb452c69} <Debug> executeQuery: Read 1 rows, 77.00 B in 0.001855 sec., 539.0835579514825 rows/sec., 40.54 KiB/sec.
2025.11.02 19:47:46.246254 [ 83 ] {8d1279c2-c04c-4218-88ee-056beb452c69} <Debug> DynamicQueryHandler: Done processing query
2025.11.02 19:47:46.246327 [ 83 ] {8d1279c2-c04c-4218-88ee-056beb452c69} <Debug> MemoryTracker: Query peak memory usage: 4.02 MiB.
2025.11.02 19:47:46.246429 [ 83 ] {} <Debug> HTTP-Session-93f022fd-a1a9-4165-8432-9c9d54c0b11b: 93f022fd-a1a9-4165-8432-9c9d54c0b11b Logout, user_id: 94309d50-4f52-5250-31bd-74fecac179db
2025.11.02 19:47:46.266384 [ 83 ] {} <Debug> HTTP-Session-bcf07869-cd96-4f6a-aa85-79d710ae713b: Authenticating user 'default' from 172.19.0.7:42760
2025.11.02 19:47:46.266456 [ 83 ] {} <Debug> HTTP-Session-bcf07869-cd96-4f6a-aa85-79d710ae713b: bcf07869-cd96-4f6a-aa85-79d710ae713b Authenticated with global context as user 94309d50-4f52-5250-31bd-74fecac179db
2025.11.02 19:47:46.266513 [ 83 ] {} <Debug> HTTP-Session-bcf07869-cd96-4f6a-aa85-79d710ae713b: Creating session context with user_id: 94309d50-4f52-5250-31bd-74fecac179db
2025.11.02 19:47:46.266730 [ 83 ] {dd31f4d7-7d6d-42cd-a488-64ed1a9a8d5f} <Debug> executeQuery: (from 172.19.0.7:42760) SELECT partition, -- String
 partition_id, -- String
 sum(rows) AS row_count, -- UInt64
 sum(bytes_on_disk) AS size_in_bytes -- UInt64
 FROM `system`.`parts` WHERE `database`='db_agg_col' AND `table`='t_dist_local' AND `active`=1 GROUP BY `partition`, `partition_id` ORDER BY `partition` ASC, partition_id ASC  (stage: Complete)
2025.11.02 19:47:46.268224 [ 83 ] {dd31f4d7-7d6d-42cd-a488-64ed1a9a8d5f} <Debug> executeQuery: Read 1 rows, 77.00 B in 0.001586 sec., 630.517023959647 rows/sec., 47.41 KiB/sec.
2025.11.02 19:47:46.268556 [ 83 ] {dd31f4d7-7d6d-42cd-a488-64ed1a9a8d5f} <Debug> DynamicQueryHandler: Done processing query
2025.11.02 19:47:46.268627 [ 83 ] {dd31f4d7-7d6d-42cd-a488-64ed1a9a8d5f} <Debug> MemoryTracker: Query peak memory usage: 4.02 MiB.
2025.11.02 19:47:46.268705 [ 83 ] {} <Debug> HTTP-Session-bcf07869-cd96-4f6a-aa85-79d710ae713b: bcf07869-cd96-4f6a-aa85-79d710ae713b Logout, user_id: 94309d50-4f52-5250-31bd-74fecac179db
2025.11.02 19:47:46.286561 [ 83 ] {} <Debug> HTTP-Session-aa792610-5f62-49f2-b67b-ac1f22e64d6b: Authenticating user 'default' from 172.19.0.7:42774
2025.11.02 19:47:46.286654 [ 83 ] {} <Debug> HTTP-Session-aa792610-5f62-49f2-b67b-ac1f22e64d6b: aa792610-5f62-49f2-b67b-ac1f22e64d6b Authenticated with global context as user 94309d50-4f52-5250-31bd-74fecac179db
2025.11.02 19:47:46.286710 [ 83 ] {} <Debug> HTTP-Session-aa792610-5f62-49f2-b67b-ac1f22e64d6b: Creating session context with user_id: 94309d50-4f52-5250-31bd-74fecac179db
2025.11.02 19:47:46.286940 [ 83 ] {3fc294ef-25f8-4ab9-856c-e37e8c5a6925} <Debug> executeQuery: (from 172.19.0.7:42774) SELECT `m`, `id` FROM `db_agg_col`.`t_dist_local` WHERE (_partition_id = '1') AND ((1=1) AND (1=1))  (stage: Complete)
2025.11.02 19:47:46.287381 [ 83 ] {3fc294ef-25f8-4ab9-856c-e37e8c5a6925} <Debug> db_agg_col.t_dist_local (8cba62cd-75e8-471d-ae47-243ec4716c01) (SelectExecutor): Key condition: unknown, true, and
2025.11.02 19:47:46.287462 [ 83 ] {3fc294ef-25f8-4ab9-856c-e37e8c5a6925} <Debug> db_agg_col.t_dist_local (8cba62cd-75e8-471d-ae47-243ec4716c01) (SelectExecutor): MinMax index condition: unknown, true, and
2025.11.02 19:47:46.287535 [ 83 ] {3fc294ef-25f8-4ab9-856c-e37e8c5a6925} <Debug> db_agg_col.t_dist_local (8cba62cd-75e8-471d-ae47-243ec4716c01) (SelectExecutor): PK index has dropped 0/1 granules, it took 0ms across 1 threads.
2025.11.02 19:47:46.287590 [ 83 ] {3fc294ef-25f8-4ab9-856c-e37e8c5a6925} <Debug> db_agg_col.t_dist_local (8cba62cd-75e8-471d-ae47-243ec4716c01) (SelectExecutor): Selected 1/1 parts by partition key, 1 parts by primary key, 1/1 marks by primary key, 1 marks to read from 1 ranges
2025.11.02 19:47:46.288276 [ 83 ] {3fc294ef-25f8-4ab9-856c-e37e8c5a6925} <Debug> executeQuery: Read 1 rows, 12.00 B in 0.001409 sec., 709.7232079488999 rows/sec., 8.32 KiB/sec.
2025.11.02 19:47:46.288636 [ 83 ] {3fc294ef-25f8-4ab9-856c-e37e8c5a6925} <Debug> DynamicQueryHandler: Done processing query
2025.11.02 19:47:46.288700 [ 83 ] {3fc294ef-25f8-4ab9-856c-e37e8c5a6925} <Debug> MemoryTracker: Query peak memory usage: 4.00 MiB.
2025.11.02 19:47:46.288814 [ 83 ] {} <Debug> HTTP-Session-aa792610-5f62-49f2-b67b-ac1f22e64d6b: aa792610-5f62-49f2-b67b-ac1f22e64d6b Logout, user_id: 94309d50-4f52-5250-31bd-74fecac179db
2025.11.02 19:47:46.353195 [ 83 ] {} <Debug> HTTP-Session-b9e03785-43cf-4308-9a99-d41588b75d7b: Authenticating user 'default' from 172.19.0.7:42780
2025.11.02 19:47:46.353401 [ 83 ] {} <Debug> HTTP-Session-b9e03785-43cf-4308-9a99-d41588b75d7b: b9e03785-43cf-4308-9a99-d41588b75d7b Authenticated with global context as user 94309d50-4f52-5250-31bd-74fecac179db
2025.11.02 19:47:46.353509 [ 83 ] {} <Debug> HTTP-Session-b9e03785-43cf-4308-9a99-d41588b75d7b: Creating session context with user_id: 94309d50-4f52-5250-31bd-74fecac179db
2025.11.02 19:47:46.353747 [ 83 ] {22ccad2b-81ff-4c05-9377-2ea8fddfdf9e} <Debug> executeQuery: (from 172.19.0.7:42780) SELECT `m`, `id` FROM `db_agg_col`.`t_dist_local` WHERE (_partition_id = '1') AND ((1=1) AND (1=1))  (stage: Complete)
2025.11.02 19:47:46.354230 [ 83 ] {22ccad2b-81ff-4c05-9377-2ea8fddfdf9e} <Debug> db_agg_col.t_dist_local (8cba62cd-75e8-471d-ae47-243ec4716c01) (SelectExecutor): Key condition: unknown, true, and
2025.11.02 19:47:46.354304 [ 83 ] {22ccad2b-81ff-4c05-9377-2ea8fddfdf9e} <Debug> db_agg_col.t_dist_local (8cba62cd-75e8-471d-ae47-243ec4716c01) (SelectExecutor): MinMax index condition: unknown, true, and
2025.11.02 19:47:46.354361 [ 83 ] {22ccad2b-81ff-4c05-9377-2ea8fddfdf9e} <Debug> db_agg_col.t_dist_local (8cba62cd-75e8-471d-ae47-243ec4716c01) (SelectExecutor): PK index has dropped 0/1 granules, it took 0ms across 1 threads.
2025.11.02 19:47:46.354424 [ 83 ] {22ccad2b-81ff-4c05-9377-2ea8fddfdf9e} <Debug> db_agg_col.t_dist_local (8cba62cd-75e8-471d-ae47-243ec4716c01) (SelectExecutor): Selected 1/1 parts by partition key, 1 parts by primary key, 1/1 marks by primary key, 1 marks to read from 1 ranges
2025.11.02 19:47:46.355182 [ 83 ] {22ccad2b-81ff-4c05-9377-2ea8fddfdf9e} <Debug> executeQuery: Read 1 rows, 12.00 B in 0.001511 sec., 661.8133686300463 rows/sec., 7.76 KiB/sec.
2025.11.02 19:47:46.355505 [ 83 ] {22ccad2b-81ff-4c05-9377-2ea8fddfdf9e} <Debug> DynamicQueryHandler: Done processing query
2025.11.02 19:47:46.355587 [ 83 ] {22ccad2b-81ff-4c05-9377-2ea8fddfdf9e} <Debug> MemoryTracker: Query peak memory usage: 4.00 MiB.
2025.11.02 19:47:46.355625 [ 83 ] {} <Debug> HTTP-Session-b9e03785-43cf-4308-9a99-d41588b75d7b: b9e03785-43cf-4308-9a99-d41588b75d7b Logout, user_id: 94309d50-4f52-5250-31bd-74fecac179db
2025.11.02 19:47:46.408766 [ 84 ] {053b1342-3370-4ea0-93d0-aa9aa0c4dd71} <Debug> executeQuery: (from 172.19.0.5:41916, initial_query_id: 53e35ef0-eb4e-4fe9-b5ee-1c6b9762c5e7) SELECT `__table1`.`create_time` AS `create_time`, `__table1`.`y` AS `y`, `__table1`.`m` AS `m`, `__table1`.`id` AS `id`, `__table1`.`value` AS `value` FROM `db_agg_col`.`t_dist_local` AS `__table1` WHERE _CAST(0, 'UInt8') (stage: Complete)
2025.11.02 19:47:46.409268 [ 84 ] {053b1342-3370-4ea0-93d0-aa9aa0c4dd71} <Debug> db_agg_col.t_dist_local (8cba62cd-75e8-471d-ae47-243ec4716c01) (SelectExecutor): Selected 0/0 parts by partition key, 0 parts by primary key, 0/0 marks by primary key, 0 marks to read from 0 ranges
2025.11.02 19:47:46.409697 [ 84 ] {053b1342-3370-4ea0-93d0-aa9aa0c4dd71} <Debug> TCPHandler: Processed in 0.00120075 sec.
2025.11.02 19:47:46.432260 [ 83 ] {} <Debug> HTTP-Session-520859a0-de97-4e1b-8553-f0e3e151fd60: Authenticating user 'default' from 172.19.0.7:42794
2025.11.02 19:47:46.432430 [ 83 ] {} <Debug> HTTP-Session-520859a0-de97-4e1b-8553-f0e3e151fd60: 520859a0-de97-4e1b-8553-f0e3e151fd60 Authenticated with global context as user 94309d50-4f52-5250-31bd-74fecac179db
2025.11.02 19:47:46.432493 [ 83 ] {} <Debug> HTTP-Session-520859a0-de97-4e1b-8553-f0e3e151fd60: Creating session context with user_id: 94309d50-4f52-5250-31bd-74fecac179db
2025.11.02 19:47:46.432742 [ 83 ] {b79e932b-f76a-4e64-9e92-de2dd8af7106} <Debug> executeQuery: (from 172.19.0.7:42794) SELECT partition, -- String
 partition_id, -- String
 sum(rows) AS row_count, -- UInt64
 sum(bytes_on_disk) AS size_in_bytes -- UInt64
 FROM `system`.`parts` WHERE `database`='db_agg_col' AND `table`='t_dist_local' AND `active`=1 GROUP BY `partition`, `partition_id` ORDER BY `partition` ASC, partition_id ASC  (stage: Complete)
2025.11.02 19:47:46.434799 [ 83 ] {b79e932b-f76a-4e64-9e92-de2dd8af7106} <Debug> executeQuery: Read 1 rows, 77.00 B in 0.002138 sec., 467.72684752104766 rows/sec., 35.17 KiB/sec.
2025.11.02 19:47:46.435253 [ 83 ] {b79e932b-f76a-4e64-9e92-de2dd8af7106} <Debug> DynamicQueryHandler: Done processing query
2025.11.02 19:47:46.435313 [ 83 ] {b79e932b-f76a-4e64-9e92-de2dd8af7106} <Debug> MemoryTracker: Query peak memory usage: 4.02 MiB.
2025.11.02 19:47:46.435355 [ 83 ] {} <Debug> HTTP-Session-520859a0-de97-4e1b-8553-f0e3e151fd60: 520859a0-de97-4e1b-8553-f0e3e151fd60 Logout, user_id: 94309d50-4f52-5250-31bd-74fecac179db
2025.11.02 19:47:46.471063 [ 83 ] {} <Debug> HTTP-Session-5b045a55-1529-473f-9e70-94b361a75888: Authenticating user 'default' from 172.19.0.7:42808
2025.11.02 19:47:46.471243 [ 83 ] {} <Debug> HTTP-Session-5b045a55-1529-473f-9e70-94b361a75888: 5b045a55-1529-473f-9e70-94b361a75888 Authenticated with global context as user 94309d50-4f52-5250-31bd-74fecac179db
2025.11.02 19:47:46.471324 [ 83 ] {} <Debug> HTTP-Session-5b045a55-1529-473f-9e70-94b361a75888: Creating session context with user_id: 94309d50-4f52-5250-31bd-74fecac179db
2025.11.02 19:47:46.471776 [ 83 ] {ca0abc55-6ad2-4283-8686-118170e36471} <Debug> executeQuery: (from 172.19.0.7:42808) SELECT partition, -- String
 partition_id, -- String
 sum(rows) AS row_count, -- UInt64
 sum(bytes_on_disk) AS size_in_bytes -- UInt64
 FROM `system`.`parts` WHERE `database`='db_agg_col' AND `table`='t_dist_local' AND `active`=1 GROUP BY `partition`, `partition_id` ORDER BY `partition` ASC, partition_id ASC  (stage: Complete)
2025.11.02 19:47:46.474617 [ 83 ] {ca0abc55-6ad2-4283-8686-118170e36471} <Debug> executeQuery: Read 1 rows, 77.00 B in 0.003061 sec., 326.6906239790918 rows/sec., 24.57 KiB/sec.
2025.11.02 19:47:46.475162 [ 83 ] {ca0abc55-6ad2-4283-8686-118170e36471} <Debug> DynamicQueryHandler: Done processing query
2025.11.02 19:47:46.475240 [ 83 ] {ca0abc55-6ad2-4283-8686-118170e36471} <Debug> MemoryTracker: Query peak memory usage: 4.02 MiB.
2025.11.02 19:47:46.475382 [ 83 ] {} <Debug> HTTP-Session-5b045a55-1529-473f-9e70-94b361a75888: 5b045a55-1529-473f-9e70-94b361a75888 Logout, user_id: 94309d50-4f52-5250-31bd-74fecac179db
2025.11.02 19:47:46.493023 [ 83 ] {} <Debug> HTTP-Session-4146c7a5-b04e-436e-a4de-15bf8fabdef8: Authenticating user 'default' from 172.19.0.7:42816
2025.11.02 19:47:46.493093 [ 83 ] {} <Debug> HTTP-Session-4146c7a5-b04e-436e-a4de-15bf8fabdef8: 4146c7a5-b04e-436e-a4de-15bf8fabdef8 Authenticated with global context as user 94309d50-4f52-5250-31bd-74fecac179db
2025.11.02 19:47:46.493138 [ 83 ] {} <Debug> HTTP-Session-4146c7a5-b04e-436e-a4de-15bf8fabdef8: Creating session context with user_id: 94309d50-4f52-5250-31bd-74fecac179db
2025.11.02 19:47:46.493352 [ 83 ] {01f2ea18-4271-4103-9718-71eb9a394c14} <Debug> executeQuery: (from 172.19.0.7:42816) SELECT `m`, `id` FROM `db_agg_col`.`t_dist_local` WHERE (_partition_id = '1') AND ((1=1) AND (1=1))  (stage: Complete)
2025.11.02 19:47:46.493786 [ 83 ] {01f2ea18-4271-4103-9718-71eb9a394c14} <Debug> db_agg_col.t_dist_local (8cba62cd-75e8-471d-ae47-243ec4716c01) (SelectExecutor): Key condition: unknown, true, and
2025.11.02 19:47:46.493825 [ 83 ] {01f2ea18-4271-4103-9718-71eb9a394c14} <Debug> db_agg_col.t_dist_local (8cba62cd-75e8-471d-ae47-243ec4716c01) (SelectExecutor): MinMax index condition: unknown, true, and
2025.11.02 19:47:46.493950 [ 83 ] {01f2ea18-4271-4103-9718-71eb9a394c14} <Debug> db_agg_col.t_dist_local (8cba62cd-75e8-471d-ae47-243ec4716c01) (SelectExecutor): PK index has dropped 0/1 granules, it took 0ms across 1 threads.
2025.11.02 19:47:46.494008 [ 83 ] {01f2ea18-4271-4103-9718-71eb9a394c14} <Debug> db_agg_col.t_dist_local (8cba62cd-75e8-471d-ae47-243ec4716c01) (SelectExecutor): Selected 1/1 parts by partition key, 1 parts by primary key, 1/1 marks by primary key, 1 marks to read from 1 ranges
2025.11.02 19:47:46.494708 [ 83 ] {01f2ea18-4271-4103-9718-71eb9a394c14} <Debug> executeQuery: Read 1 rows, 12.00 B in 0.001424 sec., 702.2471910112359 rows/sec., 8.23 KiB/sec.
2025.11.02 19:47:46.495202 [ 83 ] {01f2ea18-4271-4103-9718-71eb9a394c14} <Debug> DynamicQueryHandler: Done processing query
2025.11.02 19:47:46.495282 [ 83 ] {01f2ea18-4271-4103-9718-71eb9a394c14} <Debug> MemoryTracker: Query peak memory usage: 4.00 MiB.
2025.11.02 19:47:46.495414 [ 83 ] {} <Debug> HTTP-Session-4146c7a5-b04e-436e-a4de-15bf8fabdef8: 4146c7a5-b04e-436e-a4de-15bf8fabdef8 Logout, user_id: 94309d50-4f52-5250-31bd-74fecac179db
2025.11.02 19:47:46.549282 [ 83 ] {} <Debug> HTTP-Session-bdd990b2-ba7c-450d-8aae-9045050ce1ef: Authenticating user 'default' from 172.19.0.7:42818
2025.11.02 19:47:46.549373 [ 83 ] {} <Debug> HTTP-Session-bdd990b2-ba7c-450d-8aae-9045050ce1ef: bdd990b2-ba7c-450d-8aae-9045050ce1ef Authenticated with global context as user 94309d50-4f52-5250-31bd-74fecac179db
2025.11.02 19:47:46.549446 [ 83 ] {} <Debug> HTTP-Session-bdd990b2-ba7c-450d-8aae-9045050ce1ef: Creating session context with user_id: 94309d50-4f52-5250-31bd-74fecac179db
2025.11.02 19:47:46.549686 [ 83 ] {08deecc7-a6e4-46a4-bf27-0507a6f45b64} <Debug> executeQuery: (from 172.19.0.7:42818) SELECT `m`, `id` FROM `db_agg_col`.`t_dist_local` WHERE (_partition_id = '1') AND ((1=1) AND (1=1))  (stage: Complete)
2025.11.02 19:47:46.550215 [ 83 ] {08deecc7-a6e4-46a4-bf27-0507a6f45b64} <Debug> db_agg_col.t_dist_local (8cba62cd-75e8-471d-ae47-243ec4716c01) (SelectExecutor): Key condition: unknown, true, and
2025.11.02 19:47:46.550263 [ 83 ] {08deecc7-a6e4-46a4-bf27-0507a6f45b64} <Debug> db_agg_col.t_dist_local (8cba62cd-75e8-471d-ae47-243ec4716c01) (SelectExecutor): MinMax index condition: unknown, true, and
2025.11.02 19:47:46.550315 [ 83 ] {08deecc7-a6e4-46a4-bf27-0507a6f45b64} <Debug> db_agg_col.t_dist_local (8cba62cd-75e8-471d-ae47-243ec4716c01) (SelectExecutor): PK index has dropped 0/1 granules, it took 0ms across 1 threads.
2025.11.02 19:47:46.550376 [ 83 ] {08deecc7-a6e4-46a4-bf27-0507a6f45b64} <Debug> db_agg_col.t_dist_local (8cba62cd-75e8-471d-ae47-243ec4716c01) (SelectExecutor): Selected 1/1 parts by partition key, 1 parts by primary key, 1/1 marks by primary key, 1 marks to read from 1 ranges
2025.11.02 19:47:46.550984 [ 83 ] {08deecc7-a6e4-46a4-bf27-0507a6f45b64} <Debug> executeQuery: Read 1 rows, 12.00 B in 0.001363 sec., 733.6757153338224 rows/sec., 8.60 KiB/sec.
2025.11.02 19:47:46.551384 [ 83 ] {08deecc7-a6e4-46a4-bf27-0507a6f45b64} <Debug> DynamicQueryHandler: Done processing query
2025.11.02 19:47:46.551471 [ 83 ] {08deecc7-a6e4-46a4-bf27-0507a6f45b64} <Debug> MemoryTracker: Query peak memory usage: 4.00 MiB.
2025.11.02 19:47:46.551561 [ 83 ] {} <Debug> HTTP-Session-bdd990b2-ba7c-450d-8aae-9045050ce1ef: bdd990b2-ba7c-450d-8aae-9045050ce1ef Logout, user_id: 94309d50-4f52-5250-31bd-74fecac179db
2025.11.02 19:47:46.600356 [ 723 ] {} <Debug> DDLWorker: Scheduling tasks
2025.11.02 19:47:46.600839 [ 723 ] {} <Debug> DDLWorker: Will schedule 1 tasks starting from query-0000000009
2025.11.02 19:47:46.601749 [ 723 ] {} <Debug> DDLWorker: Processing task query-0000000009 (query: DROP TABLE IF EXISTS db_agg_col.t_dist, backup restore: false)
2025.11.02 19:47:46.602468 [ 723 ] {} <Debug> DDLWorker: Executing query: DROP TABLE IF EXISTS db_agg_col.t_dist
2025.11.02 19:47:46.602579 [ 723 ] {04c2e654-1d86-40b7-9feb-b7f993ed3aee} <Debug> executeQuery: (from 0.0.0.0:0, user: , initial_query_id: 7f360487-f5e5-4c96-a274-4c6ba718caf3) /* ddl_entry=query-0000000009 */ DROP TABLE IF EXISTS db_agg_col.t_dist (stage: Complete)
2025.11.02 19:47:46.602691 [ 723 ] {04c2e654-1d86-40b7-9feb-b7f993ed3aee} <Information> StorageDistributed (t_dist): Flushing pending INSERT blocks
2025.11.02 19:47:46.603070 [ 723 ] {04c2e654-1d86-40b7-9feb-b7f993ed3aee} <Information> StorageDistributed (t_dist): Pending INSERT blocks flushed, took 0 ms.
2025.11.02 19:47:46.603230 [ 723 ] {04c2e654-1d86-40b7-9feb-b7f993ed3aee} <Debug> StorageDistributed (t_dist): Joining background threads for async INSERT
2025.11.02 19:47:46.603301 [ 723 ] {04c2e654-1d86-40b7-9feb-b7f993ed3aee} <Debug> StorageDistributed (t_dist): Background threads for async INSERT joined
2025.11.02 19:47:46.603561 [ 723 ] {04c2e654-1d86-40b7-9feb-b7f993ed3aee} <Debug> DDLWorker: Executed query: /* ddl_entry=query-0000000009 */ DROP TABLE IF EXISTS db_agg_col.t_dist
2025.11.02 19:47:46.604249 [ 723 ] {} <Debug> DDLWorker: Waiting for queue updates
2025.11.02 19:47:46.663963 [ 723 ] {} <Debug> DDLWorker: Scheduling tasks
2025.11.02 19:47:46.665118 [ 723 ] {} <Debug> DDLWorker: Will schedule 1 tasks starting from query-0000000010
2025.11.02 19:47:46.665840 [ 723 ] {} <Debug> DDLWorker: Processing task query-0000000010 (query: DROP TABLE IF EXISTS db_agg_col.t_dist_local, backup restore: false)
2025.11.02 19:47:46.666568 [ 723 ] {} <Debug> DDLWorker: Executing query: DROP TABLE IF EXISTS db_agg_col.t_dist_local
2025.11.02 19:47:46.666720 [ 723 ] {b3e0e062-ed97-4b81-ad7c-acc1d0ad43cb} <Debug> executeQuery: (from 0.0.0.0:0, user: , initial_query_id: cfcb94e6-8b80-4a06-a1df-19c6236f44df) /* ddl_entry=query-0000000010 */ DROP TABLE IF EXISTS db_agg_col.t_dist_local (stage: Complete)
2025.11.02 19:47:46.667009 [ 723 ] {b3e0e062-ed97-4b81-ad7c-acc1d0ad43cb} <Debug> DDLWorker: Executed query: /* ddl_entry=query-0000000010 */ DROP TABLE IF EXISTS db_agg_col.t_dist_local
2025.11.02 19:47:46.667738 [ 723 ] {} <Debug> DDLWorker: Waiting for queue updates
2025.11.02 19:47:46.728692 [ 723 ] {} <Debug> DDLWorker: Scheduling tasks
2025.11.02 19:47:46.729207 [ 723 ] {} <Debug> DDLWorker: Will schedule 1 tasks starting from query-0000000011
2025.11.02 19:47:46.730112 [ 723 ] {} <Debug> DDLWorker: Processing task query-0000000011 (query: DROP DATABASE IF EXISTS db_agg_col, backup restore: false)
2025.11.02 19:47:46.731081 [ 723 ] {} <Debug> DDLWorker: Executing query: DROP DATABASE IF EXISTS db_agg_col
2025.11.02 19:47:46.731345 [ 723 ] {e24c86f0-0066-456d-9a6e-ac96803b3414} <Debug> executeQuery: (from 0.0.0.0:0, user: , initial_query_id: bd063579-d066-4c1b-a4b1-1e1f10129e53) /* ddl_entry=query-0000000011 */ DROP DATABASE IF EXISTS db_agg_col (stage: Complete)
2025.11.02 19:47:46.731443 [ 723 ] {e24c86f0-0066-456d-9a6e-ac96803b3414} <Debug> DatabaseAtomic (db_agg_col): There are 0 detached tables. Start searching non used tables.
2025.11.02 19:47:46.731508 [ 723 ] {e24c86f0-0066-456d-9a6e-ac96803b3414} <Debug> DatabaseAtomic (db_agg_col): Found 0 non used tables in detached tables.
2025.11.02 19:47:46.731714 [ 723 ] {e24c86f0-0066-456d-9a6e-ac96803b3414} <Debug> DDLWorker: Executed query: /* ddl_entry=query-0000000011 */ DROP DATABASE IF EXISTS db_agg_col
2025.11.02 19:47:46.732636 [ 723 ] {} <Debug> DDLWorker: Waiting for queue updates
2025.11.02 19:47:46.793497 [ 723 ] {} <Debug> DDLWorker: Scheduling tasks
2025.11.02 19:47:46.793929 [ 723 ] {} <Debug> DDLWorker: Will schedule 1 tasks starting from query-0000000012
2025.11.02 19:47:46.794724 [ 723 ] {} <Debug> DDLWorker: Processing task query-0000000012 (query: CREATE DATABASE IF NOT EXISTS runtime_db UUID 'f432f52e-3f96-4e89-bb2e-6fb59c9b768b', backup restore: false)
2025.11.02 19:47:46.795356 [ 723 ] {} <Debug> DDLWorker: Executing query: CREATE DATABASE IF NOT EXISTS runtime_db UUID 'f432f52e-3f96-4e89-bb2e-6fb59c9b768b'
2025.11.02 19:47:46.795534 [ 723 ] {b64ccb82-0fe5-4466-b385-7e711a555307} <Debug> executeQuery: (from 0.0.0.0:0, user: , initial_query_id: 000fefd6-c6e8-405f-b8c6-2582f8d3c99b) /* ddl_entry=query-0000000012 */ CREATE DATABASE IF NOT EXISTS runtime_db UUID 'f432f52e-3f96-4e89-bb2e-6fb59c9b768b' (stage: Complete)
2025.11.02 19:47:46.796525 [ 723 ] {b64ccb82-0fe5-4466-b385-7e711a555307} <Information> DatabaseAtomic (runtime_db): Metadata processed, database runtime_db has 0 tables and 0 dictionaries in total.
2025.11.02 19:47:46.796562 [ 723 ] {b64ccb82-0fe5-4466-b385-7e711a555307} <Information> TablesLoader: Parsed metadata of 0 tables in 1 databases in 4.7292e-05 sec
2025.11.02 19:47:46.796605 [ 723 ] {b64ccb82-0fe5-4466-b385-7e711a555307} <Debug> AsyncLoader: Prioritize load job 'startup Atomic database runtime_db': BackgrndStartup -> ForegroundLoad
2025.11.02 19:47:46.796633 [ 723 ] {b64ccb82-0fe5-4466-b385-7e711a555307} <Debug> AsyncLoader: Prioritize load job 'startup Ordinary database runtime_db': BackgrndStartup -> ForegroundLoad
2025.11.02 19:47:46.796661 [ 723 ] {b64ccb82-0fe5-4466-b385-7e711a555307} <Debug> AsyncLoader: Schedule load job 'startup Ordinary database runtime_db' into ForegroundLoad
2025.11.02 19:47:46.796691 [ 723 ] {b64ccb82-0fe5-4466-b385-7e711a555307} <Debug> AsyncLoader: Schedule load job 'startup Atomic database runtime_db' into ForegroundLoad
2025.11.02 19:47:46.796730 [ 723 ] {b64ccb82-0fe5-4466-b385-7e711a555307} <Debug> AsyncLoader: Change current priority: none -> 0
2025.11.02 19:47:46.796759 [ 723 ] {b64ccb82-0fe5-4466-b385-7e711a555307} <Debug> AsyncLoader: Spawn loader worker #1 in ForegroundLoad
2025.11.02 19:47:46.796824 [ 723 ] {b64ccb82-0fe5-4466-b385-7e711a555307} <Debug> AsyncLoader: Wait load job 'startup Atomic database runtime_db' in ForegroundLoad
2025.11.02 19:47:46.796834 [ 764 ] {} <Debug> AsyncLoader: Execute load job 'startup Ordinary database runtime_db' in ForegroundLoad
2025.11.02 19:47:46.796955 [ 764 ] {} <Debug> AsyncLoader: Finish load job 'startup Ordinary database runtime_db' with status OK
2025.11.02 19:47:46.796990 [ 764 ] {} <Debug> AsyncLoader: Spawn loader worker #2 in ForegroundLoad
2025.11.02 19:47:46.797047 [ 764 ] {} <Debug> AsyncLoader: Execute load job 'startup Atomic database runtime_db' in ForegroundLoad
2025.11.02 19:47:46.797098 [ 764 ] {} <Debug> AsyncLoader: Finish load job 'startup Atomic database runtime_db' with status OK
2025.11.02 19:47:46.797156 [ 764 ] {} <Debug> AsyncLoader: Stop worker in ForegroundLoad
2025.11.02 19:47:46.797243 [ 770 ] {} <Debug> AsyncLoader: Stop worker in ForegroundLoad
2025.11.02 19:47:46.797300 [ 770 ] {} <Debug> AsyncLoader: Change current priority: 0 -> none
2025.11.02 19:47:46.797289 [ 723 ] {b64ccb82-0fe5-4466-b385-7e711a555307} <Debug> DDLWorker: Executed query: /* ddl_entry=query-0000000012 */ CREATE DATABASE IF NOT EXISTS runtime_db UUID 'f432f52e-3f96-4e89-bb2e-6fb59c9b768b'
2025.11.02 19:47:46.798071 [ 723 ] {} <Debug> DDLWorker: Waiting for queue updates
2025.11.02 19:47:46.858435 [ 723 ] {} <Debug> DDLWorker: Scheduling tasks
2025.11.02 19:47:46.858992 [ 723 ] {} <Debug> DDLWorker: Will schedule 1 tasks starting from query-0000000013
2025.11.02 19:47:46.860022 [ 723 ] {} <Debug> DDLWorker: Processing task query-0000000013 (query: CREATE TABLE runtime_db.runtime_tbl_local UUID '8dc211c3-34d4-4455-8272-2ead0556e752' (`create_time` DateTime, `y` Int32 COMMENT 'shard key', `m` Int32 COMMENT 'part key', `id` Int64 COMMENT 'sort key', `value` Nullable(String)) ENGINE = MergeTree PARTITION BY m ORDER BY id SETTINGS index_granularity = 8192, backup restore: false)
2025.11.02 19:47:46.860893 [ 723 ] {} <Debug> DDLWorker: Executing query: CREATE TABLE runtime_db.runtime_tbl_local UUID '8dc211c3-34d4-4455-8272-2ead0556e752' (`create_time` DateTime, `y` Int32 COMMENT 'shard key', `m` Int32 COMMENT 'part key', `id` Int64 COMMENT 'sort key', `value` Nullable(String)) ENGINE = MergeTree PARTITION BY m ORDER BY id SETTINGS index_granularity = 8192
2025.11.02 19:47:46.861072 [ 723 ] {1a7f1f7a-fb5b-4053-bcc5-54e15fcd381b} <Debug> executeQuery: (from 0.0.0.0:0, user: , initial_query_id: b9c7e80f-2dc0-4eb9-8390-158c2abeed50) /* ddl_entry=query-0000000013 */ CREATE TABLE runtime_db.runtime_tbl_local UUID '8dc211c3-34d4-4455-8272-2ead0556e752' (`create_time` DateTime, `y` Int32 COMMENT 'shard key', `m` Int32 COMMENT 'part key', `id` Int64 COMMENT 'sort key', `value` Nullable(String)) ENGINE = MergeTree PARTITION BY m ORDER BY id SETTINGS index_granularity = 8192 (stage: Complete)
2025.11.02 19:47:46.862490 [ 723 ] {1a7f1f7a-fb5b-4053-bcc5-54e15fcd381b} <Debug> runtime_db.runtime_tbl_local (8dc211c3-34d4-4455-8272-2ead0556e752): Loading data parts
2025.11.02 19:47:46.862624 [ 723 ] {1a7f1f7a-fb5b-4053-bcc5-54e15fcd381b} <Debug> runtime_db.runtime_tbl_local (8dc211c3-34d4-4455-8272-2ead0556e752): There are no data parts
2025.11.02 19:47:46.863445 [ 723 ] {1a7f1f7a-fb5b-4053-bcc5-54e15fcd381b} <Debug> DatabaseAtomic (runtime_db): There are 0 detached tables. Start searching non used tables.
2025.11.02 19:47:46.863506 [ 723 ] {1a7f1f7a-fb5b-4053-bcc5-54e15fcd381b} <Debug> DatabaseAtomic (runtime_db): Found 0 non used tables in detached tables.
2025.11.02 19:47:46.863716 [ 723 ] {1a7f1f7a-fb5b-4053-bcc5-54e15fcd381b} <Debug> DDLWorker: Executed query: /* ddl_entry=query-0000000013 */ CREATE TABLE runtime_db.runtime_tbl_local UUID '8dc211c3-34d4-4455-8272-2ead0556e752' (`create_time` DateTime, `y` Int32 COMMENT 'shard key', `m` Int32 COMMENT 'part key', `id` Int64 COMMENT 'sort key', `value` Nullable(String)) ENGINE = MergeTree PARTITION BY m ORDER BY id SETTINGS index_granularity = 8192
2025.11.02 19:47:46.864595 [ 723 ] {} <Debug> DDLWorker: Waiting for queue updates
2025.11.02 19:47:46.917475 [ 723 ] {} <Debug> DDLWorker: Scheduling tasks
2025.11.02 19:47:46.917951 [ 723 ] {} <Debug> DDLWorker: Will schedule 1 tasks starting from query-0000000014
2025.11.02 19:47:46.918759 [ 723 ] {} <Debug> DDLWorker: Processing task query-0000000014 (query: CREATE TABLE runtime_db.runtime_tbl UUID 'b45fdf3f-2bbe-4b49-ada2-e884e8915115' (`create_time` DateTime, `y` Int32 COMMENT 'shard key', `m` Int32 COMMENT 'part key', `id` Int64 COMMENT 'sort key', `value` Nullable(String)) ENGINE = Distributed(single_replica, 'runtime_db', 'runtime_tbl_local', y), backup restore: false)
2025.11.02 19:47:46.919495 [ 723 ] {} <Debug> DDLWorker: Executing query: CREATE TABLE runtime_db.runtime_tbl UUID 'b45fdf3f-2bbe-4b49-ada2-e884e8915115' (`create_time` DateTime, `y` Int32 COMMENT 'shard key', `m` Int32 COMMENT 'part key', `id` Int64 COMMENT 'sort key', `value` Nullable(String)) ENGINE = Distributed(single_replica, 'runtime_db', 'runtime_tbl_local', y)
2025.11.02 19:47:46.919658 [ 723 ] {109bd83e-aebb-4f93-bab6-ce4d528d9dc3} <Debug> executeQuery: (from 0.0.0.0:0, user: , initial_query_id: 66ab419b-fb90-4ee1-b0f9-657432cd7ecb) /* ddl_entry=query-0000000014 */ CREATE TABLE runtime_db.runtime_tbl UUID 'b45fdf3f-2bbe-4b49-ada2-e884e8915115' (`create_time` DateTime, `y` Int32 COMMENT 'shard key', `m` Int32 COMMENT 'part key', `id` Int64 COMMENT 'sort key', `value` Nullable(String)) ENGINE = Distributed(single_replica, 'runtime_db', 'runtime_tbl_local', y) (stage: Complete)
2025.11.02 19:47:46.920069 [ 723 ] {109bd83e-aebb-4f93-bab6-ce4d528d9dc3} <Debug> StorageDistributed (runtime_tbl): Auto-increment is 0
2025.11.02 19:47:46.921790 [ 723 ] {109bd83e-aebb-4f93-bab6-ce4d528d9dc3} <Debug> DatabaseAtomic (runtime_db): There are 0 detached tables. Start searching non used tables.
2025.11.02 19:47:46.921825 [ 723 ] {109bd83e-aebb-4f93-bab6-ce4d528d9dc3} <Debug> DatabaseAtomic (runtime_db): Found 0 non used tables in detached tables.
2025.11.02 19:47:46.922141 [ 723 ] {109bd83e-aebb-4f93-bab6-ce4d528d9dc3} <Debug> DDLWorker: Executed query: /* ddl_entry=query-0000000014 */ CREATE TABLE runtime_db.runtime_tbl UUID 'b45fdf3f-2bbe-4b49-ada2-e884e8915115' (`create_time` DateTime, `y` Int32 COMMENT 'shard key', `m` Int32 COMMENT 'part key', `id` Int64 COMMENT 'sort key', `value` Nullable(String)) ENGINE = Distributed(single_replica, 'runtime_db', 'runtime_tbl_local', y)
2025.11.02 19:47:46.923037 [ 723 ] {} <Debug> DDLWorker: Waiting for queue updates
2025.11.02 19:47:46.974682 [ 84 ] {ffae283b-d6fd-434c-9ece-9225454dc08c} <Debug> executeQuery: (from 172.19.0.5:41916, initial_query_id: 50246757-a7b9-4b01-af0d-fa3691e087aa) SELECT `__table1`.`create_time` AS `create_time`, `__table1`.`y` AS `y`, `__table1`.`m` AS `m`, `__table1`.`id` AS `id`, `__table1`.`value` AS `value` FROM `runtime_db`.`runtime_tbl_local` AS `__table1` WHERE _CAST(0, 'UInt8') (stage: Complete)
2025.11.02 19:47:46.975390 [ 84 ] {ffae283b-d6fd-434c-9ece-9225454dc08c} <Debug> TCPHandler: Processed in 0.000904541 sec.
2025.11.02 19:47:46.981872 [ 84 ] {aa4f43a2-cace-4097-936f-1bca8d3733b8} <Debug> executeQuery: (from 172.19.0.5:41916, initial_query_id: 24f275e3-749b-41cc-b884-8f4e0eb14490) SELECT `__table1`.`create_time` AS `create_time`, `__table1`.`y` AS `y`, `__table1`.`m` AS `m`, `__table1`.`id` AS `id`, `__table1`.`value` AS `value` FROM `runtime_db`.`runtime_tbl_local` AS `__table1` WHERE _CAST(0, 'UInt8') (stage: Complete)
2025.11.02 19:47:46.982587 [ 84 ] {aa4f43a2-cace-4097-936f-1bca8d3733b8} <Debug> TCPHandler: Processed in 0.000930958 sec.
2025.11.02 19:47:47.003386 [ 84 ] {27db89fa-d75c-4097-b9b4-508b45699460} <Debug> executeQuery: (from 172.19.0.5:41916, initial_query_id: 854fca88-fe3c-450b-b9f1-31001c7ff9f8) SELECT `__table1`.`create_time` AS `create_time`, `__table1`.`y` AS `y`, `__table1`.`m` AS `m`, `__table1`.`id` AS `id`, `__table1`.`value` AS `value` FROM `runtime_db`.`runtime_tbl_local` AS `__table1` WHERE _CAST(0, 'UInt8') (stage: Complete)
2025.11.02 19:47:47.004040 [ 84 ] {27db89fa-d75c-4097-b9b4-508b45699460} <Debug> TCPHandler: Processed in 0.000844833 sec.
2025.11.02 19:47:47.099786 [ 85 ] {ac553343-71d0-44cf-b967-e4c18ba98941} <Debug> executeQuery: (from 172.19.0.4:44792, initial_query_id: 53b6ee57-e8b8-4bfe-8f43-8a370bb2337c) INSERT INTO runtime_db.runtime_tbl_local (create_time, y, m, id, value) VALUES (stage: Complete)
2025.11.02 19:47:47.101080 [ 85 ] {ac553343-71d0-44cf-b967-e4c18ba98941} <Debug> executeQuery: Read 1 rows, 31.00 B in 0.001343 sec., 744.6016381236038 rows/sec., 22.54 KiB/sec.
2025.11.02 19:47:47.101194 [ 85 ] {ac553343-71d0-44cf-b967-e4c18ba98941} <Debug> MemoryTracker: Query peak memory usage: 4.29 MiB.
2025.11.02 19:47:47.101281 [ 85 ] {ac553343-71d0-44cf-b967-e4c18ba98941} <Debug> TCPHandler: Processed in 0.001674834 sec.
2025.11.02 19:47:47.169581 [ 84 ] {4809d04e-4ce4-41e8-a836-694574d420d9} <Debug> executeQuery: (from 172.19.0.5:41916, initial_query_id: 572e0d13-ec83-4ceb-be35-cd189513fa7a) SELECT `__table1`.`create_time` AS `create_time`, `__table1`.`y` AS `y`, `__table1`.`m` AS `m`, `__table1`.`id` AS `id`, `__table1`.`value` AS `value` FROM `runtime_db`.`runtime_tbl_local` AS `__table1` WHERE _CAST(0, 'UInt8') (stage: Complete)
2025.11.02 19:47:47.169916 [ 84 ] {4809d04e-4ce4-41e8-a836-694574d420d9} <Debug> runtime_db.runtime_tbl_local (8dc211c3-34d4-4455-8272-2ead0556e752) (SelectExecutor): Selected 0/0 parts by partition key, 0 parts by primary key, 0/0 marks by primary key, 0 marks to read from 0 ranges
2025.11.02 19:47:47.170375 [ 84 ] {4809d04e-4ce4-41e8-a836-694574d420d9} <Debug> TCPHandler: Processed in 0.00099725 sec.
2025.11.02 19:47:47.203723 [ 83 ] {} <Debug> HTTP-Session-3ff8455a-9dd7-4c83-a954-2ed80d300adb: Authenticating user 'default' from 172.19.0.7:42824
2025.11.02 19:47:47.203810 [ 83 ] {} <Debug> HTTP-Session-3ff8455a-9dd7-4c83-a954-2ed80d300adb: 3ff8455a-9dd7-4c83-a954-2ed80d300adb Authenticated with global context as user 94309d50-4f52-5250-31bd-74fecac179db
2025.11.02 19:47:47.203886 [ 83 ] {} <Debug> HTTP-Session-3ff8455a-9dd7-4c83-a954-2ed80d300adb: Creating session context with user_id: 94309d50-4f52-5250-31bd-74fecac179db
2025.11.02 19:47:47.204215 [ 83 ] {d1855d1f-930a-46a6-b38f-df5a06038bc3} <Debug> executeQuery: (from 172.19.0.7:42824) SELECT partition, -- String
 partition_id, -- String
 sum(rows) AS row_count, -- UInt64
 sum(bytes_on_disk) AS size_in_bytes -- UInt64
 FROM `system`.`parts` WHERE `database`='runtime_db' AND `table`='runtime_tbl_local' AND `active`=1 GROUP BY `partition`, `partition_id` ORDER BY `partition` ASC, partition_id ASC  (stage: Complete)
2025.11.02 19:47:47.206325 [ 83 ] {d1855d1f-930a-46a6-b38f-df5a06038bc3} <Debug> executeQuery: Read 1 rows, 82.00 B in 0.002207 sec., 453.1037607612143 rows/sec., 36.28 KiB/sec.
2025.11.02 19:47:47.206736 [ 83 ] {d1855d1f-930a-46a6-b38f-df5a06038bc3} <Debug> DynamicQueryHandler: Done processing query
2025.11.02 19:47:47.206799 [ 83 ] {d1855d1f-930a-46a6-b38f-df5a06038bc3} <Debug> MemoryTracker: Query peak memory usage: 4.02 MiB.
2025.11.02 19:47:47.206877 [ 83 ] {} <Debug> HTTP-Session-3ff8455a-9dd7-4c83-a954-2ed80d300adb: 3ff8455a-9dd7-4c83-a954-2ed80d300adb Logout, user_id: 94309d50-4f52-5250-31bd-74fecac179db
2025.11.02 19:47:47.225362 [ 83 ] {} <Debug> HTTP-Session-f616992c-f423-41c5-9ae8-6f0ff6830bd6: Authenticating user 'default' from 172.19.0.7:42830
2025.11.02 19:47:47.225443 [ 83 ] {} <Debug> HTTP-Session-f616992c-f423-41c5-9ae8-6f0ff6830bd6: f616992c-f423-41c5-9ae8-6f0ff6830bd6 Authenticated with global context as user 94309d50-4f52-5250-31bd-74fecac179db
2025.11.02 19:47:47.225508 [ 83 ] {} <Debug> HTTP-Session-f616992c-f423-41c5-9ae8-6f0ff6830bd6: Creating session context with user_id: 94309d50-4f52-5250-31bd-74fecac179db
2025.11.02 19:47:47.225753 [ 83 ] {047e504f-6013-43ed-a7ca-267d7a6cde37} <Debug> executeQuery: (from 172.19.0.7:42830) SELECT partition, -- String
 partition_id, -- String
 sum(rows) AS row_count, -- UInt64
 sum(bytes_on_disk) AS size_in_bytes -- UInt64
 FROM `system`.`parts` WHERE `database`='runtime_db' AND `table`='runtime_tbl_local' AND `active`=1 GROUP BY `partition`, `partition_id` ORDER BY `partition` ASC, partition_id ASC  (stage: Complete)
2025.11.02 19:47:47.227459 [ 83 ] {047e504f-6013-43ed-a7ca-267d7a6cde37} <Debug> executeQuery: Read 1 rows, 82.00 B in 0.001813 sec., 551.5719801434087 rows/sec., 44.17 KiB/sec.
2025.11.02 19:47:47.227848 [ 83 ] {047e504f-6013-43ed-a7ca-267d7a6cde37} <Debug> DynamicQueryHandler: Done processing query
2025.11.02 19:47:47.227962 [ 83 ] {047e504f-6013-43ed-a7ca-267d7a6cde37} <Debug> MemoryTracker: Query peak memory usage: 4.02 MiB.
2025.11.02 19:47:47.228076 [ 83 ] {} <Debug> HTTP-Session-f616992c-f423-41c5-9ae8-6f0ff6830bd6: f616992c-f423-41c5-9ae8-6f0ff6830bd6 Logout, user_id: 94309d50-4f52-5250-31bd-74fecac179db
2025.11.02 19:47:47.264401 [ 83 ] {} <Debug> HTTP-Session-4455cb41-4034-40f6-9422-7946d398bdae: Authenticating user 'default' from 172.19.0.7:42842
2025.11.02 19:47:47.264480 [ 83 ] {} <Debug> HTTP-Session-4455cb41-4034-40f6-9422-7946d398bdae: 4455cb41-4034-40f6-9422-7946d398bdae Authenticated with global context as user 94309d50-4f52-5250-31bd-74fecac179db
2025.11.02 19:47:47.264552 [ 83 ] {} <Debug> HTTP-Session-4455cb41-4034-40f6-9422-7946d398bdae: Creating session context with user_id: 94309d50-4f52-5250-31bd-74fecac179db
2025.11.02 19:47:47.264801 [ 83 ] {971d8d37-9e03-4ba0-9854-3e21b8e08b04} <Debug> executeQuery: (from 172.19.0.7:42842) SELECT partition, -- String
 partition_id, -- String
 sum(rows) AS row_count, -- UInt64
 sum(bytes_on_disk) AS size_in_bytes -- UInt64
 FROM `system`.`parts` WHERE `database`='runtime_db' AND `table`='runtime_tbl_local' AND `active`=1 GROUP BY `partition`, `partition_id` ORDER BY `partition` ASC, partition_id ASC  (stage: Complete)
2025.11.02 19:47:47.266998 [ 83 ] {971d8d37-9e03-4ba0-9854-3e21b8e08b04} <Debug> executeQuery: Read 1 rows, 82.00 B in 0.002304 sec., 434.02777777777777 rows/sec., 34.76 KiB/sec.
2025.11.02 19:47:47.267467 [ 83 ] {971d8d37-9e03-4ba0-9854-3e21b8e08b04} <Debug> DynamicQueryHandler: Done processing query
2025.11.02 19:47:47.267544 [ 83 ] {971d8d37-9e03-4ba0-9854-3e21b8e08b04} <Debug> MemoryTracker: Query peak memory usage: 4.02 MiB.
2025.11.02 19:47:47.267655 [ 83 ] {} <Debug> HTTP-Session-4455cb41-4034-40f6-9422-7946d398bdae: 4455cb41-4034-40f6-9422-7946d398bdae Logout, user_id: 94309d50-4f52-5250-31bd-74fecac179db
2025.11.02 19:47:47.285545 [ 83 ] {} <Debug> HTTP-Session-b5730876-51b9-4ab0-a630-3d17cef64335: Authenticating user 'default' from 172.19.0.7:42846
2025.11.02 19:47:47.285633 [ 83 ] {} <Debug> HTTP-Session-b5730876-51b9-4ab0-a630-3d17cef64335: b5730876-51b9-4ab0-a630-3d17cef64335 Authenticated with global context as user 94309d50-4f52-5250-31bd-74fecac179db
2025.11.02 19:47:47.285765 [ 83 ] {} <Debug> HTTP-Session-b5730876-51b9-4ab0-a630-3d17cef64335: Creating session context with user_id: 94309d50-4f52-5250-31bd-74fecac179db
2025.11.02 19:47:47.286009 [ 83 ] {04d15f62-fa79-4dbd-a9ac-f2d041ef6efd} <Debug> executeQuery: (from 172.19.0.7:42846) SELECT partition, -- String
 partition_id, -- String
 sum(rows) AS row_count, -- UInt64
 sum(bytes_on_disk) AS size_in_bytes -- UInt64
 FROM `system`.`parts` WHERE `database`='runtime_db' AND `table`='runtime_tbl_local' AND `active`=1 GROUP BY `partition`, `partition_id` ORDER BY `partition` ASC, partition_id ASC  (stage: Complete)
2025.11.02 19:47:47.287540 [ 83 ] {04d15f62-fa79-4dbd-a9ac-f2d041ef6efd} <Debug> executeQuery: Read 1 rows, 82.00 B in 0.001621 sec., 616.9031462060457 rows/sec., 49.40 KiB/sec.
2025.11.02 19:47:47.287890 [ 83 ] {04d15f62-fa79-4dbd-a9ac-f2d041ef6efd} <Debug> DynamicQueryHandler: Done processing query
2025.11.02 19:47:47.287948 [ 83 ] {04d15f62-fa79-4dbd-a9ac-f2d041ef6efd} <Debug> MemoryTracker: Query peak memory usage: 4.01 MiB.
2025.11.02 19:47:47.288037 [ 83 ] {} <Debug> HTTP-Session-b5730876-51b9-4ab0-a630-3d17cef64335: b5730876-51b9-4ab0-a630-3d17cef64335 Logout, user_id: 94309d50-4f52-5250-31bd-74fecac179db
2025.11.02 19:47:47.307758 [ 83 ] {} <Debug> HTTP-Session-be99b63a-659a-4234-8b7d-108f8d99684f: Authenticating user 'default' from 172.19.0.7:42850
2025.11.02 19:47:47.307848 [ 83 ] {} <Debug> HTTP-Session-be99b63a-659a-4234-8b7d-108f8d99684f: be99b63a-659a-4234-8b7d-108f8d99684f Authenticated with global context as user 94309d50-4f52-5250-31bd-74fecac179db
2025.11.02 19:47:47.307940 [ 83 ] {} <Debug> HTTP-Session-be99b63a-659a-4234-8b7d-108f8d99684f: Creating session context with user_id: 94309d50-4f52-5250-31bd-74fecac179db
2025.11.02 19:47:47.308144 [ 83 ] {c5fb7f1f-2ab3-46e1-af7e-b71937658360} <Debug> executeQuery: (from 172.19.0.7:42850) SELECT `id` FROM `runtime_db`.`runtime_tbl_local` WHERE (_partition_id = '1') AND ((1=1) AND (1=1))  (stage: Complete)
2025.11.02 19:47:47.308613 [ 83 ] {c5fb7f1f-2ab3-46e1-af7e-b71937658360} <Debug> runtime_db.runtime_tbl_local (8dc211c3-34d4-4455-8272-2ead0556e752) (SelectExecutor): Key condition: unknown, true, and
2025.11.02 19:47:47.308699 [ 83 ] {c5fb7f1f-2ab3-46e1-af7e-b71937658360} <Debug> runtime_db.runtime_tbl_local (8dc211c3-34d4-4455-8272-2ead0556e752) (SelectExecutor): MinMax index condition: unknown, true, and
2025.11.02 19:47:47.308780 [ 83 ] {c5fb7f1f-2ab3-46e1-af7e-b71937658360} <Debug> runtime_db.runtime_tbl_local (8dc211c3-34d4-4455-8272-2ead0556e752) (SelectExecutor): PK index has dropped 0/1 granules, it took 0ms across 1 threads.
2025.11.02 19:47:47.308846 [ 83 ] {c5fb7f1f-2ab3-46e1-af7e-b71937658360} <Debug> runtime_db.runtime_tbl_local (8dc211c3-34d4-4455-8272-2ead0556e752) (SelectExecutor): Selected 1/1 parts by partition key, 1 parts by primary key, 1/1 marks by primary key, 1 marks to read from 1 ranges
2025.11.02 19:47:47.309732 [ 83 ] {c5fb7f1f-2ab3-46e1-af7e-b71937658360} <Debug> executeQuery: Read 1 rows, 8.00 B in 0.001635 sec., 611.6207951070337 rows/sec., 4.78 KiB/sec.
2025.11.02 19:47:47.310176 [ 83 ] {c5fb7f1f-2ab3-46e1-af7e-b71937658360} <Debug> DynamicQueryHandler: Done processing query
2025.11.02 19:47:47.310254 [ 83 ] {c5fb7f1f-2ab3-46e1-af7e-b71937658360} <Debug> MemoryTracker: Query peak memory usage: 4.00 MiB.
2025.11.02 19:47:47.310329 [ 83 ] {} <Debug> HTTP-Session-be99b63a-659a-4234-8b7d-108f8d99684f: be99b63a-659a-4234-8b7d-108f8d99684f Logout, user_id: 94309d50-4f52-5250-31bd-74fecac179db
2025.11.02 19:47:47.329691 [ 83 ] {} <Debug> HTTP-Session-307011f0-49bd-4a0c-bf09-fa18e56ff2cf: Authenticating user 'default' from 172.19.0.7:42852
2025.11.02 19:47:47.329799 [ 83 ] {} <Debug> HTTP-Session-307011f0-49bd-4a0c-bf09-fa18e56ff2cf: 307011f0-49bd-4a0c-bf09-fa18e56ff2cf Authenticated with global context as user 94309d50-4f52-5250-31bd-74fecac179db
2025.11.02 19:47:47.329888 [ 83 ] {} <Debug> HTTP-Session-307011f0-49bd-4a0c-bf09-fa18e56ff2cf: Creating session context with user_id: 94309d50-4f52-5250-31bd-74fecac179db
2025.11.02 19:47:47.330172 [ 83 ] {c4d94261-a4fc-485b-9c89-479647b2f80e} <Debug> executeQuery: (from 172.19.0.7:42852) SELECT `create_time`, `id` FROM `runtime_db`.`runtime_tbl_local` WHERE (_partition_id = '1') AND ((1=1) AND (1=1))  (stage: Complete)
2025.11.02 19:47:47.330610 [ 83 ] {c4d94261-a4fc-485b-9c89-479647b2f80e} <Debug> runtime_db.runtime_tbl_local (8dc211c3-34d4-4455-8272-2ead0556e752) (SelectExecutor): Key condition: unknown, true, and
2025.11.02 19:47:47.330694 [ 83 ] {c4d94261-a4fc-485b-9c89-479647b2f80e} <Debug> runtime_db.runtime_tbl_local (8dc211c3-34d4-4455-8272-2ead0556e752) (SelectExecutor): MinMax index condition: unknown, true, and
2025.11.02 19:47:47.330764 [ 83 ] {c4d94261-a4fc-485b-9c89-479647b2f80e} <Debug> runtime_db.runtime_tbl_local (8dc211c3-34d4-4455-8272-2ead0556e752) (SelectExecutor): PK index has dropped 0/1 granules, it took 0ms across 1 threads.
2025.11.02 19:47:47.330826 [ 83 ] {c4d94261-a4fc-485b-9c89-479647b2f80e} <Debug> runtime_db.runtime_tbl_local (8dc211c3-34d4-4455-8272-2ead0556e752) (SelectExecutor): Selected 1/1 parts by partition key, 1 parts by primary key, 1/1 marks by primary key, 1 marks to read from 1 ranges
2025.11.02 19:47:47.331409 [ 83 ] {c4d94261-a4fc-485b-9c89-479647b2f80e} <Debug> executeQuery: Read 1 rows, 12.00 B in 0.001286 sec., 777.6049766718506 rows/sec., 9.11 KiB/sec.
2025.11.02 19:47:47.331813 [ 83 ] {c4d94261-a4fc-485b-9c89-479647b2f80e} <Debug> DynamicQueryHandler: Done processing query
2025.11.02 19:47:47.332026 [ 83 ] {c4d94261-a4fc-485b-9c89-479647b2f80e} <Debug> MemoryTracker: Query peak memory usage: 4.00 MiB.
2025.11.02 19:47:47.332146 [ 83 ] {} <Debug> HTTP-Session-307011f0-49bd-4a0c-bf09-fa18e56ff2cf: 307011f0-49bd-4a0c-bf09-fa18e56ff2cf Logout, user_id: 94309d50-4f52-5250-31bd-74fecac179db
2025.11.02 19:47:47.401843 [ 83 ] {} <Debug> HTTP-Session-787cb6e3-42f6-4985-bdfd-faf2245434be: Authenticating user 'default' from 172.19.0.7:42860
2025.11.02 19:47:47.402018 [ 83 ] {} <Debug> HTTP-Session-787cb6e3-42f6-4985-bdfd-faf2245434be: 787cb6e3-42f6-4985-bdfd-faf2245434be Authenticated with global context as user 94309d50-4f52-5250-31bd-74fecac179db
2025.11.02 19:47:47.402090 [ 83 ] {} <Debug> HTTP-Session-787cb6e3-42f6-4985-bdfd-faf2245434be: Creating session context with user_id: 94309d50-4f52-5250-31bd-74fecac179db
2025.11.02 19:47:47.402306 [ 83 ] {c8eb3279-3867-4e69-b829-24cfa2561ce2} <Debug> executeQuery: (from 172.19.0.7:42860) SELECT `id` FROM `runtime_db`.`runtime_tbl_local` WHERE (_partition_id = '1') AND ((1=1) AND (1=1))  (stage: Complete)
2025.11.02 19:47:47.402748 [ 83 ] {c8eb3279-3867-4e69-b829-24cfa2561ce2} <Debug> runtime_db.runtime_tbl_local (8dc211c3-34d4-4455-8272-2ead0556e752) (SelectExecutor): Key condition: unknown, true, and
2025.11.02 19:47:47.402815 [ 83 ] {c8eb3279-3867-4e69-b829-24cfa2561ce2} <Debug> runtime_db.runtime_tbl_local (8dc211c3-34d4-4455-8272-2ead0556e752) (SelectExecutor): MinMax index condition: unknown, true, and
2025.11.02 19:47:47.402914 [ 83 ] {c8eb3279-3867-4e69-b829-24cfa2561ce2} <Debug> runtime_db.runtime_tbl_local (8dc211c3-34d4-4455-8272-2ead0556e752) (SelectExecutor): PK index has dropped 0/1 granules, it took 0ms across 1 threads.
2025.11.02 19:47:47.402984 [ 83 ] {c8eb3279-3867-4e69-b829-24cfa2561ce2} <Debug> runtime_db.runtime_tbl_local (8dc211c3-34d4-4455-8272-2ead0556e752) (SelectExecutor): Selected 1/1 parts by partition key, 1 parts by primary key, 1/1 marks by primary key, 1 marks to read from 1 ranges
2025.11.02 19:47:47.403708 [ 83 ] {c8eb3279-3867-4e69-b829-24cfa2561ce2} <Debug> executeQuery: Read 1 rows, 8.00 B in 0.001463 sec., 683.5269993164729 rows/sec., 5.34 KiB/sec.
2025.11.02 19:47:47.404060 [ 83 ] {c8eb3279-3867-4e69-b829-24cfa2561ce2} <Debug> DynamicQueryHandler: Done processing query
2025.11.02 19:47:47.404182 [ 83 ] {c8eb3279-3867-4e69-b829-24cfa2561ce2} <Debug> MemoryTracker: Query peak memory usage: 4.00 MiB.
2025.11.02 19:47:47.404264 [ 83 ] {} <Debug> HTTP-Session-787cb6e3-42f6-4985-bdfd-faf2245434be: 787cb6e3-42f6-4985-bdfd-faf2245434be Logout, user_id: 94309d50-4f52-5250-31bd-74fecac179db
2025.11.02 19:47:47.419424 [ 83 ] {} <Debug> HTTP-Session-e2c13632-ce78-4fb5-aaef-d87217d586c7: Authenticating user 'default' from 172.19.0.7:42872
2025.11.02 19:47:47.419506 [ 83 ] {} <Debug> HTTP-Session-e2c13632-ce78-4fb5-aaef-d87217d586c7: e2c13632-ce78-4fb5-aaef-d87217d586c7 Authenticated with global context as user 94309d50-4f52-5250-31bd-74fecac179db
2025.11.02 19:47:47.419627 [ 83 ] {} <Debug> HTTP-Session-e2c13632-ce78-4fb5-aaef-d87217d586c7: Creating session context with user_id: 94309d50-4f52-5250-31bd-74fecac179db
2025.11.02 19:47:47.419794 [ 83 ] {1bad59b2-af26-423b-9e20-3ebb973a23df} <Debug> executeQuery: (from 172.19.0.7:42872) SELECT `create_time`, `id` FROM `runtime_db`.`runtime_tbl_local` WHERE (_partition_id = '1') AND ((1=1) AND (1=1))  (stage: Complete)
2025.11.02 19:47:47.420207 [ 83 ] {1bad59b2-af26-423b-9e20-3ebb973a23df} <Debug> runtime_db.runtime_tbl_local (8dc211c3-34d4-4455-8272-2ead0556e752) (SelectExecutor): Key condition: unknown, true, and
2025.11.02 19:47:47.420264 [ 83 ] {1bad59b2-af26-423b-9e20-3ebb973a23df} <Debug> runtime_db.runtime_tbl_local (8dc211c3-34d4-4455-8272-2ead0556e752) (SelectExecutor): MinMax index condition: unknown, true, and
2025.11.02 19:47:47.420323 [ 83 ] {1bad59b2-af26-423b-9e20-3ebb973a23df} <Debug> runtime_db.runtime_tbl_local (8dc211c3-34d4-4455-8272-2ead0556e752) (SelectExecutor): PK index has dropped 0/1 granules, it took 0ms across 1 threads.
2025.11.02 19:47:47.420525 [ 83 ] {1bad59b2-af26-423b-9e20-3ebb973a23df} <Debug> runtime_db.runtime_tbl_local (8dc211c3-34d4-4455-8272-2ead0556e752) (SelectExecutor): Selected 1/1 parts by partition key, 1 parts by primary key, 1/1 marks by primary key, 1 marks to read from 1 ranges
2025.11.02 19:47:47.421312 [ 83 ] {1bad59b2-af26-423b-9e20-3ebb973a23df} <Debug> executeQuery: Read 1 rows, 12.00 B in 0.001568 sec., 637.7551020408164 rows/sec., 7.47 KiB/sec.
2025.11.02 19:47:47.421849 [ 83 ] {1bad59b2-af26-423b-9e20-3ebb973a23df} <Debug> DynamicQueryHandler: Done processing query
2025.11.02 19:47:47.421969 [ 83 ] {1bad59b2-af26-423b-9e20-3ebb973a23df} <Debug> MemoryTracker: Query peak memory usage: 4.00 MiB.
2025.11.02 19:47:47.422129 [ 83 ] {} <Debug> HTTP-Session-e2c13632-ce78-4fb5-aaef-d87217d586c7: e2c13632-ce78-4fb5-aaef-d87217d586c7 Logout, user_id: 94309d50-4f52-5250-31bd-74fecac179db
2025.11.02 19:47:47.462378 [ 84 ] {75fce33b-88da-4be8-93c7-8546a22da0bc} <Debug> executeQuery: (from 172.19.0.5:41916, initial_query_id: 929e640a-183e-4a79-860d-ba6c637f951c) SELECT `__table1`.`create_time` AS `create_time`, `__table1`.`y` AS `y`, `__table1`.`m` AS `m`, `__table1`.`id` AS `id`, `__table1`.`value` AS `value` FROM `runtime_db`.`runtime_tbl_local` AS `__table1` WHERE _CAST(0, 'UInt8') (stage: Complete)
2025.11.02 19:47:47.462747 [ 84 ] {75fce33b-88da-4be8-93c7-8546a22da0bc} <Debug> runtime_db.runtime_tbl_local (8dc211c3-34d4-4455-8272-2ead0556e752) (SelectExecutor): Selected 0/0 parts by partition key, 0 parts by primary key, 0/0 marks by primary key, 0 marks to read from 0 ranges
2025.11.02 19:47:47.463221 [ 84 ] {75fce33b-88da-4be8-93c7-8546a22da0bc} <Debug> TCPHandler: Processed in 0.001101666 sec.
2025.11.02 19:47:47.487365 [ 83 ] {} <Debug> HTTP-Session-a64695d5-e0a2-4cd1-a628-e6a119faaf2f: Authenticating user 'default' from 172.19.0.7:42882
2025.11.02 19:47:47.487448 [ 83 ] {} <Debug> HTTP-Session-a64695d5-e0a2-4cd1-a628-e6a119faaf2f: a64695d5-e0a2-4cd1-a628-e6a119faaf2f Authenticated with global context as user 94309d50-4f52-5250-31bd-74fecac179db
2025.11.02 19:47:47.487500 [ 83 ] {} <Debug> HTTP-Session-a64695d5-e0a2-4cd1-a628-e6a119faaf2f: Creating session context with user_id: 94309d50-4f52-5250-31bd-74fecac179db
2025.11.02 19:47:47.487714 [ 83 ] {6615f098-62fd-4ba5-a25a-b6623ff846d2} <Debug> executeQuery: (from 172.19.0.7:42882) SELECT partition, -- String
 partition_id, -- String
 sum(rows) AS row_count, -- UInt64
 sum(bytes_on_disk) AS size_in_bytes -- UInt64
 FROM `system`.`parts` WHERE `database`='runtime_db' AND `table`='runtime_tbl_local' AND `active`=1 GROUP BY `partition`, `partition_id` ORDER BY `partition` ASC, partition_id ASC  (stage: Complete)
2025.11.02 19:47:47.489476 [ 83 ] {6615f098-62fd-4ba5-a25a-b6623ff846d2} <Debug> executeQuery: Read 1 rows, 82.00 B in 0.001853 sec., 539.6654074473826 rows/sec., 43.22 KiB/sec.
2025.11.02 19:47:47.489882 [ 83 ] {6615f098-62fd-4ba5-a25a-b6623ff846d2} <Debug> DynamicQueryHandler: Done processing query
2025.11.02 19:47:47.489966 [ 83 ] {6615f098-62fd-4ba5-a25a-b6623ff846d2} <Debug> MemoryTracker: Query peak memory usage: 4.01 MiB.
2025.11.02 19:47:47.490061 [ 83 ] {} <Debug> HTTP-Session-a64695d5-e0a2-4cd1-a628-e6a119faaf2f: a64695d5-e0a2-4cd1-a628-e6a119faaf2f Logout, user_id: 94309d50-4f52-5250-31bd-74fecac179db
2025.11.02 19:47:47.506701 [ 83 ] {} <Debug> HTTP-Session-28aedc92-0999-427c-98e9-f661533b8944: Authenticating user 'default' from 172.19.0.7:42890
2025.11.02 19:47:47.506788 [ 83 ] {} <Debug> HTTP-Session-28aedc92-0999-427c-98e9-f661533b8944: 28aedc92-0999-427c-98e9-f661533b8944 Authenticated with global context as user 94309d50-4f52-5250-31bd-74fecac179db
2025.11.02 19:47:47.506843 [ 83 ] {} <Debug> HTTP-Session-28aedc92-0999-427c-98e9-f661533b8944: Creating session context with user_id: 94309d50-4f52-5250-31bd-74fecac179db
2025.11.02 19:47:47.507051 [ 83 ] {a745d4f1-ee52-47dc-855b-192d00397a0f} <Debug> executeQuery: (from 172.19.0.7:42890) SELECT partition, -- String
 partition_id, -- String
 sum(rows) AS row_count, -- UInt64
 sum(bytes_on_disk) AS size_in_bytes -- UInt64
 FROM `system`.`parts` WHERE `database`='runtime_db' AND `table`='runtime_tbl_local' AND `active`=1 GROUP BY `partition`, `partition_id` ORDER BY `partition` ASC, partition_id ASC  (stage: Complete)
2025.11.02 19:47:47.508683 [ 83 ] {a745d4f1-ee52-47dc-855b-192d00397a0f} <Debug> executeQuery: Read 1 rows, 82.00 B in 0.001712 sec., 584.1121495327103 rows/sec., 46.77 KiB/sec.
2025.11.02 19:47:47.509152 [ 83 ] {a745d4f1-ee52-47dc-855b-192d00397a0f} <Debug> DynamicQueryHandler: Done processing query
2025.11.02 19:47:47.509233 [ 83 ] {a745d4f1-ee52-47dc-855b-192d00397a0f} <Debug> MemoryTracker: Query peak memory usage: 4.02 MiB.
2025.11.02 19:47:47.509574 [ 83 ] {} <Debug> HTTP-Session-28aedc92-0999-427c-98e9-f661533b8944: 28aedc92-0999-427c-98e9-f661533b8944 Logout, user_id: 94309d50-4f52-5250-31bd-74fecac179db
2025.11.02 19:47:47.536855 [ 83 ] {} <Debug> HTTP-Session-61258578-42a5-4959-8213-f09ae01803b4: Authenticating user 'default' from 172.19.0.7:42906
2025.11.02 19:47:47.536960 [ 83 ] {} <Debug> HTTP-Session-61258578-42a5-4959-8213-f09ae01803b4: 61258578-42a5-4959-8213-f09ae01803b4 Authenticated with global context as user 94309d50-4f52-5250-31bd-74fecac179db
2025.11.02 19:47:47.537017 [ 83 ] {} <Debug> HTTP-Session-61258578-42a5-4959-8213-f09ae01803b4: Creating session context with user_id: 94309d50-4f52-5250-31bd-74fecac179db
2025.11.02 19:47:47.537234 [ 83 ] {d42b21b9-bf6b-4a6c-a793-9d408176f367} <Debug> executeQuery: (from 172.19.0.7:42906) SELECT partition, -- String
 partition_id, -- String
 sum(rows) AS row_count, -- UInt64
 sum(bytes_on_disk) AS size_in_bytes -- UInt64
 FROM `system`.`parts` WHERE `database`='runtime_db' AND `table`='runtime_tbl_local' AND `active`=1 GROUP BY `partition`, `partition_id` ORDER BY `partition` ASC, partition_id ASC  (stage: Complete)
2025.11.02 19:47:47.538830 [ 83 ] {d42b21b9-bf6b-4a6c-a793-9d408176f367} <Debug> executeQuery: Read 1 rows, 82.00 B in 0.001691 sec., 591.3660555884093 rows/sec., 47.36 KiB/sec.
2025.11.02 19:47:47.539171 [ 83 ] {d42b21b9-bf6b-4a6c-a793-9d408176f367} <Debug> DynamicQueryHandler: Done processing query
2025.11.02 19:47:47.539242 [ 83 ] {d42b21b9-bf6b-4a6c-a793-9d408176f367} <Debug> MemoryTracker: Query peak memory usage: 4.02 MiB.
2025.11.02 19:47:47.539330 [ 83 ] {} <Debug> HTTP-Session-61258578-42a5-4959-8213-f09ae01803b4: 61258578-42a5-4959-8213-f09ae01803b4 Logout, user_id: 94309d50-4f52-5250-31bd-74fecac179db
2025.11.02 19:47:47.555982 [ 83 ] {} <Debug> HTTP-Session-4e07873c-18f0-489a-a298-83a3d9f5cc8e: Authenticating user 'default' from 172.19.0.7:42920
2025.11.02 19:47:47.556143 [ 83 ] {} <Debug> HTTP-Session-4e07873c-18f0-489a-a298-83a3d9f5cc8e: 4e07873c-18f0-489a-a298-83a3d9f5cc8e Authenticated with global context as user 94309d50-4f52-5250-31bd-74fecac179db
2025.11.02 19:47:47.556192 [ 83 ] {} <Debug> HTTP-Session-4e07873c-18f0-489a-a298-83a3d9f5cc8e: Creating session context with user_id: 94309d50-4f52-5250-31bd-74fecac179db
2025.11.02 19:47:47.556403 [ 83 ] {4e044001-13bd-4e49-94f1-71e26d393160} <Debug> executeQuery: (from 172.19.0.7:42920) SELECT partition, -- String
 partition_id, -- String
 sum(rows) AS row_count, -- UInt64
 sum(bytes_on_disk) AS size_in_bytes -- UInt64
 FROM `system`.`parts` WHERE `database`='runtime_db' AND `table`='runtime_tbl_local' AND `active`=1 GROUP BY `partition`, `partition_id` ORDER BY `partition` ASC, partition_id ASC  (stage: Complete)
2025.11.02 19:47:47.557990 [ 83 ] {4e044001-13bd-4e49-94f1-71e26d393160} <Debug> executeQuery: Read 1 rows, 82.00 B in 0.001674 sec., 597.3715651135007 rows/sec., 47.84 KiB/sec.
2025.11.02 19:47:47.558327 [ 83 ] {4e044001-13bd-4e49-94f1-71e26d393160} <Debug> DynamicQueryHandler: Done processing query
2025.11.02 19:47:47.558392 [ 83 ] {4e044001-13bd-4e49-94f1-71e26d393160} <Debug> MemoryTracker: Query peak memory usage: 4.02 MiB.
2025.11.02 19:47:47.558481 [ 83 ] {} <Debug> HTTP-Session-4e07873c-18f0-489a-a298-83a3d9f5cc8e: 4e07873c-18f0-489a-a298-83a3d9f5cc8e Logout, user_id: 94309d50-4f52-5250-31bd-74fecac179db
2025.11.02 19:47:47.577833 [ 83 ] {} <Debug> HTTP-Session-80f9eb4e-0dee-4f00-a427-186c62f548f5: Authenticating user 'default' from 172.19.0.7:42934
2025.11.02 19:47:47.577981 [ 83 ] {} <Debug> HTTP-Session-80f9eb4e-0dee-4f00-a427-186c62f548f5: 80f9eb4e-0dee-4f00-a427-186c62f548f5 Authenticated with global context as user 94309d50-4f52-5250-31bd-74fecac179db
2025.11.02 19:47:47.578040 [ 83 ] {} <Debug> HTTP-Session-80f9eb4e-0dee-4f00-a427-186c62f548f5: Creating session context with user_id: 94309d50-4f52-5250-31bd-74fecac179db
2025.11.02 19:47:47.578231 [ 83 ] {18bebea1-aaa9-4247-a20b-3c09f7cfc5df} <Debug> executeQuery: (from 172.19.0.7:42934) SELECT `id` FROM `runtime_db`.`runtime_tbl_local` WHERE (_partition_id = '1') AND ((1=1) AND (1=1))  (stage: Complete)
2025.11.02 19:47:47.578696 [ 83 ] {18bebea1-aaa9-4247-a20b-3c09f7cfc5df} <Debug> runtime_db.runtime_tbl_local (8dc211c3-34d4-4455-8272-2ead0556e752) (SelectExecutor): Key condition: unknown, true, and
2025.11.02 19:47:47.578770 [ 83 ] {18bebea1-aaa9-4247-a20b-3c09f7cfc5df} <Debug> runtime_db.runtime_tbl_local (8dc211c3-34d4-4455-8272-2ead0556e752) (SelectExecutor): MinMax index condition: unknown, true, and
2025.11.02 19:47:47.578834 [ 83 ] {18bebea1-aaa9-4247-a20b-3c09f7cfc5df} <Debug> runtime_db.runtime_tbl_local (8dc211c3-34d4-4455-8272-2ead0556e752) (SelectExecutor): PK index has dropped 0/1 granules, it took 0ms across 1 threads.
2025.11.02 19:47:47.578920 [ 83 ] {18bebea1-aaa9-4247-a20b-3c09f7cfc5df} <Debug> runtime_db.runtime_tbl_local (8dc211c3-34d4-4455-8272-2ead0556e752) (SelectExecutor): Selected 1/1 parts by partition key, 1 parts by primary key, 1/1 marks by primary key, 1 marks to read from 1 ranges
2025.11.02 19:47:47.579458 [ 83 ] {18bebea1-aaa9-4247-a20b-3c09f7cfc5df} <Debug> executeQuery: Read 1 rows, 8.00 B in 0.001279 sec., 781.8608287724785 rows/sec., 6.11 KiB/sec.
2025.11.02 19:47:47.579953 [ 83 ] {18bebea1-aaa9-4247-a20b-3c09f7cfc5df} <Debug> DynamicQueryHandler: Done processing query
2025.11.02 19:47:47.580096 [ 83 ] {18bebea1-aaa9-4247-a20b-3c09f7cfc5df} <Debug> MemoryTracker: Query peak memory usage: 4.00 MiB.
2025.11.02 19:47:47.580188 [ 83 ] {} <Debug> HTTP-Session-80f9eb4e-0dee-4f00-a427-186c62f548f5: 80f9eb4e-0dee-4f00-a427-186c62f548f5 Logout, user_id: 94309d50-4f52-5250-31bd-74fecac179db
2025.11.02 19:47:47.593256 [ 83 ] {} <Debug> HTTP-Session-2e7eeac6-1518-4d7b-a679-357f32589968: Authenticating user 'default' from 172.19.0.7:42942
2025.11.02 19:47:47.593370 [ 83 ] {} <Debug> HTTP-Session-2e7eeac6-1518-4d7b-a679-357f32589968: 2e7eeac6-1518-4d7b-a679-357f32589968 Authenticated with global context as user 94309d50-4f52-5250-31bd-74fecac179db
2025.11.02 19:47:47.593453 [ 83 ] {} <Debug> HTTP-Session-2e7eeac6-1518-4d7b-a679-357f32589968: Creating session context with user_id: 94309d50-4f52-5250-31bd-74fecac179db
2025.11.02 19:47:47.593605 [ 83 ] {1f3ad74c-c552-4b91-a55b-5f2957b97ff9} <Debug> executeQuery: (from 172.19.0.7:42942) SELECT `create_time`, `id` FROM `runtime_db`.`runtime_tbl_local` WHERE (_partition_id = '1') AND ((1=1) AND (1=1))  (stage: Complete)
2025.11.02 19:47:47.594045 [ 83 ] {1f3ad74c-c552-4b91-a55b-5f2957b97ff9} <Debug> runtime_db.runtime_tbl_local (8dc211c3-34d4-4455-8272-2ead0556e752) (SelectExecutor): Key condition: unknown, true, and
2025.11.02 19:47:47.594320 [ 83 ] {1f3ad74c-c552-4b91-a55b-5f2957b97ff9} <Debug> runtime_db.runtime_tbl_local (8dc211c3-34d4-4455-8272-2ead0556e752) (SelectExecutor): MinMax index condition: unknown, true, and
2025.11.02 19:47:47.594428 [ 83 ] {1f3ad74c-c552-4b91-a55b-5f2957b97ff9} <Debug> runtime_db.runtime_tbl_local (8dc211c3-34d4-4455-8272-2ead0556e752) (SelectExecutor): PK index has dropped 0/1 granules, it took 0ms across 1 threads.
2025.11.02 19:47:47.594526 [ 83 ] {1f3ad74c-c552-4b91-a55b-5f2957b97ff9} <Debug> runtime_db.runtime_tbl_local (8dc211c3-34d4-4455-8272-2ead0556e752) (SelectExecutor): Selected 1/1 parts by partition key, 1 parts by primary key, 1/1 marks by primary key, 1 marks to read from 1 ranges
2025.11.02 19:47:47.596016 [ 83 ] {1f3ad74c-c552-4b91-a55b-5f2957b97ff9} <Debug> executeQuery: Read 1 rows, 12.00 B in 0.002434 sec., 410.84634346754314 rows/sec., 4.81 KiB/sec.
2025.11.02 19:47:47.597719 [ 83 ] {1f3ad74c-c552-4b91-a55b-5f2957b97ff9} <Debug> DynamicQueryHandler: Done processing query
2025.11.02 19:47:47.597952 [ 83 ] {1f3ad74c-c552-4b91-a55b-5f2957b97ff9} <Debug> MemoryTracker: Query peak memory usage: 4.00 MiB.
2025.11.02 19:47:47.600406 [ 83 ] {} <Debug> HTTP-Session-2e7eeac6-1518-4d7b-a679-357f32589968: 2e7eeac6-1518-4d7b-a679-357f32589968 Logout, user_id: 94309d50-4f52-5250-31bd-74fecac179db
2025.11.02 19:47:47.642535 [ 83 ] {} <Debug> HTTP-Session-80a3f2c1-1aee-45d3-b789-bf5c8f1d801b: Authenticating user 'default' from 172.19.0.7:42956
2025.11.02 19:47:47.642647 [ 83 ] {} <Debug> HTTP-Session-80a3f2c1-1aee-45d3-b789-bf5c8f1d801b: 80a3f2c1-1aee-45d3-b789-bf5c8f1d801b Authenticated with global context as user 94309d50-4f52-5250-31bd-74fecac179db
2025.11.02 19:47:47.642715 [ 83 ] {} <Debug> HTTP-Session-80a3f2c1-1aee-45d3-b789-bf5c8f1d801b: Creating session context with user_id: 94309d50-4f52-5250-31bd-74fecac179db
2025.11.02 19:47:47.642966 [ 83 ] {4cd9de76-76ae-448d-8dba-9e23c2387588} <Debug> executeQuery: (from 172.19.0.7:42956) SELECT `id` FROM `runtime_db`.`runtime_tbl_local` WHERE (_partition_id = '1') AND ((1=1) AND (1=1))  (stage: Complete)
2025.11.02 19:47:47.643418 [ 83 ] {4cd9de76-76ae-448d-8dba-9e23c2387588} <Debug> runtime_db.runtime_tbl_local (8dc211c3-34d4-4455-8272-2ead0556e752) (SelectExecutor): Key condition: unknown, true, and
2025.11.02 19:47:47.643492 [ 83 ] {4cd9de76-76ae-448d-8dba-9e23c2387588} <Debug> runtime_db.runtime_tbl_local (8dc211c3-34d4-4455-8272-2ead0556e752) (SelectExecutor): MinMax index condition: unknown, true, and
2025.11.02 19:47:47.643568 [ 83 ] {4cd9de76-76ae-448d-8dba-9e23c2387588} <Debug> runtime_db.runtime_tbl_local (8dc211c3-34d4-4455-8272-2ead0556e752) (SelectExecutor): PK index has dropped 0/1 granules, it took 0ms across 1 threads.
2025.11.02 19:47:47.643628 [ 83 ] {4cd9de76-76ae-448d-8dba-9e23c2387588} <Debug> runtime_db.runtime_tbl_local (8dc211c3-34d4-4455-8272-2ead0556e752) (SelectExecutor): Selected 1/1 parts by partition key, 1 parts by primary key, 1/1 marks by primary key, 1 marks to read from 1 ranges
2025.11.02 19:47:47.644265 [ 83 ] {4cd9de76-76ae-448d-8dba-9e23c2387588} <Debug> executeQuery: Read 1 rows, 8.00 B in 0.001373 sec., 728.3321194464676 rows/sec., 5.69 KiB/sec.
2025.11.02 19:47:47.644587 [ 83 ] {4cd9de76-76ae-448d-8dba-9e23c2387588} <Debug> DynamicQueryHandler: Done processing query
2025.11.02 19:47:47.644678 [ 83 ] {4cd9de76-76ae-448d-8dba-9e23c2387588} <Debug> MemoryTracker: Query peak memory usage: 4.00 MiB.
2025.11.02 19:47:47.644846 [ 83 ] {} <Debug> HTTP-Session-80a3f2c1-1aee-45d3-b789-bf5c8f1d801b: 80a3f2c1-1aee-45d3-b789-bf5c8f1d801b Logout, user_id: 94309d50-4f52-5250-31bd-74fecac179db
2025.11.02 19:47:47.664479 [ 83 ] {} <Debug> HTTP-Session-ac25f3ac-3235-4d88-978e-8a611999306c: Authenticating user 'default' from 172.19.0.7:42970
2025.11.02 19:47:47.664664 [ 83 ] {} <Debug> HTTP-Session-ac25f3ac-3235-4d88-978e-8a611999306c: ac25f3ac-3235-4d88-978e-8a611999306c Authenticated with global context as user 94309d50-4f52-5250-31bd-74fecac179db
2025.11.02 19:47:47.664873 [ 83 ] {} <Debug> HTTP-Session-ac25f3ac-3235-4d88-978e-8a611999306c: Creating session context with user_id: 94309d50-4f52-5250-31bd-74fecac179db
2025.11.02 19:47:47.665195 [ 83 ] {584b6662-4eb8-45dd-9d00-16647ba379ea} <Debug> executeQuery: (from 172.19.0.7:42970) SELECT `create_time`, `id` FROM `runtime_db`.`runtime_tbl_local` WHERE (_partition_id = '1') AND ((1=1) AND (1=1))  (stage: Complete)
2025.11.02 19:47:47.666014 [ 83 ] {584b6662-4eb8-45dd-9d00-16647ba379ea} <Debug> runtime_db.runtime_tbl_local (8dc211c3-34d4-4455-8272-2ead0556e752) (SelectExecutor): Key condition: unknown, true, and
2025.11.02 19:47:47.666149 [ 83 ] {584b6662-4eb8-45dd-9d00-16647ba379ea} <Debug> runtime_db.runtime_tbl_local (8dc211c3-34d4-4455-8272-2ead0556e752) (SelectExecutor): MinMax index condition: unknown, true, and
2025.11.02 19:47:47.666342 [ 83 ] {584b6662-4eb8-45dd-9d00-16647ba379ea} <Debug> runtime_db.runtime_tbl_local (8dc211c3-34d4-4455-8272-2ead0556e752) (SelectExecutor): PK index has dropped 0/1 granules, it took 0ms across 1 threads.
2025.11.02 19:47:47.666419 [ 83 ] {584b6662-4eb8-45dd-9d00-16647ba379ea} <Debug> runtime_db.runtime_tbl_local (8dc211c3-34d4-4455-8272-2ead0556e752) (SelectExecutor): Selected 1/1 parts by partition key, 1 parts by primary key, 1/1 marks by primary key, 1 marks to read from 1 ranges
2025.11.02 19:47:47.667458 [ 83 ] {584b6662-4eb8-45dd-9d00-16647ba379ea} <Debug> executeQuery: Read 1 rows, 12.00 B in 0.002349 sec., 425.7130693912303 rows/sec., 4.99 KiB/sec.
2025.11.02 19:47:47.668016 [ 83 ] {584b6662-4eb8-45dd-9d00-16647ba379ea} <Debug> DynamicQueryHandler: Done processing query
2025.11.02 19:47:47.668103 [ 83 ] {584b6662-4eb8-45dd-9d00-16647ba379ea} <Debug> MemoryTracker: Query peak memory usage: 4.00 MiB.
2025.11.02 19:47:47.668173 [ 83 ] {} <Debug> HTTP-Session-ac25f3ac-3235-4d88-978e-8a611999306c: ac25f3ac-3235-4d88-978e-8a611999306c Logout, user_id: 94309d50-4f52-5250-31bd-74fecac179db
2025.11.02 19:47:47.706623 [ 723 ] {} <Debug> DDLWorker: Scheduling tasks
2025.11.02 19:47:47.707301 [ 723 ] {} <Debug> DDLWorker: Will schedule 1 tasks starting from query-0000000015
2025.11.02 19:47:47.708044 [ 723 ] {} <Debug> DDLWorker: Processing task query-0000000015 (query: DROP TABLE IF EXISTS runtime_db.runtime_tbl, backup restore: false)
2025.11.02 19:47:47.709509 [ 723 ] {} <Debug> DDLWorker: Executing query: DROP TABLE IF EXISTS runtime_db.runtime_tbl
2025.11.02 19:47:47.709693 [ 723 ] {51fdbb08-37a8-46a4-ad07-27aaba2200c3} <Debug> executeQuery: (from 0.0.0.0:0, user: , initial_query_id: c0fa714f-28bd-4517-a2c0-360a36bc05a4) /* ddl_entry=query-0000000015 */ DROP TABLE IF EXISTS runtime_db.runtime_tbl (stage: Complete)
2025.11.02 19:47:47.709751 [ 723 ] {51fdbb08-37a8-46a4-ad07-27aaba2200c3} <Information> StorageDistributed (runtime_tbl): Flushing pending INSERT blocks
2025.11.02 19:47:47.709801 [ 723 ] {51fdbb08-37a8-46a4-ad07-27aaba2200c3} <Information> StorageDistributed (runtime_tbl): Pending INSERT blocks flushed, took 0 ms.
2025.11.02 19:47:47.709869 [ 723 ] {51fdbb08-37a8-46a4-ad07-27aaba2200c3} <Debug> StorageDistributed (runtime_tbl): Joining background threads for async INSERT
2025.11.02 19:47:47.709959 [ 723 ] {51fdbb08-37a8-46a4-ad07-27aaba2200c3} <Debug> StorageDistributed (runtime_tbl): Background threads for async INSERT joined
2025.11.02 19:47:47.710199 [ 723 ] {51fdbb08-37a8-46a4-ad07-27aaba2200c3} <Debug> DDLWorker: Executed query: /* ddl_entry=query-0000000015 */ DROP TABLE IF EXISTS runtime_db.runtime_tbl
2025.11.02 19:47:47.711304 [ 723 ] {} <Debug> DDLWorker: Waiting for queue updates
2025.11.02 19:47:47.769402 [ 723 ] {} <Debug> DDLWorker: Scheduling tasks
2025.11.02 19:47:47.769876 [ 723 ] {} <Debug> DDLWorker: Will schedule 1 tasks starting from query-0000000016
2025.11.02 19:47:47.770484 [ 723 ] {} <Debug> DDLWorker: Processing task query-0000000016 (query: DROP TABLE IF EXISTS runtime_db.runtime_tbl_local, backup restore: false)
2025.11.02 19:47:47.771208 [ 723 ] {} <Debug> DDLWorker: Executing query: DROP TABLE IF EXISTS runtime_db.runtime_tbl_local
2025.11.02 19:47:47.771351 [ 723 ] {c919008c-8be2-4fae-9cce-14a80ac8a1b1} <Debug> executeQuery: (from 0.0.0.0:0, user: , initial_query_id: c52b84a7-5367-4b1b-8496-b3ded377f9f4) /* ddl_entry=query-0000000016 */ DROP TABLE IF EXISTS runtime_db.runtime_tbl_local (stage: Complete)
2025.11.02 19:47:47.771644 [ 723 ] {c919008c-8be2-4fae-9cce-14a80ac8a1b1} <Debug> DDLWorker: Executed query: /* ddl_entry=query-0000000016 */ DROP TABLE IF EXISTS runtime_db.runtime_tbl_local
2025.11.02 19:47:47.772356 [ 723 ] {} <Debug> DDLWorker: Waiting for queue updates
2025.11.02 19:47:47.832546 [ 723 ] {} <Debug> DDLWorker: Scheduling tasks
2025.11.02 19:47:47.833070 [ 723 ] {} <Debug> DDLWorker: Will schedule 1 tasks starting from query-0000000017
2025.11.02 19:47:47.833824 [ 723 ] {} <Debug> DDLWorker: Processing task query-0000000017 (query: DROP DATABASE IF EXISTS runtime_db, backup restore: false)
2025.11.02 19:47:47.834693 [ 723 ] {} <Debug> DDLWorker: Executing query: DROP DATABASE IF EXISTS runtime_db
2025.11.02 19:47:47.834800 [ 723 ] {4f2b3e93-afdf-460f-8a1e-ff676611ddcf} <Debug> executeQuery: (from 0.0.0.0:0, user: , initial_query_id: 6c7476a1-354b-43cf-b49a-34b668acc81e) /* ddl_entry=query-0000000017 */ DROP DATABASE IF EXISTS runtime_db (stage: Complete)
2025.11.02 19:47:47.834894 [ 723 ] {4f2b3e93-afdf-460f-8a1e-ff676611ddcf} <Debug> DatabaseAtomic (runtime_db): There are 0 detached tables. Start searching non used tables.
2025.11.02 19:47:47.834979 [ 723 ] {4f2b3e93-afdf-460f-8a1e-ff676611ddcf} <Debug> DatabaseAtomic (runtime_db): Found 0 non used tables in detached tables.
2025.11.02 19:47:47.835220 [ 723 ] {4f2b3e93-afdf-460f-8a1e-ff676611ddcf} <Debug> DDLWorker: Executed query: /* ddl_entry=query-0000000017 */ DROP DATABASE IF EXISTS runtime_db
2025.11.02 19:47:47.836067 [ 723 ] {} <Debug> DDLWorker: Waiting for queue updates
2025.11.02 19:47:48.501674 [ 82 ] {} <Information> Application: Received termination signal (Terminated)
2025.11.02 19:47:48.501888 [ 1 ] {} <Debug> Application: Received termination signal.
2025.11.02 19:47:48.502061 [ 1 ] {} <Debug> Application: Waiting for current connections to close.
2025.11.02 19:47:48.503067 [ 1 ] {} <Warning> Application: Closed all listening sockets. Waiting for 2 outstanding connections.
2025.11.02 19:47:52.313615 [ 1 ] {} <Information> SentryWriter: Sending crash reports is disabled
2025.11.02 19:47:52.340604 [ 1 ] {} <Information> Application: Starting ClickHouse 25.3.7.194 (revision: 54502, git hash: 36637934778b7d39b37f378d258359dd6ffdd110, build id: E09B0ADBF9AF0530703B179DBA02705D5DF508C0), PID 1
2025.11.02 19:47:52.340721 [ 1 ] {} <Information> Application: starting up
2025.11.02 19:47:52.340787 [ 1 ] {} <Information> Application: OS name: Linux, version: 6.10.14-linuxkit, architecture: aarch64
2025.11.02 19:47:52.340922 [ 1 ] {} <Information> Jemalloc: Value for background_thread set to true (from true)
2025.11.02 19:47:52.342564 [ 1 ] {} <Information> Application: Available RAM: 7.65 GiB; logical cores: 14; used cores: 14.
2025.11.02 19:47:52.343620 [ 1 ] {} <Information> CgroupsReader: Will create cgroup reader from '/sys/fs/cgroup/' (cgroups version: v2)
2025.11.02 19:47:52.347286 [ 1 ] {} <Warning> Application: Integrity check of the executable skipped because the reference checksum could not be read.
2025.11.02 19:47:52.347419 [ 1 ] {} <Information> Application: It looks like the process has no CAP_IPC_LOCK capability, binary mlock will be disabled. It could happen due to incorrect ClickHouse package installation. You could resolve the problem manually with 'sudo setcap cap_ipc_lock=+ep /usr/bin/clickhouse'. Note that it will not work on 'nosuid' mounted filesystems.
2025.11.02 19:47:52.347534 [ 1 ] {} <Information> MemoryWorker: Starting background memory thread with period of 50ms, using Cgroups as source
2025.11.02 19:47:52.347621 [ 1 ] {} <Information> BackgroundSchedulePool/BgSchPool: Create BackgroundSchedulePool with 512 threads
2025.11.02 19:47:52.367167 [ 1 ] {} <Debug> Application: rlimit on number of file descriptors is 1048576
2025.11.02 19:47:52.367224 [ 1 ] {} <Debug> Application: rlimit on number of threads is 18446744073709551615
2025.11.02 19:47:52.367270 [ 1 ] {} <Debug> Application: Initializing DateLUT.
2025.11.02 19:47:52.367374 [ 1 ] {} <Debug> Context: Setting up /var/lib/clickhouse/tmp/ to store temporary data in it
2025.11.02 19:47:52.367519 [ 1 ] {} <Debug> Application: Initializing interserver credentials.
2025.11.02 19:47:52.367597 [ 1 ] {} <Information> Application: Lowered uncompressed cache size to 3.83 GiB because the system has limited RAM
2025.11.02 19:47:52.367685 [ 1 ] {} <Information> Application: Lowered mark cache size to 3.83 GiB because the system has limited RAM
2025.11.02 19:47:52.367740 [ 1 ] {} <Information> Application: Lowered primary index cache size to 3.83 GiB because the system has limited RAM
2025.11.02 19:47:52.367810 [ 1 ] {} <Information> Application: Lowered index mark cache size to 3.83 GiB because the system has limited RAM
2025.11.02 19:47:52.367890 [ 1 ] {} <Debug> FileCacheFactory: Will load 0 caches from default cache config
2025.11.02 19:47:52.368160 [ 1 ] {} <Debug> ConfigReloader: Loading config '/etc/clickhouse-server/config.xml'
2025.11.02 19:47:52.368215 [ 1 ] {} <Debug> ConfigProcessor: Processing configuration file '/etc/clickhouse-server/config.xml'.
2025.11.02 19:47:52.368744 [ 1 ] {} <Debug> ConfigProcessor: Merging configuration file '/etc/clickhouse-server/config.d/docker_related_config.xml'.
2025.11.02 19:47:52.368866 [ 1 ] {} <Debug> ConfigProcessor: Merging configuration file '/etc/clickhouse-server/config.d/interserver_http_host.xml'.
2025.11.02 19:47:52.369222 [ 1 ] {} <Debug> ConfigProcessor: Merging configuration file '/etc/clickhouse-server/config.d/macros.xml'.
2025.11.02 19:47:52.369543 [ 1 ] {} <Debug> ConfigProcessor: Merging configuration file '/etc/clickhouse-server/config.d/remote_servers.xml'.
2025.11.02 19:47:52.369948 [ 1 ] {} <Debug> ConfigProcessor: Merging configuration file '/etc/clickhouse-server/config.d/zookeeper.xml'.
2025.11.02 19:47:52.370834 [ 1 ] {} <Debug> ConfigProcessor: Saved preprocessed configuration to '/var/lib/clickhouse/preprocessed_configs/config.xml'.
2025.11.02 19:47:52.370952 [ 1 ] {} <Debug> ConfigReloader: Loaded config '/etc/clickhouse-server/config.xml', performing update on configuration
2025.11.02 19:47:52.371619 [ 1 ] {} <Information> Application: Changed setting 'max_server_memory_usage' to 6.89 GiB (7.65 GiB available memory * 0.90 max_server_memory_usage_to_ram_ratio)
2025.11.02 19:47:52.371686 [ 1 ] {} <Information> Application: Setting merges_mutations_memory_usage_soft_limit was set to 3.83 GiB (7.65 GiB available * 0.50 merges_mutations_memory_usage_to_ram_ratio)
2025.11.02 19:47:52.371744 [ 1 ] {} <Information> Application: Merges and mutations memory limit is set to 3.83 GiB
2025.11.02 19:47:52.372659 [ 1 ] {} <Information> Application: Setting max_remote_read_network_bandwidth_for_server was set to 0
2025.11.02 19:47:52.372745 [ 1 ] {} <Information> Application: Setting max_remote_write_network_bandwidth_for_server was set to 0
2025.11.02 19:47:52.372842 [ 1 ] {} <Information> Application: Setting max_local_read_bandwidth_for_server was set to 0
2025.11.02 19:47:52.372926 [ 1 ] {} <Information> Application: Setting max_local_write_bandwidth_for_server was set to 0
2025.11.02 19:47:52.373000 [ 1 ] {} <Information> Application: ConcurrencyControl limit is set to UNLIMITED CPU slots with 'round_robin' scheduler
2025.11.02 19:47:52.373077 [ 1 ] {} <Information> BackgroundSchedulePool/BgBufSchPool: Create BackgroundSchedulePool with 16 threads
2025.11.02 19:47:52.373812 [ 1 ] {} <Information> BackgroundSchedulePool/BgMBSchPool: Create BackgroundSchedulePool with 16 threads
2025.11.02 19:47:52.374358 [ 1 ] {} <Information> BackgroundSchedulePool/BgDistSchPool: Create BackgroundSchedulePool with 16 threads
2025.11.02 19:47:52.375000 [ 1 ] {} <Debug> ConfigReloader: Loaded config '/etc/clickhouse-server/config.xml', performed update on configuration
2025.11.02 19:47:52.375276 [ 1 ] {} <Warning> Application: Listen [::]:9009 failed: Poco::Exception. Code: 1000, e.code() = 0, DNS error: EAI: Address family for hostname not supported (version 25.3.7.194 (official build)). If it is an IPv6 or IPv4 address and your host has disabled IPv6 or IPv4, then consider to specify not disabled IPv4 or IPv6 address to listen in <listen_host> element of configuration file. Example for disabled IPv6: <listen_host>0.0.0.0</listen_host> . Example for disabled IPv4: <listen_host>::</listen_host>
2025.11.02 19:47:52.375520 [ 1 ] {} <Information> Application: Listening for replica communication (interserver): http://0.0.0.0:9009
2025.11.02 19:47:52.375678 [ 1 ] {} <Warning> Access(local_directory): File /var/lib/clickhouse/access/users.list doesn't exist
2025.11.02 19:47:52.375798 [ 1 ] {} <Warning> Access(local_directory): Recovering lists in directory /var/lib/clickhouse/access/
2025.11.02 19:47:52.376019 [ 1 ] {} <Debug> Access(user directories): Added local_directory access storage 'local_directory', path: /var/lib/clickhouse/access/
2025.11.02 19:47:52.376297 [ 1 ] {} <Debug> ConfigReloader: Loading config '/etc/clickhouse-server/users.xml'
2025.11.02 19:47:52.376353 [ 1 ] {} <Debug> ConfigProcessor: Processing configuration file '/etc/clickhouse-server/users.xml'.
2025.11.02 19:47:52.376489 [ 1 ] {} <Debug> ConfigProcessor: Merging configuration file '/etc/clickhouse-server/users.d/users.xml'.
2025.11.02 19:47:52.377613 [ 1 ] {} <Debug> ConfigProcessor: Saved preprocessed configuration to '/var/lib/clickhouse/preprocessed_configs/users.xml'.
2025.11.02 19:47:52.377694 [ 1 ] {} <Debug> ConfigReloader: Loaded config '/etc/clickhouse-server/users.xml', performing update on configuration
2025.11.02 19:47:52.378001 [ 1 ] {} <Debug> ConfigReloader: Loaded config '/etc/clickhouse-server/users.xml', performed update on configuration
2025.11.02 19:47:52.378111 [ 1 ] {} <Debug> Access(user directories): Added users_xml access storage 'users_xml', path: /etc/clickhouse-server/users.xml
2025.11.02 19:47:52.378190 [ 1 ] {} <Information> CgroupsMemoryUsageObserver: Started cgroup current memory usage observer thread
2025.11.02 19:47:52.378548 [ 651 ] {} <Information> CgroupsMemoryUsageObserver: Memory amount initially available to the process is 7.65 GiB
2025.11.02 19:47:52.379131 [ 1 ] {} <Information> Context: Initialized background executor for merges and mutations with num_threads=16, num_tasks=32, scheduling_policy=round_robin
2025.11.02 19:47:52.379606 [ 1 ] {} <Information> Context: Initialized background executor for move operations with num_threads=8, num_tasks=8
2025.11.02 19:47:52.380369 [ 1 ] {} <Information> Context: Initialized background executor for fetches with num_threads=16, num_tasks=16
2025.11.02 19:47:52.380630 [ 1 ] {} <Information> Context: Initialized background executor for common operations (e.g. clearing old parts) with num_threads=8, num_tasks=8
2025.11.02 19:47:52.381222 [ 1 ] {} <Warning> Context: Linux transparent hugepages are set to "always". Check /sys/kernel/mm/transparent_hugepage/enabled
2025.11.02 19:47:52.381395 [ 1 ] {} <Warning> Context: Delay accounting is not enabled, OSIOWaitMicroseconds will not be gathered. You can enable it using `echo 1 > /proc/sys/kernel/task_delayacct` or by using sysctl.
2025.11.02 19:47:52.381599 [ 1 ] {} <Information> DNSCacheUpdater: Update period 15 seconds
2025.11.02 19:47:52.381657 [ 1 ] {} <Information> Application: Loading metadata from /var/lib/clickhouse/
2025.11.02 19:47:52.381735 [ 1 ] {} <Information> Context: Database disk name: default
2025.11.02 19:47:52.381890 [ 1 ] {} <Information> Context: Database disk name: default, path: /var/lib/clickhouse/
2025.11.02 19:47:52.381716 [ 86 ] {} <Debug> DNSResolver: Updating DNS cache
2025.11.02 19:47:52.381974 [ 1 ] {} <Debug> loadSystemDatabase: metadata_file_path metadata/system.sql, existsFile false
2025.11.02 19:47:52.382385 [ 86 ] {} <Debug> DNSResolver: Updated DNS cache
2025.11.02 19:47:52.382924 [ 1 ] {} <Debug> loadSystemDatabase: metadata_file_path metadata/information_schema.sql, existsFile false
2025.11.02 19:47:52.384600 [ 1 ] {} <Debug> loadSystemDatabase: metadata_file_path metadata/INFORMATION_SCHEMA.sql, existsFile false
2025.11.02 19:47:52.385354 [ 1 ] {} <Information> DatabaseAtomic (system): Metadata processed, database system has 0 tables and 0 dictionaries in total.
2025.11.02 19:47:52.385422 [ 1 ] {} <Information> TablesLoader: Parsed metadata of 0 tables in 1 databases in 7.4917e-05 sec
2025.11.02 19:47:52.385487 [ 1 ] {} <Debug> AsyncLoader: Prioritize load job 'startup Atomic database system': BackgrndStartup -> ForegroundLoad
2025.11.02 19:47:52.385550 [ 1 ] {} <Debug> AsyncLoader: Prioritize load job 'startup Ordinary database system': BackgrndStartup -> ForegroundLoad
2025.11.02 19:47:52.385633 [ 1 ] {} <Debug> AsyncLoader: Schedule load job 'startup Ordinary database system' into ForegroundLoad
2025.11.02 19:47:52.385691 [ 1 ] {} <Debug> AsyncLoader: Schedule load job 'startup Atomic database system' into ForegroundLoad
2025.11.02 19:47:52.385735 [ 1 ] {} <Debug> AsyncLoader: Change current priority: none -> 0
2025.11.02 19:47:52.385779 [ 1 ] {} <Debug> AsyncLoader: Spawn loader worker #1 in ForegroundLoad
2025.11.02 19:47:52.385863 [ 1 ] {} <Debug> AsyncLoader: Wait load job 'startup Atomic database system' in ForegroundLoad
2025.11.02 19:47:52.386177 [ 716 ] {} <Debug> AsyncLoader: Execute load job 'startup Ordinary database system' in ForegroundLoad
2025.11.02 19:47:52.386243 [ 716 ] {} <Debug> AsyncLoader: Finish load job 'startup Ordinary database system' with status OK
2025.11.02 19:47:52.386290 [ 716 ] {} <Debug> AsyncLoader: Spawn loader worker #2 in ForegroundLoad
2025.11.02 19:47:52.386413 [ 716 ] {} <Debug> AsyncLoader: Execute load job 'startup Atomic database system' in ForegroundLoad
2025.11.02 19:47:52.386589 [ 717 ] {} <Debug> AsyncLoader: Stop worker in ForegroundLoad
2025.11.02 19:47:52.386687 [ 716 ] {} <Debug> AsyncLoader: Finish load job 'startup Atomic database system' with status OK
2025.11.02 19:47:52.386738 [ 716 ] {} <Debug> AsyncLoader: Stop worker in ForegroundLoad
2025.11.02 19:47:52.386785 [ 716 ] {} <Debug> AsyncLoader: Change current priority: 0 -> none
2025.11.02 19:47:52.386710 [ 1 ] {} <Debug> SystemLog: Creating system.query_log from query_log
2025.11.02 19:47:52.392276 [ 1 ] {} <Debug> SystemLog: Creating system.query_thread_log from query_thread_log
2025.11.02 19:47:52.392552 [ 1 ] {} <Debug> SystemLog: Not creating system.part_log since corresponding section 'part_log' is missing from config
2025.11.02 19:47:52.392626 [ 1 ] {} <Debug> SystemLog: Not creating system.trace_log since corresponding section 'trace_log' is missing from config
2025.11.02 19:47:52.392675 [ 1 ] {} <Debug> SystemLog: Not creating system.crash_log since corresponding section 'crash_log' is missing from config
2025.11.02 19:47:52.392719 [ 1 ] {} <Debug> SystemLog: Not creating system.text_log since corresponding section 'text_log' is missing from config
2025.11.02 19:47:52.392756 [ 1 ] {} <Debug> SystemLog: Creating system.metric_log from metric_log
2025.11.02 19:47:52.395250 [ 1 ] {} <Debug> SystemLog: Not creating system.latency_log since corresponding section 'latency_log' is missing from config
2025.11.02 19:47:52.395315 [ 1 ] {} <Debug> SystemLog: Not creating system.error_log since corresponding section 'error_log' is missing from config
2025.11.02 19:47:52.395358 [ 1 ] {} <Debug> SystemLog: Not creating system.filesystem_cache_log since corresponding section 'filesystem_cache_log' is missing from config
2025.11.02 19:47:52.395409 [ 1 ] {} <Debug> SystemLog: Not creating system.filesystem_read_prefetches_log since corresponding section 'filesystem_read_prefetches_log' is missing from config
2025.11.02 19:47:52.395480 [ 1 ] {} <Debug> SystemLog: Not creating system.s3queue_log since corresponding section 's3queue_log' is missing from config
2025.11.02 19:47:52.395528 [ 1 ] {} <Debug> SystemLog: Not creating system.azure_queue_log since corresponding section 'azure_queue_log' is missing from config
2025.11.02 19:47:52.395618 [ 1 ] {} <Debug> SystemLog: Not creating system.asynchronous_metric_log since corresponding section 'asynchronous_metric_log' is missing from config
2025.11.02 19:47:52.395684 [ 1 ] {} <Debug> SystemLog: Not creating system.opentelemetry_span_log since corresponding section 'opentelemetry_span_log' is missing from config
2025.11.02 19:47:52.395749 [ 1 ] {} <Debug> SystemLog: Not creating system.query_views_log since corresponding section 'query_views_log' is missing from config
2025.11.02 19:47:52.395801 [ 1 ] {} <Debug> SystemLog: Not creating system.zookeeper_log since corresponding section 'zookeeper_log' is missing from config
2025.11.02 19:47:52.395877 [ 1 ] {} <Debug> SystemLog: Not creating system.session_log since corresponding section 'session_log' is missing from config
2025.11.02 19:47:52.395929 [ 1 ] {} <Debug> SystemLog: Not creating system.transactions_info_log since corresponding section 'transactions_info_log' is missing from config
2025.11.02 19:47:52.395978 [ 1 ] {} <Debug> SystemLog: Not creating system.processors_profile_log since corresponding section 'processors_profile_log' is missing from config
2025.11.02 19:47:52.396040 [ 1 ] {} <Debug> SystemLog: Not creating system.asynchronous_insert_log since corresponding section 'asynchronous_insert_log' is missing from config
2025.11.02 19:47:52.396096 [ 1 ] {} <Debug> SystemLog: Not creating system.backup_log since corresponding section 'backup_log' is missing from config
2025.11.02 19:47:52.396164 [ 1 ] {} <Debug> SystemLog: Not creating system.blob_storage_log since corresponding section 'blob_storage_log' is missing from config
2025.11.02 19:47:52.396233 [ 1 ] {} <Debug> SystemLog: Not creating system.query_metric_log since corresponding section 'query_metric_log' is missing from config
2025.11.02 19:47:52.396547 [ 1 ] {} <Debug> DatabaseAtomic (system): There are 0 detached tables. Start searching non used tables.
2025.11.02 19:47:52.396593 [ 1 ] {} <Debug> DatabaseAtomic (system): Found 0 non used tables in detached tables.
2025.11.02 19:47:52.397165 [ 1 ] {} <Debug> DatabaseAtomic (system): There are 0 detached tables. Start searching non used tables.
2025.11.02 19:47:52.397201 [ 1 ] {} <Debug> DatabaseAtomic (system): Found 0 non used tables in detached tables.
2025.11.02 19:47:52.397271 [ 1 ] {} <Debug> DatabaseAtomic (system): There are 0 detached tables. Start searching non used tables.
2025.11.02 19:47:52.397301 [ 1 ] {} <Debug> DatabaseAtomic (system): Found 0 non used tables in detached tables.
2025.11.02 19:47:52.397353 [ 1 ] {} <Debug> DatabaseAtomic (system): There are 0 detached tables. Start searching non used tables.
2025.11.02 19:47:52.397406 [ 1 ] {} <Debug> DatabaseAtomic (system): Found 0 non used tables in detached tables.
2025.11.02 19:47:52.397477 [ 1 ] {} <Debug> DatabaseAtomic (system): There are 0 detached tables. Start searching non used tables.
2025.11.02 19:47:52.397521 [ 1 ] {} <Debug> DatabaseAtomic (system): Found 0 non used tables in detached tables.
2025.11.02 19:47:52.397620 [ 1 ] {} <Debug> DatabaseAtomic (system): There are 0 detached tables. Start searching non used tables.
2025.11.02 19:47:52.397694 [ 1 ] {} <Debug> DatabaseAtomic (system): Found 0 non used tables in detached tables.
2025.11.02 19:47:52.397799 [ 1 ] {} <Debug> DatabaseAtomic (system): There are 0 detached tables. Start searching non used tables.
2025.11.02 19:47:52.397850 [ 1 ] {} <Debug> DatabaseAtomic (system): Found 0 non used tables in detached tables.
2025.11.02 19:47:52.397921 [ 1 ] {} <Debug> DatabaseAtomic (system): There are 0 detached tables. Start searching non used tables.
2025.11.02 19:47:52.398190 [ 1 ] {} <Debug> DatabaseAtomic (system): Found 0 non used tables in detached tables.
2025.11.02 19:47:52.398339 [ 1 ] {} <Debug> DatabaseAtomic (system): There are 0 detached tables. Start searching non used tables.
2025.11.02 19:47:52.398398 [ 1 ] {} <Debug> DatabaseAtomic (system): Found 0 non used tables in detached tables.
2025.11.02 19:47:52.398487 [ 1 ] {} <Debug> DatabaseAtomic (system): There are 0 detached tables. Start searching non used tables.
2025.11.02 19:47:52.398646 [ 1 ] {} <Debug> DatabaseAtomic (system): Found 0 non used tables in detached tables.
2025.11.02 19:47:52.398789 [ 1 ] {} <Debug> DatabaseAtomic (system): There are 0 detached tables. Start searching non used tables.
2025.11.02 19:47:52.399381 [ 1 ] {} <Debug> DatabaseAtomic (system): Found 0 non used tables in detached tables.
2025.11.02 19:47:52.399574 [ 1 ] {} <Debug> DatabaseAtomic (system): There are 0 detached tables. Start searching non used tables.
2025.11.02 19:47:52.398568 [ 84 ] {} <Information> MemoryTracker: Correcting the value of global memory tracker from 46.56 MiB to 447.48 MiB
2025.11.02 19:47:52.399833 [ 1 ] {} <Debug> DatabaseAtomic (system): Found 0 non used tables in detached tables.
2025.11.02 19:47:52.400229 [ 1 ] {} <Debug> DatabaseAtomic (system): There are 0 detached tables. Start searching non used tables.
2025.11.02 19:47:52.400298 [ 1 ] {} <Debug> DatabaseAtomic (system): Found 0 non used tables in detached tables.
2025.11.02 19:47:52.400381 [ 1 ] {} <Debug> DatabaseAtomic (system): There are 0 detached tables. Start searching non used tables.
2025.11.02 19:47:52.400424 [ 1 ] {} <Debug> DatabaseAtomic (system): Found 0 non used tables in detached tables.
2025.11.02 19:47:52.400546 [ 1 ] {} <Debug> DatabaseAtomic (system): There are 0 detached tables. Start searching non used tables.
2025.11.02 19:47:52.400847 [ 1 ] {} <Debug> DatabaseAtomic (system): Found 0 non used tables in detached tables.
2025.11.02 19:47:52.400974 [ 1 ] {} <Debug> DatabaseAtomic (system): There are 0 detached tables. Start searching non used tables.
2025.11.02 19:47:52.401128 [ 1 ] {} <Debug> DatabaseAtomic (system): Found 0 non used tables in detached tables.
2025.11.02 19:47:52.401259 [ 1 ] {} <Debug> DatabaseAtomic (system): There are 0 detached tables. Start searching non used tables.
2025.11.02 19:47:52.401362 [ 1 ] {} <Debug> DatabaseAtomic (system): Found 0 non used tables in detached tables.
2025.11.02 19:47:52.401462 [ 1 ] {} <Debug> DatabaseAtomic (system): There are 0 detached tables. Start searching non used tables.
2025.11.02 19:47:52.401707 [ 1 ] {} <Debug> DatabaseAtomic (system): Found 0 non used tables in detached tables.
2025.11.02 19:47:52.401754 [ 1 ] {} <Debug> DatabaseAtomic (system): There are 0 detached tables. Start searching non used tables.
2025.11.02 19:47:52.401866 [ 1 ] {} <Debug> DatabaseAtomic (system): Found 0 non used tables in detached tables.
2025.11.02 19:47:52.402222 [ 1 ] {} <Debug> DatabaseAtomic (system): There are 0 detached tables. Start searching non used tables.
2025.11.02 19:47:52.402275 [ 1 ] {} <Debug> DatabaseAtomic (system): Found 0 non used tables in detached tables.
2025.11.02 19:47:52.402316 [ 1 ] {} <Debug> DatabaseAtomic (system): There are 0 detached tables. Start searching non used tables.
2025.11.02 19:47:52.402425 [ 1 ] {} <Debug> DatabaseAtomic (system): Found 0 non used tables in detached tables.
2025.11.02 19:47:52.402531 [ 1 ] {} <Debug> DatabaseAtomic (system): There are 0 detached tables. Start searching non used tables.
2025.11.02 19:47:52.402585 [ 1 ] {} <Debug> DatabaseAtomic (system): Found 0 non used tables in detached tables.
2025.11.02 19:47:52.402800 [ 1 ] {} <Debug> DatabaseAtomic (system): There are 0 detached tables. Start searching non used tables.
2025.11.02 19:47:52.402922 [ 1 ] {} <Debug> DatabaseAtomic (system): Found 0 non used tables in detached tables.
2025.11.02 19:47:52.403023 [ 1 ] {} <Debug> DatabaseAtomic (system): There are 0 detached tables. Start searching non used tables.
2025.11.02 19:47:52.403099 [ 1 ] {} <Debug> DatabaseAtomic (system): Found 0 non used tables in detached tables.
2025.11.02 19:47:52.403235 [ 1 ] {} <Debug> DatabaseAtomic (system): There are 0 detached tables. Start searching non used tables.
2025.11.02 19:47:52.403332 [ 1 ] {} <Debug> DatabaseAtomic (system): Found 0 non used tables in detached tables.
2025.11.02 19:47:52.403431 [ 1 ] {} <Debug> DatabaseAtomic (system): There are 0 detached tables. Start searching non used tables.
2025.11.02 19:47:52.403480 [ 1 ] {} <Debug> DatabaseAtomic (system): Found 0 non used tables in detached tables.
2025.11.02 19:47:52.403557 [ 1 ] {} <Debug> DatabaseAtomic (system): There are 0 detached tables. Start searching non used tables.
2025.11.02 19:47:52.403618 [ 1 ] {} <Debug> DatabaseAtomic (system): Found 0 non used tables in detached tables.
2025.11.02 19:47:52.403766 [ 1 ] {} <Debug> DatabaseAtomic (system): There are 0 detached tables. Start searching non used tables.
2025.11.02 19:47:52.403798 [ 1 ] {} <Debug> DatabaseAtomic (system): Found 0 non used tables in detached tables.
2025.11.02 19:47:52.403864 [ 1 ] {} <Debug> DatabaseAtomic (system): There are 0 detached tables. Start searching non used tables.
2025.11.02 19:47:52.403896 [ 1 ] {} <Debug> DatabaseAtomic (system): Found 0 non used tables in detached tables.
2025.11.02 19:47:52.403951 [ 1 ] {} <Debug> DatabaseAtomic (system): There are 0 detached tables. Start searching non used tables.
2025.11.02 19:47:52.403997 [ 1 ] {} <Debug> DatabaseAtomic (system): Found 0 non used tables in detached tables.
2025.11.02 19:47:52.404043 [ 1 ] {} <Debug> DatabaseAtomic (system): There are 0 detached tables. Start searching non used tables.
2025.11.02 19:47:52.404078 [ 1 ] {} <Debug> DatabaseAtomic (system): Found 0 non used tables in detached tables.
2025.11.02 19:47:52.404124 [ 1 ] {} <Debug> DatabaseAtomic (system): There are 0 detached tables. Start searching non used tables.
2025.11.02 19:47:52.404144 [ 1 ] {} <Debug> DatabaseAtomic (system): Found 0 non used tables in detached tables.
2025.11.02 19:47:52.404186 [ 1 ] {} <Debug> DatabaseAtomic (system): There are 0 detached tables. Start searching non used tables.
2025.11.02 19:47:52.404213 [ 1 ] {} <Debug> DatabaseAtomic (system): Found 0 non used tables in detached tables.
2025.11.02 19:47:52.404264 [ 1 ] {} <Debug> DatabaseAtomic (system): There are 0 detached tables. Start searching non used tables.
2025.11.02 19:47:52.404294 [ 1 ] {} <Debug> DatabaseAtomic (system): Found 0 non used tables in detached tables.
2025.11.02 19:47:52.404354 [ 1 ] {} <Debug> DatabaseAtomic (system): There are 0 detached tables. Start searching non used tables.
2025.11.02 19:47:52.404377 [ 1 ] {} <Debug> DatabaseAtomic (system): Found 0 non used tables in detached tables.
2025.11.02 19:47:52.404445 [ 1 ] {} <Debug> DatabaseAtomic (system): There are 0 detached tables. Start searching non used tables.
2025.11.02 19:47:52.404490 [ 1 ] {} <Debug> DatabaseAtomic (system): Found 0 non used tables in detached tables.
2025.11.02 19:47:52.404574 [ 1 ] {} <Debug> DatabaseAtomic (system): There are 0 detached tables. Start searching non used tables.
2025.11.02 19:47:52.404626 [ 1 ] {} <Debug> DatabaseAtomic (system): Found 0 non used tables in detached tables.
2025.11.02 19:47:52.404715 [ 1 ] {} <Debug> DatabaseAtomic (system): There are 0 detached tables. Start searching non used tables.
2025.11.02 19:47:52.404751 [ 1 ] {} <Debug> DatabaseAtomic (system): Found 0 non used tables in detached tables.
2025.11.02 19:47:52.404809 [ 1 ] {} <Debug> DatabaseAtomic (system): There are 0 detached tables. Start searching non used tables.
2025.11.02 19:47:52.404844 [ 1 ] {} <Debug> DatabaseAtomic (system): Found 0 non used tables in detached tables.
2025.11.02 19:47:52.404923 [ 1 ] {} <Debug> DatabaseAtomic (system): There are 0 detached tables. Start searching non used tables.
2025.11.02 19:47:52.404951 [ 1 ] {} <Debug> DatabaseAtomic (system): Found 0 non used tables in detached tables.
2025.11.02 19:47:52.404990 [ 1 ] {} <Debug> DatabaseAtomic (system): There are 0 detached tables. Start searching non used tables.
2025.11.02 19:47:52.405063 [ 1 ] {} <Debug> DatabaseAtomic (system): Found 0 non used tables in detached tables.
2025.11.02 19:47:52.405112 [ 1 ] {} <Debug> DatabaseAtomic (system): There are 0 detached tables. Start searching non used tables.
2025.11.02 19:47:52.405139 [ 1 ] {} <Debug> DatabaseAtomic (system): Found 0 non used tables in detached tables.
2025.11.02 19:47:52.405180 [ 1 ] {} <Debug> DatabaseAtomic (system): There are 0 detached tables. Start searching non used tables.
2025.11.02 19:47:52.405225 [ 1 ] {} <Debug> DatabaseAtomic (system): Found 0 non used tables in detached tables.
2025.11.02 19:47:52.405274 [ 1 ] {} <Debug> DatabaseAtomic (system): There are 0 detached tables. Start searching non used tables.
2025.11.02 19:47:52.405309 [ 1 ] {} <Debug> DatabaseAtomic (system): Found 0 non used tables in detached tables.
2025.11.02 19:47:52.405348 [ 1 ] {} <Debug> DatabaseAtomic (system): There are 0 detached tables. Start searching non used tables.
2025.11.02 19:47:52.405399 [ 1 ] {} <Debug> DatabaseAtomic (system): Found 0 non used tables in detached tables.
2025.11.02 19:47:52.405476 [ 1 ] {} <Debug> DatabaseAtomic (system): There are 0 detached tables. Start searching non used tables.
2025.11.02 19:47:52.405505 [ 1 ] {} <Debug> DatabaseAtomic (system): Found 0 non used tables in detached tables.
2025.11.02 19:47:52.405579 [ 1 ] {} <Debug> DatabaseAtomic (system): There are 0 detached tables. Start searching non used tables.
2025.11.02 19:47:52.405624 [ 1 ] {} <Debug> DatabaseAtomic (system): Found 0 non used tables in detached tables.
2025.11.02 19:47:52.405752 [ 1 ] {} <Debug> DatabaseAtomic (system): There are 0 detached tables. Start searching non used tables.
2025.11.02 19:47:52.405833 [ 1 ] {} <Debug> DatabaseAtomic (system): Found 0 non used tables in detached tables.
2025.11.02 19:47:52.405906 [ 1 ] {} <Debug> DatabaseAtomic (system): There are 0 detached tables. Start searching non used tables.
2025.11.02 19:47:52.405936 [ 1 ] {} <Debug> DatabaseAtomic (system): Found 0 non used tables in detached tables.
2025.11.02 19:47:52.406110 [ 1 ] {} <Debug> DatabaseAtomic (system): There are 0 detached tables. Start searching non used tables.
2025.11.02 19:47:52.406240 [ 1 ] {} <Debug> DatabaseAtomic (system): Found 0 non used tables in detached tables.
2025.11.02 19:47:52.406431 [ 1 ] {} <Debug> DatabaseAtomic (system): There are 0 detached tables. Start searching non used tables.
2025.11.02 19:47:52.406507 [ 1 ] {} <Debug> DatabaseAtomic (system): Found 0 non used tables in detached tables.
2025.11.02 19:47:52.406581 [ 1 ] {} <Debug> DatabaseAtomic (system): There are 0 detached tables. Start searching non used tables.
2025.11.02 19:47:52.406627 [ 1 ] {} <Debug> DatabaseAtomic (system): Found 0 non used tables in detached tables.
2025.11.02 19:47:52.406708 [ 1 ] {} <Debug> DatabaseAtomic (system): There are 0 detached tables. Start searching non used tables.
2025.11.02 19:47:52.406754 [ 1 ] {} <Debug> DatabaseAtomic (system): Found 0 non used tables in detached tables.
2025.11.02 19:47:52.406851 [ 1 ] {} <Debug> DatabaseAtomic (system): There are 0 detached tables. Start searching non used tables.
2025.11.02 19:47:52.406912 [ 1 ] {} <Debug> DatabaseAtomic (system): Found 0 non used tables in detached tables.
2025.11.02 19:47:52.407027 [ 1 ] {} <Debug> DatabaseAtomic (system): There are 0 detached tables. Start searching non used tables.
2025.11.02 19:47:52.407124 [ 1 ] {} <Debug> DatabaseAtomic (system): Found 0 non used tables in detached tables.
2025.11.02 19:47:52.407220 [ 1 ] {} <Debug> DatabaseAtomic (system): There are 0 detached tables. Start searching non used tables.
2025.11.02 19:47:52.407269 [ 1 ] {} <Debug> DatabaseAtomic (system): Found 0 non used tables in detached tables.
2025.11.02 19:47:52.407340 [ 1 ] {} <Debug> DatabaseAtomic (system): There are 0 detached tables. Start searching non used tables.
2025.11.02 19:47:52.407383 [ 1 ] {} <Debug> DatabaseAtomic (system): Found 0 non used tables in detached tables.
2025.11.02 19:47:52.407559 [ 1 ] {} <Debug> DatabaseAtomic (system): There are 0 detached tables. Start searching non used tables.
2025.11.02 19:47:52.407635 [ 1 ] {} <Debug> DatabaseAtomic (system): Found 0 non used tables in detached tables.
2025.11.02 19:47:52.407767 [ 1 ] {} <Debug> DatabaseAtomic (system): There are 0 detached tables. Start searching non used tables.
2025.11.02 19:47:52.407805 [ 1 ] {} <Debug> DatabaseAtomic (system): Found 0 non used tables in detached tables.
2025.11.02 19:47:52.407901 [ 1 ] {} <Debug> DatabaseAtomic (system): There are 0 detached tables. Start searching non used tables.
2025.11.02 19:47:52.407954 [ 1 ] {} <Debug> DatabaseAtomic (system): Found 0 non used tables in detached tables.
2025.11.02 19:47:52.408110 [ 1 ] {} <Debug> DatabaseAtomic (system): There are 0 detached tables. Start searching non used tables.
2025.11.02 19:47:52.408166 [ 1 ] {} <Debug> DatabaseAtomic (system): Found 0 non used tables in detached tables.
2025.11.02 19:47:52.408318 [ 1 ] {} <Debug> DatabaseAtomic (system): There are 0 detached tables. Start searching non used tables.
2025.11.02 19:47:52.408351 [ 1 ] {} <Debug> DatabaseAtomic (system): Found 0 non used tables in detached tables.
2025.11.02 19:47:52.408481 [ 1 ] {} <Debug> DatabaseAtomic (system): There are 0 detached tables. Start searching non used tables.
2025.11.02 19:47:52.408519 [ 1 ] {} <Debug> DatabaseAtomic (system): Found 0 non used tables in detached tables.
2025.11.02 19:47:52.408691 [ 1 ] {} <Debug> DatabaseAtomic (system): There are 0 detached tables. Start searching non used tables.
2025.11.02 19:47:52.408747 [ 1 ] {} <Debug> DatabaseAtomic (system): Found 0 non used tables in detached tables.
2025.11.02 19:47:52.408880 [ 1 ] {} <Debug> DatabaseAtomic (system): There are 0 detached tables. Start searching non used tables.
2025.11.02 19:47:52.408955 [ 1 ] {} <Debug> DatabaseAtomic (system): Found 0 non used tables in detached tables.
2025.11.02 19:47:52.409093 [ 1 ] {} <Debug> DatabaseAtomic (system): There are 0 detached tables. Start searching non used tables.
2025.11.02 19:47:52.409160 [ 1 ] {} <Debug> DatabaseAtomic (system): Found 0 non used tables in detached tables.
2025.11.02 19:47:52.409233 [ 1 ] {} <Debug> DatabaseAtomic (system): There are 0 detached tables. Start searching non used tables.
2025.11.02 19:47:52.409293 [ 1 ] {} <Debug> DatabaseAtomic (system): Found 0 non used tables in detached tables.
2025.11.02 19:47:52.409389 [ 1 ] {} <Debug> DatabaseAtomic (system): There are 0 detached tables. Start searching non used tables.
2025.11.02 19:47:52.409431 [ 1 ] {} <Debug> DatabaseAtomic (system): Found 0 non used tables in detached tables.
2025.11.02 19:47:52.409512 [ 1 ] {} <Debug> DatabaseAtomic (system): There are 0 detached tables. Start searching non used tables.
2025.11.02 19:47:52.409543 [ 1 ] {} <Debug> DatabaseAtomic (system): Found 0 non used tables in detached tables.
2025.11.02 19:47:52.409617 [ 1 ] {} <Debug> DatabaseAtomic (system): There are 0 detached tables. Start searching non used tables.
2025.11.02 19:47:52.409689 [ 1 ] {} <Debug> DatabaseAtomic (system): Found 0 non used tables in detached tables.
2025.11.02 19:47:52.409826 [ 1 ] {} <Debug> DatabaseAtomic (system): There are 0 detached tables. Start searching non used tables.
2025.11.02 19:47:52.409880 [ 1 ] {} <Debug> DatabaseAtomic (system): Found 0 non used tables in detached tables.
2025.11.02 19:47:52.409958 [ 1 ] {} <Debug> DatabaseAtomic (system): There are 0 detached tables. Start searching non used tables.
2025.11.02 19:47:52.409996 [ 1 ] {} <Debug> DatabaseAtomic (system): Found 0 non used tables in detached tables.
2025.11.02 19:47:52.410075 [ 1 ] {} <Debug> DatabaseAtomic (system): There are 0 detached tables. Start searching non used tables.
2025.11.02 19:47:52.410117 [ 1 ] {} <Debug> DatabaseAtomic (system): Found 0 non used tables in detached tables.
2025.11.02 19:47:52.410177 [ 1 ] {} <Debug> DatabaseAtomic (system): There are 0 detached tables. Start searching non used tables.
2025.11.02 19:47:52.410219 [ 1 ] {} <Debug> DatabaseAtomic (system): Found 0 non used tables in detached tables.
2025.11.02 19:47:52.410312 [ 1 ] {} <Debug> DatabaseAtomic (system): There are 0 detached tables. Start searching non used tables.
2025.11.02 19:47:52.410401 [ 1 ] {} <Debug> DatabaseAtomic (system): Found 0 non used tables in detached tables.
2025.11.02 19:47:52.410473 [ 1 ] {} <Debug> DatabaseAtomic (system): There are 0 detached tables. Start searching non used tables.
2025.11.02 19:47:52.410521 [ 1 ] {} <Debug> DatabaseAtomic (system): Found 0 non used tables in detached tables.
2025.11.02 19:47:52.410689 [ 1 ] {} <Debug> DatabaseAtomic (system): There are 0 detached tables. Start searching non used tables.
2025.11.02 19:47:52.410743 [ 1 ] {} <Debug> DatabaseAtomic (system): Found 0 non used tables in detached tables.
2025.11.02 19:47:52.410800 [ 1 ] {} <Debug> DatabaseAtomic (system): There are 0 detached tables. Start searching non used tables.
2025.11.02 19:47:52.410874 [ 1 ] {} <Debug> DatabaseAtomic (system): Found 0 non used tables in detached tables.
2025.11.02 19:47:52.410928 [ 1 ] {} <Debug> DatabaseAtomic (system): There are 0 detached tables. Start searching non used tables.
2025.11.02 19:47:52.410961 [ 1 ] {} <Debug> DatabaseAtomic (system): Found 0 non used tables in detached tables.
2025.11.02 19:47:52.411029 [ 1 ] {} <Debug> DatabaseAtomic (system): There are 0 detached tables. Start searching non used tables.
2025.11.02 19:47:52.411061 [ 1 ] {} <Debug> DatabaseAtomic (system): Found 0 non used tables in detached tables.
2025.11.02 19:47:52.411123 [ 1 ] {} <Debug> DatabaseAtomic (system): There are 0 detached tables. Start searching non used tables.
2025.11.02 19:47:52.411159 [ 1 ] {} <Debug> DatabaseAtomic (system): Found 0 non used tables in detached tables.
2025.11.02 19:47:52.411221 [ 1 ] {} <Debug> DatabaseAtomic (system): There are 0 detached tables. Start searching non used tables.
2025.11.02 19:47:52.411263 [ 1 ] {} <Debug> DatabaseAtomic (system): Found 0 non used tables in detached tables.
2025.11.02 19:47:52.411326 [ 1 ] {} <Debug> DatabaseAtomic (system): There are 0 detached tables. Start searching non used tables.
2025.11.02 19:47:52.411356 [ 1 ] {} <Debug> DatabaseAtomic (system): Found 0 non used tables in detached tables.
2025.11.02 19:47:52.411433 [ 1 ] {} <Debug> DatabaseAtomic (system): There are 0 detached tables. Start searching non used tables.
2025.11.02 19:47:52.411486 [ 1 ] {} <Debug> DatabaseAtomic (system): Found 0 non used tables in detached tables.
2025.11.02 19:47:52.411559 [ 1 ] {} <Debug> DatabaseAtomic (system): There are 0 detached tables. Start searching non used tables.
2025.11.02 19:47:52.411607 [ 1 ] {} <Debug> DatabaseAtomic (system): Found 0 non used tables in detached tables.
2025.11.02 19:47:52.411681 [ 1 ] {} <Debug> DatabaseAtomic (system): There are 0 detached tables. Start searching non used tables.
2025.11.02 19:47:52.411709 [ 1 ] {} <Debug> DatabaseAtomic (system): Found 0 non used tables in detached tables.
2025.11.02 19:47:52.411751 [ 1 ] {} <Debug> DatabaseAtomic (system): There are 0 detached tables. Start searching non used tables.
2025.11.02 19:47:52.411771 [ 1 ] {} <Debug> DatabaseAtomic (system): Found 0 non used tables in detached tables.
2025.11.02 19:47:52.411808 [ 1 ] {} <Debug> DatabaseAtomic (system): There are 0 detached tables. Start searching non used tables.
2025.11.02 19:47:52.411863 [ 1 ] {} <Debug> DatabaseAtomic (system): Found 0 non used tables in detached tables.
2025.11.02 19:47:52.411935 [ 1 ] {} <Debug> DatabaseAtomic (system): There are 0 detached tables. Start searching non used tables.
2025.11.02 19:47:52.411982 [ 1 ] {} <Debug> DatabaseAtomic (system): Found 0 non used tables in detached tables.
2025.11.02 19:47:52.412049 [ 1 ] {} <Debug> DatabaseAtomic (system): There are 0 detached tables. Start searching non used tables.
2025.11.02 19:47:52.412081 [ 1 ] {} <Debug> DatabaseAtomic (system): Found 0 non used tables in detached tables.
2025.11.02 19:47:52.412152 [ 1 ] {} <Debug> DatabaseAtomic (system): There are 0 detached tables. Start searching non used tables.
2025.11.02 19:47:52.412194 [ 1 ] {} <Debug> DatabaseAtomic (system): Found 0 non used tables in detached tables.
2025.11.02 19:47:52.412299 [ 1 ] {} <Debug> DatabaseAtomic (system): There are 0 detached tables. Start searching non used tables.
2025.11.02 19:47:52.412327 [ 1 ] {} <Debug> DatabaseAtomic (system): Found 0 non used tables in detached tables.
2025.11.02 19:47:52.412397 [ 1 ] {} <Debug> DatabaseAtomic (system): There are 0 detached tables. Start searching non used tables.
2025.11.02 19:47:52.412429 [ 1 ] {} <Debug> DatabaseAtomic (system): Found 0 non used tables in detached tables.
2025.11.02 19:47:52.412483 [ 1 ] {} <Debug> DatabaseAtomic (system): There are 0 detached tables. Start searching non used tables.
2025.11.02 19:47:52.412528 [ 1 ] {} <Debug> DatabaseAtomic (system): Found 0 non used tables in detached tables.
2025.11.02 19:47:52.412641 [ 1 ] {} <Debug> DatabaseAtomic (system): There are 0 detached tables. Start searching non used tables.
2025.11.02 19:47:52.412685 [ 1 ] {} <Debug> DatabaseAtomic (system): Found 0 non used tables in detached tables.
2025.11.02 19:47:52.412739 [ 1 ] {} <Debug> DatabaseAtomic (system): There are 0 detached tables. Start searching non used tables.
2025.11.02 19:47:52.412762 [ 1 ] {} <Debug> DatabaseAtomic (system): Found 0 non used tables in detached tables.
2025.11.02 19:47:52.412800 [ 1 ] {} <Debug> DatabaseAtomic (system): There are 0 detached tables. Start searching non used tables.
2025.11.02 19:47:52.412830 [ 1 ] {} <Debug> DatabaseAtomic (system): Found 0 non used tables in detached tables.
2025.11.02 19:47:52.412899 [ 1 ] {} <Debug> DatabaseAtomic (system): There are 0 detached tables. Start searching non used tables.
2025.11.02 19:47:52.412925 [ 1 ] {} <Debug> DatabaseAtomic (system): Found 0 non used tables in detached tables.
2025.11.02 19:47:52.412964 [ 1 ] {} <Debug> DatabaseAtomic (system): There are 0 detached tables. Start searching non used tables.
2025.11.02 19:47:52.412983 [ 1 ] {} <Debug> DatabaseAtomic (system): Found 0 non used tables in detached tables.
2025.11.02 19:47:52.413019 [ 1 ] {} <Debug> DatabaseAtomic (system): There are 0 detached tables. Start searching non used tables.
2025.11.02 19:47:52.413068 [ 1 ] {} <Debug> DatabaseAtomic (system): Found 0 non used tables in detached tables.
2025.11.02 19:47:52.413132 [ 1 ] {} <Debug> DatabaseAtomic (system): There are 0 detached tables. Start searching non used tables.
2025.11.02 19:47:52.413165 [ 1 ] {} <Debug> DatabaseAtomic (system): Found 0 non used tables in detached tables.
2025.11.02 19:47:52.413241 [ 1 ] {} <Debug> DatabaseAtomic (system): There are 0 detached tables. Start searching non used tables.
2025.11.02 19:47:52.413274 [ 1 ] {} <Debug> DatabaseAtomic (system): Found 0 non used tables in detached tables.
2025.11.02 19:47:52.413331 [ 1 ] {} <Debug> DatabaseAtomic (system): There are 0 detached tables. Start searching non used tables.
2025.11.02 19:47:52.413360 [ 1 ] {} <Debug> DatabaseAtomic (system): Found 0 non used tables in detached tables.
2025.11.02 19:47:52.417836 [ 1 ] {} <Information> DatabaseCatalog: Found 0 partially dropped tables. Will load them and retry removal.
2025.11.02 19:47:52.418478 [ 1 ] {} <Information> DatabaseAtomic (default): Metadata processed, database default has 0 tables and 0 dictionaries in total.
2025.11.02 19:47:52.418504 [ 1 ] {} <Information> TablesLoader: Parsed metadata of 0 tables in 1 databases in 3.0416e-05 sec
2025.11.02 19:47:52.418563 [ 1 ] {} <Information> loadMetadata: Start asynchronous loading of databases
2025.11.02 19:47:52.418609 [ 1 ] {} <Debug> AsyncLoader: Schedule load job 'startup Ordinary database default' into BackgrndStartup
2025.11.02 19:47:52.418652 [ 1 ] {} <Debug> AsyncLoader: Schedule load job 'startup Atomic database default' into BackgrndStartup
2025.11.02 19:47:52.418682 [ 1 ] {} <Debug> AsyncLoader: Change current priority: none -> 2
2025.11.02 19:47:52.418721 [ 1 ] {} <Debug> AsyncLoader: Spawn loader worker #1 in BackgrndStartup
2025.11.02 19:47:52.418833 [ 1 ] {} <Information> UserDefinedSQLObjectsLoaderFromDisk: Loading user defined objects from /var/lib/clickhouse/user_defined/
2025.11.02 19:47:52.418880 [ 1 ] {} <Debug> UserDefinedSQLObjectsLoaderFromDisk: The directory for user defined objects (/var/lib/clickhouse/user_defined/) does not exist: nothing to load
2025.11.02 19:47:52.418859 [ 720 ] {} <Debug> AsyncLoader: Execute load job 'startup Ordinary database default' in BackgrndStartup
2025.11.02 19:47:52.419040 [ 720 ] {} <Debug> AsyncLoader: Finish load job 'startup Ordinary database default' with status OK
2025.11.02 19:47:52.418981 [ 1 ] {} <Information> WorkloadEntityDiskStorage: Loading workload entities from /var/lib/clickhouse/workload/
2025.11.02 19:47:52.419155 [ 1 ] {} <Debug> WorkloadEntityDiskStorage: The directory for workload entities (/var/lib/clickhouse/workload/) does not exist: nothing to load
2025.11.02 19:47:52.419109 [ 720 ] {} <Debug> AsyncLoader: Spawn loader worker #2 in BackgrndStartup
2025.11.02 19:47:52.419344 [ 720 ] {} <Debug> AsyncLoader: Execute load job 'startup Atomic database default' in BackgrndStartup
2025.11.02 19:47:52.419412 [ 720 ] {} <Debug> AsyncLoader: Finish load job 'startup Atomic database default' with status OK
2025.11.02 19:47:52.419611 [ 720 ] {} <Debug> AsyncLoader: Stop worker in BackgrndStartup
2025.11.02 19:47:52.419677 [ 722 ] {} <Debug> AsyncLoader: Stop worker in BackgrndStartup
2025.11.02 19:47:52.419751 [ 722 ] {} <Debug> AsyncLoader: Change current priority: 2 -> none
2025.11.02 19:47:52.421201 [ 1 ] {} <Information> ZooKeeperClient: Connected to ZooKeeper at 172.19.0.2:2181 with session_id 72057600198836226
2025.11.02 19:47:52.424169 [ 1 ] {} <Information> ZooKeeperClient: Keeper feature flag FILTERED_LIST: disabled
2025.11.02 19:47:52.424211 [ 1 ] {} <Information> ZooKeeperClient: Keeper feature flag MULTI_READ: disabled
2025.11.02 19:47:52.424246 [ 1 ] {} <Information> ZooKeeperClient: Keeper feature flag CHECK_NOT_EXISTS: disabled
2025.11.02 19:47:52.424278 [ 1 ] {} <Information> ZooKeeperClient: Keeper feature flag CREATE_IF_NOT_EXISTS: disabled
2025.11.02 19:47:52.424299 [ 1 ] {} <Information> ZooKeeperClient: Keeper feature flag REMOVE_RECURSIVE: disabled
2025.11.02 19:47:52.428520 [ 1 ] {} <Debug> Application: Loaded metadata.
2025.11.02 19:47:52.428704 [ 1 ] {} <Information> Application: Tasks stats provider: procfs
2025.11.02 19:47:52.428802 [ 1 ] {} <Information> Application: It looks like the process has no CAP_SYS_NICE capability, the setting 'os_thread_priority' will have no effect. It could happen due to incorrect ClickHouse package installation. You could resolve the problem manually with 'sudo setcap cap_sys_nice=+ep /usr/bin/clickhouse'. Note that it will not work on 'nosuid' mounted filesystems.
2025.11.02 19:47:52.428888 [ 1 ] {} <Debug> DatabaseAtomic (system): There are 0 detached tables. Start searching non used tables.
2025.11.02 19:47:52.428970 [ 1 ] {} <Debug> DatabaseAtomic (system): Found 0 non used tables in detached tables.
2025.11.02 19:47:52.429256 [ 1 ] {} <Warning> Application: Listen [::]:8123 failed: Poco::Exception. Code: 1000, e.code() = 0, DNS error: EAI: Address family for hostname not supported (version 25.3.7.194 (official build)). If it is an IPv6 or IPv4 address and your host has disabled IPv6 or IPv4, then consider to specify not disabled IPv4 or IPv6 address to listen in <listen_host> element of configuration file. Example for disabled IPv6: <listen_host>0.0.0.0</listen_host> . Example for disabled IPv4: <listen_host>::</listen_host>
2025.11.02 19:47:52.429875 [ 1 ] {} <Warning> Application: Listen [::]:9000 failed: Poco::Exception. Code: 1000, e.code() = 0, DNS error: EAI: Address family for hostname not supported (version 25.3.7.194 (official build)). If it is an IPv6 or IPv4 address and your host has disabled IPv6 or IPv4, then consider to specify not disabled IPv4 or IPv6 address to listen in <listen_host> element of configuration file. Example for disabled IPv6: <listen_host>0.0.0.0</listen_host> . Example for disabled IPv4: <listen_host>::</listen_host>
2025.11.02 19:47:52.430217 [ 1 ] {} <Warning> Application: Listen [::]:8001 failed: Poco::Exception. Code: 1000, e.code() = 0, DNS error: EAI: Address family for hostname not supported (version 25.3.7.194 (official build)). If it is an IPv6 or IPv4 address and your host has disabled IPv6 or IPv4, then consider to specify not disabled IPv4 or IPv6 address to listen in <listen_host> element of configuration file. Example for disabled IPv6: <listen_host>0.0.0.0</listen_host> . Example for disabled IPv4: <listen_host>::</listen_host>
2025.11.02 19:47:52.431034 [ 1 ] {} <Information> CertificateReloader: One of paths is empty. Cannot apply new configuration for certificates. Fill all paths and try again.
2025.11.02 19:47:52.431215 [ 1 ] {} <Information> CertificateReloader: One of paths is empty. Cannot apply new configuration for certificates. Fill all paths and try again.
2025.11.02 19:47:52.435175 [ 1 ] {} <Debug> AsyncLoader: Schedule load job 'startup ddl worker' into BackgrndStartup
2025.11.02 19:47:52.435242 [ 1 ] {} <Debug> AsyncLoader: Change current priority: none -> 2
2025.11.02 19:47:52.435272 [ 1 ] {} <Debug> AsyncLoader: Spawn loader worker #1 in BackgrndStartup
2025.11.02 19:47:52.435396 [ 728 ] {} <Debug> AsyncLoader: Execute load job 'startup ddl worker' in BackgrndStartup
2025.11.02 19:47:52.435405 [ 1 ] {} <Information> Application: Listening for http://0.0.0.0:8123
2025.11.02 19:47:52.435575 [ 728 ] {} <Debug> AsyncLoader: Finish load job 'startup ddl worker' with status OK
2025.11.02 19:47:52.435666 [ 728 ] {} <Debug> AsyncLoader: Stop worker in BackgrndStartup
2025.11.02 19:47:52.435717 [ 728 ] {} <Debug> AsyncLoader: Change current priority: 2 -> none
2025.11.02 19:47:52.435606 [ 1 ] {} <Information> Application: Listening for native protocol (tcp): 0.0.0.0:9000
2025.11.02 19:47:52.435601 [ 731 ] {} <Debug> DDLWorker: Starting DDLWorker thread
2025.11.02 19:47:52.435948 [ 731 ] {} <Debug> DDLWorker: Initializing DDLWorker thread
2025.11.02 19:47:52.435605 [ 726 ] {} <Debug> DDLWorker: Started DDLWorker cleanup thread
2025.11.02 19:47:52.435927 [ 1 ] {} <Information> Application: Listening for Prometheus: http://0.0.0.0:8001
2025.11.02 19:47:52.436280 [ 1 ] {} <Information> Application: Ready for connections.
2025.11.02 19:47:52.441517 [ 731 ] {} <Debug> DDLWorker: Initialized DDLWorker thread
2025.11.02 19:47:52.441616 [ 726 ] {} <Debug> DDLWorker: Cleaning queue
2025.11.02 19:47:52.442912 [ 731 ] {} <Debug> DDLWorker: Scheduling tasks
2025.11.02 19:47:52.443252 [ 731 ] {} <Debug> DDLWorker: No tasks to schedule
2025.11.02 19:47:52.443286 [ 731 ] {} <Debug> DDLWorker: Waiting for queue updates
2025.11.02 19:47:52.742257 [ 81 ] {} <Information> TCPHandler: Client has not sent any data.
2025.11.02 19:47:52.742401 [ 81 ] {} <Debug> TCPHandler: Done processing connection.
2025.11.02 19:47:52.780312 [ 81 ] {} <Information> TCPHandler: Client has not sent any data.
2025.11.02 19:47:52.780487 [ 81 ] {} <Debug> TCPHandler: Done processing connection.
2025.11.02 19:47:52.840731 [ 731 ] {} <Debug> DDLWorker: Scheduling tasks
2025.11.02 19:47:52.842696 [ 731 ] {} <Debug> DDLWorker: Will schedule 1 tasks starting from query-0000000000
2025.11.02 19:47:52.843885 [ 731 ] {} <Debug> DDLWorker: Processing task query-0000000000 (query: CREATE DATABASE IF NOT EXISTS db_part UUID 'd0d57282-771e-4432-b291-1a82b12c9dec', backup restore: false)
2025.11.02 19:47:52.845367 [ 731 ] {} <Debug> DDLWorker: Executing query: CREATE DATABASE IF NOT EXISTS db_part UUID 'd0d57282-771e-4432-b291-1a82b12c9dec'
2025.11.02 19:47:52.845554 [ 731 ] {b91db62f-2c45-4320-a7df-b5093bbfc848} <Debug> executeQuery: (from 0.0.0.0:0, user: , initial_query_id: dfd8887b-7fb6-4555-8eff-6e2b1561a789) /* ddl_entry=query-0000000000 */ CREATE DATABASE IF NOT EXISTS db_part UUID 'd0d57282-771e-4432-b291-1a82b12c9dec' (stage: Complete)
2025.11.02 19:47:52.846295 [ 731 ] {b91db62f-2c45-4320-a7df-b5093bbfc848} <Information> DatabaseAtomic (db_part): Metadata processed, database db_part has 0 tables and 0 dictionaries in total.
2025.11.02 19:47:52.846381 [ 731 ] {b91db62f-2c45-4320-a7df-b5093bbfc848} <Information> TablesLoader: Parsed metadata of 0 tables in 1 databases in 9.2792e-05 sec
2025.11.02 19:47:52.846440 [ 731 ] {b91db62f-2c45-4320-a7df-b5093bbfc848} <Debug> AsyncLoader: Prioritize load job 'startup Atomic database db_part': BackgrndStartup -> ForegroundLoad
2025.11.02 19:47:52.846550 [ 731 ] {b91db62f-2c45-4320-a7df-b5093bbfc848} <Debug> AsyncLoader: Prioritize load job 'startup Ordinary database db_part': BackgrndStartup -> ForegroundLoad
2025.11.02 19:47:52.846632 [ 731 ] {b91db62f-2c45-4320-a7df-b5093bbfc848} <Debug> AsyncLoader: Schedule load job 'startup Ordinary database db_part' into ForegroundLoad
2025.11.02 19:47:52.846705 [ 731 ] {b91db62f-2c45-4320-a7df-b5093bbfc848} <Debug> AsyncLoader: Schedule load job 'startup Atomic database db_part' into ForegroundLoad
2025.11.02 19:47:52.846775 [ 731 ] {b91db62f-2c45-4320-a7df-b5093bbfc848} <Debug> AsyncLoader: Change current priority: none -> 0
2025.11.02 19:47:52.846838 [ 731 ] {b91db62f-2c45-4320-a7df-b5093bbfc848} <Debug> AsyncLoader: Spawn loader worker #1 in ForegroundLoad
2025.11.02 19:47:52.846955 [ 731 ] {b91db62f-2c45-4320-a7df-b5093bbfc848} <Debug> AsyncLoader: Wait load job 'startup Atomic database db_part' in ForegroundLoad
2025.11.02 19:47:52.847000 [ 730 ] {} <Debug> AsyncLoader: Execute load job 'startup Ordinary database db_part' in ForegroundLoad
2025.11.02 19:47:52.847085 [ 730 ] {} <Debug> AsyncLoader: Finish load job 'startup Ordinary database db_part' with status OK
2025.11.02 19:47:52.847132 [ 730 ] {} <Debug> AsyncLoader: Spawn loader worker #2 in ForegroundLoad
2025.11.02 19:47:52.847247 [ 730 ] {} <Debug> AsyncLoader: Execute load job 'startup Atomic database db_part' in ForegroundLoad
2025.11.02 19:47:52.847360 [ 730 ] {} <Debug> AsyncLoader: Finish load job 'startup Atomic database db_part' with status OK
2025.11.02 19:47:52.847405 [ 730 ] {} <Debug> AsyncLoader: Stop worker in ForegroundLoad
2025.11.02 19:47:52.847526 [ 754 ] {} <Debug> AsyncLoader: Stop worker in ForegroundLoad
2025.11.02 19:47:52.847703 [ 754 ] {} <Debug> AsyncLoader: Change current priority: 0 -> none
2025.11.02 19:47:52.847569 [ 731 ] {b91db62f-2c45-4320-a7df-b5093bbfc848} <Debug> DDLWorker: Executed query: /* ddl_entry=query-0000000000 */ CREATE DATABASE IF NOT EXISTS db_part UUID 'd0d57282-771e-4432-b291-1a82b12c9dec'
2025.11.02 19:47:52.850205 [ 731 ] {} <Debug> DDLWorker: Waiting for queue updates
2025.11.02 19:47:52.910004 [ 731 ] {} <Debug> DDLWorker: Scheduling tasks
2025.11.02 19:47:52.910638 [ 731 ] {} <Debug> DDLWorker: Will schedule 1 tasks starting from query-0000000001
2025.11.02 19:47:52.911856 [ 731 ] {} <Debug> DDLWorker: Processing task query-0000000001 (query: CREATE TABLE db_part.tbl_part_local UUID 'b5c3be3c-8183-4895-9517-ab88c0e7e9e0' (`create_time` DateTime, `y` Int32 COMMENT 'shard key', `m` Int32 COMMENT 'part key', `id` Int64 COMMENT 'sort key', `value` Nullable(String)) ENGINE = MergeTree PARTITION BY m ORDER BY id SETTINGS index_granularity = 8192, backup restore: false)
2025.11.02 19:47:52.912939 [ 731 ] {} <Debug> DDLWorker: Executing query: CREATE TABLE db_part.tbl_part_local UUID 'b5c3be3c-8183-4895-9517-ab88c0e7e9e0' (`create_time` DateTime, `y` Int32 COMMENT 'shard key', `m` Int32 COMMENT 'part key', `id` Int64 COMMENT 'sort key', `value` Nullable(String)) ENGINE = MergeTree PARTITION BY m ORDER BY id SETTINGS index_granularity = 8192
2025.11.02 19:47:52.913143 [ 731 ] {f686df84-06f6-4168-82a3-031814d91110} <Debug> executeQuery: (from 0.0.0.0:0, user: , initial_query_id: fe72a395-5590-4b55-98b4-dce072ba4ad7) /* ddl_entry=query-0000000001 */ CREATE TABLE db_part.tbl_part_local UUID 'b5c3be3c-8183-4895-9517-ab88c0e7e9e0' (`create_time` DateTime, `y` Int32 COMMENT 'shard key', `m` Int32 COMMENT 'part key', `id` Int64 COMMENT 'sort key', `value` Nullable(String)) ENGINE = MergeTree PARTITION BY m ORDER BY id SETTINGS index_granularity = 8192 (stage: Complete)
2025.11.02 19:47:52.914464 [ 731 ] {f686df84-06f6-4168-82a3-031814d91110} <Debug> db_part.tbl_part_local (b5c3be3c-8183-4895-9517-ab88c0e7e9e0): Loading data parts
2025.11.02 19:47:52.914675 [ 731 ] {f686df84-06f6-4168-82a3-031814d91110} <Debug> db_part.tbl_part_local (b5c3be3c-8183-4895-9517-ab88c0e7e9e0): There are no data parts
2025.11.02 19:47:52.915799 [ 731 ] {f686df84-06f6-4168-82a3-031814d91110} <Debug> DatabaseAtomic (db_part): There are 0 detached tables. Start searching non used tables.
2025.11.02 19:47:52.915846 [ 731 ] {f686df84-06f6-4168-82a3-031814d91110} <Debug> DatabaseAtomic (db_part): Found 0 non used tables in detached tables.
2025.11.02 19:47:52.916021 [ 731 ] {f686df84-06f6-4168-82a3-031814d91110} <Debug> DDLWorker: Executed query: /* ddl_entry=query-0000000001 */ CREATE TABLE db_part.tbl_part_local UUID 'b5c3be3c-8183-4895-9517-ab88c0e7e9e0' (`create_time` DateTime, `y` Int32 COMMENT 'shard key', `m` Int32 COMMENT 'part key', `id` Int64 COMMENT 'sort key', `value` Nullable(String)) ENGINE = MergeTree PARTITION BY m ORDER BY id SETTINGS index_granularity = 8192
2025.11.02 19:47:52.917492 [ 731 ] {} <Debug> DDLWorker: Waiting for queue updates
2025.11.02 19:47:52.971037 [ 731 ] {} <Debug> DDLWorker: Scheduling tasks
2025.11.02 19:47:52.972120 [ 731 ] {} <Debug> DDLWorker: Will schedule 1 tasks starting from query-0000000002
2025.11.02 19:47:52.973073 [ 731 ] {} <Debug> DDLWorker: Processing task query-0000000002 (query: CREATE TABLE db_part.tbl_part UUID '94024975-7708-4f86-8872-274a85878c5b' (`create_time` DateTime, `y` Int32 COMMENT 'shard key', `m` Int32 COMMENT 'part key', `id` Int64 COMMENT 'sort key', `value` Nullable(String)) ENGINE = Distributed(single_replica, 'db_part', 'tbl_part_local', y), backup restore: false)
2025.11.02 19:47:52.973920 [ 731 ] {} <Debug> DDLWorker: Executing query: CREATE TABLE db_part.tbl_part UUID '94024975-7708-4f86-8872-274a85878c5b' (`create_time` DateTime, `y` Int32 COMMENT 'shard key', `m` Int32 COMMENT 'part key', `id` Int64 COMMENT 'sort key', `value` Nullable(String)) ENGINE = Distributed(single_replica, 'db_part', 'tbl_part_local', y)
2025.11.02 19:47:52.974048 [ 731 ] {68a7b4ac-8c8b-4d9c-8cf3-3d57f0b73dbf} <Debug> executeQuery: (from 0.0.0.0:0, user: , initial_query_id: ca234592-532e-4747-9185-9be8e79d69ac) /* ddl_entry=query-0000000002 */ CREATE TABLE db_part.tbl_part UUID '94024975-7708-4f86-8872-274a85878c5b' (`create_time` DateTime, `y` Int32 COMMENT 'shard key', `m` Int32 COMMENT 'part key', `id` Int64 COMMENT 'sort key', `value` Nullable(String)) ENGINE = Distributed(single_replica, 'db_part', 'tbl_part_local', y) (stage: Complete)
2025.11.02 19:47:52.974470 [ 731 ] {68a7b4ac-8c8b-4d9c-8cf3-3d57f0b73dbf} <Debug> StorageDistributed (tbl_part): Auto-increment is 0
2025.11.02 19:47:52.976031 [ 731 ] {68a7b4ac-8c8b-4d9c-8cf3-3d57f0b73dbf} <Debug> DatabaseAtomic (db_part): There are 0 detached tables. Start searching non used tables.
2025.11.02 19:47:52.976093 [ 731 ] {68a7b4ac-8c8b-4d9c-8cf3-3d57f0b73dbf} <Debug> DatabaseAtomic (db_part): Found 0 non used tables in detached tables.
2025.11.02 19:47:52.976513 [ 731 ] {68a7b4ac-8c8b-4d9c-8cf3-3d57f0b73dbf} <Debug> DDLWorker: Executed query: /* ddl_entry=query-0000000002 */ CREATE TABLE db_part.tbl_part UUID '94024975-7708-4f86-8872-274a85878c5b' (`create_time` DateTime, `y` Int32 COMMENT 'shard key', `m` Int32 COMMENT 'part key', `id` Int64 COMMENT 'sort key', `value` Nullable(String)) ENGINE = Distributed(single_replica, 'db_part', 'tbl_part_local', y)
2025.11.02 19:47:52.978370 [ 731 ] {} <Debug> DDLWorker: Waiting for queue updates
2025.11.02 19:47:53.029590 [ 81 ] {} <Debug> TCPHandler: Connected ClickHouse server version 25.3.0, revision: 54476, user: default.
2025.11.02 19:47:53.030266 [ 81 ] {} <Debug> TCP-Session-2d989bf3-b523-44e0-93a4-db79837a095d: Authenticating user 'default' from 172.19.0.4:36128
2025.11.02 19:47:53.030365 [ 81 ] {} <Debug> TCP-Session-2d989bf3-b523-44e0-93a4-db79837a095d: 2d989bf3-b523-44e0-93a4-db79837a095d Authenticated with global context as user 94309d50-4f52-5250-31bd-74fecac179db
2025.11.02 19:47:53.030433 [ 81 ] {} <Debug> TCP-Session-2d989bf3-b523-44e0-93a4-db79837a095d: Creating session context with user_id: 94309d50-4f52-5250-31bd-74fecac179db
2025.11.02 19:47:53.031512 [ 81 ] {bcdb8a02-609f-4d47-9833-68d12797657a} <Debug> executeQuery: (from 172.19.0.4:36128, initial_query_id: 53fc27bc-4c8d-492b-81d2-8414de3afeec) SELECT `__table1`.`create_time` AS `create_time`, `__table1`.`y` AS `y`, `__table1`.`m` AS `m`, `__table1`.`id` AS `id`, `__table1`.`value` AS `value` FROM `db_part`.`tbl_part_local` AS `__table1` WHERE _CAST(0, 'UInt8') (stage: Complete)
2025.11.02 19:47:53.032307 [ 81 ] {bcdb8a02-609f-4d47-9833-68d12797657a} <Debug> TCPHandler: Processed in 0.001043583 sec.
2025.11.02 19:47:53.071755 [ 81 ] {27bcbb75-5998-4490-a737-299bc1b92aa7} <Debug> executeQuery: (from 172.19.0.4:36128, initial_query_id: a74811af-2221-41e7-a939-0b40f0a845d5) SELECT `__table1`.`create_time` AS `create_time`, `__table1`.`y` AS `y`, `__table1`.`m` AS `m`, `__table1`.`id` AS `id`, `__table1`.`value` AS `value` FROM `db_part`.`tbl_part_local` AS `__table1` WHERE _CAST(0, 'UInt8') (stage: Complete)
2025.11.02 19:47:53.072388 [ 81 ] {27bcbb75-5998-4490-a737-299bc1b92aa7} <Debug> TCPHandler: Processed in 0.000803708 sec.
2025.11.02 19:47:53.100317 [ 81 ] {adf5dfdb-e185-426d-af5b-62f967ca390e} <Debug> executeQuery: (from 172.19.0.4:36128, initial_query_id: a9f485d9-9e39-4937-8d25-c25e0b1a823f) SELECT `__table1`.`create_time` AS `create_time`, `__table1`.`y` AS `y`, `__table1`.`m` AS `m`, `__table1`.`id` AS `id`, `__table1`.`value` AS `value` FROM `db_part`.`tbl_part_local` AS `__table1` WHERE _CAST(0, 'UInt8') (stage: Complete)
2025.11.02 19:47:53.100947 [ 81 ] {adf5dfdb-e185-426d-af5b-62f967ca390e} <Debug> TCPHandler: Processed in 0.000828083 sec.
2025.11.02 19:47:53.204008 [ 82 ] {} <Debug> TCPHandler: Connected ClickHouse server version 25.3.0, revision: 54476, user: default.
2025.11.02 19:47:53.204210 [ 82 ] {} <Debug> TCP-Session-dc3b2cfa-8b42-4874-8c66-c8e76708b715: Authenticating user 'default' from 172.19.0.3:53054
2025.11.02 19:47:53.204345 [ 82 ] {} <Debug> TCP-Session-dc3b2cfa-8b42-4874-8c66-c8e76708b715: dc3b2cfa-8b42-4874-8c66-c8e76708b715 Authenticated with global context as user 94309d50-4f52-5250-31bd-74fecac179db
2025.11.02 19:47:53.204439 [ 82 ] {} <Debug> TCP-Session-dc3b2cfa-8b42-4874-8c66-c8e76708b715: Creating session context with user_id: 94309d50-4f52-5250-31bd-74fecac179db
2025.11.02 19:47:53.205110 [ 82 ] {2c18c383-55b5-4e59-a9e1-6201ba18dd20} <Debug> executeQuery: (from 172.19.0.3:53054, initial_query_id: 8eae60f1-2c4d-4c39-969a-fdab9d479c2f) INSERT INTO db_part.tbl_part_local (create_time, y, m, id, value) VALUES (stage: Complete)
2025.11.02 19:47:53.205983 [ 82 ] {2c18c383-55b5-4e59-a9e1-6201ba18dd20} <Debug> executeQuery: Read 1 rows, 31.00 B in 0.000912 sec., 1096.4912280701753 rows/sec., 33.19 KiB/sec.
2025.11.02 19:47:53.206172 [ 82 ] {2c18c383-55b5-4e59-a9e1-6201ba18dd20} <Debug> MemoryTracker: Query peak memory usage: 4.30 MiB.
2025.11.02 19:47:53.206244 [ 82 ] {2c18c383-55b5-4e59-a9e1-6201ba18dd20} <Debug> TCPHandler: Processed in 0.001303125 sec.
2025.11.02 19:47:53.271885 [ 81 ] {1b5a7f8a-fb99-4af4-a6c9-595949912d1b} <Debug> executeQuery: (from 172.19.0.4:36128, initial_query_id: 5f78e26c-550e-4b7d-8831-1c77d29c30d1) SELECT `__table1`.`create_time` AS `create_time`, `__table1`.`y` AS `y`, `__table1`.`m` AS `m`, `__table1`.`id` AS `id`, `__table1`.`value` AS `value` FROM `db_part`.`tbl_part_local` AS `__table1` WHERE _CAST(0, 'UInt8') (stage: Complete)
2025.11.02 19:47:53.272228 [ 81 ] {1b5a7f8a-fb99-4af4-a6c9-595949912d1b} <Debug> db_part.tbl_part_local (b5c3be3c-8183-4895-9517-ab88c0e7e9e0) (SelectExecutor): Selected 0/0 parts by partition key, 0 parts by primary key, 0/0 marks by primary key, 0 marks to read from 0 ranges
2025.11.02 19:47:53.272674 [ 81 ] {1b5a7f8a-fb99-4af4-a6c9-595949912d1b} <Debug> TCPHandler: Processed in 0.000958 sec.
2025.11.02 19:47:53.296039 [ 80 ] {} <Debug> HTTP-Session-1077371a-221e-4ba1-87ca-c7d2330ccfe9: Authenticating user 'default' from 172.19.0.7:48570
2025.11.02 19:47:53.296125 [ 80 ] {} <Debug> HTTP-Session-1077371a-221e-4ba1-87ca-c7d2330ccfe9: 1077371a-221e-4ba1-87ca-c7d2330ccfe9 Authenticated with global context as user 94309d50-4f52-5250-31bd-74fecac179db
2025.11.02 19:47:53.296193 [ 80 ] {} <Debug> HTTP-Session-1077371a-221e-4ba1-87ca-c7d2330ccfe9: Creating session context with user_id: 94309d50-4f52-5250-31bd-74fecac179db
2025.11.02 19:47:53.296524 [ 80 ] {a480bb02-91a7-40b3-aa73-da28e35a964e} <Debug> executeQuery: (from 172.19.0.7:48570) SELECT partition, -- String
 partition_id, -- String
 sum(rows) AS row_count, -- UInt64
 sum(bytes_on_disk) AS size_in_bytes -- UInt64
 FROM `system`.`parts` WHERE `database`='db_part' AND `table`='tbl_part_local' AND `active`=1 GROUP BY `partition`, `partition_id` ORDER BY `partition` ASC, partition_id ASC  (stage: Complete)
2025.11.02 19:47:53.298337 [ 80 ] {a480bb02-91a7-40b3-aa73-da28e35a964e} <Debug> executeQuery: Read 1 rows, 76.00 B in 0.001917 sec., 521.6484089723526 rows/sec., 38.72 KiB/sec.
2025.11.02 19:47:53.298694 [ 80 ] {a480bb02-91a7-40b3-aa73-da28e35a964e} <Debug> DynamicQueryHandler: Done processing query
2025.11.02 19:47:53.298775 [ 80 ] {a480bb02-91a7-40b3-aa73-da28e35a964e} <Debug> MemoryTracker: Query peak memory usage: 4.01 MiB.
2025.11.02 19:47:53.298846 [ 80 ] {} <Debug> HTTP-Session-1077371a-221e-4ba1-87ca-c7d2330ccfe9: 1077371a-221e-4ba1-87ca-c7d2330ccfe9 Logout, user_id: 94309d50-4f52-5250-31bd-74fecac179db
2025.11.02 19:47:53.331953 [ 81 ] {406d810f-8701-46ae-96b3-5e50d85c3742} <Debug> executeQuery: (from 172.19.0.4:36128, initial_query_id: 5cf56869-879a-46ee-afdc-692dfe706d0a) SELECT `__table1`.`create_time` AS `create_time`, `__table1`.`y` AS `y`, `__table1`.`m` AS `m`, `__table1`.`id` AS `id`, `__table1`.`value` AS `value` FROM `db_part`.`tbl_part_local` AS `__table1` WHERE _CAST(0, 'UInt8') (stage: Complete)
2025.11.02 19:47:53.332481 [ 81 ] {406d810f-8701-46ae-96b3-5e50d85c3742} <Debug> db_part.tbl_part_local (b5c3be3c-8183-4895-9517-ab88c0e7e9e0) (SelectExecutor): Selected 0/0 parts by partition key, 0 parts by primary key, 0/0 marks by primary key, 0 marks to read from 0 ranges
2025.11.02 19:47:53.333087 [ 81 ] {406d810f-8701-46ae-96b3-5e50d85c3742} <Debug> TCPHandler: Processed in 0.001364291 sec.
2025.11.02 19:47:53.355553 [ 80 ] {} <Debug> HTTP-Session-2a9b54d1-ea36-45fb-ae0a-e559cf2809eb: Authenticating user 'default' from 172.19.0.7:48582
2025.11.02 19:47:53.355622 [ 80 ] {} <Debug> HTTP-Session-2a9b54d1-ea36-45fb-ae0a-e559cf2809eb: 2a9b54d1-ea36-45fb-ae0a-e559cf2809eb Authenticated with global context as user 94309d50-4f52-5250-31bd-74fecac179db
2025.11.02 19:47:53.355675 [ 80 ] {} <Debug> HTTP-Session-2a9b54d1-ea36-45fb-ae0a-e559cf2809eb: Creating session context with user_id: 94309d50-4f52-5250-31bd-74fecac179db
2025.11.02 19:47:53.355864 [ 80 ] {22e2e28e-029c-4cc7-b6a7-7f104b9d32fd} <Debug> executeQuery: (from 172.19.0.7:48582) SELECT partition, -- String
 partition_id, -- String
 sum(rows) AS row_count, -- UInt64
 sum(bytes_on_disk) AS size_in_bytes -- UInt64
 FROM `system`.`parts` WHERE `database`='db_part' AND `table`='tbl_part_local' AND `active`=1 GROUP BY `partition`, `partition_id` ORDER BY `partition` ASC, partition_id ASC  (stage: Complete)
2025.11.02 19:47:53.357329 [ 80 ] {22e2e28e-029c-4cc7-b6a7-7f104b9d32fd} <Debug> executeQuery: Read 1 rows, 76.00 B in 0.001536 sec., 651.0416666666666 rows/sec., 48.32 KiB/sec.
2025.11.02 19:47:53.357623 [ 80 ] {22e2e28e-029c-4cc7-b6a7-7f104b9d32fd} <Debug> DynamicQueryHandler: Done processing query
2025.11.02 19:47:53.357687 [ 80 ] {22e2e28e-029c-4cc7-b6a7-7f104b9d32fd} <Debug> MemoryTracker: Query peak memory usage: 4.01 MiB.
2025.11.02 19:47:53.357764 [ 80 ] {} <Debug> HTTP-Session-2a9b54d1-ea36-45fb-ae0a-e559cf2809eb: 2a9b54d1-ea36-45fb-ae0a-e559cf2809eb Logout, user_id: 94309d50-4f52-5250-31bd-74fecac179db
2025.11.02 19:47:53.381119 [ 81 ] {2407314e-7df6-4401-a897-ae4d0fd946d8} <Debug> executeQuery: (from 172.19.0.4:36128, initial_query_id: c467e528-6db6-4906-9001-1f01fef81c14) SELECT `__table1`.`create_time` AS `create_time`, `__table1`.`y` AS `y`, `__table1`.`m` AS `m`, `__table1`.`id` AS `id`, `__table1`.`value` AS `value` FROM `db_part`.`tbl_part_local` AS `__table1` WHERE _CAST(0, 'UInt8') (stage: Complete)
2025.11.02 19:47:53.381636 [ 81 ] {2407314e-7df6-4401-a897-ae4d0fd946d8} <Debug> db_part.tbl_part_local (b5c3be3c-8183-4895-9517-ab88c0e7e9e0) (SelectExecutor): Selected 0/0 parts by partition key, 0 parts by primary key, 0/0 marks by primary key, 0 marks to read from 0 ranges
2025.11.02 19:47:53.382161 [ 81 ] {2407314e-7df6-4401-a897-ae4d0fd946d8} <Debug> TCPHandler: Processed in 0.001264125 sec.
2025.11.02 19:47:53.402093 [ 80 ] {} <Debug> HTTP-Session-51c23efa-c7f1-42fa-8c71-0d89f631d561: Authenticating user 'default' from 172.19.0.7:48590
2025.11.02 19:47:53.402168 [ 80 ] {} <Debug> HTTP-Session-51c23efa-c7f1-42fa-8c71-0d89f631d561: 51c23efa-c7f1-42fa-8c71-0d89f631d561 Authenticated with global context as user 94309d50-4f52-5250-31bd-74fecac179db
2025.11.02 19:47:53.402213 [ 80 ] {} <Debug> HTTP-Session-51c23efa-c7f1-42fa-8c71-0d89f631d561: Creating session context with user_id: 94309d50-4f52-5250-31bd-74fecac179db
2025.11.02 19:47:53.402401 [ 80 ] {8e65a9b4-c31d-417a-b43f-91db18b9040e} <Debug> executeQuery: (from 172.19.0.7:48590) SELECT partition, -- String
 partition_id, -- String
 sum(rows) AS row_count, -- UInt64
 sum(bytes_on_disk) AS size_in_bytes -- UInt64
 FROM `system`.`parts` WHERE `database`='db_part' AND `table`='tbl_part_local' AND `active`=1 GROUP BY `partition`, `partition_id` ORDER BY `partition` ASC, partition_id ASC  (stage: Complete)
2025.11.02 19:47:53.403884 [ 80 ] {8e65a9b4-c31d-417a-b43f-91db18b9040e} <Debug> executeQuery: Read 1 rows, 76.00 B in 0.001559 sec., 641.4368184733803 rows/sec., 47.61 KiB/sec.
2025.11.02 19:47:53.404219 [ 80 ] {8e65a9b4-c31d-417a-b43f-91db18b9040e} <Debug> DynamicQueryHandler: Done processing query
2025.11.02 19:47:53.404283 [ 80 ] {8e65a9b4-c31d-417a-b43f-91db18b9040e} <Debug> MemoryTracker: Query peak memory usage: 4.02 MiB.
2025.11.02 19:47:53.404344 [ 80 ] {} <Debug> HTTP-Session-51c23efa-c7f1-42fa-8c71-0d89f631d561: 51c23efa-c7f1-42fa-8c71-0d89f631d561 Logout, user_id: 94309d50-4f52-5250-31bd-74fecac179db
2025.11.02 19:47:53.419703 [ 731 ] {} <Debug> DDLWorker: Scheduling tasks
2025.11.02 19:47:53.420313 [ 731 ] {} <Debug> DDLWorker: Will schedule 1 tasks starting from query-0000000003
2025.11.02 19:47:53.421040 [ 731 ] {} <Debug> DDLWorker: Processing task query-0000000003 (query: ALTER TABLE db_part.tbl_part_local (DROP PARTITION 2), backup restore: false)
2025.11.02 19:47:53.421911 [ 731 ] {} <Debug> DDLWorker: Executing query: ALTER TABLE db_part.tbl_part_local (DROP PARTITION 2)
2025.11.02 19:47:53.422026 [ 731 ] {230fbbdc-3ab6-4c62-99f7-c44d06af993e} <Debug> executeQuery: (from 0.0.0.0:0, user: , initial_query_id: 7ca880d8-8c7a-4589-b59a-458b892dce0d) /* ddl_entry=query-0000000003 */ ALTER TABLE db_part.tbl_part_local (DROP PARTITION 2) (stage: Complete)
2025.11.02 19:47:53.422591 [ 731 ] {230fbbdc-3ab6-4c62-99f7-c44d06af993e} <Information> db_part.tbl_part_local (b5c3be3c-8183-4895-9517-ab88c0e7e9e0): Remove 0 parts by covering them with empty 0 parts. With txn (1, 1, 00000000-0000-0000-0000-000000000000).
2025.11.02 19:47:53.422638 [ 731 ] {230fbbdc-3ab6-4c62-99f7-c44d06af993e} <Information> db_part.tbl_part_local (b5c3be3c-8183-4895-9517-ab88c0e7e9e0): Dropped partition with 0 parts by replacing them with new empty 0 parts. With txn (1, 1, 00000000-0000-0000-0000-000000000000)
2025.11.02 19:47:53.422793 [ 731 ] {230fbbdc-3ab6-4c62-99f7-c44d06af993e} <Debug> DDLWorker: Executed query: /* ddl_entry=query-0000000003 */ ALTER TABLE db_part.tbl_part_local (DROP PARTITION 2)
2025.11.02 19:47:53.424296 [ 731 ] {} <Debug> DDLWorker: Waiting for queue updates
2025.11.02 19:47:53.477922 [ 81 ] {1cca5499-9909-4727-b47c-13f0629b2055} <Debug> executeQuery: (from 172.19.0.4:36128, initial_query_id: 187852eb-e5d2-44f4-80aa-95a8e2c678da) SELECT `__table1`.`create_time` AS `create_time`, `__table1`.`y` AS `y`, `__table1`.`m` AS `m`, `__table1`.`id` AS `id`, `__table1`.`value` AS `value` FROM `db_part`.`tbl_part_local` AS `__table1` WHERE _CAST(0, 'UInt8') (stage: Complete)
2025.11.02 19:47:53.478435 [ 81 ] {1cca5499-9909-4727-b47c-13f0629b2055} <Debug> db_part.tbl_part_local (b5c3be3c-8183-4895-9517-ab88c0e7e9e0) (SelectExecutor): Selected 0/0 parts by partition key, 0 parts by primary key, 0/0 marks by primary key, 0 marks to read from 0 ranges
2025.11.02 19:47:53.478815 [ 81 ] {1cca5499-9909-4727-b47c-13f0629b2055} <Debug> TCPHandler: Processed in 0.001077 sec.
2025.11.02 19:47:53.505543 [ 80 ] {} <Debug> HTTP-Session-3888fd56-b47f-4f93-90ef-5c68dbc1fd60: Authenticating user 'default' from 172.19.0.7:48596
2025.11.02 19:47:53.505662 [ 80 ] {} <Debug> HTTP-Session-3888fd56-b47f-4f93-90ef-5c68dbc1fd60: 3888fd56-b47f-4f93-90ef-5c68dbc1fd60 Authenticated with global context as user 94309d50-4f52-5250-31bd-74fecac179db
2025.11.02 19:47:53.505719 [ 80 ] {} <Debug> HTTP-Session-3888fd56-b47f-4f93-90ef-5c68dbc1fd60: Creating session context with user_id: 94309d50-4f52-5250-31bd-74fecac179db
2025.11.02 19:47:53.505934 [ 80 ] {9d8fe805-13d5-45dc-bea3-9a627aa0bb8b} <Debug> executeQuery: (from 172.19.0.7:48596) SELECT partition, -- String
 partition_id, -- String
 sum(rows) AS row_count, -- UInt64
 sum(bytes_on_disk) AS size_in_bytes -- UInt64
 FROM `system`.`parts` WHERE `database`='db_part' AND `table`='tbl_part_local' AND `active`=1 GROUP BY `partition`, `partition_id` ORDER BY `partition` ASC, partition_id ASC  (stage: Complete)
2025.11.02 19:47:53.514462 [ 80 ] {9d8fe805-13d5-45dc-bea3-9a627aa0bb8b} <Debug> executeQuery: Read 1 rows, 76.00 B in 0.008611 sec., 116.13053071652537 rows/sec., 8.62 KiB/sec.
2025.11.02 19:47:53.514860 [ 80 ] {9d8fe805-13d5-45dc-bea3-9a627aa0bb8b} <Debug> DynamicQueryHandler: Done processing query
2025.11.02 19:47:53.514947 [ 80 ] {9d8fe805-13d5-45dc-bea3-9a627aa0bb8b} <Debug> MemoryTracker: Query peak memory usage: 4.02 MiB.
2025.11.02 19:47:53.515033 [ 80 ] {} <Debug> HTTP-Session-3888fd56-b47f-4f93-90ef-5c68dbc1fd60: 3888fd56-b47f-4f93-90ef-5c68dbc1fd60 Logout, user_id: 94309d50-4f52-5250-31bd-74fecac179db
2025.11.02 19:47:53.555397 [ 731 ] {} <Debug> DDLWorker: Scheduling tasks
2025.11.02 19:47:53.556045 [ 731 ] {} <Debug> DDLWorker: Will schedule 1 tasks starting from query-0000000004
2025.11.02 19:47:53.556889 [ 731 ] {} <Debug> DDLWorker: Processing task query-0000000004 (query: DROP TABLE IF EXISTS db_part.tbl_part, backup restore: false)
2025.11.02 19:47:53.557756 [ 731 ] {} <Debug> DDLWorker: Executing query: DROP TABLE IF EXISTS db_part.tbl_part
2025.11.02 19:47:53.557994 [ 731 ] {5d80e8c2-2e79-4129-9e91-604abc78a88c} <Debug> executeQuery: (from 0.0.0.0:0, user: , initial_query_id: 165891de-8f36-4442-9b25-baf412962af8) /* ddl_entry=query-0000000004 */ DROP TABLE IF EXISTS db_part.tbl_part (stage: Complete)
2025.11.02 19:47:53.558070 [ 731 ] {5d80e8c2-2e79-4129-9e91-604abc78a88c} <Information> StorageDistributed (tbl_part): Flushing pending INSERT blocks
2025.11.02 19:47:53.558115 [ 731 ] {5d80e8c2-2e79-4129-9e91-604abc78a88c} <Information> StorageDistributed (tbl_part): Pending INSERT blocks flushed, took 0 ms.
2025.11.02 19:47:53.558162 [ 731 ] {5d80e8c2-2e79-4129-9e91-604abc78a88c} <Debug> StorageDistributed (tbl_part): Joining background threads for async INSERT
2025.11.02 19:47:53.558233 [ 731 ] {5d80e8c2-2e79-4129-9e91-604abc78a88c} <Debug> StorageDistributed (tbl_part): Background threads for async INSERT joined
2025.11.02 19:47:53.558537 [ 731 ] {5d80e8c2-2e79-4129-9e91-604abc78a88c} <Debug> DDLWorker: Executed query: /* ddl_entry=query-0000000004 */ DROP TABLE IF EXISTS db_part.tbl_part
2025.11.02 19:47:53.559745 [ 731 ] {} <Debug> DDLWorker: Waiting for queue updates
2025.11.02 19:47:53.619418 [ 731 ] {} <Debug> DDLWorker: Scheduling tasks
2025.11.02 19:47:53.619974 [ 731 ] {} <Debug> DDLWorker: Will schedule 1 tasks starting from query-0000000005
2025.11.02 19:47:53.620693 [ 731 ] {} <Debug> DDLWorker: Processing task query-0000000005 (query: DROP TABLE IF EXISTS db_part.tbl_part_local, backup restore: false)
2025.11.02 19:47:53.621464 [ 731 ] {} <Debug> DDLWorker: Executing query: DROP TABLE IF EXISTS db_part.tbl_part_local
2025.11.02 19:47:53.621584 [ 731 ] {84af5acb-ba09-4db0-8e7c-78f9f4c2df2c} <Debug> executeQuery: (from 0.0.0.0:0, user: , initial_query_id: 7ed8ecdd-5b4e-4974-9035-c42e0f08d5a2) /* ddl_entry=query-0000000005 */ DROP TABLE IF EXISTS db_part.tbl_part_local (stage: Complete)
2025.11.02 19:47:53.621874 [ 731 ] {84af5acb-ba09-4db0-8e7c-78f9f4c2df2c} <Debug> DDLWorker: Executed query: /* ddl_entry=query-0000000005 */ DROP TABLE IF EXISTS db_part.tbl_part_local
2025.11.02 19:47:53.622814 [ 731 ] {} <Debug> DDLWorker: Waiting for queue updates
2025.11.02 19:47:53.682355 [ 731 ] {} <Debug> DDLWorker: Scheduling tasks
2025.11.02 19:47:53.682925 [ 731 ] {} <Debug> DDLWorker: Will schedule 1 tasks starting from query-0000000006
2025.11.02 19:47:53.683915 [ 731 ] {} <Debug> DDLWorker: Processing task query-0000000006 (query: DROP DATABASE IF EXISTS db_part, backup restore: false)
2025.11.02 19:47:53.685432 [ 731 ] {} <Debug> DDLWorker: Executing query: DROP DATABASE IF EXISTS db_part
2025.11.02 19:47:53.685583 [ 731 ] {abba2ea2-4abe-4560-9852-8472362b28fc} <Debug> executeQuery: (from 0.0.0.0:0, user: , initial_query_id: 3c285806-09d2-4988-b3ef-ca6fb5511f98) /* ddl_entry=query-0000000006 */ DROP DATABASE IF EXISTS db_part (stage: Complete)
2025.11.02 19:47:53.685645 [ 731 ] {abba2ea2-4abe-4560-9852-8472362b28fc} <Debug> DatabaseAtomic (db_part): There are 0 detached tables. Start searching non used tables.
2025.11.02 19:47:53.685681 [ 731 ] {abba2ea2-4abe-4560-9852-8472362b28fc} <Debug> DatabaseAtomic (db_part): Found 0 non used tables in detached tables.
2025.11.02 19:47:53.685907 [ 731 ] {abba2ea2-4abe-4560-9852-8472362b28fc} <Debug> DDLWorker: Executed query: /* ddl_entry=query-0000000006 */ DROP DATABASE IF EXISTS db_part
2025.11.02 19:47:53.686939 [ 731 ] {} <Debug> DDLWorker: Waiting for queue updates
2025.11.02 19:47:54.388598 [ 79 ] {} <Information> Application: Received termination signal (Terminated)
2025.11.02 19:47:54.388880 [ 1 ] {} <Debug> Application: Received termination signal.
2025.11.02 19:47:54.389071 [ 1 ] {} <Debug> Application: Waiting for current connections to close.
2025.11.02 19:47:54.389946 [ 1 ] {} <Warning> Application: Closed all listening sockets. Waiting for 2 outstanding connections.
