2025.11.02 19:46:58.251574 [ 1 ] {} <Information> SentryWriter: Sending crash reports is disabled
2025.11.02 19:46:58.311355 [ 1 ] {} <Information> Application: Starting ClickHouse 25.3.7.194 (revision: 54502, git hash: 36637934778b7d39b37f378d258359dd6ffdd110, build id: E09B0ADBF9AF0530703B179DBA02705D5DF508C0), PID 1
2025.11.02 19:46:58.311437 [ 1 ] {} <Information> Application: starting up
2025.11.02 19:46:58.311500 [ 1 ] {} <Information> Application: OS name: Linux, version: 6.10.14-linuxkit, architecture: aarch64
2025.11.02 19:46:58.311773 [ 1 ] {} <Information> Jemalloc: Value for background_thread set to true (from true)
2025.11.02 19:46:58.329151 [ 1 ] {} <Information> Application: Available RAM: 7.65 GiB; logical cores: 14; used cores: 14.
2025.11.02 19:46:58.331804 [ 1 ] {} <Information> CgroupsReader: Will create cgroup reader from '/sys/fs/cgroup/' (cgroups version: v2)
2025.11.02 19:46:58.334642 [ 1 ] {} <Warning> Application: Integrity check of the executable skipped because the reference checksum could not be read.
2025.11.02 19:46:58.334777 [ 1 ] {} <Information> Application: It looks like the process has no CAP_IPC_LOCK capability, binary mlock will be disabled. It could happen due to incorrect ClickHouse package installation. You could resolve the problem manually with 'sudo setcap cap_ipc_lock=+ep /usr/bin/clickhouse'. Note that it will not work on 'nosuid' mounted filesystems.
2025.11.02 19:46:58.334813 [ 1 ] {} <Information> MemoryWorker: Starting background memory thread with period of 50ms, using Cgroups as source
2025.11.02 19:46:58.336284 [ 1 ] {} <Information> BackgroundSchedulePool/BgSchPool: Create BackgroundSchedulePool with 512 threads
2025.11.02 19:46:58.389467 [ 84 ] {} <Information> MemoryTracker: Correcting the value of global memory tracker from 1.51 MiB to 237.54 MiB
2025.11.02 19:46:58.452757 [ 1 ] {} <Debug> Application: rlimit on number of file descriptors is 1048576
2025.11.02 19:46:58.453645 [ 1 ] {} <Debug> Application: rlimit on number of threads is 18446744073709551615
2025.11.02 19:46:58.454454 [ 1 ] {} <Debug> Application: Initializing DateLUT.
2025.11.02 19:46:58.454955 [ 1 ] {} <Debug> Context: Setting up /var/lib/clickhouse/tmp/ to store temporary data in it
2025.11.02 19:46:58.457261 [ 1 ] {} <Debug> Application: Initializing interserver credentials.
2025.11.02 19:46:58.462192 [ 1 ] {} <Information> Application: Lowered uncompressed cache size to 3.83 GiB because the system has limited RAM
2025.11.02 19:46:58.462301 [ 1 ] {} <Information> Application: Lowered mark cache size to 3.83 GiB because the system has limited RAM
2025.11.02 19:46:58.462357 [ 1 ] {} <Information> Application: Lowered primary index cache size to 3.83 GiB because the system has limited RAM
2025.11.02 19:46:58.463482 [ 1 ] {} <Information> Application: Lowered index mark cache size to 3.83 GiB because the system has limited RAM
2025.11.02 19:46:58.464829 [ 1 ] {} <Debug> FileCacheFactory: Will load 0 caches from default cache config
2025.11.02 19:46:58.474741 [ 1 ] {} <Debug> ConfigReloader: Loading config '/etc/clickhouse-server/config.xml'
2025.11.02 19:46:58.475285 [ 1 ] {} <Debug> ConfigProcessor: Processing configuration file '/etc/clickhouse-server/config.xml'.
2025.11.02 19:46:58.476173 [ 1 ] {} <Debug> ConfigProcessor: Merging configuration file '/etc/clickhouse-server/config.d/docker_related_config.xml'.
2025.11.02 19:46:58.476484 [ 1 ] {} <Debug> ConfigProcessor: Merging configuration file '/etc/clickhouse-server/config.d/interserver_http_host.xml'.
2025.11.02 19:46:58.477111 [ 1 ] {} <Debug> ConfigProcessor: Merging configuration file '/etc/clickhouse-server/config.d/macros.xml'.
2025.11.02 19:46:58.477563 [ 1 ] {} <Debug> ConfigProcessor: Merging configuration file '/etc/clickhouse-server/config.d/remote_servers.xml'.
2025.11.02 19:46:58.478399 [ 1 ] {} <Debug> ConfigProcessor: Merging configuration file '/etc/clickhouse-server/config.d/zookeeper.xml'.
2025.11.02 19:46:58.480245 [ 1 ] {} <Debug> ConfigProcessor: Saved preprocessed configuration to '/var/lib/clickhouse/preprocessed_configs/config.xml'.
2025.11.02 19:46:58.481552 [ 1 ] {} <Debug> ConfigReloader: Loaded config '/etc/clickhouse-server/config.xml', performing update on configuration
2025.11.02 19:46:58.482800 [ 1 ] {} <Information> Application: Changed setting 'max_server_memory_usage' to 6.89 GiB (7.65 GiB available memory * 0.90 max_server_memory_usage_to_ram_ratio)
2025.11.02 19:46:58.482892 [ 1 ] {} <Information> Application: Setting merges_mutations_memory_usage_soft_limit was set to 3.83 GiB (7.65 GiB available * 0.50 merges_mutations_memory_usage_to_ram_ratio)
2025.11.02 19:46:58.482971 [ 1 ] {} <Information> Application: Merges and mutations memory limit is set to 3.83 GiB
2025.11.02 19:46:58.485181 [ 1 ] {} <Information> Application: Setting max_remote_read_network_bandwidth_for_server was set to 0
2025.11.02 19:46:58.485255 [ 1 ] {} <Information> Application: Setting max_remote_write_network_bandwidth_for_server was set to 0
2025.11.02 19:46:58.485364 [ 1 ] {} <Information> Application: Setting max_local_read_bandwidth_for_server was set to 0
2025.11.02 19:46:58.485531 [ 1 ] {} <Information> Application: Setting max_local_write_bandwidth_for_server was set to 0
2025.11.02 19:46:58.485615 [ 1 ] {} <Information> Application: ConcurrencyControl limit is set to UNLIMITED CPU slots with 'round_robin' scheduler
2025.11.02 19:46:58.485681 [ 1 ] {} <Information> BackgroundSchedulePool/BgBufSchPool: Create BackgroundSchedulePool with 16 threads
2025.11.02 19:46:58.486779 [ 1 ] {} <Information> BackgroundSchedulePool/BgMBSchPool: Create BackgroundSchedulePool with 16 threads
2025.11.02 19:46:58.488178 [ 1 ] {} <Information> BackgroundSchedulePool/BgDistSchPool: Create BackgroundSchedulePool with 16 threads
2025.11.02 19:46:58.493854 [ 1 ] {} <Debug> ConfigReloader: Loaded config '/etc/clickhouse-server/config.xml', performed update on configuration
2025.11.02 19:46:58.515699 [ 1 ] {} <Warning> Application: Listen [::]:9009 failed: Poco::Exception. Code: 1000, e.code() = 0, DNS error: EAI: Address family for hostname not supported (version 25.3.7.194 (official build)). If it is an IPv6 or IPv4 address and your host has disabled IPv6 or IPv4, then consider to specify not disabled IPv4 or IPv6 address to listen in <listen_host> element of configuration file. Example for disabled IPv6: <listen_host>0.0.0.0</listen_host> . Example for disabled IPv4: <listen_host>::</listen_host>
2025.11.02 19:46:58.516821 [ 1 ] {} <Information> Application: Listening for replica communication (interserver): http://0.0.0.0:9009
2025.11.02 19:46:58.517005 [ 1 ] {} <Warning> Access(local_directory): File /var/lib/clickhouse/access/users.list doesn't exist
2025.11.02 19:46:58.517112 [ 1 ] {} <Warning> Access(local_directory): Recovering lists in directory /var/lib/clickhouse/access/
2025.11.02 19:46:58.518173 [ 1 ] {} <Debug> Access(user directories): Added local_directory access storage 'local_directory', path: /var/lib/clickhouse/access/
2025.11.02 19:46:58.520455 [ 1 ] {} <Debug> ConfigReloader: Loading config '/etc/clickhouse-server/users.xml'
2025.11.02 19:46:58.520497 [ 1 ] {} <Debug> ConfigProcessor: Processing configuration file '/etc/clickhouse-server/users.xml'.
2025.11.02 19:46:58.520627 [ 1 ] {} <Debug> ConfigProcessor: Merging configuration file '/etc/clickhouse-server/users.d/users.xml'.
2025.11.02 19:46:58.521279 [ 1 ] {} <Debug> ConfigProcessor: Saved preprocessed configuration to '/var/lib/clickhouse/preprocessed_configs/users.xml'.
2025.11.02 19:46:58.521360 [ 1 ] {} <Debug> ConfigReloader: Loaded config '/etc/clickhouse-server/users.xml', performing update on configuration
2025.11.02 19:46:58.521839 [ 1 ] {} <Debug> ConfigReloader: Loaded config '/etc/clickhouse-server/users.xml', performed update on configuration
2025.11.02 19:46:58.522019 [ 1 ] {} <Debug> Access(user directories): Added users_xml access storage 'users_xml', path: /etc/clickhouse-server/users.xml
2025.11.02 19:46:58.522142 [ 1 ] {} <Information> CgroupsMemoryUsageObserver: Started cgroup current memory usage observer thread
2025.11.02 19:46:58.522249 [ 650 ] {} <Information> CgroupsMemoryUsageObserver: Memory amount initially available to the process is 7.65 GiB
2025.11.02 19:46:58.524250 [ 1 ] {} <Information> Context: Initialized background executor for merges and mutations with num_threads=16, num_tasks=32, scheduling_policy=round_robin
2025.11.02 19:46:58.525642 [ 1 ] {} <Information> Context: Initialized background executor for move operations with num_threads=8, num_tasks=8
2025.11.02 19:46:58.527569 [ 1 ] {} <Information> Context: Initialized background executor for fetches with num_threads=16, num_tasks=16
2025.11.02 19:46:58.528358 [ 1 ] {} <Information> Context: Initialized background executor for common operations (e.g. clearing old parts) with num_threads=8, num_tasks=8
2025.11.02 19:46:58.537219 [ 1 ] {} <Warning> Context: Linux transparent hugepages are set to "always". Check /sys/kernel/mm/transparent_hugepage/enabled
2025.11.02 19:46:58.537592 [ 1 ] {} <Warning> Context: Delay accounting is not enabled, OSIOWaitMicroseconds will not be gathered. You can enable it using `echo 1 > /proc/sys/kernel/task_delayacct` or by using sysctl.
2025.11.02 19:46:58.543151 [ 1 ] {} <Information> DNSCacheUpdater: Update period 15 seconds
2025.11.02 19:46:58.543730 [ 95 ] {} <Debug> DNSResolver: Updating DNS cache
2025.11.02 19:46:58.545447 [ 95 ] {} <Debug> DNSResolver: Updated DNS cache
2025.11.02 19:46:58.547787 [ 1 ] {} <Information> Application: Loading metadata from /var/lib/clickhouse/
2025.11.02 19:46:58.547881 [ 1 ] {} <Information> Context: Database disk name: default
2025.11.02 19:46:58.547930 [ 1 ] {} <Information> Context: Database disk name: default, path: /var/lib/clickhouse/
2025.11.02 19:46:58.548297 [ 1 ] {} <Debug> loadSystemDatabase: metadata_file_path metadata/system.sql, existsFile false
2025.11.02 19:46:58.551255 [ 1 ] {} <Debug> loadSystemDatabase: metadata_file_path metadata/information_schema.sql, existsFile false
2025.11.02 19:46:58.552592 [ 1 ] {} <Debug> loadSystemDatabase: metadata_file_path metadata/INFORMATION_SCHEMA.sql, existsFile false
2025.11.02 19:46:58.553670 [ 1 ] {} <Information> DatabaseAtomic (system): Metadata processed, database system has 0 tables and 0 dictionaries in total.
2025.11.02 19:46:58.553739 [ 1 ] {} <Information> TablesLoader: Parsed metadata of 0 tables in 1 databases in 9.1708e-05 sec
2025.11.02 19:46:58.554191 [ 1 ] {} <Debug> AsyncLoader: Prioritize load job 'startup Atomic database system': BackgrndStartup -> ForegroundLoad
2025.11.02 19:46:58.554256 [ 1 ] {} <Debug> AsyncLoader: Prioritize load job 'startup Ordinary database system': BackgrndStartup -> ForegroundLoad
2025.11.02 19:46:58.554305 [ 1 ] {} <Debug> AsyncLoader: Schedule load job 'startup Ordinary database system' into ForegroundLoad
2025.11.02 19:46:58.554333 [ 1 ] {} <Debug> AsyncLoader: Schedule load job 'startup Atomic database system' into ForegroundLoad
2025.11.02 19:46:58.554374 [ 1 ] {} <Debug> AsyncLoader: Change current priority: none -> 0
2025.11.02 19:46:58.554420 [ 1 ] {} <Debug> AsyncLoader: Spawn loader worker #1 in ForegroundLoad
2025.11.02 19:46:58.554538 [ 1 ] {} <Debug> AsyncLoader: Wait load job 'startup Atomic database system' in ForegroundLoad
2025.11.02 19:46:58.554596 [ 715 ] {} <Debug> AsyncLoader: Execute load job 'startup Ordinary database system' in ForegroundLoad
2025.11.02 19:46:58.555300 [ 715 ] {} <Debug> AsyncLoader: Finish load job 'startup Ordinary database system' with status OK
2025.11.02 19:46:58.555343 [ 715 ] {} <Debug> AsyncLoader: Spawn loader worker #2 in ForegroundLoad
2025.11.02 19:46:58.555470 [ 715 ] {} <Debug> AsyncLoader: Execute load job 'startup Atomic database system' in ForegroundLoad
2025.11.02 19:46:58.555533 [ 716 ] {} <Debug> AsyncLoader: Stop worker in ForegroundLoad
2025.11.02 19:46:58.555968 [ 715 ] {} <Debug> AsyncLoader: Finish load job 'startup Atomic database system' with status OK
2025.11.02 19:46:58.556037 [ 715 ] {} <Debug> AsyncLoader: Stop worker in ForegroundLoad
2025.11.02 19:46:58.556099 [ 715 ] {} <Debug> AsyncLoader: Change current priority: 0 -> none
2025.11.02 19:46:58.556474 [ 1 ] {} <Debug> SystemLog: Creating system.query_log from query_log
2025.11.02 19:46:58.565465 [ 1 ] {} <Debug> SystemLog: Creating system.query_thread_log from query_thread_log
2025.11.02 19:46:58.565752 [ 1 ] {} <Debug> SystemLog: Not creating system.part_log since corresponding section 'part_log' is missing from config
2025.11.02 19:46:58.565811 [ 1 ] {} <Debug> SystemLog: Not creating system.trace_log since corresponding section 'trace_log' is missing from config
2025.11.02 19:46:58.565878 [ 1 ] {} <Debug> SystemLog: Not creating system.crash_log since corresponding section 'crash_log' is missing from config
2025.11.02 19:46:58.565939 [ 1 ] {} <Debug> SystemLog: Not creating system.text_log since corresponding section 'text_log' is missing from config
2025.11.02 19:46:58.566002 [ 1 ] {} <Debug> SystemLog: Creating system.metric_log from metric_log
2025.11.02 19:46:58.569653 [ 1 ] {} <Debug> SystemLog: Not creating system.latency_log since corresponding section 'latency_log' is missing from config
2025.11.02 19:46:58.572192 [ 1 ] {} <Debug> SystemLog: Not creating system.error_log since corresponding section 'error_log' is missing from config
2025.11.02 19:46:58.572341 [ 1 ] {} <Debug> SystemLog: Not creating system.filesystem_cache_log since corresponding section 'filesystem_cache_log' is missing from config
2025.11.02 19:46:58.572392 [ 1 ] {} <Debug> SystemLog: Not creating system.filesystem_read_prefetches_log since corresponding section 'filesystem_read_prefetches_log' is missing from config
2025.11.02 19:46:58.572446 [ 1 ] {} <Debug> SystemLog: Not creating system.s3queue_log since corresponding section 's3queue_log' is missing from config
2025.11.02 19:46:58.572501 [ 1 ] {} <Debug> SystemLog: Not creating system.azure_queue_log since corresponding section 'azure_queue_log' is missing from config
2025.11.02 19:46:58.572564 [ 1 ] {} <Debug> SystemLog: Not creating system.asynchronous_metric_log since corresponding section 'asynchronous_metric_log' is missing from config
2025.11.02 19:46:58.572625 [ 1 ] {} <Debug> SystemLog: Not creating system.opentelemetry_span_log since corresponding section 'opentelemetry_span_log' is missing from config
2025.11.02 19:46:58.572655 [ 1 ] {} <Debug> SystemLog: Not creating system.query_views_log since corresponding section 'query_views_log' is missing from config
2025.11.02 19:46:58.572681 [ 1 ] {} <Debug> SystemLog: Not creating system.zookeeper_log since corresponding section 'zookeeper_log' is missing from config
2025.11.02 19:46:58.572707 [ 1 ] {} <Debug> SystemLog: Not creating system.session_log since corresponding section 'session_log' is missing from config
2025.11.02 19:46:58.572761 [ 1 ] {} <Debug> SystemLog: Not creating system.transactions_info_log since corresponding section 'transactions_info_log' is missing from config
2025.11.02 19:46:58.572812 [ 1 ] {} <Debug> SystemLog: Not creating system.processors_profile_log since corresponding section 'processors_profile_log' is missing from config
2025.11.02 19:46:58.572858 [ 1 ] {} <Debug> SystemLog: Not creating system.asynchronous_insert_log since corresponding section 'asynchronous_insert_log' is missing from config
2025.11.02 19:46:58.573163 [ 1 ] {} <Debug> SystemLog: Not creating system.backup_log since corresponding section 'backup_log' is missing from config
2025.11.02 19:46:58.573239 [ 1 ] {} <Debug> SystemLog: Not creating system.blob_storage_log since corresponding section 'blob_storage_log' is missing from config
2025.11.02 19:46:58.573298 [ 1 ] {} <Debug> SystemLog: Not creating system.query_metric_log since corresponding section 'query_metric_log' is missing from config
2025.11.02 19:46:58.575107 [ 1 ] {} <Debug> DatabaseAtomic (system): There are 0 detached tables. Start searching non used tables.
2025.11.02 19:46:58.575148 [ 1 ] {} <Debug> DatabaseAtomic (system): Found 0 non used tables in detached tables.
2025.11.02 19:46:58.575860 [ 1 ] {} <Debug> DatabaseAtomic (system): There are 0 detached tables. Start searching non used tables.
2025.11.02 19:46:58.575910 [ 1 ] {} <Debug> DatabaseAtomic (system): Found 0 non used tables in detached tables.
2025.11.02 19:46:58.576175 [ 1 ] {} <Debug> DatabaseAtomic (system): There are 0 detached tables. Start searching non used tables.
2025.11.02 19:46:58.576249 [ 1 ] {} <Debug> DatabaseAtomic (system): Found 0 non used tables in detached tables.
2025.11.02 19:46:58.576335 [ 1 ] {} <Debug> DatabaseAtomic (system): There are 0 detached tables. Start searching non used tables.
2025.11.02 19:46:58.576384 [ 1 ] {} <Debug> DatabaseAtomic (system): Found 0 non used tables in detached tables.
2025.11.02 19:46:58.576444 [ 1 ] {} <Debug> DatabaseAtomic (system): There are 0 detached tables. Start searching non used tables.
2025.11.02 19:46:58.576494 [ 1 ] {} <Debug> DatabaseAtomic (system): Found 0 non used tables in detached tables.
2025.11.02 19:46:58.576611 [ 1 ] {} <Debug> DatabaseAtomic (system): There are 0 detached tables. Start searching non used tables.
2025.11.02 19:46:58.576659 [ 1 ] {} <Debug> DatabaseAtomic (system): Found 0 non used tables in detached tables.
2025.11.02 19:46:58.576765 [ 1 ] {} <Debug> DatabaseAtomic (system): There are 0 detached tables. Start searching non used tables.
2025.11.02 19:46:58.576805 [ 1 ] {} <Debug> DatabaseAtomic (system): Found 0 non used tables in detached tables.
2025.11.02 19:46:58.576866 [ 1 ] {} <Debug> DatabaseAtomic (system): There are 0 detached tables. Start searching non used tables.
2025.11.02 19:46:58.576894 [ 1 ] {} <Debug> DatabaseAtomic (system): Found 0 non used tables in detached tables.
2025.11.02 19:46:58.576970 [ 1 ] {} <Debug> DatabaseAtomic (system): There are 0 detached tables. Start searching non used tables.
2025.11.02 19:46:58.577032 [ 1 ] {} <Debug> DatabaseAtomic (system): Found 0 non used tables in detached tables.
2025.11.02 19:46:58.577133 [ 1 ] {} <Debug> DatabaseAtomic (system): There are 0 detached tables. Start searching non used tables.
2025.11.02 19:46:58.577174 [ 1 ] {} <Debug> DatabaseAtomic (system): Found 0 non used tables in detached tables.
2025.11.02 19:46:58.577258 [ 1 ] {} <Debug> DatabaseAtomic (system): There are 0 detached tables. Start searching non used tables.
2025.11.02 19:46:58.577299 [ 1 ] {} <Debug> DatabaseAtomic (system): Found 0 non used tables in detached tables.
2025.11.02 19:46:58.577373 [ 1 ] {} <Debug> DatabaseAtomic (system): There are 0 detached tables. Start searching non used tables.
2025.11.02 19:46:58.577412 [ 1 ] {} <Debug> DatabaseAtomic (system): Found 0 non used tables in detached tables.
2025.11.02 19:46:58.577486 [ 1 ] {} <Debug> DatabaseAtomic (system): There are 0 detached tables. Start searching non used tables.
2025.11.02 19:46:58.577525 [ 1 ] {} <Debug> DatabaseAtomic (system): Found 0 non used tables in detached tables.
2025.11.02 19:46:58.577588 [ 1 ] {} <Debug> DatabaseAtomic (system): There are 0 detached tables. Start searching non used tables.
2025.11.02 19:46:58.577626 [ 1 ] {} <Debug> DatabaseAtomic (system): Found 0 non used tables in detached tables.
2025.11.02 19:46:58.577717 [ 1 ] {} <Debug> DatabaseAtomic (system): There are 0 detached tables. Start searching non used tables.
2025.11.02 19:46:58.577746 [ 1 ] {} <Debug> DatabaseAtomic (system): Found 0 non used tables in detached tables.
2025.11.02 19:46:58.577801 [ 1 ] {} <Debug> DatabaseAtomic (system): There are 0 detached tables. Start searching non used tables.
2025.11.02 19:46:58.577838 [ 1 ] {} <Debug> DatabaseAtomic (system): Found 0 non used tables in detached tables.
2025.11.02 19:46:58.577910 [ 1 ] {} <Debug> DatabaseAtomic (system): There are 0 detached tables. Start searching non used tables.
2025.11.02 19:46:58.577954 [ 1 ] {} <Debug> DatabaseAtomic (system): Found 0 non used tables in detached tables.
2025.11.02 19:46:58.578015 [ 1 ] {} <Debug> DatabaseAtomic (system): There are 0 detached tables. Start searching non used tables.
2025.11.02 19:46:58.578078 [ 1 ] {} <Debug> DatabaseAtomic (system): Found 0 non used tables in detached tables.
2025.11.02 19:46:58.578157 [ 1 ] {} <Debug> DatabaseAtomic (system): There are 0 detached tables. Start searching non used tables.
2025.11.02 19:46:58.578203 [ 1 ] {} <Debug> DatabaseAtomic (system): Found 0 non used tables in detached tables.
2025.11.02 19:46:58.578306 [ 1 ] {} <Debug> DatabaseAtomic (system): There are 0 detached tables. Start searching non used tables.
2025.11.02 19:46:58.578361 [ 1 ] {} <Debug> DatabaseAtomic (system): Found 0 non used tables in detached tables.
2025.11.02 19:46:58.578471 [ 1 ] {} <Debug> DatabaseAtomic (system): There are 0 detached tables. Start searching non used tables.
2025.11.02 19:46:58.578524 [ 1 ] {} <Debug> DatabaseAtomic (system): Found 0 non used tables in detached tables.
2025.11.02 19:46:58.578619 [ 1 ] {} <Debug> DatabaseAtomic (system): There are 0 detached tables. Start searching non used tables.
2025.11.02 19:46:58.578653 [ 1 ] {} <Debug> DatabaseAtomic (system): Found 0 non used tables in detached tables.
2025.11.02 19:46:58.578753 [ 1 ] {} <Debug> DatabaseAtomic (system): There are 0 detached tables. Start searching non used tables.
2025.11.02 19:46:58.578806 [ 1 ] {} <Debug> DatabaseAtomic (system): Found 0 non used tables in detached tables.
2025.11.02 19:46:58.578882 [ 1 ] {} <Debug> DatabaseAtomic (system): There are 0 detached tables. Start searching non used tables.
2025.11.02 19:46:58.578931 [ 1 ] {} <Debug> DatabaseAtomic (system): Found 0 non used tables in detached tables.
2025.11.02 19:46:58.578987 [ 1 ] {} <Debug> DatabaseAtomic (system): There are 0 detached tables. Start searching non used tables.
2025.11.02 19:46:58.579039 [ 1 ] {} <Debug> DatabaseAtomic (system): Found 0 non used tables in detached tables.
2025.11.02 19:46:58.579419 [ 1 ] {} <Debug> DatabaseAtomic (system): There are 0 detached tables. Start searching non used tables.
2025.11.02 19:46:58.579468 [ 1 ] {} <Debug> DatabaseAtomic (system): Found 0 non used tables in detached tables.
2025.11.02 19:46:58.579560 [ 1 ] {} <Debug> DatabaseAtomic (system): There are 0 detached tables. Start searching non used tables.
2025.11.02 19:46:58.579605 [ 1 ] {} <Debug> DatabaseAtomic (system): Found 0 non used tables in detached tables.
2025.11.02 19:46:58.579994 [ 1 ] {} <Debug> DatabaseAtomic (system): There are 0 detached tables. Start searching non used tables.
2025.11.02 19:46:58.580045 [ 1 ] {} <Debug> DatabaseAtomic (system): Found 0 non used tables in detached tables.
2025.11.02 19:46:58.580117 [ 1 ] {} <Debug> DatabaseAtomic (system): There are 0 detached tables. Start searching non used tables.
2025.11.02 19:46:58.580166 [ 1 ] {} <Debug> DatabaseAtomic (system): Found 0 non used tables in detached tables.
2025.11.02 19:46:58.580220 [ 1 ] {} <Debug> DatabaseAtomic (system): There are 0 detached tables. Start searching non used tables.
2025.11.02 19:46:58.580264 [ 1 ] {} <Debug> DatabaseAtomic (system): Found 0 non used tables in detached tables.
2025.11.02 19:46:58.580315 [ 1 ] {} <Debug> DatabaseAtomic (system): There are 0 detached tables. Start searching non used tables.
2025.11.02 19:46:58.580339 [ 1 ] {} <Debug> DatabaseAtomic (system): Found 0 non used tables in detached tables.
2025.11.02 19:46:58.580424 [ 1 ] {} <Debug> DatabaseAtomic (system): There are 0 detached tables. Start searching non used tables.
2025.11.02 19:46:58.580501 [ 1 ] {} <Debug> DatabaseAtomic (system): Found 0 non used tables in detached tables.
2025.11.02 19:46:58.580583 [ 1 ] {} <Debug> DatabaseAtomic (system): There are 0 detached tables. Start searching non used tables.
2025.11.02 19:46:58.580672 [ 1 ] {} <Debug> DatabaseAtomic (system): Found 0 non used tables in detached tables.
2025.11.02 19:46:58.580777 [ 1 ] {} <Debug> DatabaseAtomic (system): There are 0 detached tables. Start searching non used tables.
2025.11.02 19:46:58.580823 [ 1 ] {} <Debug> DatabaseAtomic (system): Found 0 non used tables in detached tables.
2025.11.02 19:46:58.580910 [ 1 ] {} <Debug> DatabaseAtomic (system): There are 0 detached tables. Start searching non used tables.
2025.11.02 19:46:58.580970 [ 1 ] {} <Debug> DatabaseAtomic (system): Found 0 non used tables in detached tables.
2025.11.02 19:46:58.581051 [ 1 ] {} <Debug> DatabaseAtomic (system): There are 0 detached tables. Start searching non used tables.
2025.11.02 19:46:58.581118 [ 1 ] {} <Debug> DatabaseAtomic (system): Found 0 non used tables in detached tables.
2025.11.02 19:46:58.581200 [ 1 ] {} <Debug> DatabaseAtomic (system): There are 0 detached tables. Start searching non used tables.
2025.11.02 19:46:58.581239 [ 1 ] {} <Debug> DatabaseAtomic (system): Found 0 non used tables in detached tables.
2025.11.02 19:46:58.581323 [ 1 ] {} <Debug> DatabaseAtomic (system): There are 0 detached tables. Start searching non used tables.
2025.11.02 19:46:58.581371 [ 1 ] {} <Debug> DatabaseAtomic (system): Found 0 non used tables in detached tables.
2025.11.02 19:46:58.581426 [ 1 ] {} <Debug> DatabaseAtomic (system): There are 0 detached tables. Start searching non used tables.
2025.11.02 19:46:58.581472 [ 1 ] {} <Debug> DatabaseAtomic (system): Found 0 non used tables in detached tables.
2025.11.02 19:46:58.581567 [ 1 ] {} <Debug> DatabaseAtomic (system): There are 0 detached tables. Start searching non used tables.
2025.11.02 19:46:58.581603 [ 1 ] {} <Debug> DatabaseAtomic (system): Found 0 non used tables in detached tables.
2025.11.02 19:46:58.581646 [ 1 ] {} <Debug> DatabaseAtomic (system): There are 0 detached tables. Start searching non used tables.
2025.11.02 19:46:58.581674 [ 1 ] {} <Debug> DatabaseAtomic (system): Found 0 non used tables in detached tables.
2025.11.02 19:46:58.581709 [ 1 ] {} <Debug> DatabaseAtomic (system): There are 0 detached tables. Start searching non used tables.
2025.11.02 19:46:58.581742 [ 1 ] {} <Debug> DatabaseAtomic (system): Found 0 non used tables in detached tables.
2025.11.02 19:46:58.581778 [ 1 ] {} <Debug> DatabaseAtomic (system): There are 0 detached tables. Start searching non used tables.
2025.11.02 19:46:58.581806 [ 1 ] {} <Debug> DatabaseAtomic (system): Found 0 non used tables in detached tables.
2025.11.02 19:46:58.581852 [ 1 ] {} <Debug> DatabaseAtomic (system): There are 0 detached tables. Start searching non used tables.
2025.11.02 19:46:58.581909 [ 1 ] {} <Debug> DatabaseAtomic (system): Found 0 non used tables in detached tables.
2025.11.02 19:46:58.581983 [ 1 ] {} <Debug> DatabaseAtomic (system): There are 0 detached tables. Start searching non used tables.
2025.11.02 19:46:58.582035 [ 1 ] {} <Debug> DatabaseAtomic (system): Found 0 non used tables in detached tables.
2025.11.02 19:46:58.582082 [ 1 ] {} <Debug> DatabaseAtomic (system): There are 0 detached tables. Start searching non used tables.
2025.11.02 19:46:58.582118 [ 1 ] {} <Debug> DatabaseAtomic (system): Found 0 non used tables in detached tables.
2025.11.02 19:46:58.582171 [ 1 ] {} <Debug> DatabaseAtomic (system): There are 0 detached tables. Start searching non used tables.
2025.11.02 19:46:58.582202 [ 1 ] {} <Debug> DatabaseAtomic (system): Found 0 non used tables in detached tables.
2025.11.02 19:46:58.582262 [ 1 ] {} <Debug> DatabaseAtomic (system): There are 0 detached tables. Start searching non used tables.
2025.11.02 19:46:58.582292 [ 1 ] {} <Debug> DatabaseAtomic (system): Found 0 non used tables in detached tables.
2025.11.02 19:46:58.582338 [ 1 ] {} <Debug> DatabaseAtomic (system): There are 0 detached tables. Start searching non used tables.
2025.11.02 19:46:58.582386 [ 1 ] {} <Debug> DatabaseAtomic (system): Found 0 non used tables in detached tables.
2025.11.02 19:46:58.582515 [ 1 ] {} <Debug> DatabaseAtomic (system): There are 0 detached tables. Start searching non used tables.
2025.11.02 19:46:58.582555 [ 1 ] {} <Debug> DatabaseAtomic (system): Found 0 non used tables in detached tables.
2025.11.02 19:46:58.582634 [ 1 ] {} <Debug> DatabaseAtomic (system): There are 0 detached tables. Start searching non used tables.
2025.11.02 19:46:58.582665 [ 1 ] {} <Debug> DatabaseAtomic (system): Found 0 non used tables in detached tables.
2025.11.02 19:46:58.582710 [ 1 ] {} <Debug> DatabaseAtomic (system): There are 0 detached tables. Start searching non used tables.
2025.11.02 19:46:58.582737 [ 1 ] {} <Debug> DatabaseAtomic (system): Found 0 non used tables in detached tables.
2025.11.02 19:46:58.582778 [ 1 ] {} <Debug> DatabaseAtomic (system): There are 0 detached tables. Start searching non used tables.
2025.11.02 19:46:58.582842 [ 1 ] {} <Debug> DatabaseAtomic (system): Found 0 non used tables in detached tables.
2025.11.02 19:46:58.582898 [ 1 ] {} <Debug> DatabaseAtomic (system): There are 0 detached tables. Start searching non used tables.
2025.11.02 19:46:58.582926 [ 1 ] {} <Debug> DatabaseAtomic (system): Found 0 non used tables in detached tables.
2025.11.02 19:46:58.582989 [ 1 ] {} <Debug> DatabaseAtomic (system): There are 0 detached tables. Start searching non used tables.
2025.11.02 19:46:58.583062 [ 1 ] {} <Debug> DatabaseAtomic (system): Found 0 non used tables in detached tables.
2025.11.02 19:46:58.583121 [ 1 ] {} <Debug> DatabaseAtomic (system): There are 0 detached tables. Start searching non used tables.
2025.11.02 19:46:58.583158 [ 1 ] {} <Debug> DatabaseAtomic (system): Found 0 non used tables in detached tables.
2025.11.02 19:46:58.583202 [ 1 ] {} <Debug> DatabaseAtomic (system): There are 0 detached tables. Start searching non used tables.
2025.11.02 19:46:58.583231 [ 1 ] {} <Debug> DatabaseAtomic (system): Found 0 non used tables in detached tables.
2025.11.02 19:46:58.583338 [ 1 ] {} <Debug> DatabaseAtomic (system): There are 0 detached tables. Start searching non used tables.
2025.11.02 19:46:58.583365 [ 1 ] {} <Debug> DatabaseAtomic (system): Found 0 non used tables in detached tables.
2025.11.02 19:46:58.583469 [ 1 ] {} <Debug> DatabaseAtomic (system): There are 0 detached tables. Start searching non used tables.
2025.11.02 19:46:58.583556 [ 1 ] {} <Debug> DatabaseAtomic (system): Found 0 non used tables in detached tables.
2025.11.02 19:46:58.583617 [ 1 ] {} <Debug> DatabaseAtomic (system): There are 0 detached tables. Start searching non used tables.
2025.11.02 19:46:58.583651 [ 1 ] {} <Debug> DatabaseAtomic (system): Found 0 non used tables in detached tables.
2025.11.02 19:46:58.583942 [ 1 ] {} <Debug> DatabaseAtomic (system): There are 0 detached tables. Start searching non used tables.
2025.11.02 19:46:58.583994 [ 1 ] {} <Debug> DatabaseAtomic (system): Found 0 non used tables in detached tables.
2025.11.02 19:46:58.584098 [ 1 ] {} <Debug> DatabaseAtomic (system): There are 0 detached tables. Start searching non used tables.
2025.11.02 19:46:58.584166 [ 1 ] {} <Debug> DatabaseAtomic (system): Found 0 non used tables in detached tables.
2025.11.02 19:46:58.584237 [ 1 ] {} <Debug> DatabaseAtomic (system): There are 0 detached tables. Start searching non used tables.
2025.11.02 19:46:58.584313 [ 1 ] {} <Debug> DatabaseAtomic (system): Found 0 non used tables in detached tables.
2025.11.02 19:46:58.584403 [ 1 ] {} <Debug> DatabaseAtomic (system): There are 0 detached tables. Start searching non used tables.
2025.11.02 19:46:58.584473 [ 1 ] {} <Debug> DatabaseAtomic (system): Found 0 non used tables in detached tables.
2025.11.02 19:46:58.584606 [ 1 ] {} <Debug> DatabaseAtomic (system): There are 0 detached tables. Start searching non used tables.
2025.11.02 19:46:58.584651 [ 1 ] {} <Debug> DatabaseAtomic (system): Found 0 non used tables in detached tables.
2025.11.02 19:46:58.584714 [ 1 ] {} <Debug> DatabaseAtomic (system): There are 0 detached tables. Start searching non used tables.
2025.11.02 19:46:58.584748 [ 1 ] {} <Debug> DatabaseAtomic (system): Found 0 non used tables in detached tables.
2025.11.02 19:46:58.584802 [ 1 ] {} <Debug> DatabaseAtomic (system): There are 0 detached tables. Start searching non used tables.
2025.11.02 19:46:58.584838 [ 1 ] {} <Debug> DatabaseAtomic (system): Found 0 non used tables in detached tables.
2025.11.02 19:46:58.584890 [ 1 ] {} <Debug> DatabaseAtomic (system): There are 0 detached tables. Start searching non used tables.
2025.11.02 19:46:58.584912 [ 1 ] {} <Debug> DatabaseAtomic (system): Found 0 non used tables in detached tables.
2025.11.02 19:46:58.584950 [ 1 ] {} <Debug> DatabaseAtomic (system): There are 0 detached tables. Start searching non used tables.
2025.11.02 19:46:58.584991 [ 1 ] {} <Debug> DatabaseAtomic (system): Found 0 non used tables in detached tables.
2025.11.02 19:46:58.585043 [ 1 ] {} <Debug> DatabaseAtomic (system): There are 0 detached tables. Start searching non used tables.
2025.11.02 19:46:58.585123 [ 1 ] {} <Debug> DatabaseAtomic (system): Found 0 non used tables in detached tables.
2025.11.02 19:46:58.585213 [ 1 ] {} <Debug> DatabaseAtomic (system): There are 0 detached tables. Start searching non used tables.
2025.11.02 19:46:58.585242 [ 1 ] {} <Debug> DatabaseAtomic (system): Found 0 non used tables in detached tables.
2025.11.02 19:46:58.585300 [ 1 ] {} <Debug> DatabaseAtomic (system): There are 0 detached tables. Start searching non used tables.
2025.11.02 19:46:58.585320 [ 1 ] {} <Debug> DatabaseAtomic (system): Found 0 non used tables in detached tables.
2025.11.02 19:46:58.585380 [ 1 ] {} <Debug> DatabaseAtomic (system): There are 0 detached tables. Start searching non used tables.
2025.11.02 19:46:58.585424 [ 1 ] {} <Debug> DatabaseAtomic (system): Found 0 non used tables in detached tables.
2025.11.02 19:46:58.585480 [ 1 ] {} <Debug> DatabaseAtomic (system): There are 0 detached tables. Start searching non used tables.
2025.11.02 19:46:58.585525 [ 1 ] {} <Debug> DatabaseAtomic (system): Found 0 non used tables in detached tables.
2025.11.02 19:46:58.585592 [ 1 ] {} <Debug> DatabaseAtomic (system): There are 0 detached tables. Start searching non used tables.
2025.11.02 19:46:58.585645 [ 1 ] {} <Debug> DatabaseAtomic (system): Found 0 non used tables in detached tables.
2025.11.02 19:46:58.585708 [ 1 ] {} <Debug> DatabaseAtomic (system): There are 0 detached tables. Start searching non used tables.
2025.11.02 19:46:58.585739 [ 1 ] {} <Debug> DatabaseAtomic (system): Found 0 non used tables in detached tables.
2025.11.02 19:46:58.585874 [ 1 ] {} <Debug> DatabaseAtomic (system): There are 0 detached tables. Start searching non used tables.
2025.11.02 19:46:58.585906 [ 1 ] {} <Debug> DatabaseAtomic (system): Found 0 non used tables in detached tables.
2025.11.02 19:46:58.585954 [ 1 ] {} <Debug> DatabaseAtomic (system): There are 0 detached tables. Start searching non used tables.
2025.11.02 19:46:58.586038 [ 1 ] {} <Debug> DatabaseAtomic (system): Found 0 non used tables in detached tables.
2025.11.02 19:46:58.586084 [ 1 ] {} <Debug> DatabaseAtomic (system): There are 0 detached tables. Start searching non used tables.
2025.11.02 19:46:58.586114 [ 1 ] {} <Debug> DatabaseAtomic (system): Found 0 non used tables in detached tables.
2025.11.02 19:46:58.586158 [ 1 ] {} <Debug> DatabaseAtomic (system): There are 0 detached tables. Start searching non used tables.
2025.11.02 19:46:58.586209 [ 1 ] {} <Debug> DatabaseAtomic (system): Found 0 non used tables in detached tables.
2025.11.02 19:46:58.586266 [ 1 ] {} <Debug> DatabaseAtomic (system): There are 0 detached tables. Start searching non used tables.
2025.11.02 19:46:58.586306 [ 1 ] {} <Debug> DatabaseAtomic (system): Found 0 non used tables in detached tables.
2025.11.02 19:46:58.586383 [ 1 ] {} <Debug> DatabaseAtomic (system): There are 0 detached tables. Start searching non used tables.
2025.11.02 19:46:58.586413 [ 1 ] {} <Debug> DatabaseAtomic (system): Found 0 non used tables in detached tables.
2025.11.02 19:46:58.586469 [ 1 ] {} <Debug> DatabaseAtomic (system): There are 0 detached tables. Start searching non used tables.
2025.11.02 19:46:58.586493 [ 1 ] {} <Debug> DatabaseAtomic (system): Found 0 non used tables in detached tables.
2025.11.02 19:46:58.586553 [ 1 ] {} <Debug> DatabaseAtomic (system): There are 0 detached tables. Start searching non used tables.
2025.11.02 19:46:58.586584 [ 1 ] {} <Debug> DatabaseAtomic (system): Found 0 non used tables in detached tables.
2025.11.02 19:46:58.586627 [ 1 ] {} <Debug> DatabaseAtomic (system): There are 0 detached tables. Start searching non used tables.
2025.11.02 19:46:58.586653 [ 1 ] {} <Debug> DatabaseAtomic (system): Found 0 non used tables in detached tables.
2025.11.02 19:46:58.586687 [ 1 ] {} <Debug> DatabaseAtomic (system): There are 0 detached tables. Start searching non used tables.
2025.11.02 19:46:58.586710 [ 1 ] {} <Debug> DatabaseAtomic (system): Found 0 non used tables in detached tables.
2025.11.02 19:46:58.586779 [ 1 ] {} <Debug> DatabaseAtomic (system): There are 0 detached tables. Start searching non used tables.
2025.11.02 19:46:58.586802 [ 1 ] {} <Debug> DatabaseAtomic (system): Found 0 non used tables in detached tables.
2025.11.02 19:46:58.586837 [ 1 ] {} <Debug> DatabaseAtomic (system): There are 0 detached tables. Start searching non used tables.
2025.11.02 19:46:58.586870 [ 1 ] {} <Debug> DatabaseAtomic (system): Found 0 non used tables in detached tables.
2025.11.02 19:46:58.586911 [ 1 ] {} <Debug> DatabaseAtomic (system): There are 0 detached tables. Start searching non used tables.
2025.11.02 19:46:58.586936 [ 1 ] {} <Debug> DatabaseAtomic (system): Found 0 non used tables in detached tables.
2025.11.02 19:46:58.586998 [ 1 ] {} <Debug> DatabaseAtomic (system): There are 0 detached tables. Start searching non used tables.
2025.11.02 19:46:58.587028 [ 1 ] {} <Debug> DatabaseAtomic (system): Found 0 non used tables in detached tables.
2025.11.02 19:46:58.587080 [ 1 ] {} <Debug> DatabaseAtomic (system): There are 0 detached tables. Start searching non used tables.
2025.11.02 19:46:58.587101 [ 1 ] {} <Debug> DatabaseAtomic (system): Found 0 non used tables in detached tables.
2025.11.02 19:46:58.587135 [ 1 ] {} <Debug> DatabaseAtomic (system): There are 0 detached tables. Start searching non used tables.
2025.11.02 19:46:58.587159 [ 1 ] {} <Debug> DatabaseAtomic (system): Found 0 non used tables in detached tables.
2025.11.02 19:46:58.587220 [ 1 ] {} <Debug> DatabaseAtomic (system): There are 0 detached tables. Start searching non used tables.
2025.11.02 19:46:58.587252 [ 1 ] {} <Debug> DatabaseAtomic (system): Found 0 non used tables in detached tables.
2025.11.02 19:46:58.587290 [ 1 ] {} <Debug> DatabaseAtomic (system): There are 0 detached tables. Start searching non used tables.
2025.11.02 19:46:58.587359 [ 1 ] {} <Debug> DatabaseAtomic (system): Found 0 non used tables in detached tables.
2025.11.02 19:46:58.587392 [ 1 ] {} <Debug> DatabaseAtomic (system): There are 0 detached tables. Start searching non used tables.
2025.11.02 19:46:58.587418 [ 1 ] {} <Debug> DatabaseAtomic (system): Found 0 non used tables in detached tables.
2025.11.02 19:46:58.587456 [ 1 ] {} <Debug> DatabaseAtomic (system): There are 0 detached tables. Start searching non used tables.
2025.11.02 19:46:58.587481 [ 1 ] {} <Debug> DatabaseAtomic (system): Found 0 non used tables in detached tables.
2025.11.02 19:46:58.587516 [ 1 ] {} <Debug> DatabaseAtomic (system): There are 0 detached tables. Start searching non used tables.
2025.11.02 19:46:58.587538 [ 1 ] {} <Debug> DatabaseAtomic (system): Found 0 non used tables in detached tables.
2025.11.02 19:46:58.587586 [ 1 ] {} <Debug> DatabaseAtomic (system): There are 0 detached tables. Start searching non used tables.
2025.11.02 19:46:58.587618 [ 1 ] {} <Debug> DatabaseAtomic (system): Found 0 non used tables in detached tables.
2025.11.02 19:46:58.587654 [ 1 ] {} <Debug> DatabaseAtomic (system): There are 0 detached tables. Start searching non used tables.
2025.11.02 19:46:58.587676 [ 1 ] {} <Debug> DatabaseAtomic (system): Found 0 non used tables in detached tables.
2025.11.02 19:46:58.587714 [ 1 ] {} <Debug> DatabaseAtomic (system): There are 0 detached tables. Start searching non used tables.
2025.11.02 19:46:58.587737 [ 1 ] {} <Debug> DatabaseAtomic (system): Found 0 non used tables in detached tables.
2025.11.02 19:46:58.587777 [ 1 ] {} <Debug> DatabaseAtomic (system): There are 0 detached tables. Start searching non used tables.
2025.11.02 19:46:58.587801 [ 1 ] {} <Debug> DatabaseAtomic (system): Found 0 non used tables in detached tables.
2025.11.02 19:46:58.587853 [ 1 ] {} <Debug> DatabaseAtomic (system): There are 0 detached tables. Start searching non used tables.
2025.11.02 19:46:58.587885 [ 1 ] {} <Debug> DatabaseAtomic (system): Found 0 non used tables in detached tables.
2025.11.02 19:46:58.587943 [ 1 ] {} <Debug> DatabaseAtomic (system): There are 0 detached tables. Start searching non used tables.
2025.11.02 19:46:58.587980 [ 1 ] {} <Debug> DatabaseAtomic (system): Found 0 non used tables in detached tables.
2025.11.02 19:46:58.592197 [ 1 ] {} <Information> DatabaseCatalog: Found 0 partially dropped tables. Will load them and retry removal.
2025.11.02 19:46:58.593746 [ 1 ] {} <Information> DatabaseAtomic (default): Metadata processed, database default has 0 tables and 0 dictionaries in total.
2025.11.02 19:46:58.593799 [ 1 ] {} <Information> TablesLoader: Parsed metadata of 0 tables in 1 databases in 6.0542e-05 sec
2025.11.02 19:46:58.593844 [ 1 ] {} <Information> loadMetadata: Start asynchronous loading of databases
2025.11.02 19:46:58.593889 [ 1 ] {} <Debug> AsyncLoader: Schedule load job 'startup Ordinary database default' into BackgrndStartup
2025.11.02 19:46:58.593935 [ 1 ] {} <Debug> AsyncLoader: Schedule load job 'startup Atomic database default' into BackgrndStartup
2025.11.02 19:46:58.593966 [ 1 ] {} <Debug> AsyncLoader: Change current priority: none -> 2
2025.11.02 19:46:58.594024 [ 1 ] {} <Debug> AsyncLoader: Spawn loader worker #1 in BackgrndStartup
2025.11.02 19:46:58.594148 [ 1 ] {} <Information> UserDefinedSQLObjectsLoaderFromDisk: Loading user defined objects from /var/lib/clickhouse/user_defined/
2025.11.02 19:46:58.594225 [ 1 ] {} <Debug> UserDefinedSQLObjectsLoaderFromDisk: The directory for user defined objects (/var/lib/clickhouse/user_defined/) does not exist: nothing to load
2025.11.02 19:46:58.594181 [ 720 ] {} <Debug> AsyncLoader: Execute load job 'startup Ordinary database default' in BackgrndStartup
2025.11.02 19:46:58.594439 [ 720 ] {} <Debug> AsyncLoader: Finish load job 'startup Ordinary database default' with status OK
2025.11.02 19:46:58.594518 [ 720 ] {} <Debug> AsyncLoader: Spawn loader worker #2 in BackgrndStartup
2025.11.02 19:46:58.594380 [ 1 ] {} <Information> WorkloadEntityDiskStorage: Loading workload entities from /var/lib/clickhouse/workload/
2025.11.02 19:46:58.594626 [ 1 ] {} <Debug> WorkloadEntityDiskStorage: The directory for workload entities (/var/lib/clickhouse/workload/) does not exist: nothing to load
2025.11.02 19:46:58.594700 [ 720 ] {} <Debug> AsyncLoader: Execute load job 'startup Atomic database default' in BackgrndStartup
2025.11.02 19:46:58.594878 [ 720 ] {} <Debug> AsyncLoader: Finish load job 'startup Atomic database default' with status OK
2025.11.02 19:46:58.594974 [ 720 ] {} <Debug> AsyncLoader: Stop worker in BackgrndStartup
2025.11.02 19:46:58.595533 [ 721 ] {} <Debug> AsyncLoader: Stop worker in BackgrndStartup
2025.11.02 19:46:58.596002 [ 721 ] {} <Debug> AsyncLoader: Change current priority: 2 -> none
2025.11.02 19:46:58.608150 [ 1 ] {} <Information> ZooKeeperClient: Connected to ZooKeeper at 172.19.0.2:2181 with session_id 72057596655828994
2025.11.02 19:46:58.610855 [ 1 ] {} <Information> ZooKeeperClient: Keeper feature flag FILTERED_LIST: disabled
2025.11.02 19:46:58.610914 [ 1 ] {} <Information> ZooKeeperClient: Keeper feature flag MULTI_READ: disabled
2025.11.02 19:46:58.610981 [ 1 ] {} <Information> ZooKeeperClient: Keeper feature flag CHECK_NOT_EXISTS: disabled
2025.11.02 19:46:58.611039 [ 1 ] {} <Information> ZooKeeperClient: Keeper feature flag CREATE_IF_NOT_EXISTS: disabled
2025.11.02 19:46:58.611084 [ 1 ] {} <Information> ZooKeeperClient: Keeper feature flag REMOVE_RECURSIVE: disabled
2025.11.02 19:46:58.622082 [ 1 ] {} <Debug> Application: Loaded metadata.
2025.11.02 19:46:58.622142 [ 1 ] {} <Information> Application: Tasks stats provider: procfs
2025.11.02 19:46:58.622164 [ 1 ] {} <Information> Application: It looks like the process has no CAP_SYS_NICE capability, the setting 'os_thread_priority' will have no effect. It could happen due to incorrect ClickHouse package installation. You could resolve the problem manually with 'sudo setcap cap_sys_nice=+ep /usr/bin/clickhouse'. Note that it will not work on 'nosuid' mounted filesystems.
2025.11.02 19:46:58.622304 [ 1 ] {} <Debug> DatabaseAtomic (system): There are 0 detached tables. Start searching non used tables.
2025.11.02 19:46:58.622346 [ 1 ] {} <Debug> DatabaseAtomic (system): Found 0 non used tables in detached tables.
2025.11.02 19:46:58.622558 [ 1 ] {} <Warning> Application: Listen [::]:8123 failed: Poco::Exception. Code: 1000, e.code() = 0, DNS error: EAI: Address family for hostname not supported (version 25.3.7.194 (official build)). If it is an IPv6 or IPv4 address and your host has disabled IPv6 or IPv4, then consider to specify not disabled IPv4 or IPv6 address to listen in <listen_host> element of configuration file. Example for disabled IPv6: <listen_host>0.0.0.0</listen_host> . Example for disabled IPv4: <listen_host>::</listen_host>
2025.11.02 19:46:58.622759 [ 1 ] {} <Warning> Application: Listen [::]:9000 failed: Poco::Exception. Code: 1000, e.code() = 0, DNS error: EAI: Address family for hostname not supported (version 25.3.7.194 (official build)). If it is an IPv6 or IPv4 address and your host has disabled IPv6 or IPv4, then consider to specify not disabled IPv4 or IPv6 address to listen in <listen_host> element of configuration file. Example for disabled IPv6: <listen_host>0.0.0.0</listen_host> . Example for disabled IPv4: <listen_host>::</listen_host>
2025.11.02 19:46:58.622900 [ 1 ] {} <Warning> Application: Listen [::]:8001 failed: Poco::Exception. Code: 1000, e.code() = 0, DNS error: EAI: Address family for hostname not supported (version 25.3.7.194 (official build)). If it is an IPv6 or IPv4 address and your host has disabled IPv6 or IPv4, then consider to specify not disabled IPv4 or IPv6 address to listen in <listen_host> element of configuration file. Example for disabled IPv6: <listen_host>0.0.0.0</listen_host> . Example for disabled IPv4: <listen_host>::</listen_host>
2025.11.02 19:46:58.623144 [ 1 ] {} <Information> CertificateReloader: One of paths is empty. Cannot apply new configuration for certificates. Fill all paths and try again.
2025.11.02 19:46:58.623194 [ 1 ] {} <Information> CertificateReloader: One of paths is empty. Cannot apply new configuration for certificates. Fill all paths and try again.
2025.11.02 19:46:58.626316 [ 1 ] {} <Debug> AsyncLoader: Schedule load job 'startup ddl worker' into BackgrndStartup
2025.11.02 19:46:58.626563 [ 1 ] {} <Debug> AsyncLoader: Change current priority: none -> 2
2025.11.02 19:46:58.626711 [ 1 ] {} <Debug> AsyncLoader: Spawn loader worker #1 in BackgrndStartup
2025.11.02 19:46:58.626953 [ 1 ] {} <Information> Application: Listening for http://0.0.0.0:8123
2025.11.02 19:46:58.626984 [ 725 ] {} <Debug> AsyncLoader: Execute load job 'startup ddl worker' in BackgrndStartup
2025.11.02 19:46:58.627234 [ 1 ] {} <Information> Application: Listening for native protocol (tcp): 0.0.0.0:9000
2025.11.02 19:46:58.627593 [ 725 ] {} <Debug> AsyncLoader: Finish load job 'startup ddl worker' with status OK
2025.11.02 19:46:58.628388 [ 725 ] {} <Debug> AsyncLoader: Stop worker in BackgrndStartup
2025.11.02 19:46:58.628452 [ 725 ] {} <Debug> AsyncLoader: Change current priority: 2 -> none
2025.11.02 19:46:58.628370 [ 727 ] {} <Debug> DDLWorker: Started DDLWorker cleanup thread
2025.11.02 19:46:58.627615 [ 1 ] {} <Information> Application: Listening for Prometheus: http://0.0.0.0:8001
2025.11.02 19:46:58.627943 [ 730 ] {} <Debug> DDLWorker: Starting DDLWorker thread
2025.11.02 19:46:58.629622 [ 730 ] {} <Debug> DDLWorker: Initializing DDLWorker thread
2025.11.02 19:46:58.629227 [ 1 ] {} <Information> Application: Ready for connections.
2025.11.02 19:46:58.642351 [ 730 ] {} <Debug> DDLWorker: Initialized DDLWorker thread
2025.11.02 19:46:58.643050 [ 727 ] {} <Debug> DDLWorker: Cleaning queue
2025.11.02 19:46:58.645370 [ 730 ] {} <Debug> DDLWorker: Scheduling tasks
2025.11.02 19:46:58.645825 [ 730 ] {} <Debug> DDLWorker: No tasks to schedule
2025.11.02 19:46:58.645871 [ 730 ] {} <Debug> DDLWorker: Waiting for queue updates
2025.11.02 19:46:58.796892 [ 81 ] {} <Information> TCPHandler: Client has not sent any data.
2025.11.02 19:46:58.797021 [ 81 ] {} <Debug> TCPHandler: Done processing connection.
2025.11.02 19:46:58.831202 [ 81 ] {} <Information> TCPHandler: Client has not sent any data.
2025.11.02 19:46:58.831421 [ 81 ] {} <Debug> TCPHandler: Done processing connection.
2025.11.02 19:46:58.979232 [ 730 ] {} <Debug> DDLWorker: Scheduling tasks
2025.11.02 19:46:58.981336 [ 730 ] {} <Debug> DDLWorker: Will schedule 1 tasks starting from query-0000000000
2025.11.02 19:46:58.983649 [ 730 ] {} <Debug> DDLWorker: Processing task query-0000000000 (query: CREATE DATABASE IF NOT EXISTS db_rand_shard UUID 'd6fe2a96-6775-4f13-82a7-79e137a66d33', backup restore: false)
2025.11.02 19:46:58.984666 [ 730 ] {} <Debug> DDLWorker: Executing query: CREATE DATABASE IF NOT EXISTS db_rand_shard UUID 'd6fe2a96-6775-4f13-82a7-79e137a66d33'
2025.11.02 19:46:58.984791 [ 730 ] {0975597a-87a0-49a9-b653-fe75895a957e} <Debug> executeQuery: (from 0.0.0.0:0, user: , initial_query_id: 99d5c253-1feb-4b7f-becf-30be9556b7f1) /* ddl_entry=query-0000000000 */ CREATE DATABASE IF NOT EXISTS db_rand_shard UUID 'd6fe2a96-6775-4f13-82a7-79e137a66d33' (stage: Complete)
2025.11.02 19:46:58.986122 [ 730 ] {0975597a-87a0-49a9-b653-fe75895a957e} <Information> DatabaseAtomic (db_rand_shard): Metadata processed, database db_rand_shard has 0 tables and 0 dictionaries in total.
2025.11.02 19:46:58.986159 [ 730 ] {0975597a-87a0-49a9-b653-fe75895a957e} <Information> TablesLoader: Parsed metadata of 0 tables in 1 databases in 4.6541e-05 sec
2025.11.02 19:46:58.986198 [ 730 ] {0975597a-87a0-49a9-b653-fe75895a957e} <Debug> AsyncLoader: Prioritize load job 'startup Atomic database db_rand_shard': BackgrndStartup -> ForegroundLoad
2025.11.02 19:46:58.986241 [ 730 ] {0975597a-87a0-49a9-b653-fe75895a957e} <Debug> AsyncLoader: Prioritize load job 'startup Ordinary database db_rand_shard': BackgrndStartup -> ForegroundLoad
2025.11.02 19:46:58.986279 [ 730 ] {0975597a-87a0-49a9-b653-fe75895a957e} <Debug> AsyncLoader: Schedule load job 'startup Ordinary database db_rand_shard' into ForegroundLoad
2025.11.02 19:46:58.986323 [ 730 ] {0975597a-87a0-49a9-b653-fe75895a957e} <Debug> AsyncLoader: Schedule load job 'startup Atomic database db_rand_shard' into ForegroundLoad
2025.11.02 19:46:58.986359 [ 730 ] {0975597a-87a0-49a9-b653-fe75895a957e} <Debug> AsyncLoader: Change current priority: none -> 0
2025.11.02 19:46:58.986408 [ 730 ] {0975597a-87a0-49a9-b653-fe75895a957e} <Debug> AsyncLoader: Spawn loader worker #1 in ForegroundLoad
2025.11.02 19:46:58.986523 [ 730 ] {0975597a-87a0-49a9-b653-fe75895a957e} <Debug> AsyncLoader: Wait load job 'startup Atomic database db_rand_shard' in ForegroundLoad
2025.11.02 19:46:58.986573 [ 731 ] {} <Debug> AsyncLoader: Execute load job 'startup Ordinary database db_rand_shard' in ForegroundLoad
2025.11.02 19:46:58.986639 [ 731 ] {} <Debug> AsyncLoader: Finish load job 'startup Ordinary database db_rand_shard' with status OK
2025.11.02 19:46:58.986683 [ 731 ] {} <Debug> AsyncLoader: Spawn loader worker #2 in ForegroundLoad
2025.11.02 19:46:58.987235 [ 731 ] {} <Debug> AsyncLoader: Execute load job 'startup Atomic database db_rand_shard' in ForegroundLoad
2025.11.02 19:46:58.987330 [ 731 ] {} <Debug> AsyncLoader: Finish load job 'startup Atomic database db_rand_shard' with status OK
2025.11.02 19:46:58.987389 [ 731 ] {} <Debug> AsyncLoader: Stop worker in ForegroundLoad
2025.11.02 19:46:58.987494 [ 753 ] {} <Debug> AsyncLoader: Stop worker in ForegroundLoad
2025.11.02 19:46:58.987555 [ 753 ] {} <Debug> AsyncLoader: Change current priority: 0 -> none
2025.11.02 19:46:58.987520 [ 730 ] {0975597a-87a0-49a9-b653-fe75895a957e} <Debug> DDLWorker: Executed query: /* ddl_entry=query-0000000000 */ CREATE DATABASE IF NOT EXISTS db_rand_shard UUID 'd6fe2a96-6775-4f13-82a7-79e137a66d33'
2025.11.02 19:46:58.989565 [ 730 ] {} <Debug> DDLWorker: Waiting for queue updates
2025.11.02 19:46:59.063322 [ 730 ] {} <Debug> DDLWorker: Scheduling tasks
2025.11.02 19:46:59.064002 [ 730 ] {} <Debug> DDLWorker: Will schedule 1 tasks starting from query-0000000001
2025.11.02 19:46:59.065080 [ 730 ] {} <Debug> DDLWorker: Processing task query-0000000001 (query: CREATE TABLE db_rand_shard.tbl_rand_shard_local UUID 'd7039b8c-7c46-4499-959e-b501b7d0925e' (`create_time` DateTime, `value` Nullable(String)) ENGINE = MergeTree ORDER BY create_time, backup restore: false)
2025.11.02 19:46:59.066739 [ 730 ] {} <Debug> DDLWorker: Executing query: CREATE TABLE db_rand_shard.tbl_rand_shard_local UUID 'd7039b8c-7c46-4499-959e-b501b7d0925e' (`create_time` DateTime, `value` Nullable(String)) ENGINE = MergeTree ORDER BY create_time
2025.11.02 19:46:59.066879 [ 730 ] {436c3038-1ca7-425a-afd0-506307035c82} <Debug> executeQuery: (from 0.0.0.0:0, user: , initial_query_id: 5e9fd5a3-efde-4b84-8172-66e645b87968) /* ddl_entry=query-0000000001 */ CREATE TABLE db_rand_shard.tbl_rand_shard_local UUID 'd7039b8c-7c46-4499-959e-b501b7d0925e' (`create_time` DateTime, `value` Nullable(String)) ENGINE = MergeTree ORDER BY create_time (stage: Complete)
2025.11.02 19:46:59.071580 [ 730 ] {436c3038-1ca7-425a-afd0-506307035c82} <Debug> db_rand_shard.tbl_rand_shard_local (d7039b8c-7c46-4499-959e-b501b7d0925e): Loading data parts
2025.11.02 19:46:59.077644 [ 730 ] {436c3038-1ca7-425a-afd0-506307035c82} <Debug> db_rand_shard.tbl_rand_shard_local (d7039b8c-7c46-4499-959e-b501b7d0925e): There are no data parts
2025.11.02 19:46:59.078777 [ 730 ] {436c3038-1ca7-425a-afd0-506307035c82} <Debug> DatabaseAtomic (db_rand_shard): There are 0 detached tables. Start searching non used tables.
2025.11.02 19:46:59.078825 [ 730 ] {436c3038-1ca7-425a-afd0-506307035c82} <Debug> DatabaseAtomic (db_rand_shard): Found 0 non used tables in detached tables.
2025.11.02 19:46:59.079514 [ 730 ] {436c3038-1ca7-425a-afd0-506307035c82} <Debug> DDLWorker: Executed query: /* ddl_entry=query-0000000001 */ CREATE TABLE db_rand_shard.tbl_rand_shard_local UUID 'd7039b8c-7c46-4499-959e-b501b7d0925e' (`create_time` DateTime, `value` Nullable(String)) ENGINE = MergeTree ORDER BY create_time
2025.11.02 19:46:59.081675 [ 730 ] {} <Debug> DDLWorker: Waiting for queue updates
2025.11.02 19:46:59.136230 [ 730 ] {} <Debug> DDLWorker: Scheduling tasks
2025.11.02 19:46:59.136745 [ 730 ] {} <Debug> DDLWorker: Will schedule 1 tasks starting from query-0000000002
2025.11.02 19:46:59.137685 [ 730 ] {} <Debug> DDLWorker: Processing task query-0000000002 (query: CREATE TABLE db_rand_shard.tbl_rand_shard UUID '37760a6b-976b-4155-8e4e-8c147c0bb6b0' (`create_time` DateTime, `value` Nullable(String)) ENGINE = Distributed(single_replica, 'db_rand_shard', 'tbl_rand_shard_local', rand()), backup restore: false)
2025.11.02 19:46:59.138580 [ 730 ] {} <Debug> DDLWorker: Executing query: CREATE TABLE db_rand_shard.tbl_rand_shard UUID '37760a6b-976b-4155-8e4e-8c147c0bb6b0' (`create_time` DateTime, `value` Nullable(String)) ENGINE = Distributed(single_replica, 'db_rand_shard', 'tbl_rand_shard_local', rand())
2025.11.02 19:46:59.138707 [ 730 ] {d771d63c-645e-4ca9-b3ab-7fe806d63307} <Debug> executeQuery: (from 0.0.0.0:0, user: , initial_query_id: 7481099c-83d8-46ce-9205-f5d5433fcf95) /* ddl_entry=query-0000000002 */ CREATE TABLE db_rand_shard.tbl_rand_shard UUID '37760a6b-976b-4155-8e4e-8c147c0bb6b0' (`create_time` DateTime, `value` Nullable(String)) ENGINE = Distributed(single_replica, 'db_rand_shard', 'tbl_rand_shard_local', rand()) (stage: Complete)
2025.11.02 19:46:59.139352 [ 730 ] {d771d63c-645e-4ca9-b3ab-7fe806d63307} <Debug> StorageDistributed (tbl_rand_shard): Auto-increment is 0
2025.11.02 19:46:59.140786 [ 730 ] {d771d63c-645e-4ca9-b3ab-7fe806d63307} <Debug> DatabaseAtomic (db_rand_shard): There are 0 detached tables. Start searching non used tables.
2025.11.02 19:46:59.140818 [ 730 ] {d771d63c-645e-4ca9-b3ab-7fe806d63307} <Debug> DatabaseAtomic (db_rand_shard): Found 0 non used tables in detached tables.
2025.11.02 19:46:59.141121 [ 730 ] {d771d63c-645e-4ca9-b3ab-7fe806d63307} <Debug> DDLWorker: Executed query: /* ddl_entry=query-0000000002 */ CREATE TABLE db_rand_shard.tbl_rand_shard UUID '37760a6b-976b-4155-8e4e-8c147c0bb6b0' (`create_time` DateTime, `value` Nullable(String)) ENGINE = Distributed(single_replica, 'db_rand_shard', 'tbl_rand_shard_local', rand())
2025.11.02 19:46:59.142311 [ 730 ] {} <Debug> DDLWorker: Waiting for queue updates
2025.11.02 19:46:59.235415 [ 81 ] {} <Debug> TCPHandler: Connected ClickHouse server version 25.3.0, revision: 54476, user: default.
2025.11.02 19:46:59.235559 [ 81 ] {} <Debug> TCP-Session-c146bc5c-fb5f-4099-b455-fe7ac335590e: Authenticating user 'default' from 172.19.0.5:51590
2025.11.02 19:46:59.235627 [ 81 ] {} <Debug> TCP-Session-c146bc5c-fb5f-4099-b455-fe7ac335590e: c146bc5c-fb5f-4099-b455-fe7ac335590e Authenticated with global context as user 94309d50-4f52-5250-31bd-74fecac179db
2025.11.02 19:46:59.235684 [ 81 ] {} <Debug> TCP-Session-c146bc5c-fb5f-4099-b455-fe7ac335590e: Creating session context with user_id: 94309d50-4f52-5250-31bd-74fecac179db
2025.11.02 19:46:59.237452 [ 81 ] {4caa7c68-2146-4cdd-9835-5559b4d5cdd7} <Debug> executeQuery: (from 172.19.0.5:51590, initial_query_id: 7a80713b-2a4c-4559-8098-f8a25252ba17) SELECT `__table1`.`create_time` AS `create_time`, `__table1`.`value` AS `value` FROM `db_rand_shard`.`tbl_rand_shard_local` AS `__table1` WHERE _CAST(0, 'UInt8') (stage: Complete)
2025.11.02 19:46:59.238199 [ 81 ] {4caa7c68-2146-4cdd-9835-5559b4d5cdd7} <Debug> TCPHandler: Processed in 0.000947334 sec.
2025.11.02 19:46:59.416665 [ 81 ] {64e0aba5-4cb2-466e-910f-260187c11954} <Debug> executeQuery: (from 172.19.0.5:51590, initial_query_id: caa10846-8d60-4cb8-ba2d-ec962fd31dee) SELECT `__table1`.`create_time` AS `create_time`, `__table1`.`value` AS `value` FROM `db_rand_shard`.`tbl_rand_shard_local` AS `__table1` WHERE _CAST(0, 'UInt8') (stage: Complete)
2025.11.02 19:46:59.417400 [ 81 ] {64e0aba5-4cb2-466e-910f-260187c11954} <Debug> TCPHandler: Processed in 0.000911125 sec.
2025.11.02 19:46:59.457325 [ 79 ] {} <Debug> HTTP-Session-06a0c1a7-a520-4a09-b4ae-ecebd3b66a96: Authenticating user 'default' from 172.19.0.7:36210
2025.11.02 19:46:59.457413 [ 79 ] {} <Debug> HTTP-Session-06a0c1a7-a520-4a09-b4ae-ecebd3b66a96: 06a0c1a7-a520-4a09-b4ae-ecebd3b66a96 Authenticated with global context as user 94309d50-4f52-5250-31bd-74fecac179db
2025.11.02 19:46:59.457465 [ 79 ] {} <Debug> HTTP-Session-06a0c1a7-a520-4a09-b4ae-ecebd3b66a96: Creating session context with user_id: 94309d50-4f52-5250-31bd-74fecac179db
2025.11.02 19:46:59.457896 [ 79 ] {60576093-1ce6-4d13-aea8-a5f04023bb66} <Debug> executeQuery: (from 172.19.0.7:36210) SELECT partition, -- String
 partition_id, -- String
 sum(rows) AS row_count, -- UInt64
 sum(bytes_on_disk) AS size_in_bytes -- UInt64
 FROM `system`.`parts` WHERE `database`='db_rand_shard' AND `table`='tbl_rand_shard_local' AND `active`=1 GROUP BY `partition`, `partition_id` ORDER BY `partition` ASC, partition_id ASC  (stage: Complete)
2025.11.02 19:46:59.462594 [ 79 ] {60576093-1ce6-4d13-aea8-a5f04023bb66} <Debug> DynamicQueryHandler: Done processing query
2025.11.02 19:46:59.462682 [ 79 ] {60576093-1ce6-4d13-aea8-a5f04023bb66} <Debug> MemoryTracker: Query peak memory usage: 3.04 MiB.
2025.11.02 19:46:59.462820 [ 79 ] {} <Debug> HTTP-Session-06a0c1a7-a520-4a09-b4ae-ecebd3b66a96: 06a0c1a7-a520-4a09-b4ae-ecebd3b66a96 Logout, user_id: 94309d50-4f52-5250-31bd-74fecac179db
2025.11.02 19:46:59.482867 [ 79 ] {} <Debug> HTTP-Session-05bbbcdb-1cae-42ab-8a3b-7fbb710f516e: Authenticating user 'default' from 172.19.0.7:36220
2025.11.02 19:46:59.482939 [ 79 ] {} <Debug> HTTP-Session-05bbbcdb-1cae-42ab-8a3b-7fbb710f516e: 05bbbcdb-1cae-42ab-8a3b-7fbb710f516e Authenticated with global context as user 94309d50-4f52-5250-31bd-74fecac179db
2025.11.02 19:46:59.482989 [ 79 ] {} <Debug> HTTP-Session-05bbbcdb-1cae-42ab-8a3b-7fbb710f516e: Creating session context with user_id: 94309d50-4f52-5250-31bd-74fecac179db
2025.11.02 19:46:59.483209 [ 79 ] {fba7704d-d45c-4250-b577-b372c7a10243} <Debug> executeQuery: (from 172.19.0.7:36220) SELECT partition, -- String
 partition_id, -- String
 sum(rows) AS row_count, -- UInt64
 sum(bytes_on_disk) AS size_in_bytes -- UInt64
 FROM `system`.`parts` WHERE `database`='db_rand_shard' AND `table`='tbl_rand_shard_local' AND `active`=1 GROUP BY `partition`, `partition_id` ORDER BY `partition` ASC, partition_id ASC  (stage: Complete)
2025.11.02 19:46:59.485257 [ 79 ] {fba7704d-d45c-4250-b577-b372c7a10243} <Debug> DynamicQueryHandler: Done processing query
2025.11.02 19:46:59.485343 [ 79 ] {fba7704d-d45c-4250-b577-b372c7a10243} <Debug> MemoryTracker: Query peak memory usage: 3.03 MiB.
2025.11.02 19:46:59.485492 [ 79 ] {} <Debug> HTTP-Session-05bbbcdb-1cae-42ab-8a3b-7fbb710f516e: 05bbbcdb-1cae-42ab-8a3b-7fbb710f516e Logout, user_id: 94309d50-4f52-5250-31bd-74fecac179db
2025.11.02 19:46:59.514263 [ 79 ] {} <Debug> HTTP-Session-38f19916-9b3b-4c40-a27e-9af2fff870d1: Authenticating user 'default' from 172.19.0.7:36226
2025.11.02 19:46:59.514323 [ 79 ] {} <Debug> HTTP-Session-38f19916-9b3b-4c40-a27e-9af2fff870d1: 38f19916-9b3b-4c40-a27e-9af2fff870d1 Authenticated with global context as user 94309d50-4f52-5250-31bd-74fecac179db
2025.11.02 19:46:59.514362 [ 79 ] {} <Debug> HTTP-Session-38f19916-9b3b-4c40-a27e-9af2fff870d1: Creating session context with user_id: 94309d50-4f52-5250-31bd-74fecac179db
2025.11.02 19:46:59.514511 [ 79 ] {29f2078f-94cf-4a51-9e29-549dcdc020f0} <Debug> executeQuery: (from 172.19.0.7:36226) SELECT `create_time`, `value` FROM `db_rand_shard`.`tbl_rand_shard_local` WHERE (1=1) AND ((1=1) AND (1=1))  (stage: Complete)
2025.11.02 19:46:59.516039 [ 79 ] {29f2078f-94cf-4a51-9e29-549dcdc020f0} <Debug> DynamicQueryHandler: Done processing query
2025.11.02 19:46:59.516158 [ 79 ] {29f2078f-94cf-4a51-9e29-549dcdc020f0} <Debug> MemoryTracker: Query peak memory usage: 3.00 MiB.
2025.11.02 19:46:59.516255 [ 79 ] {} <Debug> HTTP-Session-38f19916-9b3b-4c40-a27e-9af2fff870d1: 38f19916-9b3b-4c40-a27e-9af2fff870d1 Logout, user_id: 94309d50-4f52-5250-31bd-74fecac179db
2025.11.02 19:46:59.535602 [ 79 ] {} <Debug> HTTP-Session-8ab795af-c577-4f7e-b867-b58a9fcbc6e6: Authenticating user 'default' from 172.19.0.7:36232
2025.11.02 19:46:59.535670 [ 79 ] {} <Debug> HTTP-Session-8ab795af-c577-4f7e-b867-b58a9fcbc6e6: 8ab795af-c577-4f7e-b867-b58a9fcbc6e6 Authenticated with global context as user 94309d50-4f52-5250-31bd-74fecac179db
2025.11.02 19:46:59.535704 [ 79 ] {} <Debug> HTTP-Session-8ab795af-c577-4f7e-b867-b58a9fcbc6e6: Creating session context with user_id: 94309d50-4f52-5250-31bd-74fecac179db
2025.11.02 19:46:59.535860 [ 79 ] {7d58ebab-b88e-43bd-97ac-a85aa8c2f871} <Debug> executeQuery: (from 172.19.0.7:36232) SELECT `create_time`, `value` FROM `db_rand_shard`.`tbl_rand_shard_local` WHERE (1=1) AND ((1=1) AND (1=1))  (stage: Complete)
2025.11.02 19:46:59.537294 [ 79 ] {7d58ebab-b88e-43bd-97ac-a85aa8c2f871} <Debug> DynamicQueryHandler: Done processing query
2025.11.02 19:46:59.537463 [ 79 ] {7d58ebab-b88e-43bd-97ac-a85aa8c2f871} <Debug> MemoryTracker: Query peak memory usage: 3.00 MiB.
2025.11.02 19:46:59.537527 [ 79 ] {} <Debug> HTTP-Session-8ab795af-c577-4f7e-b867-b58a9fcbc6e6: 8ab795af-c577-4f7e-b867-b58a9fcbc6e6 Logout, user_id: 94309d50-4f52-5250-31bd-74fecac179db
2025.11.02 19:46:59.580322 [ 79 ] {} <Debug> HTTP-Session-6bd913f6-2990-4009-abe1-6523d96c4e2a: Authenticating user 'default' from 172.19.0.7:36248
2025.11.02 19:46:59.580403 [ 79 ] {} <Debug> HTTP-Session-6bd913f6-2990-4009-abe1-6523d96c4e2a: 6bd913f6-2990-4009-abe1-6523d96c4e2a Authenticated with global context as user 94309d50-4f52-5250-31bd-74fecac179db
2025.11.02 19:46:59.580454 [ 79 ] {} <Debug> HTTP-Session-6bd913f6-2990-4009-abe1-6523d96c4e2a: Creating session context with user_id: 94309d50-4f52-5250-31bd-74fecac179db
2025.11.02 19:46:59.580741 [ 79 ] {9c9de5d1-07cd-462a-807f-4540087420db} <Debug> executeQuery: (from 172.19.0.7:36248) SELECT `create_time`, `value` FROM `db_rand_shard`.`tbl_rand_shard_local` WHERE (1=1) AND ((1=1) AND (1=1))  (stage: Complete)
2025.11.02 19:46:59.582058 [ 79 ] {9c9de5d1-07cd-462a-807f-4540087420db} <Debug> DynamicQueryHandler: Done processing query
2025.11.02 19:46:59.582117 [ 79 ] {9c9de5d1-07cd-462a-807f-4540087420db} <Debug> MemoryTracker: Query peak memory usage: 3.00 MiB.
2025.11.02 19:46:59.582232 [ 79 ] {} <Debug> HTTP-Session-6bd913f6-2990-4009-abe1-6523d96c4e2a: 6bd913f6-2990-4009-abe1-6523d96c4e2a Logout, user_id: 94309d50-4f52-5250-31bd-74fecac179db
2025.11.02 19:46:59.600651 [ 79 ] {} <Debug> HTTP-Session-ad9aafe1-693f-490a-8c5a-076a4d9e5a22: Authenticating user 'default' from 172.19.0.7:36258
2025.11.02 19:46:59.600804 [ 79 ] {} <Debug> HTTP-Session-ad9aafe1-693f-490a-8c5a-076a4d9e5a22: ad9aafe1-693f-490a-8c5a-076a4d9e5a22 Authenticated with global context as user 94309d50-4f52-5250-31bd-74fecac179db
2025.11.02 19:46:59.601045 [ 79 ] {} <Debug> HTTP-Session-ad9aafe1-693f-490a-8c5a-076a4d9e5a22: Creating session context with user_id: 94309d50-4f52-5250-31bd-74fecac179db
2025.11.02 19:46:59.601486 [ 79 ] {16a90c32-899d-4c4a-a8cd-729e04a9d3a7} <Debug> executeQuery: (from 172.19.0.7:36258) SELECT `create_time`, `value` FROM `db_rand_shard`.`tbl_rand_shard_local` WHERE (1=1) AND ((1=1) AND (1=1))  (stage: Complete)
2025.11.02 19:46:59.602606 [ 79 ] {16a90c32-899d-4c4a-a8cd-729e04a9d3a7} <Debug> DynamicQueryHandler: Done processing query
2025.11.02 19:46:59.602900 [ 79 ] {16a90c32-899d-4c4a-a8cd-729e04a9d3a7} <Debug> MemoryTracker: Query peak memory usage: 3.00 MiB.
2025.11.02 19:46:59.603070 [ 79 ] {} <Debug> HTTP-Session-ad9aafe1-693f-490a-8c5a-076a4d9e5a22: ad9aafe1-693f-490a-8c5a-076a4d9e5a22 Logout, user_id: 94309d50-4f52-5250-31bd-74fecac179db
2025.11.02 19:46:59.629247 [ 730 ] {} <Debug> DDLWorker: Scheduling tasks
2025.11.02 19:46:59.629759 [ 730 ] {} <Debug> DDLWorker: Will schedule 1 tasks starting from query-0000000003
2025.11.02 19:46:59.631311 [ 730 ] {} <Debug> DDLWorker: Processing task query-0000000003 (query: DROP TABLE IF EXISTS db_rand_shard.tbl_rand_shard, backup restore: false)
2025.11.02 19:46:59.633276 [ 730 ] {} <Debug> DDLWorker: Executing query: DROP TABLE IF EXISTS db_rand_shard.tbl_rand_shard
2025.11.02 19:46:59.633486 [ 730 ] {2528832f-e3f7-4ad1-b3d5-87538dcee713} <Debug> executeQuery: (from 0.0.0.0:0, user: , initial_query_id: 9622da8f-7d02-4a0a-896c-88a6e6c4ead9) /* ddl_entry=query-0000000003 */ DROP TABLE IF EXISTS db_rand_shard.tbl_rand_shard (stage: Complete)
2025.11.02 19:46:59.633587 [ 730 ] {2528832f-e3f7-4ad1-b3d5-87538dcee713} <Information> StorageDistributed (tbl_rand_shard): Flushing pending INSERT blocks
2025.11.02 19:46:59.633650 [ 730 ] {2528832f-e3f7-4ad1-b3d5-87538dcee713} <Information> StorageDistributed (tbl_rand_shard): Pending INSERT blocks flushed, took 0 ms.
2025.11.02 19:46:59.633721 [ 730 ] {2528832f-e3f7-4ad1-b3d5-87538dcee713} <Debug> StorageDistributed (tbl_rand_shard): Joining background threads for async INSERT
2025.11.02 19:46:59.633829 [ 730 ] {2528832f-e3f7-4ad1-b3d5-87538dcee713} <Debug> StorageDistributed (tbl_rand_shard): Background threads for async INSERT joined
2025.11.02 19:46:59.634125 [ 730 ] {2528832f-e3f7-4ad1-b3d5-87538dcee713} <Debug> DDLWorker: Executed query: /* ddl_entry=query-0000000003 */ DROP TABLE IF EXISTS db_rand_shard.tbl_rand_shard
2025.11.02 19:46:59.635581 [ 730 ] {} <Debug> DDLWorker: Waiting for queue updates
2025.11.02 19:46:59.694637 [ 730 ] {} <Debug> DDLWorker: Scheduling tasks
2025.11.02 19:46:59.695086 [ 730 ] {} <Debug> DDLWorker: Will schedule 1 tasks starting from query-0000000004
2025.11.02 19:46:59.696216 [ 730 ] {} <Debug> DDLWorker: Processing task query-0000000004 (query: DROP TABLE IF EXISTS db_rand_shard.tbl_rand_shard_local, backup restore: false)
2025.11.02 19:46:59.696866 [ 730 ] {} <Debug> DDLWorker: Executing query: DROP TABLE IF EXISTS db_rand_shard.tbl_rand_shard_local
2025.11.02 19:46:59.696983 [ 730 ] {ac8129e0-f0ae-47b5-9b6b-9222ec1d5a51} <Debug> executeQuery: (from 0.0.0.0:0, user: , initial_query_id: cdb70ef8-04bb-4726-909d-a5b0628bc044) /* ddl_entry=query-0000000004 */ DROP TABLE IF EXISTS db_rand_shard.tbl_rand_shard_local (stage: Complete)
2025.11.02 19:46:59.697332 [ 730 ] {ac8129e0-f0ae-47b5-9b6b-9222ec1d5a51} <Debug> DDLWorker: Executed query: /* ddl_entry=query-0000000004 */ DROP TABLE IF EXISTS db_rand_shard.tbl_rand_shard_local
2025.11.02 19:46:59.698305 [ 730 ] {} <Debug> DDLWorker: Waiting for queue updates
2025.11.02 19:46:59.760464 [ 730 ] {} <Debug> DDLWorker: Scheduling tasks
2025.11.02 19:46:59.760887 [ 730 ] {} <Debug> DDLWorker: Will schedule 1 tasks starting from query-0000000005
2025.11.02 19:46:59.761659 [ 730 ] {} <Debug> DDLWorker: Processing task query-0000000005 (query: DROP DATABASE IF EXISTS db_rand_shard, backup restore: false)
2025.11.02 19:46:59.762419 [ 730 ] {} <Debug> DDLWorker: Executing query: DROP DATABASE IF EXISTS db_rand_shard
2025.11.02 19:46:59.762512 [ 730 ] {38f54951-d90a-477c-ae72-4f21f56dc5e0} <Debug> executeQuery: (from 0.0.0.0:0, user: , initial_query_id: 1317d454-c349-47c7-889e-977e248f6d36) /* ddl_entry=query-0000000005 */ DROP DATABASE IF EXISTS db_rand_shard (stage: Complete)
2025.11.02 19:46:59.762580 [ 730 ] {38f54951-d90a-477c-ae72-4f21f56dc5e0} <Debug> DatabaseAtomic (db_rand_shard): There are 0 detached tables. Start searching non used tables.
2025.11.02 19:46:59.762634 [ 730 ] {38f54951-d90a-477c-ae72-4f21f56dc5e0} <Debug> DatabaseAtomic (db_rand_shard): Found 0 non used tables in detached tables.
2025.11.02 19:46:59.762872 [ 730 ] {38f54951-d90a-477c-ae72-4f21f56dc5e0} <Debug> DDLWorker: Executed query: /* ddl_entry=query-0000000005 */ DROP DATABASE IF EXISTS db_rand_shard
2025.11.02 19:46:59.763792 [ 730 ] {} <Debug> DDLWorker: Waiting for queue updates
2025.11.02 19:47:00.452570 [ 78 ] {} <Information> Application: Received termination signal (Terminated)
2025.11.02 19:47:00.452660 [ 1 ] {} <Debug> Application: Received termination signal.
2025.11.02 19:47:00.452940 [ 1 ] {} <Debug> Application: Waiting for current connections to close.
2025.11.02 19:47:00.453486 [ 1 ] {} <Warning> Application: Closed all listening sockets. Waiting for 1 outstanding connections.
2025.11.02 19:47:00.584826 [ 81 ] {} <Debug> TCPHandler: Done processing connection.
2025.11.02 19:47:00.584910 [ 81 ] {} <Debug> TCP-Session-c146bc5c-fb5f-4099-b455-fe7ac335590e: c146bc5c-fb5f-4099-b455-fe7ac335590e Logout, user_id: 94309d50-4f52-5250-31bd-74fecac179db
2025.11.02 19:47:00.655223 [ 1 ] {} <Information> Application: Closed connections.
2025.11.02 19:47:00.655351 [ 1 ] {} <Information> Application: Stopping AsyncLoader.
2025.11.02 19:47:00.655466 [ 1 ] {} <Information> CgroupsMemoryUsageObserver: Stopped cgroup current memory usage observer thread
2025.11.02 19:47:00.655661 [ 1 ] {} <Information> Application: Shutting down storages.
2025.11.02 19:47:00.656400 [ 1 ] {} <Debug> Context: Shutting down dictionaries loader
2025.11.02 19:47:00.656521 [ 1 ] {} <Debug> Context: Shutting down UDFs loader
2025.11.02 19:47:00.656611 [ 1 ] {} <Debug> Context: Shutting down another UDFs storage
2025.11.02 19:47:00.656683 [ 1 ] {} <Debug> Context: Shutting down workload entity storage
2025.11.02 19:47:00.656730 [ 1 ] {} <Debug> Context: Shutting down system logs
2025.11.02 19:47:00.656854 [ 1 ] {} <Debug> SystemLogQueue (system.query_log): Requested flush up to offset 28
2025.11.02 19:47:00.656857 [ 716 ] {} <Debug> SystemLog (system.query_log): Creating new table system.query_log for QueryLog
2025.11.02 19:47:00.656882 [ 717 ] {} <Debug> SystemLog (system.metric_log): Creating new table system.metric_log for MetricLog
2025.11.02 19:47:00.660434 [ 716 ] {} <Debug> system.query_log (63e7251b-5f59-4ffb-8aee-1448f5ad2869): Loading data parts
2025.11.02 19:47:00.660615 [ 716 ] {} <Debug> system.query_log (63e7251b-5f59-4ffb-8aee-1448f5ad2869): There are no data parts
2025.11.02 19:47:00.662120 [ 716 ] {} <Debug> DatabaseAtomic (system): There are 0 detached tables. Start searching non used tables.
2025.11.02 19:47:00.662173 [ 716 ] {} <Debug> DatabaseAtomic (system): Found 0 non used tables in detached tables.
2025.11.02 19:47:00.665116 [ 1 ] {} <Debug> SystemLogQueue (system.query_thread_log): Requested flush up to offset 0
2025.11.02 19:47:00.665165 [ 1 ] {} <Debug> SystemLogQueue (system.metric_log): Requested flush up to offset 3
2025.11.02 19:47:00.668635 [ 717 ] {} <Debug> system.metric_log (06d628fa-3c97-4789-bb78-8d46807be536): Loading data parts
2025.11.02 19:47:00.668967 [ 717 ] {} <Debug> system.metric_log (06d628fa-3c97-4789-bb78-8d46807be536): There are no data parts
2025.11.02 19:47:00.671648 [ 717 ] {} <Debug> DatabaseAtomic (system): There are 0 detached tables. Start searching non used tables.
2025.11.02 19:47:00.671689 [ 717 ] {} <Debug> DatabaseAtomic (system): Found 0 non used tables in detached tables.
2025.11.02 19:47:03.394638 [ 1 ] {} <Information> SentryWriter: Sending crash reports is disabled
2025.11.02 19:47:03.422431 [ 1 ] {} <Information> Application: Starting ClickHouse 25.3.7.194 (revision: 54502, git hash: 36637934778b7d39b37f378d258359dd6ffdd110, build id: E09B0ADBF9AF0530703B179DBA02705D5DF508C0), PID 1
2025.11.02 19:47:03.422626 [ 1 ] {} <Information> Application: starting up
2025.11.02 19:47:03.423360 [ 1 ] {} <Information> Application: OS name: Linux, version: 6.10.14-linuxkit, architecture: aarch64
2025.11.02 19:47:03.423545 [ 1 ] {} <Information> Jemalloc: Value for background_thread set to true (from true)
2025.11.02 19:47:03.425286 [ 1 ] {} <Information> Application: Available RAM: 7.65 GiB; logical cores: 14; used cores: 14.
2025.11.02 19:47:03.426924 [ 1 ] {} <Information> CgroupsReader: Will create cgroup reader from '/sys/fs/cgroup/' (cgroups version: v2)
2025.11.02 19:47:03.434308 [ 1 ] {} <Warning> Application: Integrity check of the executable skipped because the reference checksum could not be read.
2025.11.02 19:47:03.435231 [ 1 ] {} <Information> Application: It looks like the process has no CAP_IPC_LOCK capability, binary mlock will be disabled. It could happen due to incorrect ClickHouse package installation. You could resolve the problem manually with 'sudo setcap cap_ipc_lock=+ep /usr/bin/clickhouse'. Note that it will not work on 'nosuid' mounted filesystems.
2025.11.02 19:47:03.435333 [ 1 ] {} <Information> MemoryWorker: Starting background memory thread with period of 50ms, using Cgroups as source
2025.11.02 19:47:03.435441 [ 1 ] {} <Information> BackgroundSchedulePool/BgSchPool: Create BackgroundSchedulePool with 512 threads
2025.11.02 19:47:03.494931 [ 83 ] {} <Information> MemoryTracker: Correcting the value of global memory tracker from 2.65 MiB to 324.86 MiB
2025.11.02 19:47:03.508896 [ 1 ] {} <Debug> Application: rlimit on number of file descriptors is 1048576
2025.11.02 19:47:03.508991 [ 1 ] {} <Debug> Application: rlimit on number of threads is 18446744073709551615
2025.11.02 19:47:03.513037 [ 1 ] {} <Debug> Application: Initializing DateLUT.
2025.11.02 19:47:03.513634 [ 1 ] {} <Debug> Context: Setting up /var/lib/clickhouse/tmp/ to store temporary data in it
2025.11.02 19:47:03.513990 [ 1 ] {} <Debug> Application: Initializing interserver credentials.
2025.11.02 19:47:03.514196 [ 1 ] {} <Information> Application: Lowered uncompressed cache size to 3.83 GiB because the system has limited RAM
2025.11.02 19:47:03.514261 [ 1 ] {} <Information> Application: Lowered mark cache size to 3.83 GiB because the system has limited RAM
2025.11.02 19:47:03.514313 [ 1 ] {} <Information> Application: Lowered primary index cache size to 3.83 GiB because the system has limited RAM
2025.11.02 19:47:03.514372 [ 1 ] {} <Information> Application: Lowered index mark cache size to 3.83 GiB because the system has limited RAM
2025.11.02 19:47:03.514485 [ 1 ] {} <Debug> FileCacheFactory: Will load 0 caches from default cache config
2025.11.02 19:47:03.517783 [ 1 ] {} <Debug> ConfigReloader: Loading config '/etc/clickhouse-server/config.xml'
2025.11.02 19:47:03.518626 [ 1 ] {} <Debug> ConfigProcessor: Processing configuration file '/etc/clickhouse-server/config.xml'.
2025.11.02 19:47:03.519232 [ 1 ] {} <Debug> ConfigProcessor: Merging configuration file '/etc/clickhouse-server/config.d/docker_related_config.xml'.
2025.11.02 19:47:03.519320 [ 1 ] {} <Debug> ConfigProcessor: Merging configuration file '/etc/clickhouse-server/config.d/interserver_http_host.xml'.
2025.11.02 19:47:03.520073 [ 1 ] {} <Debug> ConfigProcessor: Merging configuration file '/etc/clickhouse-server/config.d/macros.xml'.
2025.11.02 19:47:03.520414 [ 1 ] {} <Debug> ConfigProcessor: Merging configuration file '/etc/clickhouse-server/config.d/remote_servers.xml'.
2025.11.02 19:47:03.520800 [ 1 ] {} <Debug> ConfigProcessor: Merging configuration file '/etc/clickhouse-server/config.d/zookeeper.xml'.
2025.11.02 19:47:03.521404 [ 1 ] {} <Debug> ConfigProcessor: Saved preprocessed configuration to '/var/lib/clickhouse/preprocessed_configs/config.xml'.
2025.11.02 19:47:03.521554 [ 1 ] {} <Debug> ConfigReloader: Loaded config '/etc/clickhouse-server/config.xml', performing update on configuration
2025.11.02 19:47:03.522160 [ 1 ] {} <Information> Application: Changed setting 'max_server_memory_usage' to 6.89 GiB (7.65 GiB available memory * 0.90 max_server_memory_usage_to_ram_ratio)
2025.11.02 19:47:03.522259 [ 1 ] {} <Information> Application: Setting merges_mutations_memory_usage_soft_limit was set to 3.83 GiB (7.65 GiB available * 0.50 merges_mutations_memory_usage_to_ram_ratio)
2025.11.02 19:47:03.522354 [ 1 ] {} <Information> Application: Merges and mutations memory limit is set to 3.83 GiB
2025.11.02 19:47:03.523182 [ 1 ] {} <Information> Application: Setting max_remote_read_network_bandwidth_for_server was set to 0
2025.11.02 19:47:03.523238 [ 1 ] {} <Information> Application: Setting max_remote_write_network_bandwidth_for_server was set to 0
2025.11.02 19:47:03.523300 [ 1 ] {} <Information> Application: Setting max_local_read_bandwidth_for_server was set to 0
2025.11.02 19:47:03.523333 [ 1 ] {} <Information> Application: Setting max_local_write_bandwidth_for_server was set to 0
2025.11.02 19:47:03.523389 [ 1 ] {} <Information> Application: ConcurrencyControl limit is set to UNLIMITED CPU slots with 'round_robin' scheduler
2025.11.02 19:47:03.523443 [ 1 ] {} <Information> BackgroundSchedulePool/BgBufSchPool: Create BackgroundSchedulePool with 16 threads
2025.11.02 19:47:03.524537 [ 1 ] {} <Information> BackgroundSchedulePool/BgMBSchPool: Create BackgroundSchedulePool with 16 threads
2025.11.02 19:47:03.527396 [ 1 ] {} <Information> BackgroundSchedulePool/BgDistSchPool: Create BackgroundSchedulePool with 16 threads
2025.11.02 19:47:03.528908 [ 1 ] {} <Debug> ConfigReloader: Loaded config '/etc/clickhouse-server/config.xml', performed update on configuration
2025.11.02 19:47:03.530310 [ 1 ] {} <Warning> Application: Listen [::]:9009 failed: Poco::Exception. Code: 1000, e.code() = 0, DNS error: EAI: Address family for hostname not supported (version 25.3.7.194 (official build)). If it is an IPv6 or IPv4 address and your host has disabled IPv6 or IPv4, then consider to specify not disabled IPv4 or IPv6 address to listen in <listen_host> element of configuration file. Example for disabled IPv6: <listen_host>0.0.0.0</listen_host> . Example for disabled IPv4: <listen_host>::</listen_host>
2025.11.02 19:47:03.531974 [ 1 ] {} <Information> Application: Listening for replica communication (interserver): http://0.0.0.0:9009
2025.11.02 19:47:03.532164 [ 1 ] {} <Warning> Access(local_directory): File /var/lib/clickhouse/access/users.list doesn't exist
2025.11.02 19:47:03.532314 [ 1 ] {} <Warning> Access(local_directory): Recovering lists in directory /var/lib/clickhouse/access/
2025.11.02 19:47:03.532875 [ 1 ] {} <Debug> Access(user directories): Added local_directory access storage 'local_directory', path: /var/lib/clickhouse/access/
2025.11.02 19:47:03.542236 [ 1 ] {} <Debug> ConfigReloader: Loading config '/etc/clickhouse-server/users.xml'
2025.11.02 19:47:03.542339 [ 1 ] {} <Debug> ConfigProcessor: Processing configuration file '/etc/clickhouse-server/users.xml'.
2025.11.02 19:47:03.542665 [ 1 ] {} <Debug> ConfigProcessor: Merging configuration file '/etc/clickhouse-server/users.d/users.xml'.
2025.11.02 19:47:03.543667 [ 1 ] {} <Debug> ConfigProcessor: Saved preprocessed configuration to '/var/lib/clickhouse/preprocessed_configs/users.xml'.
2025.11.02 19:47:03.543839 [ 1 ] {} <Debug> ConfigReloader: Loaded config '/etc/clickhouse-server/users.xml', performing update on configuration
2025.11.02 19:47:03.544267 [ 1 ] {} <Debug> ConfigReloader: Loaded config '/etc/clickhouse-server/users.xml', performed update on configuration
2025.11.02 19:47:03.544562 [ 1 ] {} <Debug> Access(user directories): Added users_xml access storage 'users_xml', path: /etc/clickhouse-server/users.xml
2025.11.02 19:47:03.545242 [ 1 ] {} <Information> CgroupsMemoryUsageObserver: Started cgroup current memory usage observer thread
2025.11.02 19:47:03.545904 [ 650 ] {} <Information> CgroupsMemoryUsageObserver: Memory amount initially available to the process is 7.65 GiB
2025.11.02 19:47:03.552076 [ 1 ] {} <Information> Context: Initialized background executor for merges and mutations with num_threads=16, num_tasks=32, scheduling_policy=round_robin
2025.11.02 19:47:03.556004 [ 1 ] {} <Information> Context: Initialized background executor for move operations with num_threads=8, num_tasks=8
2025.11.02 19:47:03.557852 [ 1 ] {} <Information> Context: Initialized background executor for fetches with num_threads=16, num_tasks=16
2025.11.02 19:47:03.558243 [ 1 ] {} <Information> Context: Initialized background executor for common operations (e.g. clearing old parts) with num_threads=8, num_tasks=8
2025.11.02 19:47:03.583614 [ 1 ] {} <Warning> Context: Linux transparent hugepages are set to "always". Check /sys/kernel/mm/transparent_hugepage/enabled
2025.11.02 19:47:03.586907 [ 1 ] {} <Warning> Context: Delay accounting is not enabled, OSIOWaitMicroseconds will not be gathered. You can enable it using `echo 1 > /proc/sys/kernel/task_delayacct` or by using sysctl.
2025.11.02 19:47:03.587146 [ 1 ] {} <Information> DNSCacheUpdater: Update period 15 seconds
2025.11.02 19:47:03.587238 [ 1 ] {} <Information> Application: Loading metadata from /var/lib/clickhouse/
2025.11.02 19:47:03.587258 [ 84 ] {} <Debug> DNSResolver: Updating DNS cache
2025.11.02 19:47:03.587276 [ 1 ] {} <Information> Context: Database disk name: default
2025.11.02 19:47:03.587414 [ 1 ] {} <Information> Context: Database disk name: default, path: /var/lib/clickhouse/
2025.11.02 19:47:03.587587 [ 1 ] {} <Debug> loadSystemDatabase: metadata_file_path metadata/system.sql, existsFile false
2025.11.02 19:47:03.587764 [ 84 ] {} <Debug> DNSResolver: Updated DNS cache
2025.11.02 19:47:03.588972 [ 1 ] {} <Debug> loadSystemDatabase: metadata_file_path metadata/information_schema.sql, existsFile false
2025.11.02 19:47:03.591745 [ 1 ] {} <Debug> loadSystemDatabase: metadata_file_path metadata/INFORMATION_SCHEMA.sql, existsFile false
2025.11.02 19:47:03.594902 [ 1 ] {} <Information> DatabaseAtomic (system): Metadata processed, database system has 0 tables and 0 dictionaries in total.
2025.11.02 19:47:03.594974 [ 1 ] {} <Information> TablesLoader: Parsed metadata of 0 tables in 1 databases in 9.6458e-05 sec
2025.11.02 19:47:03.595099 [ 1 ] {} <Debug> AsyncLoader: Prioritize load job 'startup Atomic database system': BackgrndStartup -> ForegroundLoad
2025.11.02 19:47:03.595394 [ 1 ] {} <Debug> AsyncLoader: Prioritize load job 'startup Ordinary database system': BackgrndStartup -> ForegroundLoad
2025.11.02 19:47:03.595432 [ 1 ] {} <Debug> AsyncLoader: Schedule load job 'startup Ordinary database system' into ForegroundLoad
2025.11.02 19:47:03.595459 [ 1 ] {} <Debug> AsyncLoader: Schedule load job 'startup Atomic database system' into ForegroundLoad
2025.11.02 19:47:03.595507 [ 1 ] {} <Debug> AsyncLoader: Change current priority: none -> 0
2025.11.02 19:47:03.595543 [ 1 ] {} <Debug> AsyncLoader: Spawn loader worker #1 in ForegroundLoad
2025.11.02 19:47:03.595633 [ 1 ] {} <Debug> AsyncLoader: Wait load job 'startup Atomic database system' in ForegroundLoad
2025.11.02 19:47:03.602508 [ 715 ] {} <Debug> AsyncLoader: Execute load job 'startup Ordinary database system' in ForegroundLoad
2025.11.02 19:47:03.602921 [ 715 ] {} <Debug> AsyncLoader: Finish load job 'startup Ordinary database system' with status OK
2025.11.02 19:47:03.603105 [ 715 ] {} <Debug> AsyncLoader: Spawn loader worker #2 in ForegroundLoad
2025.11.02 19:47:03.604042 [ 715 ] {} <Debug> AsyncLoader: Execute load job 'startup Atomic database system' in ForegroundLoad
2025.11.02 19:47:03.604152 [ 716 ] {} <Debug> AsyncLoader: Stop worker in ForegroundLoad
2025.11.02 19:47:03.605072 [ 715 ] {} <Debug> AsyncLoader: Finish load job 'startup Atomic database system' with status OK
2025.11.02 19:47:03.605450 [ 715 ] {} <Debug> AsyncLoader: Stop worker in ForegroundLoad
2025.11.02 19:47:03.605509 [ 715 ] {} <Debug> AsyncLoader: Change current priority: 0 -> none
2025.11.02 19:47:03.605100 [ 1 ] {} <Debug> SystemLog: Creating system.query_log from query_log
2025.11.02 19:47:03.614855 [ 1 ] {} <Debug> SystemLog: Creating system.query_thread_log from query_thread_log
2025.11.02 19:47:03.615148 [ 1 ] {} <Debug> SystemLog: Not creating system.part_log since corresponding section 'part_log' is missing from config
2025.11.02 19:47:03.615211 [ 1 ] {} <Debug> SystemLog: Not creating system.trace_log since corresponding section 'trace_log' is missing from config
2025.11.02 19:47:03.615758 [ 1 ] {} <Debug> SystemLog: Not creating system.crash_log since corresponding section 'crash_log' is missing from config
2025.11.02 19:47:03.615835 [ 1 ] {} <Debug> SystemLog: Not creating system.text_log since corresponding section 'text_log' is missing from config
2025.11.02 19:47:03.615939 [ 1 ] {} <Debug> SystemLog: Creating system.metric_log from metric_log
2025.11.02 19:47:03.619100 [ 1 ] {} <Debug> SystemLog: Not creating system.latency_log since corresponding section 'latency_log' is missing from config
2025.11.02 19:47:03.619228 [ 1 ] {} <Debug> SystemLog: Not creating system.error_log since corresponding section 'error_log' is missing from config
2025.11.02 19:47:03.619318 [ 1 ] {} <Debug> SystemLog: Not creating system.filesystem_cache_log since corresponding section 'filesystem_cache_log' is missing from config
2025.11.02 19:47:03.619438 [ 1 ] {} <Debug> SystemLog: Not creating system.filesystem_read_prefetches_log since corresponding section 'filesystem_read_prefetches_log' is missing from config
2025.11.02 19:47:03.619544 [ 1 ] {} <Debug> SystemLog: Not creating system.s3queue_log since corresponding section 's3queue_log' is missing from config
2025.11.02 19:47:03.619629 [ 1 ] {} <Debug> SystemLog: Not creating system.azure_queue_log since corresponding section 'azure_queue_log' is missing from config
2025.11.02 19:47:03.619712 [ 1 ] {} <Debug> SystemLog: Not creating system.asynchronous_metric_log since corresponding section 'asynchronous_metric_log' is missing from config
2025.11.02 19:47:03.619804 [ 1 ] {} <Debug> SystemLog: Not creating system.opentelemetry_span_log since corresponding section 'opentelemetry_span_log' is missing from config
2025.11.02 19:47:03.619966 [ 1 ] {} <Debug> SystemLog: Not creating system.query_views_log since corresponding section 'query_views_log' is missing from config
2025.11.02 19:47:03.620081 [ 1 ] {} <Debug> SystemLog: Not creating system.zookeeper_log since corresponding section 'zookeeper_log' is missing from config
2025.11.02 19:47:03.620206 [ 1 ] {} <Debug> SystemLog: Not creating system.session_log since corresponding section 'session_log' is missing from config
2025.11.02 19:47:03.620272 [ 1 ] {} <Debug> SystemLog: Not creating system.transactions_info_log since corresponding section 'transactions_info_log' is missing from config
2025.11.02 19:47:03.620374 [ 1 ] {} <Debug> SystemLog: Not creating system.processors_profile_log since corresponding section 'processors_profile_log' is missing from config
2025.11.02 19:47:03.620438 [ 1 ] {} <Debug> SystemLog: Not creating system.asynchronous_insert_log since corresponding section 'asynchronous_insert_log' is missing from config
2025.11.02 19:47:03.620512 [ 1 ] {} <Debug> SystemLog: Not creating system.backup_log since corresponding section 'backup_log' is missing from config
2025.11.02 19:47:03.620586 [ 1 ] {} <Debug> SystemLog: Not creating system.blob_storage_log since corresponding section 'blob_storage_log' is missing from config
2025.11.02 19:47:03.620745 [ 1 ] {} <Debug> SystemLog: Not creating system.query_metric_log since corresponding section 'query_metric_log' is missing from config
2025.11.02 19:47:03.621290 [ 1 ] {} <Debug> DatabaseAtomic (system): There are 0 detached tables. Start searching non used tables.
2025.11.02 19:47:03.621546 [ 1 ] {} <Debug> DatabaseAtomic (system): Found 0 non used tables in detached tables.
2025.11.02 19:47:03.622342 [ 1 ] {} <Debug> DatabaseAtomic (system): There are 0 detached tables. Start searching non used tables.
2025.11.02 19:47:03.622415 [ 1 ] {} <Debug> DatabaseAtomic (system): Found 0 non used tables in detached tables.
2025.11.02 19:47:03.622596 [ 1 ] {} <Debug> DatabaseAtomic (system): There are 0 detached tables. Start searching non used tables.
2025.11.02 19:47:03.622700 [ 1 ] {} <Debug> DatabaseAtomic (system): Found 0 non used tables in detached tables.
2025.11.02 19:47:03.622835 [ 1 ] {} <Debug> DatabaseAtomic (system): There are 0 detached tables. Start searching non used tables.
2025.11.02 19:47:03.622918 [ 1 ] {} <Debug> DatabaseAtomic (system): Found 0 non used tables in detached tables.
2025.11.02 19:47:03.623203 [ 1 ] {} <Debug> DatabaseAtomic (system): There are 0 detached tables. Start searching non used tables.
2025.11.02 19:47:03.623275 [ 1 ] {} <Debug> DatabaseAtomic (system): Found 0 non used tables in detached tables.
2025.11.02 19:47:03.623501 [ 1 ] {} <Debug> DatabaseAtomic (system): There are 0 detached tables. Start searching non used tables.
2025.11.02 19:47:03.623607 [ 1 ] {} <Debug> DatabaseAtomic (system): Found 0 non used tables in detached tables.
2025.11.02 19:47:03.623737 [ 1 ] {} <Debug> DatabaseAtomic (system): There are 0 detached tables. Start searching non used tables.
2025.11.02 19:47:03.623807 [ 1 ] {} <Debug> DatabaseAtomic (system): Found 0 non used tables in detached tables.
2025.11.02 19:47:03.623971 [ 1 ] {} <Debug> DatabaseAtomic (system): There are 0 detached tables. Start searching non used tables.
2025.11.02 19:47:03.624043 [ 1 ] {} <Debug> DatabaseAtomic (system): Found 0 non used tables in detached tables.
2025.11.02 19:47:03.624164 [ 1 ] {} <Debug> DatabaseAtomic (system): There are 0 detached tables. Start searching non used tables.
2025.11.02 19:47:03.624206 [ 1 ] {} <Debug> DatabaseAtomic (system): Found 0 non used tables in detached tables.
2025.11.02 19:47:03.624316 [ 1 ] {} <Debug> DatabaseAtomic (system): There are 0 detached tables. Start searching non used tables.
2025.11.02 19:47:03.624408 [ 1 ] {} <Debug> DatabaseAtomic (system): Found 0 non used tables in detached tables.
2025.11.02 19:47:03.624517 [ 1 ] {} <Debug> DatabaseAtomic (system): There are 0 detached tables. Start searching non used tables.
2025.11.02 19:47:03.624571 [ 1 ] {} <Debug> DatabaseAtomic (system): Found 0 non used tables in detached tables.
2025.11.02 19:47:03.624654 [ 1 ] {} <Debug> DatabaseAtomic (system): There are 0 detached tables. Start searching non used tables.
2025.11.02 19:47:03.624727 [ 1 ] {} <Debug> DatabaseAtomic (system): Found 0 non used tables in detached tables.
2025.11.02 19:47:03.624831 [ 1 ] {} <Debug> DatabaseAtomic (system): There are 0 detached tables. Start searching non used tables.
2025.11.02 19:47:03.625016 [ 1 ] {} <Debug> DatabaseAtomic (system): Found 0 non used tables in detached tables.
2025.11.02 19:47:03.625120 [ 1 ] {} <Debug> DatabaseAtomic (system): There are 0 detached tables. Start searching non used tables.
2025.11.02 19:47:03.625174 [ 1 ] {} <Debug> DatabaseAtomic (system): Found 0 non used tables in detached tables.
2025.11.02 19:47:03.625315 [ 1 ] {} <Debug> DatabaseAtomic (system): There are 0 detached tables. Start searching non used tables.
2025.11.02 19:47:03.625398 [ 1 ] {} <Debug> DatabaseAtomic (system): Found 0 non used tables in detached tables.
2025.11.02 19:47:03.625505 [ 1 ] {} <Debug> DatabaseAtomic (system): There are 0 detached tables. Start searching non used tables.
2025.11.02 19:47:03.625543 [ 1 ] {} <Debug> DatabaseAtomic (system): Found 0 non used tables in detached tables.
2025.11.02 19:47:03.625610 [ 1 ] {} <Debug> DatabaseAtomic (system): There are 0 detached tables. Start searching non used tables.
2025.11.02 19:47:03.625658 [ 1 ] {} <Debug> DatabaseAtomic (system): Found 0 non used tables in detached tables.
2025.11.02 19:47:03.625710 [ 1 ] {} <Debug> DatabaseAtomic (system): There are 0 detached tables. Start searching non used tables.
2025.11.02 19:47:03.625766 [ 1 ] {} <Debug> DatabaseAtomic (system): Found 0 non used tables in detached tables.
2025.11.02 19:47:03.625822 [ 1 ] {} <Debug> DatabaseAtomic (system): There are 0 detached tables. Start searching non used tables.
2025.11.02 19:47:03.625889 [ 1 ] {} <Debug> DatabaseAtomic (system): Found 0 non used tables in detached tables.
2025.11.02 19:47:03.626021 [ 1 ] {} <Debug> DatabaseAtomic (system): There are 0 detached tables. Start searching non used tables.
2025.11.02 19:47:03.626090 [ 1 ] {} <Debug> DatabaseAtomic (system): Found 0 non used tables in detached tables.
2025.11.02 19:47:03.626161 [ 1 ] {} <Debug> DatabaseAtomic (system): There are 0 detached tables. Start searching non used tables.
2025.11.02 19:47:03.626238 [ 1 ] {} <Debug> DatabaseAtomic (system): Found 0 non used tables in detached tables.
2025.11.02 19:47:03.626296 [ 1 ] {} <Debug> DatabaseAtomic (system): There are 0 detached tables. Start searching non used tables.
2025.11.02 19:47:03.626339 [ 1 ] {} <Debug> DatabaseAtomic (system): Found 0 non used tables in detached tables.
2025.11.02 19:47:03.626377 [ 1 ] {} <Debug> DatabaseAtomic (system): There are 0 detached tables. Start searching non used tables.
2025.11.02 19:47:03.626412 [ 1 ] {} <Debug> DatabaseAtomic (system): Found 0 non used tables in detached tables.
2025.11.02 19:47:03.626453 [ 1 ] {} <Debug> DatabaseAtomic (system): There are 0 detached tables. Start searching non used tables.
2025.11.02 19:47:03.626499 [ 1 ] {} <Debug> DatabaseAtomic (system): Found 0 non used tables in detached tables.
2025.11.02 19:47:03.626544 [ 1 ] {} <Debug> DatabaseAtomic (system): There are 0 detached tables. Start searching non used tables.
2025.11.02 19:47:03.626578 [ 1 ] {} <Debug> DatabaseAtomic (system): Found 0 non used tables in detached tables.
2025.11.02 19:47:03.626681 [ 1 ] {} <Debug> DatabaseAtomic (system): There are 0 detached tables. Start searching non used tables.
2025.11.02 19:47:03.626735 [ 1 ] {} <Debug> DatabaseAtomic (system): Found 0 non used tables in detached tables.
2025.11.02 19:47:03.626788 [ 1 ] {} <Debug> DatabaseAtomic (system): There are 0 detached tables. Start searching non used tables.
2025.11.02 19:47:03.626828 [ 1 ] {} <Debug> DatabaseAtomic (system): Found 0 non used tables in detached tables.
2025.11.02 19:47:03.626948 [ 1 ] {} <Debug> DatabaseAtomic (system): There are 0 detached tables. Start searching non used tables.
2025.11.02 19:47:03.627071 [ 1 ] {} <Debug> DatabaseAtomic (system): Found 0 non used tables in detached tables.
2025.11.02 19:47:03.627112 [ 1 ] {} <Debug> DatabaseAtomic (system): There are 0 detached tables. Start searching non used tables.
2025.11.02 19:47:03.627149 [ 1 ] {} <Debug> DatabaseAtomic (system): Found 0 non used tables in detached tables.
2025.11.02 19:47:03.627188 [ 1 ] {} <Debug> DatabaseAtomic (system): There are 0 detached tables. Start searching non used tables.
2025.11.02 19:47:03.627236 [ 1 ] {} <Debug> DatabaseAtomic (system): Found 0 non used tables in detached tables.
2025.11.02 19:47:03.627290 [ 1 ] {} <Debug> DatabaseAtomic (system): There are 0 detached tables. Start searching non used tables.
2025.11.02 19:47:03.627339 [ 1 ] {} <Debug> DatabaseAtomic (system): Found 0 non used tables in detached tables.
2025.11.02 19:47:03.627397 [ 1 ] {} <Debug> DatabaseAtomic (system): There are 0 detached tables. Start searching non used tables.
2025.11.02 19:47:03.627441 [ 1 ] {} <Debug> DatabaseAtomic (system): Found 0 non used tables in detached tables.
2025.11.02 19:47:03.627510 [ 1 ] {} <Debug> DatabaseAtomic (system): There are 0 detached tables. Start searching non used tables.
2025.11.02 19:47:03.627551 [ 1 ] {} <Debug> DatabaseAtomic (system): Found 0 non used tables in detached tables.
2025.11.02 19:47:03.627613 [ 1 ] {} <Debug> DatabaseAtomic (system): There are 0 detached tables. Start searching non used tables.
2025.11.02 19:47:03.627656 [ 1 ] {} <Debug> DatabaseAtomic (system): Found 0 non used tables in detached tables.
2025.11.02 19:47:03.627722 [ 1 ] {} <Debug> DatabaseAtomic (system): There are 0 detached tables. Start searching non used tables.
2025.11.02 19:47:03.627745 [ 1 ] {} <Debug> DatabaseAtomic (system): Found 0 non used tables in detached tables.
2025.11.02 19:47:03.627820 [ 1 ] {} <Debug> DatabaseAtomic (system): There are 0 detached tables. Start searching non used tables.
2025.11.02 19:47:03.627915 [ 1 ] {} <Debug> DatabaseAtomic (system): Found 0 non used tables in detached tables.
2025.11.02 19:47:03.628083 [ 1 ] {} <Debug> DatabaseAtomic (system): There are 0 detached tables. Start searching non used tables.
2025.11.02 19:47:03.628170 [ 1 ] {} <Debug> DatabaseAtomic (system): Found 0 non used tables in detached tables.
2025.11.02 19:47:03.628278 [ 1 ] {} <Debug> DatabaseAtomic (system): There are 0 detached tables. Start searching non used tables.
2025.11.02 19:47:03.628335 [ 1 ] {} <Debug> DatabaseAtomic (system): Found 0 non used tables in detached tables.
2025.11.02 19:47:03.628420 [ 1 ] {} <Debug> DatabaseAtomic (system): There are 0 detached tables. Start searching non used tables.
2025.11.02 19:47:03.628469 [ 1 ] {} <Debug> DatabaseAtomic (system): Found 0 non used tables in detached tables.
2025.11.02 19:47:03.628598 [ 1 ] {} <Debug> DatabaseAtomic (system): There are 0 detached tables. Start searching non used tables.
2025.11.02 19:47:03.628675 [ 1 ] {} <Debug> DatabaseAtomic (system): Found 0 non used tables in detached tables.
2025.11.02 19:47:03.628806 [ 1 ] {} <Debug> DatabaseAtomic (system): There are 0 detached tables. Start searching non used tables.
2025.11.02 19:47:03.628872 [ 1 ] {} <Debug> DatabaseAtomic (system): Found 0 non used tables in detached tables.
2025.11.02 19:47:03.628948 [ 1 ] {} <Debug> DatabaseAtomic (system): There are 0 detached tables. Start searching non used tables.
2025.11.02 19:47:03.629134 [ 1 ] {} <Debug> DatabaseAtomic (system): Found 0 non used tables in detached tables.
2025.11.02 19:47:03.629705 [ 1 ] {} <Debug> DatabaseAtomic (system): There are 0 detached tables. Start searching non used tables.
2025.11.02 19:47:03.629750 [ 1 ] {} <Debug> DatabaseAtomic (system): Found 0 non used tables in detached tables.
2025.11.02 19:47:03.629831 [ 1 ] {} <Debug> DatabaseAtomic (system): There are 0 detached tables. Start searching non used tables.
2025.11.02 19:47:03.629885 [ 1 ] {} <Debug> DatabaseAtomic (system): Found 0 non used tables in detached tables.
2025.11.02 19:47:03.629955 [ 1 ] {} <Debug> DatabaseAtomic (system): There are 0 detached tables. Start searching non used tables.
2025.11.02 19:47:03.630042 [ 1 ] {} <Debug> DatabaseAtomic (system): Found 0 non used tables in detached tables.
2025.11.02 19:47:03.630147 [ 1 ] {} <Debug> DatabaseAtomic (system): There are 0 detached tables. Start searching non used tables.
2025.11.02 19:47:03.630310 [ 1 ] {} <Debug> DatabaseAtomic (system): Found 0 non used tables in detached tables.
2025.11.02 19:47:03.630624 [ 1 ] {} <Debug> DatabaseAtomic (system): There are 0 detached tables. Start searching non used tables.
2025.11.02 19:47:03.630692 [ 1 ] {} <Debug> DatabaseAtomic (system): Found 0 non used tables in detached tables.
2025.11.02 19:47:03.630779 [ 1 ] {} <Debug> DatabaseAtomic (system): There are 0 detached tables. Start searching non used tables.
2025.11.02 19:47:03.630847 [ 1 ] {} <Debug> DatabaseAtomic (system): Found 0 non used tables in detached tables.
2025.11.02 19:47:03.630896 [ 1 ] {} <Debug> DatabaseAtomic (system): There are 0 detached tables. Start searching non used tables.
2025.11.02 19:47:03.630920 [ 1 ] {} <Debug> DatabaseAtomic (system): Found 0 non used tables in detached tables.
2025.11.02 19:47:03.631048 [ 1 ] {} <Debug> DatabaseAtomic (system): There are 0 detached tables. Start searching non used tables.
2025.11.02 19:47:03.631093 [ 1 ] {} <Debug> DatabaseAtomic (system): Found 0 non used tables in detached tables.
2025.11.02 19:47:03.631234 [ 1 ] {} <Debug> DatabaseAtomic (system): There are 0 detached tables. Start searching non used tables.
2025.11.02 19:47:03.631289 [ 1 ] {} <Debug> DatabaseAtomic (system): Found 0 non used tables in detached tables.
2025.11.02 19:47:03.631395 [ 1 ] {} <Debug> DatabaseAtomic (system): There are 0 detached tables. Start searching non used tables.
2025.11.02 19:47:03.631455 [ 1 ] {} <Debug> DatabaseAtomic (system): Found 0 non used tables in detached tables.
2025.11.02 19:47:03.631527 [ 1 ] {} <Debug> DatabaseAtomic (system): There are 0 detached tables. Start searching non used tables.
2025.11.02 19:47:03.631630 [ 1 ] {} <Debug> DatabaseAtomic (system): Found 0 non used tables in detached tables.
2025.11.02 19:47:03.631720 [ 1 ] {} <Debug> DatabaseAtomic (system): There are 0 detached tables. Start searching non used tables.
2025.11.02 19:47:03.631765 [ 1 ] {} <Debug> DatabaseAtomic (system): Found 0 non used tables in detached tables.
2025.11.02 19:47:03.631850 [ 1 ] {} <Debug> DatabaseAtomic (system): There are 0 detached tables. Start searching non used tables.
2025.11.02 19:47:03.631895 [ 1 ] {} <Debug> DatabaseAtomic (system): Found 0 non used tables in detached tables.
2025.11.02 19:47:03.631972 [ 1 ] {} <Debug> DatabaseAtomic (system): There are 0 detached tables. Start searching non used tables.
2025.11.02 19:47:03.632015 [ 1 ] {} <Debug> DatabaseAtomic (system): Found 0 non used tables in detached tables.
2025.11.02 19:47:03.632072 [ 1 ] {} <Debug> DatabaseAtomic (system): There are 0 detached tables. Start searching non used tables.
2025.11.02 19:47:03.632137 [ 1 ] {} <Debug> DatabaseAtomic (system): Found 0 non used tables in detached tables.
2025.11.02 19:47:03.632289 [ 1 ] {} <Debug> DatabaseAtomic (system): There are 0 detached tables. Start searching non used tables.
2025.11.02 19:47:03.632375 [ 1 ] {} <Debug> DatabaseAtomic (system): Found 0 non used tables in detached tables.
2025.11.02 19:47:03.632540 [ 1 ] {} <Debug> DatabaseAtomic (system): There are 0 detached tables. Start searching non used tables.
2025.11.02 19:47:03.632596 [ 1 ] {} <Debug> DatabaseAtomic (system): Found 0 non used tables in detached tables.
2025.11.02 19:47:03.632691 [ 1 ] {} <Debug> DatabaseAtomic (system): There are 0 detached tables. Start searching non used tables.
2025.11.02 19:47:03.632763 [ 1 ] {} <Debug> DatabaseAtomic (system): Found 0 non used tables in detached tables.
2025.11.02 19:47:03.632882 [ 1 ] {} <Debug> DatabaseAtomic (system): There are 0 detached tables. Start searching non used tables.
2025.11.02 19:47:03.632927 [ 1 ] {} <Debug> DatabaseAtomic (system): Found 0 non used tables in detached tables.
2025.11.02 19:47:03.633062 [ 1 ] {} <Debug> DatabaseAtomic (system): There are 0 detached tables. Start searching non used tables.
2025.11.02 19:47:03.633216 [ 1 ] {} <Debug> DatabaseAtomic (system): Found 0 non used tables in detached tables.
2025.11.02 19:47:03.633418 [ 1 ] {} <Debug> DatabaseAtomic (system): There are 0 detached tables. Start searching non used tables.
2025.11.02 19:47:03.633533 [ 1 ] {} <Debug> DatabaseAtomic (system): Found 0 non used tables in detached tables.
2025.11.02 19:47:03.633674 [ 1 ] {} <Debug> DatabaseAtomic (system): There are 0 detached tables. Start searching non used tables.
2025.11.02 19:47:03.633772 [ 1 ] {} <Debug> DatabaseAtomic (system): Found 0 non used tables in detached tables.
2025.11.02 19:47:03.634155 [ 1 ] {} <Debug> DatabaseAtomic (system): There are 0 detached tables. Start searching non used tables.
2025.11.02 19:47:03.634360 [ 1 ] {} <Debug> DatabaseAtomic (system): Found 0 non used tables in detached tables.
2025.11.02 19:47:03.634670 [ 1 ] {} <Debug> DatabaseAtomic (system): There are 0 detached tables. Start searching non used tables.
2025.11.02 19:47:03.634747 [ 1 ] {} <Debug> DatabaseAtomic (system): Found 0 non used tables in detached tables.
2025.11.02 19:47:03.634860 [ 1 ] {} <Debug> DatabaseAtomic (system): There are 0 detached tables. Start searching non used tables.
2025.11.02 19:47:03.635136 [ 1 ] {} <Debug> DatabaseAtomic (system): Found 0 non used tables in detached tables.
2025.11.02 19:47:03.635281 [ 1 ] {} <Debug> DatabaseAtomic (system): There are 0 detached tables. Start searching non used tables.
2025.11.02 19:47:03.635522 [ 1 ] {} <Debug> DatabaseAtomic (system): Found 0 non used tables in detached tables.
2025.11.02 19:47:03.635624 [ 1 ] {} <Debug> DatabaseAtomic (system): There are 0 detached tables. Start searching non used tables.
2025.11.02 19:47:03.635689 [ 1 ] {} <Debug> DatabaseAtomic (system): Found 0 non used tables in detached tables.
2025.11.02 19:47:03.635818 [ 1 ] {} <Debug> DatabaseAtomic (system): There are 0 detached tables. Start searching non used tables.
2025.11.02 19:47:03.635995 [ 1 ] {} <Debug> DatabaseAtomic (system): Found 0 non used tables in detached tables.
2025.11.02 19:47:03.636255 [ 1 ] {} <Debug> DatabaseAtomic (system): There are 0 detached tables. Start searching non used tables.
2025.11.02 19:47:03.636370 [ 1 ] {} <Debug> DatabaseAtomic (system): Found 0 non used tables in detached tables.
2025.11.02 19:47:03.636478 [ 1 ] {} <Debug> DatabaseAtomic (system): There are 0 detached tables. Start searching non used tables.
2025.11.02 19:47:03.636546 [ 1 ] {} <Debug> DatabaseAtomic (system): Found 0 non used tables in detached tables.
2025.11.02 19:47:03.636659 [ 1 ] {} <Debug> DatabaseAtomic (system): There are 0 detached tables. Start searching non used tables.
2025.11.02 19:47:03.636801 [ 1 ] {} <Debug> DatabaseAtomic (system): Found 0 non used tables in detached tables.
2025.11.02 19:47:03.636915 [ 1 ] {} <Debug> DatabaseAtomic (system): There are 0 detached tables. Start searching non used tables.
2025.11.02 19:47:03.636978 [ 1 ] {} <Debug> DatabaseAtomic (system): Found 0 non used tables in detached tables.
2025.11.02 19:47:03.637080 [ 1 ] {} <Debug> DatabaseAtomic (system): There are 0 detached tables. Start searching non used tables.
2025.11.02 19:47:03.637156 [ 1 ] {} <Debug> DatabaseAtomic (system): Found 0 non used tables in detached tables.
2025.11.02 19:47:03.637273 [ 1 ] {} <Debug> DatabaseAtomic (system): There are 0 detached tables. Start searching non used tables.
2025.11.02 19:47:03.637380 [ 1 ] {} <Debug> DatabaseAtomic (system): Found 0 non used tables in detached tables.
2025.11.02 19:47:03.637525 [ 1 ] {} <Debug> DatabaseAtomic (system): There are 0 detached tables. Start searching non used tables.
2025.11.02 19:47:03.637591 [ 1 ] {} <Debug> DatabaseAtomic (system): Found 0 non used tables in detached tables.
2025.11.02 19:47:03.637703 [ 1 ] {} <Debug> DatabaseAtomic (system): There are 0 detached tables. Start searching non used tables.
2025.11.02 19:47:03.637942 [ 1 ] {} <Debug> DatabaseAtomic (system): Found 0 non used tables in detached tables.
2025.11.02 19:47:03.638102 [ 1 ] {} <Debug> DatabaseAtomic (system): There are 0 detached tables. Start searching non used tables.
2025.11.02 19:47:03.638559 [ 1 ] {} <Debug> DatabaseAtomic (system): Found 0 non used tables in detached tables.
2025.11.02 19:47:03.638652 [ 1 ] {} <Debug> DatabaseAtomic (system): There are 0 detached tables. Start searching non used tables.
2025.11.02 19:47:03.638717 [ 1 ] {} <Debug> DatabaseAtomic (system): Found 0 non used tables in detached tables.
2025.11.02 19:47:03.638804 [ 1 ] {} <Debug> DatabaseAtomic (system): There are 0 detached tables. Start searching non used tables.
2025.11.02 19:47:03.638872 [ 1 ] {} <Debug> DatabaseAtomic (system): Found 0 non used tables in detached tables.
2025.11.02 19:47:03.638954 [ 1 ] {} <Debug> DatabaseAtomic (system): There are 0 detached tables. Start searching non used tables.
2025.11.02 19:47:03.639135 [ 1 ] {} <Debug> DatabaseAtomic (system): Found 0 non used tables in detached tables.
2025.11.02 19:47:03.639229 [ 1 ] {} <Debug> DatabaseAtomic (system): There are 0 detached tables. Start searching non used tables.
2025.11.02 19:47:03.639300 [ 1 ] {} <Debug> DatabaseAtomic (system): Found 0 non used tables in detached tables.
2025.11.02 19:47:03.639413 [ 1 ] {} <Debug> DatabaseAtomic (system): There are 0 detached tables. Start searching non used tables.
2025.11.02 19:47:03.639552 [ 1 ] {} <Debug> DatabaseAtomic (system): Found 0 non used tables in detached tables.
2025.11.02 19:47:03.639779 [ 1 ] {} <Debug> DatabaseAtomic (system): There are 0 detached tables. Start searching non used tables.
2025.11.02 19:47:03.639897 [ 1 ] {} <Debug> DatabaseAtomic (system): Found 0 non used tables in detached tables.
2025.11.02 19:47:03.640124 [ 1 ] {} <Debug> DatabaseAtomic (system): There are 0 detached tables. Start searching non used tables.
2025.11.02 19:47:03.640352 [ 1 ] {} <Debug> DatabaseAtomic (system): Found 0 non used tables in detached tables.
2025.11.02 19:47:03.640722 [ 1 ] {} <Debug> DatabaseAtomic (system): There are 0 detached tables. Start searching non used tables.
2025.11.02 19:47:03.640786 [ 1 ] {} <Debug> DatabaseAtomic (system): Found 0 non used tables in detached tables.
2025.11.02 19:47:03.640895 [ 1 ] {} <Debug> DatabaseAtomic (system): There are 0 detached tables. Start searching non used tables.
2025.11.02 19:47:03.641108 [ 1 ] {} <Debug> DatabaseAtomic (system): Found 0 non used tables in detached tables.
2025.11.02 19:47:03.641579 [ 1 ] {} <Debug> DatabaseAtomic (system): There are 0 detached tables. Start searching non used tables.
2025.11.02 19:47:03.641782 [ 1 ] {} <Debug> DatabaseAtomic (system): Found 0 non used tables in detached tables.
2025.11.02 19:47:03.642238 [ 1 ] {} <Debug> DatabaseAtomic (system): There are 0 detached tables. Start searching non used tables.
2025.11.02 19:47:03.642872 [ 1 ] {} <Debug> DatabaseAtomic (system): Found 0 non used tables in detached tables.
2025.11.02 19:47:03.643385 [ 1 ] {} <Debug> DatabaseAtomic (system): There are 0 detached tables. Start searching non used tables.
2025.11.02 19:47:03.643752 [ 1 ] {} <Debug> DatabaseAtomic (system): Found 0 non used tables in detached tables.
2025.11.02 19:47:03.644158 [ 1 ] {} <Debug> DatabaseAtomic (system): There are 0 detached tables. Start searching non used tables.
2025.11.02 19:47:03.644344 [ 1 ] {} <Debug> DatabaseAtomic (system): Found 0 non used tables in detached tables.
2025.11.02 19:47:03.644603 [ 1 ] {} <Debug> DatabaseAtomic (system): There are 0 detached tables. Start searching non used tables.
2025.11.02 19:47:03.644727 [ 1 ] {} <Debug> DatabaseAtomic (system): Found 0 non used tables in detached tables.
2025.11.02 19:47:03.644841 [ 1 ] {} <Debug> DatabaseAtomic (system): There are 0 detached tables. Start searching non used tables.
2025.11.02 19:47:03.644893 [ 1 ] {} <Debug> DatabaseAtomic (system): Found 0 non used tables in detached tables.
2025.11.02 19:47:03.644990 [ 1 ] {} <Debug> DatabaseAtomic (system): There are 0 detached tables. Start searching non used tables.
2025.11.02 19:47:03.645116 [ 1 ] {} <Debug> DatabaseAtomic (system): Found 0 non used tables in detached tables.
2025.11.02 19:47:03.645276 [ 1 ] {} <Debug> DatabaseAtomic (system): There are 0 detached tables. Start searching non used tables.
2025.11.02 19:47:03.645420 [ 1 ] {} <Debug> DatabaseAtomic (system): Found 0 non used tables in detached tables.
2025.11.02 19:47:03.645504 [ 1 ] {} <Debug> DatabaseAtomic (system): There are 0 detached tables. Start searching non used tables.
2025.11.02 19:47:03.645577 [ 1 ] {} <Debug> DatabaseAtomic (system): Found 0 non used tables in detached tables.
2025.11.02 19:47:03.645812 [ 1 ] {} <Debug> DatabaseAtomic (system): There are 0 detached tables. Start searching non used tables.
2025.11.02 19:47:03.646319 [ 1 ] {} <Debug> DatabaseAtomic (system): Found 0 non used tables in detached tables.
2025.11.02 19:47:03.646423 [ 1 ] {} <Debug> DatabaseAtomic (system): There are 0 detached tables. Start searching non used tables.
2025.11.02 19:47:03.646620 [ 1 ] {} <Debug> DatabaseAtomic (system): Found 0 non used tables in detached tables.
2025.11.02 19:47:03.646888 [ 1 ] {} <Debug> DatabaseAtomic (system): There are 0 detached tables. Start searching non used tables.
2025.11.02 19:47:03.647156 [ 1 ] {} <Debug> DatabaseAtomic (system): Found 0 non used tables in detached tables.
2025.11.02 19:47:03.647289 [ 1 ] {} <Debug> DatabaseAtomic (system): There are 0 detached tables. Start searching non used tables.
2025.11.02 19:47:03.647351 [ 1 ] {} <Debug> DatabaseAtomic (system): Found 0 non used tables in detached tables.
2025.11.02 19:47:03.647472 [ 1 ] {} <Debug> DatabaseAtomic (system): There are 0 detached tables. Start searching non used tables.
2025.11.02 19:47:03.647598 [ 1 ] {} <Debug> DatabaseAtomic (system): Found 0 non used tables in detached tables.
2025.11.02 19:47:03.647725 [ 1 ] {} <Debug> DatabaseAtomic (system): There are 0 detached tables. Start searching non used tables.
2025.11.02 19:47:03.647826 [ 1 ] {} <Debug> DatabaseAtomic (system): Found 0 non used tables in detached tables.
2025.11.02 19:47:03.651887 [ 1 ] {} <Information> DatabaseCatalog: Found 0 partially dropped tables. Will load them and retry removal.
2025.11.02 19:47:03.652869 [ 1 ] {} <Information> DatabaseAtomic (default): Metadata processed, database default has 0 tables and 0 dictionaries in total.
2025.11.02 19:47:03.652928 [ 1 ] {} <Information> TablesLoader: Parsed metadata of 0 tables in 1 databases in 6.1083e-05 sec
2025.11.02 19:47:03.653025 [ 1 ] {} <Information> loadMetadata: Start asynchronous loading of databases
2025.11.02 19:47:03.653082 [ 1 ] {} <Debug> AsyncLoader: Schedule load job 'startup Ordinary database default' into BackgrndStartup
2025.11.02 19:47:03.653141 [ 1 ] {} <Debug> AsyncLoader: Schedule load job 'startup Atomic database default' into BackgrndStartup
2025.11.02 19:47:03.653196 [ 1 ] {} <Debug> AsyncLoader: Change current priority: none -> 2
2025.11.02 19:47:03.653258 [ 1 ] {} <Debug> AsyncLoader: Spawn loader worker #1 in BackgrndStartup
2025.11.02 19:47:03.653406 [ 1 ] {} <Information> UserDefinedSQLObjectsLoaderFromDisk: Loading user defined objects from /var/lib/clickhouse/user_defined/
2025.11.02 19:47:03.653479 [ 1 ] {} <Debug> UserDefinedSQLObjectsLoaderFromDisk: The directory for user defined objects (/var/lib/clickhouse/user_defined/) does not exist: nothing to load
2025.11.02 19:47:03.653426 [ 719 ] {} <Debug> AsyncLoader: Execute load job 'startup Ordinary database default' in BackgrndStartup
2025.11.02 19:47:03.653589 [ 1 ] {} <Information> WorkloadEntityDiskStorage: Loading workload entities from /var/lib/clickhouse/workload/
2025.11.02 19:47:03.653709 [ 1 ] {} <Debug> WorkloadEntityDiskStorage: The directory for workload entities (/var/lib/clickhouse/workload/) does not exist: nothing to load
2025.11.02 19:47:03.653633 [ 719 ] {} <Debug> AsyncLoader: Finish load job 'startup Ordinary database default' with status OK
2025.11.02 19:47:03.653858 [ 719 ] {} <Debug> AsyncLoader: Spawn loader worker #2 in BackgrndStartup
2025.11.02 19:47:03.654060 [ 719 ] {} <Debug> AsyncLoader: Execute load job 'startup Atomic database default' in BackgrndStartup
2025.11.02 19:47:03.654148 [ 719 ] {} <Debug> AsyncLoader: Finish load job 'startup Atomic database default' with status OK
2025.11.02 19:47:03.654219 [ 719 ] {} <Debug> AsyncLoader: Stop worker in BackgrndStartup
2025.11.02 19:47:03.654311 [ 720 ] {} <Debug> AsyncLoader: Stop worker in BackgrndStartup
2025.11.02 19:47:03.654393 [ 720 ] {} <Debug> AsyncLoader: Change current priority: 2 -> none
2025.11.02 19:47:03.655766 [ 1 ] {} <Information> ZooKeeperClient: Connected to ZooKeeper at 172.19.0.2:2181 with session_id 72057596994191362
2025.11.02 19:47:03.656818 [ 1 ] {} <Information> ZooKeeperClient: Keeper feature flag FILTERED_LIST: disabled
2025.11.02 19:47:03.656869 [ 1 ] {} <Information> ZooKeeperClient: Keeper feature flag MULTI_READ: disabled
2025.11.02 19:47:03.656913 [ 1 ] {} <Information> ZooKeeperClient: Keeper feature flag CHECK_NOT_EXISTS: disabled
2025.11.02 19:47:03.656952 [ 1 ] {} <Information> ZooKeeperClient: Keeper feature flag CREATE_IF_NOT_EXISTS: disabled
2025.11.02 19:47:03.657005 [ 1 ] {} <Information> ZooKeeperClient: Keeper feature flag REMOVE_RECURSIVE: disabled
2025.11.02 19:47:03.660392 [ 1 ] {} <Debug> Application: Loaded metadata.
2025.11.02 19:47:03.660492 [ 1 ] {} <Information> Application: Tasks stats provider: procfs
2025.11.02 19:47:03.660634 [ 1 ] {} <Information> Application: It looks like the process has no CAP_SYS_NICE capability, the setting 'os_thread_priority' will have no effect. It could happen due to incorrect ClickHouse package installation. You could resolve the problem manually with 'sudo setcap cap_sys_nice=+ep /usr/bin/clickhouse'. Note that it will not work on 'nosuid' mounted filesystems.
2025.11.02 19:47:03.660748 [ 1 ] {} <Debug> DatabaseAtomic (system): There are 0 detached tables. Start searching non used tables.
2025.11.02 19:47:03.660905 [ 1 ] {} <Debug> DatabaseAtomic (system): Found 0 non used tables in detached tables.
2025.11.02 19:47:03.661241 [ 1 ] {} <Warning> Application: Listen [::]:8123 failed: Poco::Exception. Code: 1000, e.code() = 0, DNS error: EAI: Address family for hostname not supported (version 25.3.7.194 (official build)). If it is an IPv6 or IPv4 address and your host has disabled IPv6 or IPv4, then consider to specify not disabled IPv4 or IPv6 address to listen in <listen_host> element of configuration file. Example for disabled IPv6: <listen_host>0.0.0.0</listen_host> . Example for disabled IPv4: <listen_host>::</listen_host>
2025.11.02 19:47:03.661400 [ 1 ] {} <Warning> Application: Listen [::]:9000 failed: Poco::Exception. Code: 1000, e.code() = 0, DNS error: EAI: Address family for hostname not supported (version 25.3.7.194 (official build)). If it is an IPv6 or IPv4 address and your host has disabled IPv6 or IPv4, then consider to specify not disabled IPv4 or IPv6 address to listen in <listen_host> element of configuration file. Example for disabled IPv6: <listen_host>0.0.0.0</listen_host> . Example for disabled IPv4: <listen_host>::</listen_host>
2025.11.02 19:47:03.661561 [ 1 ] {} <Warning> Application: Listen [::]:8001 failed: Poco::Exception. Code: 1000, e.code() = 0, DNS error: EAI: Address family for hostname not supported (version 25.3.7.194 (official build)). If it is an IPv6 or IPv4 address and your host has disabled IPv6 or IPv4, then consider to specify not disabled IPv4 or IPv6 address to listen in <listen_host> element of configuration file. Example for disabled IPv6: <listen_host>0.0.0.0</listen_host> . Example for disabled IPv4: <listen_host>::</listen_host>
2025.11.02 19:47:03.661783 [ 1 ] {} <Information> CertificateReloader: One of paths is empty. Cannot apply new configuration for certificates. Fill all paths and try again.
2025.11.02 19:47:03.661862 [ 1 ] {} <Information> CertificateReloader: One of paths is empty. Cannot apply new configuration for certificates. Fill all paths and try again.
2025.11.02 19:47:03.665256 [ 1 ] {} <Debug> AsyncLoader: Schedule load job 'startup ddl worker' into BackgrndStartup
2025.11.02 19:47:03.665395 [ 1 ] {} <Debug> AsyncLoader: Change current priority: none -> 2
2025.11.02 19:47:03.665468 [ 1 ] {} <Debug> AsyncLoader: Spawn loader worker #1 in BackgrndStartup
2025.11.02 19:47:03.665637 [ 725 ] {} <Debug> AsyncLoader: Execute load job 'startup ddl worker' in BackgrndStartup
2025.11.02 19:47:03.665652 [ 1 ] {} <Information> Application: Listening for http://0.0.0.0:8123
2025.11.02 19:47:03.665819 [ 727 ] {} <Debug> DDLWorker: Starting DDLWorker thread
2025.11.02 19:47:03.665877 [ 727 ] {} <Debug> DDLWorker: Initializing DDLWorker thread
2025.11.02 19:47:03.666061 [ 729 ] {} <Debug> DDLWorker: Started DDLWorker cleanup thread
2025.11.02 19:47:03.665889 [ 725 ] {} <Debug> AsyncLoader: Finish load job 'startup ddl worker' with status OK
2025.11.02 19:47:03.666217 [ 725 ] {} <Debug> AsyncLoader: Stop worker in BackgrndStartup
2025.11.02 19:47:03.666277 [ 725 ] {} <Debug> AsyncLoader: Change current priority: 2 -> none
2025.11.02 19:47:03.665880 [ 1 ] {} <Information> Application: Listening for native protocol (tcp): 0.0.0.0:9000
2025.11.02 19:47:03.666470 [ 1 ] {} <Information> Application: Listening for Prometheus: http://0.0.0.0:8001
2025.11.02 19:47:03.666536 [ 1 ] {} <Information> Application: Ready for connections.
2025.11.02 19:47:03.671580 [ 727 ] {} <Debug> DDLWorker: Initialized DDLWorker thread
2025.11.02 19:47:03.671674 [ 729 ] {} <Debug> DDLWorker: Cleaning queue
2025.11.02 19:47:03.674136 [ 727 ] {} <Debug> DDLWorker: Scheduling tasks
2025.11.02 19:47:03.674847 [ 727 ] {} <Debug> DDLWorker: No tasks to schedule
2025.11.02 19:47:03.674900 [ 727 ] {} <Debug> DDLWorker: Waiting for queue updates
2025.11.02 19:47:03.880989 [ 81 ] {} <Information> TCPHandler: Client has not sent any data.
2025.11.02 19:47:03.881219 [ 81 ] {} <Debug> TCPHandler: Done processing connection.
2025.11.02 19:47:03.914378 [ 81 ] {} <Information> TCPHandler: Client has not sent any data.
2025.11.02 19:47:03.914604 [ 81 ] {} <Debug> TCPHandler: Done processing connection.
2025.11.02 19:47:04.056978 [ 727 ] {} <Debug> DDLWorker: Scheduling tasks
2025.11.02 19:47:04.059121 [ 727 ] {} <Debug> DDLWorker: Will schedule 1 tasks starting from query-0000000000
2025.11.02 19:47:04.060212 [ 727 ] {} <Debug> DDLWorker: Processing task query-0000000000 (query: CREATE DATABASE IF NOT EXISTS db_w UUID '593d77a3-bdd8-4bf3-b577-1262a156f505', backup restore: false)
2025.11.02 19:47:04.061270 [ 727 ] {} <Debug> DDLWorker: Executing query: CREATE DATABASE IF NOT EXISTS db_w UUID '593d77a3-bdd8-4bf3-b577-1262a156f505'
2025.11.02 19:47:04.061648 [ 727 ] {070628b2-3294-4a44-b5d2-41f01698bcf6} <Debug> executeQuery: (from 0.0.0.0:0, user: , initial_query_id: db327c58-1dc1-4ea3-87fc-650068d20381) /* ddl_entry=query-0000000000 */ CREATE DATABASE IF NOT EXISTS db_w UUID '593d77a3-bdd8-4bf3-b577-1262a156f505' (stage: Complete)
2025.11.02 19:47:04.062761 [ 727 ] {070628b2-3294-4a44-b5d2-41f01698bcf6} <Information> DatabaseAtomic (db_w): Metadata processed, database db_w has 0 tables and 0 dictionaries in total.
2025.11.02 19:47:04.062804 [ 727 ] {070628b2-3294-4a44-b5d2-41f01698bcf6} <Information> TablesLoader: Parsed metadata of 0 tables in 1 databases in 5.1625e-05 sec
2025.11.02 19:47:04.062868 [ 727 ] {070628b2-3294-4a44-b5d2-41f01698bcf6} <Debug> AsyncLoader: Prioritize load job 'startup Atomic database db_w': BackgrndStartup -> ForegroundLoad
2025.11.02 19:47:04.062912 [ 727 ] {070628b2-3294-4a44-b5d2-41f01698bcf6} <Debug> AsyncLoader: Prioritize load job 'startup Ordinary database db_w': BackgrndStartup -> ForegroundLoad
2025.11.02 19:47:04.062949 [ 727 ] {070628b2-3294-4a44-b5d2-41f01698bcf6} <Debug> AsyncLoader: Schedule load job 'startup Ordinary database db_w' into ForegroundLoad
2025.11.02 19:47:04.062991 [ 727 ] {070628b2-3294-4a44-b5d2-41f01698bcf6} <Debug> AsyncLoader: Schedule load job 'startup Atomic database db_w' into ForegroundLoad
2025.11.02 19:47:04.063071 [ 727 ] {070628b2-3294-4a44-b5d2-41f01698bcf6} <Debug> AsyncLoader: Change current priority: none -> 0
2025.11.02 19:47:04.063114 [ 727 ] {070628b2-3294-4a44-b5d2-41f01698bcf6} <Debug> AsyncLoader: Spawn loader worker #1 in ForegroundLoad
2025.11.02 19:47:04.063255 [ 727 ] {070628b2-3294-4a44-b5d2-41f01698bcf6} <Debug> AsyncLoader: Wait load job 'startup Atomic database db_w' in ForegroundLoad
2025.11.02 19:47:04.063346 [ 731 ] {} <Debug> AsyncLoader: Execute load job 'startup Ordinary database db_w' in ForegroundLoad
2025.11.02 19:47:04.063412 [ 731 ] {} <Debug> AsyncLoader: Finish load job 'startup Ordinary database db_w' with status OK
2025.11.02 19:47:04.063452 [ 731 ] {} <Debug> AsyncLoader: Spawn loader worker #2 in ForegroundLoad
2025.11.02 19:47:04.063594 [ 731 ] {} <Debug> AsyncLoader: Execute load job 'startup Atomic database db_w' in ForegroundLoad
2025.11.02 19:47:04.063626 [ 731 ] {} <Debug> AsyncLoader: Finish load job 'startup Atomic database db_w' with status OK
2025.11.02 19:47:04.063718 [ 731 ] {} <Debug> AsyncLoader: Stop worker in ForegroundLoad
2025.11.02 19:47:04.063796 [ 753 ] {} <Debug> AsyncLoader: Stop worker in ForegroundLoad
2025.11.02 19:47:04.063863 [ 753 ] {} <Debug> AsyncLoader: Change current priority: 0 -> none
2025.11.02 19:47:04.063820 [ 727 ] {070628b2-3294-4a44-b5d2-41f01698bcf6} <Debug> DDLWorker: Executed query: /* ddl_entry=query-0000000000 */ CREATE DATABASE IF NOT EXISTS db_w UUID '593d77a3-bdd8-4bf3-b577-1262a156f505'
2025.11.02 19:47:04.066009 [ 727 ] {} <Debug> DDLWorker: Waiting for queue updates
2025.11.02 19:47:04.133973 [ 727 ] {} <Debug> DDLWorker: Scheduling tasks
2025.11.02 19:47:04.135118 [ 727 ] {} <Debug> DDLWorker: Will schedule 1 tasks starting from query-0000000001
2025.11.02 19:47:04.136168 [ 727 ] {} <Debug> DDLWorker: Processing task query-0000000001 (query: CREATE TABLE db_w.t_dist_local UUID '76342c53-abaf-40f2-89fb-5cd7dd6d0b17' (`create_time` DateTime, `y` Int32 COMMENT 'shard key', `m` Int32 COMMENT 'part key', `id` Int64 COMMENT 'sort key', `value` Nullable(String)) ENGINE = MergeTree PARTITION BY m ORDER BY id SETTINGS index_granularity = 8192, backup restore: false)
2025.11.02 19:47:04.137396 [ 727 ] {} <Debug> DDLWorker: Executing query: CREATE TABLE db_w.t_dist_local UUID '76342c53-abaf-40f2-89fb-5cd7dd6d0b17' (`create_time` DateTime, `y` Int32 COMMENT 'shard key', `m` Int32 COMMENT 'part key', `id` Int64 COMMENT 'sort key', `value` Nullable(String)) ENGINE = MergeTree PARTITION BY m ORDER BY id SETTINGS index_granularity = 8192
2025.11.02 19:47:04.137853 [ 727 ] {1d7107d7-18d9-4eb4-8790-2dcd2c160663} <Debug> executeQuery: (from 0.0.0.0:0, user: , initial_query_id: 7e3f2d2f-b4b4-436e-b188-c9587383c27c) /* ddl_entry=query-0000000001 */ CREATE TABLE db_w.t_dist_local UUID '76342c53-abaf-40f2-89fb-5cd7dd6d0b17' (`create_time` DateTime, `y` Int32 COMMENT 'shard key', `m` Int32 COMMENT 'part key', `id` Int64 COMMENT 'sort key', `value` Nullable(String)) ENGINE = MergeTree PARTITION BY m ORDER BY id SETTINGS index_granularity = 8192 (stage: Complete)
2025.11.02 19:47:04.138973 [ 727 ] {1d7107d7-18d9-4eb4-8790-2dcd2c160663} <Debug> db_w.t_dist_local (76342c53-abaf-40f2-89fb-5cd7dd6d0b17): Loading data parts
2025.11.02 19:47:04.139183 [ 727 ] {1d7107d7-18d9-4eb4-8790-2dcd2c160663} <Debug> db_w.t_dist_local (76342c53-abaf-40f2-89fb-5cd7dd6d0b17): There are no data parts
2025.11.02 19:47:04.140410 [ 727 ] {1d7107d7-18d9-4eb4-8790-2dcd2c160663} <Debug> DatabaseAtomic (db_w): There are 0 detached tables. Start searching non used tables.
2025.11.02 19:47:04.140466 [ 727 ] {1d7107d7-18d9-4eb4-8790-2dcd2c160663} <Debug> DatabaseAtomic (db_w): Found 0 non used tables in detached tables.
2025.11.02 19:47:04.140752 [ 727 ] {1d7107d7-18d9-4eb4-8790-2dcd2c160663} <Debug> DDLWorker: Executed query: /* ddl_entry=query-0000000001 */ CREATE TABLE db_w.t_dist_local UUID '76342c53-abaf-40f2-89fb-5cd7dd6d0b17' (`create_time` DateTime, `y` Int32 COMMENT 'shard key', `m` Int32 COMMENT 'part key', `id` Int64 COMMENT 'sort key', `value` Nullable(String)) ENGINE = MergeTree PARTITION BY m ORDER BY id SETTINGS index_granularity = 8192
2025.11.02 19:47:04.142525 [ 727 ] {} <Debug> DDLWorker: Waiting for queue updates
2025.11.02 19:47:04.197970 [ 727 ] {} <Debug> DDLWorker: Scheduling tasks
2025.11.02 19:47:04.198436 [ 727 ] {} <Debug> DDLWorker: Will schedule 1 tasks starting from query-0000000002
2025.11.02 19:47:04.199392 [ 727 ] {} <Debug> DDLWorker: Processing task query-0000000002 (query: CREATE TABLE db_w.t_dist UUID '7b6e73c0-0bdc-4cd3-8505-7d01311ca3f8' (`create_time` DateTime, `y` Int32 COMMENT 'shard key', `m` Int32 COMMENT 'part key', `id` Int64 COMMENT 'sort key', `value` Nullable(String)) ENGINE = Distributed(single_replica, 'db_w', 't_dist_local', y), backup restore: false)
2025.11.02 19:47:04.201212 [ 727 ] {} <Debug> DDLWorker: Executing query: CREATE TABLE db_w.t_dist UUID '7b6e73c0-0bdc-4cd3-8505-7d01311ca3f8' (`create_time` DateTime, `y` Int32 COMMENT 'shard key', `m` Int32 COMMENT 'part key', `id` Int64 COMMENT 'sort key', `value` Nullable(String)) ENGINE = Distributed(single_replica, 'db_w', 't_dist_local', y)
2025.11.02 19:47:04.201328 [ 727 ] {08519abc-c667-472b-b7ea-c3ac30d869ac} <Debug> executeQuery: (from 0.0.0.0:0, user: , initial_query_id: 98592e15-2e01-4898-84b8-66e622382a8c) /* ddl_entry=query-0000000002 */ CREATE TABLE db_w.t_dist UUID '7b6e73c0-0bdc-4cd3-8505-7d01311ca3f8' (`create_time` DateTime, `y` Int32 COMMENT 'shard key', `m` Int32 COMMENT 'part key', `id` Int64 COMMENT 'sort key', `value` Nullable(String)) ENGINE = Distributed(single_replica, 'db_w', 't_dist_local', y) (stage: Complete)
2025.11.02 19:47:04.201706 [ 727 ] {08519abc-c667-472b-b7ea-c3ac30d869ac} <Debug> StorageDistributed (t_dist): Auto-increment is 0
2025.11.02 19:47:04.202598 [ 727 ] {08519abc-c667-472b-b7ea-c3ac30d869ac} <Debug> DatabaseAtomic (db_w): There are 0 detached tables. Start searching non used tables.
2025.11.02 19:47:04.202666 [ 727 ] {08519abc-c667-472b-b7ea-c3ac30d869ac} <Debug> DatabaseAtomic (db_w): Found 0 non used tables in detached tables.
2025.11.02 19:47:04.202836 [ 727 ] {08519abc-c667-472b-b7ea-c3ac30d869ac} <Debug> DDLWorker: Executed query: /* ddl_entry=query-0000000002 */ CREATE TABLE db_w.t_dist UUID '7b6e73c0-0bdc-4cd3-8505-7d01311ca3f8' (`create_time` DateTime, `y` Int32 COMMENT 'shard key', `m` Int32 COMMENT 'part key', `id` Int64 COMMENT 'sort key', `value` Nullable(String)) ENGINE = Distributed(single_replica, 'db_w', 't_dist_local', y)
2025.11.02 19:47:04.204715 [ 727 ] {} <Debug> DDLWorker: Waiting for queue updates
2025.11.02 19:47:04.258915 [ 81 ] {} <Debug> TCPHandler: Connected ClickHouse server version 25.3.0, revision: 54476, user: default.
2025.11.02 19:47:04.259011 [ 81 ] {} <Debug> TCP-Session-9799cba2-6ab1-4223-84f4-39443dfb8e4a: Authenticating user 'default' from 172.19.0.3:40374
2025.11.02 19:47:04.259094 [ 81 ] {} <Debug> TCP-Session-9799cba2-6ab1-4223-84f4-39443dfb8e4a: 9799cba2-6ab1-4223-84f4-39443dfb8e4a Authenticated with global context as user 94309d50-4f52-5250-31bd-74fecac179db
2025.11.02 19:47:04.259156 [ 81 ] {} <Debug> TCP-Session-9799cba2-6ab1-4223-84f4-39443dfb8e4a: Creating session context with user_id: 94309d50-4f52-5250-31bd-74fecac179db
2025.11.02 19:47:04.261769 [ 81 ] {cfe220f7-1972-4131-b964-564195b270a1} <Debug> executeQuery: (from 172.19.0.3:40374, initial_query_id: a7941663-2b75-4002-af1d-0225b7456806) SELECT `__table1`.`create_time` AS `create_time`, `__table1`.`y` AS `y`, `__table1`.`m` AS `m`, `__table1`.`id` AS `id`, `__table1`.`value` AS `value` FROM `db_w`.`t_dist_local` AS `__table1` WHERE _CAST(0, 'UInt8') (stage: Complete)
2025.11.02 19:47:04.262522 [ 81 ] {cfe220f7-1972-4131-b964-564195b270a1} <Debug> TCPHandler: Processed in 0.00097625 sec.
2025.11.02 19:47:04.307188 [ 81 ] {c4181540-ef69-4466-8a70-89c6660ce12e} <Debug> executeQuery: (from 172.19.0.3:40374, initial_query_id: 0e64d11e-6636-4123-8734-2f87fb1ec47f) SELECT `__table1`.`create_time` AS `create_time`, `__table1`.`y` AS `y`, `__table1`.`m` AS `m`, `__table1`.`id` AS `id`, `__table1`.`value` AS `value` FROM `db_w`.`t_dist_local` AS `__table1` WHERE _CAST(0, 'UInt8') (stage: Complete)
2025.11.02 19:47:04.307651 [ 81 ] {c4181540-ef69-4466-8a70-89c6660ce12e} <Debug> TCPHandler: Processed in 0.000679417 sec.
2025.11.02 19:47:04.360534 [ 81 ] {e26fa288-4ca6-4f70-b144-a901d6a62967} <Debug> executeQuery: (from 172.19.0.3:40374, initial_query_id: 7b3b105d-0cd6-4e5c-bfcb-b5a03bcf6626) SELECT `__table1`.`create_time` AS `create_time`, `__table1`.`y` AS `y`, `__table1`.`m` AS `m`, `__table1`.`id` AS `id`, `__table1`.`value` AS `value` FROM `db_w`.`t_dist_local` AS `__table1` WHERE _CAST(0, 'UInt8') (stage: Complete)
2025.11.02 19:47:04.361411 [ 81 ] {e26fa288-4ca6-4f70-b144-a901d6a62967} <Debug> TCPHandler: Processed in 0.001065833 sec.
2025.11.02 19:47:04.445770 [ 79 ] {} <Debug> HTTP-Session-54262566-8648-4b64-a503-1b0e3992cd9e: Authenticating user 'default' from 172.19.0.7:32938
2025.11.02 19:47:04.445867 [ 79 ] {} <Debug> HTTP-Session-54262566-8648-4b64-a503-1b0e3992cd9e: 54262566-8648-4b64-a503-1b0e3992cd9e Authenticated with global context as user 94309d50-4f52-5250-31bd-74fecac179db
2025.11.02 19:47:04.445931 [ 79 ] {} <Debug> HTTP-Session-54262566-8648-4b64-a503-1b0e3992cd9e: Creating session context with user_id: 94309d50-4f52-5250-31bd-74fecac179db
2025.11.02 19:47:04.446209 [ 79 ] {e2ec28cd-a09d-42f1-aa4f-bfc11a2ff909} <Debug> executeQuery: (from 172.19.0.7:32938) INSERT INTO `db_w`.`t_dist` FORMAT ArrowStream  (stage: Complete)
2025.11.02 19:47:04.507249 [ 753 ] {dc537862-e6d0-446d-970d-c536aaf43abe} <Debug> AsynchronousInsertQueue: Flushed 2 rows, 62 bytes for query 'INSERT INTO db_w.t_dist (create_time, y, m, id, value) FORMAT ArrowStream'
2025.11.02 19:47:04.507783 [ 79 ] {e2ec28cd-a09d-42f1-aa4f-bfc11a2ff909} <Debug> DynamicQueryHandler: Done processing query
2025.11.02 19:47:04.507925 [ 79 ] {} <Debug> HTTP-Session-54262566-8648-4b64-a503-1b0e3992cd9e: 54262566-8648-4b64-a503-1b0e3992cd9e Logout, user_id: 94309d50-4f52-5250-31bd-74fecac179db
2025.11.02 19:47:04.509990 [ 633 ] {} <Debug> db_w.t_dist.DistributedInsertQueue.default: Sending `/var/lib/clickhouse/store/7b6/7b6e73c0-0bdc-4cd3-8505-7d01311ca3f8/shard2_replica1/1.bin` to clickhouse-s1r2:9000 (1.00 rows, 31.00 B bytes)
2025.11.02 19:47:04.511209 [ 634 ] {} <Debug> db_w.t_dist.DistributedInsertQueue.default: Sending `/var/lib/clickhouse/store/7b6/7b6e73c0-0bdc-4cd3-8505-7d01311ca3f8/shard3_replica1/2.bin` to clickhouse-s2r1:9000 (1.00 rows, 31.00 B bytes)
2025.11.02 19:47:04.577123 [ 81 ] {2f2b7fa6-7197-40d2-85b5-179fe3a551fa} <Debug> executeQuery: (from 172.19.0.3:40374, initial_query_id: 29c119d5-517d-4484-9e73-e1ba59058495) INSERT INTO db_w.t_dist_local (create_time, y, m, id, value) VALUES (stage: Complete)
2025.11.02 19:47:04.579601 [ 81 ] {2f2b7fa6-7197-40d2-85b5-179fe3a551fa} <Debug> executeQuery: Read 1 rows, 31.00 B in 0.002544 sec., 393.08176100628936 rows/sec., 11.90 KiB/sec.
2025.11.02 19:47:04.579809 [ 81 ] {2f2b7fa6-7197-40d2-85b5-179fe3a551fa} <Debug> MemoryTracker: Query peak memory usage: 4.30 MiB.
2025.11.02 19:47:04.579889 [ 81 ] {2f2b7fa6-7197-40d2-85b5-179fe3a551fa} <Debug> TCPHandler: Processed in 0.003038417 sec.
2025.11.02 19:47:04.582074 [ 81 ] {19566a4a-592a-4bb9-9774-775ffaf765d3} <Debug> executeQuery: (from 172.19.0.3:40374, initial_query_id: d657e458-8f68-4277-8b93-a535fa74c3df) SELECT `__table1`.`create_time` AS `create_time`, `__table1`.`y` AS `y`, `__table1`.`m` AS `m`, `__table1`.`id` AS `id`, `__table1`.`value` AS `value` FROM `db_w`.`t_dist_local` AS `__table1` WHERE _CAST(0, 'UInt8') (stage: Complete)
2025.11.02 19:47:04.582436 [ 81 ] {19566a4a-592a-4bb9-9774-775ffaf765d3} <Debug> db_w.t_dist_local (76342c53-abaf-40f2-89fb-5cd7dd6d0b17) (SelectExecutor): Selected 0/0 parts by partition key, 0 parts by primary key, 0/0 marks by primary key, 0 marks to read from 0 ranges
2025.11.02 19:47:04.582864 [ 81 ] {19566a4a-592a-4bb9-9774-775ffaf765d3} <Debug> TCPHandler: Processed in 0.000949709 sec.
2025.11.02 19:47:04.595736 [ 81 ] {c2ce7a85-c321-4784-9bce-ba3b8906d490} <Debug> executeQuery: (from 172.19.0.3:40374, initial_query_id: faa1ab87-4085-4fc8-bc44-d562334e7824) SELECT `__table1`.`create_time` AS `create_time`, `__table1`.`y` AS `y`, `__table1`.`m` AS `m`, `__table1`.`id` AS `id`, `__table1`.`value` AS `value` FROM `db_w`.`t_dist_local` AS `__table1` WHERE _CAST(0, 'UInt8') (stage: Complete)
2025.11.02 19:47:04.596117 [ 81 ] {c2ce7a85-c321-4784-9bce-ba3b8906d490} <Debug> db_w.t_dist_local (76342c53-abaf-40f2-89fb-5cd7dd6d0b17) (SelectExecutor): Selected 0/0 parts by partition key, 0 parts by primary key, 0/0 marks by primary key, 0 marks to read from 0 ranges
2025.11.02 19:47:04.596510 [ 81 ] {c2ce7a85-c321-4784-9bce-ba3b8906d490} <Debug> TCPHandler: Processed in 0.000971667 sec.
2025.11.02 19:47:04.638388 [ 79 ] {} <Debug> HTTP-Session-44d8a285-bba0-48fb-8b84-794bb5fa674c: Authenticating user 'default' from 172.19.0.7:32946
2025.11.02 19:47:04.638463 [ 79 ] {} <Debug> HTTP-Session-44d8a285-bba0-48fb-8b84-794bb5fa674c: 44d8a285-bba0-48fb-8b84-794bb5fa674c Authenticated with global context as user 94309d50-4f52-5250-31bd-74fecac179db
2025.11.02 19:47:04.638521 [ 79 ] {} <Debug> HTTP-Session-44d8a285-bba0-48fb-8b84-794bb5fa674c: Creating session context with user_id: 94309d50-4f52-5250-31bd-74fecac179db
2025.11.02 19:47:04.638748 [ 79 ] {23bc1b18-a39c-4f20-a95c-20a5f547e22b} <Debug> executeQuery: (from 172.19.0.7:32946) SELECT partition, -- String
 partition_id, -- String
 sum(rows) AS row_count, -- UInt64
 sum(bytes_on_disk) AS size_in_bytes -- UInt64
 FROM `system`.`parts` WHERE `database`='db_w' AND `table`='t_dist_local' AND `active`=1 GROUP BY `partition`, `partition_id` ORDER BY `partition` ASC, partition_id ASC  (stage: Complete)
2025.11.02 19:47:04.642423 [ 79 ] {23bc1b18-a39c-4f20-a95c-20a5f547e22b} <Debug> executeQuery: Read 1 rows, 71.00 B in 0.003763 sec., 265.7454158915759 rows/sec., 18.43 KiB/sec.
2025.11.02 19:47:04.642932 [ 79 ] {23bc1b18-a39c-4f20-a95c-20a5f547e22b} <Debug> DynamicQueryHandler: Done processing query
2025.11.02 19:47:04.642999 [ 79 ] {23bc1b18-a39c-4f20-a95c-20a5f547e22b} <Debug> MemoryTracker: Query peak memory usage: 4.02 MiB.
2025.11.02 19:47:04.643128 [ 79 ] {} <Debug> HTTP-Session-44d8a285-bba0-48fb-8b84-794bb5fa674c: 44d8a285-bba0-48fb-8b84-794bb5fa674c Logout, user_id: 94309d50-4f52-5250-31bd-74fecac179db
2025.11.02 19:47:04.662897 [ 79 ] {} <Debug> HTTP-Session-3f16d493-634c-42cf-975f-494ba2888b86: Authenticating user 'default' from 172.19.0.7:32950
2025.11.02 19:47:04.662987 [ 79 ] {} <Debug> HTTP-Session-3f16d493-634c-42cf-975f-494ba2888b86: 3f16d493-634c-42cf-975f-494ba2888b86 Authenticated with global context as user 94309d50-4f52-5250-31bd-74fecac179db
2025.11.02 19:47:04.663087 [ 79 ] {} <Debug> HTTP-Session-3f16d493-634c-42cf-975f-494ba2888b86: Creating session context with user_id: 94309d50-4f52-5250-31bd-74fecac179db
2025.11.02 19:47:04.663299 [ 79 ] {4c74ea79-9a4e-4930-9e08-9f8666c510b9} <Debug> executeQuery: (from 172.19.0.7:32950) SELECT partition, -- String
 partition_id, -- String
 sum(rows) AS row_count, -- UInt64
 sum(bytes_on_disk) AS size_in_bytes -- UInt64
 FROM `system`.`parts` WHERE `database`='db_w' AND `table`='t_dist_local' AND `active`=1 GROUP BY `partition`, `partition_id` ORDER BY `partition` ASC, partition_id ASC  (stage: Complete)
2025.11.02 19:47:04.665142 [ 79 ] {4c74ea79-9a4e-4930-9e08-9f8666c510b9} <Debug> executeQuery: Read 1 rows, 71.00 B in 0.001922 sec., 520.2913631633714 rows/sec., 36.07 KiB/sec.
2025.11.02 19:47:04.665495 [ 79 ] {4c74ea79-9a4e-4930-9e08-9f8666c510b9} <Debug> DynamicQueryHandler: Done processing query
2025.11.02 19:47:04.665585 [ 79 ] {4c74ea79-9a4e-4930-9e08-9f8666c510b9} <Debug> MemoryTracker: Query peak memory usage: 4.02 MiB.
2025.11.02 19:47:04.665672 [ 79 ] {} <Debug> HTTP-Session-3f16d493-634c-42cf-975f-494ba2888b86: 3f16d493-634c-42cf-975f-494ba2888b86 Logout, user_id: 94309d50-4f52-5250-31bd-74fecac179db
2025.11.02 19:47:04.694471 [ 79 ] {} <Debug> HTTP-Session-1debc483-5228-4843-bda9-f7b17c55133e: Authenticating user 'default' from 172.19.0.7:32958
2025.11.02 19:47:04.694557 [ 79 ] {} <Debug> HTTP-Session-1debc483-5228-4843-bda9-f7b17c55133e: 1debc483-5228-4843-bda9-f7b17c55133e Authenticated with global context as user 94309d50-4f52-5250-31bd-74fecac179db
2025.11.02 19:47:04.694607 [ 79 ] {} <Debug> HTTP-Session-1debc483-5228-4843-bda9-f7b17c55133e: Creating session context with user_id: 94309d50-4f52-5250-31bd-74fecac179db
2025.11.02 19:47:04.694802 [ 79 ] {1dbc6810-36dd-453f-9816-8d9bac9f4bd4} <Debug> executeQuery: (from 172.19.0.7:32958) SELECT `create_time`, `y`, `m`, `id`, `value` FROM `db_w`.`t_dist_local` WHERE (_partition_id = '3') AND ((1=1) AND (1=1))  (stage: Complete)
2025.11.02 19:47:04.695279 [ 79 ] {1dbc6810-36dd-453f-9816-8d9bac9f4bd4} <Debug> db_w.t_dist_local (76342c53-abaf-40f2-89fb-5cd7dd6d0b17) (SelectExecutor): Key condition: unknown, true, and
2025.11.02 19:47:04.695364 [ 79 ] {1dbc6810-36dd-453f-9816-8d9bac9f4bd4} <Debug> db_w.t_dist_local (76342c53-abaf-40f2-89fb-5cd7dd6d0b17) (SelectExecutor): MinMax index condition: unknown, true, and
2025.11.02 19:47:04.695438 [ 79 ] {1dbc6810-36dd-453f-9816-8d9bac9f4bd4} <Debug> db_w.t_dist_local (76342c53-abaf-40f2-89fb-5cd7dd6d0b17) (SelectExecutor): PK index has dropped 0/1 granules, it took 0ms across 1 threads.
2025.11.02 19:47:04.695495 [ 79 ] {1dbc6810-36dd-453f-9816-8d9bac9f4bd4} <Debug> db_w.t_dist_local (76342c53-abaf-40f2-89fb-5cd7dd6d0b17) (SelectExecutor): Selected 1/1 parts by partition key, 1 parts by primary key, 1/1 marks by primary key, 1 marks to read from 1 ranges
2025.11.02 19:47:04.697543 [ 79 ] {1dbc6810-36dd-453f-9816-8d9bac9f4bd4} <Debug> executeQuery: Read 1 rows, 31.00 B in 0.002798 sec., 357.39814152966403 rows/sec., 10.82 KiB/sec.
2025.11.02 19:47:04.697900 [ 79 ] {1dbc6810-36dd-453f-9816-8d9bac9f4bd4} <Debug> DynamicQueryHandler: Done processing query
2025.11.02 19:47:04.697972 [ 79 ] {1dbc6810-36dd-453f-9816-8d9bac9f4bd4} <Debug> MemoryTracker: Query peak memory usage: 4.00 MiB.
2025.11.02 19:47:04.698086 [ 79 ] {} <Debug> HTTP-Session-1debc483-5228-4843-bda9-f7b17c55133e: 1debc483-5228-4843-bda9-f7b17c55133e Logout, user_id: 94309d50-4f52-5250-31bd-74fecac179db
2025.11.02 19:47:04.714612 [ 79 ] {} <Debug> HTTP-Session-13c99160-37a2-4bd0-adea-0b83e7f4de18: Authenticating user 'default' from 172.19.0.7:32964
2025.11.02 19:47:04.714688 [ 79 ] {} <Debug> HTTP-Session-13c99160-37a2-4bd0-adea-0b83e7f4de18: 13c99160-37a2-4bd0-adea-0b83e7f4de18 Authenticated with global context as user 94309d50-4f52-5250-31bd-74fecac179db
2025.11.02 19:47:04.714803 [ 79 ] {} <Debug> HTTP-Session-13c99160-37a2-4bd0-adea-0b83e7f4de18: Creating session context with user_id: 94309d50-4f52-5250-31bd-74fecac179db
2025.11.02 19:47:04.714979 [ 79 ] {5448d42f-bc47-4957-bfe5-7e86bb2a3b9a} <Debug> executeQuery: (from 172.19.0.7:32964) SELECT `create_time`, `y`, `m`, `id`, `value` FROM `db_w`.`t_dist_local` WHERE (_partition_id = '3') AND ((1=1) AND (1=1))  (stage: Complete)
2025.11.02 19:47:04.715370 [ 79 ] {5448d42f-bc47-4957-bfe5-7e86bb2a3b9a} <Debug> db_w.t_dist_local (76342c53-abaf-40f2-89fb-5cd7dd6d0b17) (SelectExecutor): Key condition: unknown, true, and
2025.11.02 19:47:04.715451 [ 79 ] {5448d42f-bc47-4957-bfe5-7e86bb2a3b9a} <Debug> db_w.t_dist_local (76342c53-abaf-40f2-89fb-5cd7dd6d0b17) (SelectExecutor): MinMax index condition: unknown, true, and
2025.11.02 19:47:04.715526 [ 79 ] {5448d42f-bc47-4957-bfe5-7e86bb2a3b9a} <Debug> db_w.t_dist_local (76342c53-abaf-40f2-89fb-5cd7dd6d0b17) (SelectExecutor): PK index has dropped 0/1 granules, it took 0ms across 1 threads.
2025.11.02 19:47:04.715580 [ 79 ] {5448d42f-bc47-4957-bfe5-7e86bb2a3b9a} <Debug> db_w.t_dist_local (76342c53-abaf-40f2-89fb-5cd7dd6d0b17) (SelectExecutor): Selected 1/1 parts by partition key, 1 parts by primary key, 1/1 marks by primary key, 1 marks to read from 1 ranges
2025.11.02 19:47:04.716445 [ 79 ] {5448d42f-bc47-4957-bfe5-7e86bb2a3b9a} <Debug> executeQuery: Read 1 rows, 31.00 B in 0.001526 sec., 655.307994757536 rows/sec., 19.84 KiB/sec.
2025.11.02 19:47:04.716859 [ 79 ] {5448d42f-bc47-4957-bfe5-7e86bb2a3b9a} <Debug> DynamicQueryHandler: Done processing query
2025.11.02 19:47:04.716930 [ 79 ] {5448d42f-bc47-4957-bfe5-7e86bb2a3b9a} <Debug> MemoryTracker: Query peak memory usage: 4.00 MiB.
2025.11.02 19:47:04.717056 [ 79 ] {} <Debug> HTTP-Session-13c99160-37a2-4bd0-adea-0b83e7f4de18: 13c99160-37a2-4bd0-adea-0b83e7f4de18 Logout, user_id: 94309d50-4f52-5250-31bd-74fecac179db
2025.11.02 19:47:04.953086 [ 79 ] {} <Debug> HTTP-Session-fc797685-85f6-441b-a783-743d4ac6fad2: Authenticating user 'default' from 172.19.0.7:32976
2025.11.02 19:47:04.953204 [ 79 ] {} <Debug> HTTP-Session-fc797685-85f6-441b-a783-743d4ac6fad2: fc797685-85f6-441b-a783-743d4ac6fad2 Authenticated with global context as user 94309d50-4f52-5250-31bd-74fecac179db
2025.11.02 19:47:04.953268 [ 79 ] {} <Debug> HTTP-Session-fc797685-85f6-441b-a783-743d4ac6fad2: Creating session context with user_id: 94309d50-4f52-5250-31bd-74fecac179db
2025.11.02 19:47:04.953420 [ 79 ] {7ddcc581-adf1-450c-850b-9f6925cc9e06} <Debug> executeQuery: (from 172.19.0.7:32976) SELECT 1 (stage: Complete)
2025.11.02 19:47:04.953914 [ 79 ] {7ddcc581-adf1-450c-850b-9f6925cc9e06} <Debug> executeQuery: Read 1 rows, 1.00 B in 0.000508 sec., 1968.5039370078741 rows/sec., 1.92 KiB/sec.
2025.11.02 19:47:04.954222 [ 79 ] {7ddcc581-adf1-450c-850b-9f6925cc9e06} <Debug> DynamicQueryHandler: Done processing query
2025.11.02 19:47:04.954280 [ 79 ] {7ddcc581-adf1-450c-850b-9f6925cc9e06} <Debug> MemoryTracker: Query peak memory usage: 4.00 MiB.
2025.11.02 19:47:04.954363 [ 79 ] {} <Debug> HTTP-Session-fc797685-85f6-441b-a783-743d4ac6fad2: fc797685-85f6-441b-a783-743d4ac6fad2 Logout, user_id: 94309d50-4f52-5250-31bd-74fecac179db
2025.11.02 19:47:04.954932 [ 79 ] {} <Debug> HTTP-Session-f7a36548-ab3a-4719-a7eb-72d9b005f7fc: Authenticating user 'default' from 172.19.0.7:32976
2025.11.02 19:47:04.954995 [ 79 ] {} <Debug> HTTP-Session-f7a36548-ab3a-4719-a7eb-72d9b005f7fc: f7a36548-ab3a-4719-a7eb-72d9b005f7fc Authenticated with global context as user 94309d50-4f52-5250-31bd-74fecac179db
2025.11.02 19:47:04.955049 [ 79 ] {} <Debug> HTTP-Session-f7a36548-ab3a-4719-a7eb-72d9b005f7fc: Creating session context with user_id: 94309d50-4f52-5250-31bd-74fecac179db
2025.11.02 19:47:04.955165 [ 79 ] {8a86c316-71ee-43ec-83bf-cd17d99e02a6} <Debug> executeQuery: (from 172.19.0.7:32976) SELECT timezone() AS tz (stage: Complete)
2025.11.02 19:47:04.955656 [ 79 ] {8a86c316-71ee-43ec-83bf-cd17d99e02a6} <Debug> executeQuery: Read 1 rows, 1.00 B in 0.000509 sec., 1964.6365422396857 rows/sec., 1.92 KiB/sec.
2025.11.02 19:47:04.955914 [ 79 ] {8a86c316-71ee-43ec-83bf-cd17d99e02a6} <Debug> DynamicQueryHandler: Done processing query
2025.11.02 19:47:04.955978 [ 79 ] {8a86c316-71ee-43ec-83bf-cd17d99e02a6} <Debug> MemoryTracker: Query peak memory usage: 4.00 MiB.
2025.11.02 19:47:04.956094 [ 79 ] {} <Debug> HTTP-Session-f7a36548-ab3a-4719-a7eb-72d9b005f7fc: f7a36548-ab3a-4719-a7eb-72d9b005f7fc Logout, user_id: 94309d50-4f52-5250-31bd-74fecac179db
2025.11.02 19:47:04.956528 [ 79 ] {} <Debug> HTTP-Session-51e4cbfb-7cb6-46e1-9624-3f8ab422660b: Authenticating user 'default' from 172.19.0.7:32976
2025.11.02 19:47:04.956598 [ 79 ] {} <Debug> HTTP-Session-51e4cbfb-7cb6-46e1-9624-3f8ab422660b: 51e4cbfb-7cb6-46e1-9624-3f8ab422660b Authenticated with global context as user 94309d50-4f52-5250-31bd-74fecac179db
2025.11.02 19:47:04.956657 [ 79 ] {} <Debug> HTTP-Session-51e4cbfb-7cb6-46e1-9624-3f8ab422660b: Creating session context with user_id: 94309d50-4f52-5250-31bd-74fecac179db
2025.11.02 19:47:04.956794 [ 79 ] {e1db7e17-98b9-4697-9e05-cdc8f99025a8} <Debug> executeQuery: (from 172.19.0.7:32976)  SELECT `cluster`, -- String
 `shard_num`, -- UInt32
 `shard_weight`, -- UInt32
 `replica_num`, -- UInt32
 `host_name`, -- String
 `host_address`, -- String
 `port`, -- UInt16
 `is_local`, -- UInt8
 `user`, -- String
 `default_database`, -- String
 `errors_count`, -- UInt32
 `estimated_recovery_time` -- UInt32
 FROM `system`.`clusters`  (stage: Complete)
2025.11.02 19:47:04.957425 [ 79 ] {e1db7e17-98b9-4697-9e05-cdc8f99025a8} <Debug> executeQuery: Read 8 rows, 884.00 B in 0.000671 sec., 11922.503725782413 rows/sec., 1.26 MiB/sec.
2025.11.02 19:47:04.957663 [ 79 ] {e1db7e17-98b9-4697-9e05-cdc8f99025a8} <Debug> DynamicQueryHandler: Done processing query
2025.11.02 19:47:04.957743 [ 79 ] {e1db7e17-98b9-4697-9e05-cdc8f99025a8} <Debug> MemoryTracker: Query peak memory usage: 3.96 MiB.
2025.11.02 19:47:04.957854 [ 79 ] {} <Debug> HTTP-Session-51e4cbfb-7cb6-46e1-9624-3f8ab422660b: 51e4cbfb-7cb6-46e1-9624-3f8ab422660b Logout, user_id: 94309d50-4f52-5250-31bd-74fecac179db
2025.11.02 19:47:04.958500 [ 79 ] {} <Debug> HTTP-Session-cad25896-1197-4901-85b4-1f1708f4e1f6: Authenticating user 'default' from 172.19.0.7:32976
2025.11.02 19:47:04.958565 [ 79 ] {} <Debug> HTTP-Session-cad25896-1197-4901-85b4-1f1708f4e1f6: cad25896-1197-4901-85b4-1f1708f4e1f6 Authenticated with global context as user 94309d50-4f52-5250-31bd-74fecac179db
2025.11.02 19:47:04.958611 [ 79 ] {} <Debug> HTTP-Session-cad25896-1197-4901-85b4-1f1708f4e1f6: Creating session context with user_id: 94309d50-4f52-5250-31bd-74fecac179db
2025.11.02 19:47:04.958732 [ 79 ] {4d303d96-f45c-4fd4-962d-bd6e39db3a0e} <Debug> executeQuery: (from 172.19.0.7:32976) SELECT * FROM `db_w`.`t_dist_local` WHERE 1=0 (stage: Complete)
2025.11.02 19:47:04.959070 [ 79 ] {4d303d96-f45c-4fd4-962d-bd6e39db3a0e} <Debug> db_w.t_dist_local (76342c53-abaf-40f2-89fb-5cd7dd6d0b17) (SelectExecutor): Selected 0/0 parts by partition key, 0 parts by primary key, 0/0 marks by primary key, 0 marks to read from 0 ranges
2025.11.02 19:47:04.959597 [ 79 ] {4d303d96-f45c-4fd4-962d-bd6e39db3a0e} <Debug> DynamicQueryHandler: Done processing query
2025.11.02 19:47:04.959663 [ 79 ] {4d303d96-f45c-4fd4-962d-bd6e39db3a0e} <Debug> MemoryTracker: Query peak memory usage: 3.00 MiB.
2025.11.02 19:47:04.959732 [ 79 ] {} <Debug> HTTP-Session-cad25896-1197-4901-85b4-1f1708f4e1f6: cad25896-1197-4901-85b4-1f1708f4e1f6 Logout, user_id: 94309d50-4f52-5250-31bd-74fecac179db
2025.11.02 19:47:04.960216 [ 79 ] {} <Debug> HTTP-Session-f673bb5e-1d69-4c56-a77f-bf512b02cb89: Authenticating user 'default' from 172.19.0.7:32976
2025.11.02 19:47:04.960280 [ 79 ] {} <Debug> HTTP-Session-f673bb5e-1d69-4c56-a77f-bf512b02cb89: f673bb5e-1d69-4c56-a77f-bf512b02cb89 Authenticated with global context as user 94309d50-4f52-5250-31bd-74fecac179db
2025.11.02 19:47:04.960334 [ 79 ] {} <Debug> HTTP-Session-f673bb5e-1d69-4c56-a77f-bf512b02cb89: Creating session context with user_id: 94309d50-4f52-5250-31bd-74fecac179db
2025.11.02 19:47:04.960562 [ 79 ] {e7de36e6-213e-49ad-901e-7544962dfb8b} <Debug> executeQuery: (from 172.19.0.7:32976) SELECT `database`, -- String
 `name`, -- String
 `uuid`, -- UUID
 `engine`, -- String
 `is_temporary`, -- UInt8
 `data_paths`, -- Array(String)
 `metadata_path`, -- String
 `metadata_modification_time`, -- DateTime
 `dependencies_database`, -- Array(String)
 `dependencies_table`, -- Array(String)
 `create_table_query`, -- String
 `engine_full`, -- String
 `partition_key`, -- String
 `sorting_key`, -- String
 `primary_key`, -- String
 `sampling_key`, -- String
 `storage_policy`, -- String
 `total_rows`, -- Nullable(UInt64)
 `total_bytes`, -- Nullable(UInt64)
 `lifetime_rows`, -- Nullable(UInt64)
 `lifetime_bytes` -- Nullable(UInt64)
 FROM `system`.`tables` WHERE `database`='db_w' AND `name`='t_dist_local'  (stage: Complete)
2025.11.02 19:47:04.961915 [ 79 ] {e7de36e6-213e-49ad-901e-7544962dfb8b} <Debug> executeQuery: Read 1 rows, 679.00 B in 0.001428 sec., 700.2801120448179 rows/sec., 464.35 KiB/sec.
2025.11.02 19:47:04.962261 [ 79 ] {e7de36e6-213e-49ad-901e-7544962dfb8b} <Debug> DynamicQueryHandler: Done processing query
2025.11.02 19:47:04.962360 [ 79 ] {e7de36e6-213e-49ad-901e-7544962dfb8b} <Debug> MemoryTracker: Query peak memory usage: 3.90 MiB.
2025.11.02 19:47:04.962471 [ 79 ] {} <Debug> HTTP-Session-f673bb5e-1d69-4c56-a77f-bf512b02cb89: f673bb5e-1d69-4c56-a77f-bf512b02cb89 Logout, user_id: 94309d50-4f52-5250-31bd-74fecac179db
2025.11.02 19:47:04.965354 [ 82 ] {} <Debug> HTTP-Session-371c73a0-0491-421e-abc2-0e46c0da279b: Authenticating user 'default' from 172.19.0.7:32982
2025.11.02 19:47:04.965428 [ 82 ] {} <Debug> HTTP-Session-371c73a0-0491-421e-abc2-0e46c0da279b: 371c73a0-0491-421e-abc2-0e46c0da279b Authenticated with global context as user 94309d50-4f52-5250-31bd-74fecac179db
2025.11.02 19:47:04.965482 [ 82 ] {} <Debug> HTTP-Session-371c73a0-0491-421e-abc2-0e46c0da279b: Creating session context with user_id: 94309d50-4f52-5250-31bd-74fecac179db
2025.11.02 19:47:04.966025 [ 82 ] {82f26307-f2db-4c13-bf48-c93a591e47a9} <Debug> executeQuery: (from 172.19.0.7:32982) SELECT `database`, -- String
 `table`, -- String
 `name`, -- String
 `type`, -- String
 `position`, -- UInt64
 `default_kind`, -- String
 `default_expression`, -- String
 `data_compressed_bytes`, -- UInt64
 `data_uncompressed_bytes`, -- UInt64
 `marks_bytes`, -- UInt64
 `comment`, -- String
 `is_in_partition_key`, -- UInt8
 `is_in_sorting_key`, -- UInt8
 `is_in_primary_key`, -- UInt8
 `is_in_sampling_key`, -- UInt8
 `compression_codec` -- String
 FROM `system`.`columns` WHERE `database`='db_w' AND `table`='t_dist_local' ORDER BY `position` ASC  (stage: Complete)
2025.11.02 19:47:04.970375 [ 82 ] {82f26307-f2db-4c13-bf48-c93a591e47a9} <Debug> executeQuery: Read 5 rows, 704.00 B in 0.004494 sec., 1112.5945705384959 rows/sec., 152.98 KiB/sec.
2025.11.02 19:47:04.970762 [ 82 ] {82f26307-f2db-4c13-bf48-c93a591e47a9} <Debug> DynamicQueryHandler: Done processing query
2025.11.02 19:47:04.970822 [ 82 ] {82f26307-f2db-4c13-bf48-c93a591e47a9} <Debug> MemoryTracker: Query peak memory usage: 3.93 MiB.
2025.11.02 19:47:04.970932 [ 82 ] {} <Debug> HTTP-Session-371c73a0-0491-421e-abc2-0e46c0da279b: 371c73a0-0491-421e-abc2-0e46c0da279b Logout, user_id: 94309d50-4f52-5250-31bd-74fecac179db
2025.11.02 19:47:04.974928 [ 82 ] {} <Debug> HTTP-Session-e03dd6ba-1ef9-405d-ada1-fa259d8b8ec4: Authenticating user 'default' from 172.19.0.7:32998
2025.11.02 19:47:04.975031 [ 82 ] {} <Debug> HTTP-Session-e03dd6ba-1ef9-405d-ada1-fa259d8b8ec4: e03dd6ba-1ef9-405d-ada1-fa259d8b8ec4 Authenticated with global context as user 94309d50-4f52-5250-31bd-74fecac179db
2025.11.02 19:47:04.975099 [ 82 ] {} <Debug> HTTP-Session-e03dd6ba-1ef9-405d-ada1-fa259d8b8ec4: Creating session context with user_id: 94309d50-4f52-5250-31bd-74fecac179db
2025.11.02 19:47:04.975320 [ 82 ] {74f9cbfd-293a-461c-a715-3b158705da26} <Debug> executeQuery: (from 172.19.0.7:32998) SELECT partition, -- String
 partition_id, -- String
 sum(rows) AS row_count, -- UInt64
 sum(bytes_on_disk) AS size_in_bytes -- UInt64
 FROM `system`.`parts` WHERE `database`='db_w' AND `table`='t_dist_local' AND `active`=1 GROUP BY `partition`, `partition_id` ORDER BY `partition` ASC, partition_id ASC  (stage: Complete)
2025.11.02 19:47:04.976916 [ 82 ] {74f9cbfd-293a-461c-a715-3b158705da26} <Debug> executeQuery: Read 1 rows, 71.00 B in 0.001682 sec., 594.5303210463734 rows/sec., 41.22 KiB/sec.
2025.11.02 19:47:04.977301 [ 82 ] {74f9cbfd-293a-461c-a715-3b158705da26} <Debug> DynamicQueryHandler: Done processing query
2025.11.02 19:47:04.977379 [ 82 ] {74f9cbfd-293a-461c-a715-3b158705da26} <Debug> MemoryTracker: Query peak memory usage: 4.01 MiB.
2025.11.02 19:47:04.977480 [ 82 ] {} <Debug> HTTP-Session-e03dd6ba-1ef9-405d-ada1-fa259d8b8ec4: e03dd6ba-1ef9-405d-ada1-fa259d8b8ec4 Logout, user_id: 94309d50-4f52-5250-31bd-74fecac179db
2025.11.02 19:47:04.981866 [ 82 ] {} <Debug> HTTP-Session-8c0e6379-227d-4993-a245-5217759f53e6: Authenticating user 'default' from 172.19.0.7:33012
2025.11.02 19:47:04.981944 [ 82 ] {} <Debug> HTTP-Session-8c0e6379-227d-4993-a245-5217759f53e6: 8c0e6379-227d-4993-a245-5217759f53e6 Authenticated with global context as user 94309d50-4f52-5250-31bd-74fecac179db
2025.11.02 19:47:04.982037 [ 82 ] {} <Debug> HTTP-Session-8c0e6379-227d-4993-a245-5217759f53e6: Creating session context with user_id: 94309d50-4f52-5250-31bd-74fecac179db
2025.11.02 19:47:04.982280 [ 82 ] {1e62b354-e749-43f3-8231-a23a93b62f74} <Debug> executeQuery: (from 172.19.0.7:33012) SELECT partition, -- String
 partition_id, -- String
 sum(rows) AS row_count, -- UInt64
 sum(bytes_on_disk) AS size_in_bytes -- UInt64
 FROM `system`.`parts` WHERE `database`='db_w' AND `table`='t_dist_local' AND `active`=1 GROUP BY `partition`, `partition_id` ORDER BY `partition` ASC, partition_id ASC  (stage: Complete)
2025.11.02 19:47:04.991670 [ 82 ] {1e62b354-e749-43f3-8231-a23a93b62f74} <Debug> executeQuery: Read 1 rows, 71.00 B in 0.009483 sec., 105.45186122535063 rows/sec., 7.31 KiB/sec.
2025.11.02 19:47:04.992129 [ 82 ] {1e62b354-e749-43f3-8231-a23a93b62f74} <Debug> DynamicQueryHandler: Done processing query
2025.11.02 19:47:04.992223 [ 82 ] {1e62b354-e749-43f3-8231-a23a93b62f74} <Debug> MemoryTracker: Query peak memory usage: 4.01 MiB.
2025.11.02 19:47:04.992339 [ 82 ] {} <Debug> HTTP-Session-8c0e6379-227d-4993-a245-5217759f53e6: 8c0e6379-227d-4993-a245-5217759f53e6 Logout, user_id: 94309d50-4f52-5250-31bd-74fecac179db
2025.11.02 19:47:05.006517 [ 82 ] {} <Debug> HTTP-Session-bf6b05bf-5e10-4864-a8f6-3c91df4888fc: Authenticating user 'default' from 172.19.0.7:33022
2025.11.02 19:47:05.006602 [ 82 ] {} <Debug> HTTP-Session-bf6b05bf-5e10-4864-a8f6-3c91df4888fc: bf6b05bf-5e10-4864-a8f6-3c91df4888fc Authenticated with global context as user 94309d50-4f52-5250-31bd-74fecac179db
2025.11.02 19:47:05.006652 [ 82 ] {} <Debug> HTTP-Session-bf6b05bf-5e10-4864-a8f6-3c91df4888fc: Creating session context with user_id: 94309d50-4f52-5250-31bd-74fecac179db
2025.11.02 19:47:05.006847 [ 82 ] {72df4ad6-9fbd-4b6d-a582-edf12945b639} <Debug> executeQuery: (from 172.19.0.7:33022) SELECT `create_time`, `y`, `m`, `id`, `value` FROM `db_w`.`t_dist_local` WHERE (_partition_id = '3') AND ((1=1) AND (1=1))  (stage: Complete)
2025.11.02 19:47:05.007289 [ 82 ] {72df4ad6-9fbd-4b6d-a582-edf12945b639} <Debug> db_w.t_dist_local (76342c53-abaf-40f2-89fb-5cd7dd6d0b17) (SelectExecutor): Key condition: unknown, true, and
2025.11.02 19:47:05.007347 [ 82 ] {72df4ad6-9fbd-4b6d-a582-edf12945b639} <Debug> db_w.t_dist_local (76342c53-abaf-40f2-89fb-5cd7dd6d0b17) (SelectExecutor): MinMax index condition: unknown, true, and
2025.11.02 19:47:05.007401 [ 82 ] {72df4ad6-9fbd-4b6d-a582-edf12945b639} <Debug> db_w.t_dist_local (76342c53-abaf-40f2-89fb-5cd7dd6d0b17) (SelectExecutor): PK index has dropped 0/1 granules, it took 0ms across 1 threads.
2025.11.02 19:47:05.007451 [ 82 ] {72df4ad6-9fbd-4b6d-a582-edf12945b639} <Debug> db_w.t_dist_local (76342c53-abaf-40f2-89fb-5cd7dd6d0b17) (SelectExecutor): Selected 1/1 parts by partition key, 1 parts by primary key, 1/1 marks by primary key, 1 marks to read from 1 ranges
2025.11.02 19:47:05.008242 [ 82 ] {72df4ad6-9fbd-4b6d-a582-edf12945b639} <Debug> executeQuery: Read 1 rows, 31.00 B in 0.001462 sec., 683.9945280437756 rows/sec., 20.71 KiB/sec.
2025.11.02 19:47:05.008694 [ 82 ] {72df4ad6-9fbd-4b6d-a582-edf12945b639} <Debug> DynamicQueryHandler: Done processing query
2025.11.02 19:47:05.008769 [ 82 ] {72df4ad6-9fbd-4b6d-a582-edf12945b639} <Debug> MemoryTracker: Query peak memory usage: 4.00 MiB.
2025.11.02 19:47:05.008848 [ 82 ] {} <Debug> HTTP-Session-bf6b05bf-5e10-4864-a8f6-3c91df4888fc: bf6b05bf-5e10-4864-a8f6-3c91df4888fc Logout, user_id: 94309d50-4f52-5250-31bd-74fecac179db
2025.11.02 19:47:05.021811 [ 82 ] {} <Debug> HTTP-Session-7b8b38a6-1b37-4959-ae9b-070eb1ff1689: Authenticating user 'default' from 172.19.0.7:33034
2025.11.02 19:47:05.021904 [ 82 ] {} <Debug> HTTP-Session-7b8b38a6-1b37-4959-ae9b-070eb1ff1689: 7b8b38a6-1b37-4959-ae9b-070eb1ff1689 Authenticated with global context as user 94309d50-4f52-5250-31bd-74fecac179db
2025.11.02 19:47:05.021953 [ 82 ] {} <Debug> HTTP-Session-7b8b38a6-1b37-4959-ae9b-070eb1ff1689: Creating session context with user_id: 94309d50-4f52-5250-31bd-74fecac179db
2025.11.02 19:47:05.022208 [ 82 ] {4f411d4e-dff5-45c2-8584-4a6baa4fc607} <Debug> executeQuery: (from 172.19.0.7:33034) SELECT `create_time`, `y`, `m`, `id`, `value` FROM `db_w`.`t_dist_local` WHERE (_partition_id = '3') AND ((1=1) AND (1=1))  (stage: Complete)
2025.11.02 19:47:05.022713 [ 82 ] {4f411d4e-dff5-45c2-8584-4a6baa4fc607} <Debug> db_w.t_dist_local (76342c53-abaf-40f2-89fb-5cd7dd6d0b17) (SelectExecutor): Key condition: unknown, true, and
2025.11.02 19:47:05.022775 [ 82 ] {4f411d4e-dff5-45c2-8584-4a6baa4fc607} <Debug> db_w.t_dist_local (76342c53-abaf-40f2-89fb-5cd7dd6d0b17) (SelectExecutor): MinMax index condition: unknown, true, and
2025.11.02 19:47:05.022834 [ 82 ] {4f411d4e-dff5-45c2-8584-4a6baa4fc607} <Debug> db_w.t_dist_local (76342c53-abaf-40f2-89fb-5cd7dd6d0b17) (SelectExecutor): PK index has dropped 0/1 granules, it took 0ms across 1 threads.
2025.11.02 19:47:05.022879 [ 82 ] {4f411d4e-dff5-45c2-8584-4a6baa4fc607} <Debug> db_w.t_dist_local (76342c53-abaf-40f2-89fb-5cd7dd6d0b17) (SelectExecutor): Selected 1/1 parts by partition key, 1 parts by primary key, 1/1 marks by primary key, 1 marks to read from 1 ranges
2025.11.02 19:47:05.023601 [ 82 ] {4f411d4e-dff5-45c2-8584-4a6baa4fc607} <Debug> executeQuery: Read 1 rows, 31.00 B in 0.001469 sec., 680.7351940095302 rows/sec., 20.61 KiB/sec.
2025.11.02 19:47:05.023931 [ 82 ] {4f411d4e-dff5-45c2-8584-4a6baa4fc607} <Debug> DynamicQueryHandler: Done processing query
2025.11.02 19:47:05.024007 [ 82 ] {4f411d4e-dff5-45c2-8584-4a6baa4fc607} <Debug> MemoryTracker: Query peak memory usage: 4.00 MiB.
2025.11.02 19:47:05.024087 [ 82 ] {} <Debug> HTTP-Session-7b8b38a6-1b37-4959-ae9b-070eb1ff1689: 7b8b38a6-1b37-4959-ae9b-070eb1ff1689 Logout, user_id: 94309d50-4f52-5250-31bd-74fecac179db
2025.11.02 19:47:05.035608 [ 727 ] {} <Debug> DDLWorker: Scheduling tasks
2025.11.02 19:47:05.036434 [ 727 ] {} <Debug> DDLWorker: Will schedule 1 tasks starting from query-0000000003
2025.11.02 19:47:05.037326 [ 727 ] {} <Debug> DDLWorker: Processing task query-0000000003 (query: DROP TABLE IF EXISTS db_w.t_dist, backup restore: false)
2025.11.02 19:47:05.038159 [ 727 ] {} <Debug> DDLWorker: Executing query: DROP TABLE IF EXISTS db_w.t_dist
2025.11.02 19:47:05.038252 [ 727 ] {49ebdee4-fb0a-4a5b-b37a-388e980e09aa} <Debug> executeQuery: (from 0.0.0.0:0, user: , initial_query_id: ae9b36da-f6f1-42c7-98c1-aee4150edb45) /* ddl_entry=query-0000000003 */ DROP TABLE IF EXISTS db_w.t_dist (stage: Complete)
2025.11.02 19:47:05.038296 [ 727 ] {49ebdee4-fb0a-4a5b-b37a-388e980e09aa} <Information> StorageDistributed (t_dist): Flushing pending INSERT blocks
2025.11.02 19:47:05.038443 [ 727 ] {49ebdee4-fb0a-4a5b-b37a-388e980e09aa} <Information> StorageDistributed (t_dist): Pending INSERT blocks flushed, took 0 ms.
2025.11.02 19:47:05.038552 [ 727 ] {49ebdee4-fb0a-4a5b-b37a-388e980e09aa} <Debug> StorageDistributed (t_dist): Joining background threads for async INSERT
2025.11.02 19:47:05.038665 [ 727 ] {49ebdee4-fb0a-4a5b-b37a-388e980e09aa} <Debug> StorageDistributed (t_dist): Background threads for async INSERT joined
2025.11.02 19:47:05.038893 [ 727 ] {49ebdee4-fb0a-4a5b-b37a-388e980e09aa} <Debug> DDLWorker: Executed query: /* ddl_entry=query-0000000003 */ DROP TABLE IF EXISTS db_w.t_dist
2025.11.02 19:47:05.039938 [ 727 ] {} <Debug> DDLWorker: Waiting for queue updates
2025.11.02 19:47:05.100603 [ 727 ] {} <Debug> DDLWorker: Scheduling tasks
2025.11.02 19:47:05.101065 [ 727 ] {} <Debug> DDLWorker: Will schedule 1 tasks starting from query-0000000004
2025.11.02 19:47:05.102016 [ 727 ] {} <Debug> DDLWorker: Processing task query-0000000004 (query: DROP TABLE IF EXISTS db_w.t_dist_local, backup restore: false)
2025.11.02 19:47:05.102857 [ 727 ] {} <Debug> DDLWorker: Executing query: DROP TABLE IF EXISTS db_w.t_dist_local
2025.11.02 19:47:05.102978 [ 727 ] {8d5676c4-44e5-4972-8c30-76ceed99630d} <Debug> executeQuery: (from 0.0.0.0:0, user: , initial_query_id: af01ad63-46b4-46a9-96d6-2c5f8cc96036) /* ddl_entry=query-0000000004 */ DROP TABLE IF EXISTS db_w.t_dist_local (stage: Complete)
2025.11.02 19:47:05.103179 [ 727 ] {8d5676c4-44e5-4972-8c30-76ceed99630d} <Debug> DDLWorker: Executed query: /* ddl_entry=query-0000000004 */ DROP TABLE IF EXISTS db_w.t_dist_local
2025.11.02 19:47:05.104138 [ 727 ] {} <Debug> DDLWorker: Waiting for queue updates
2025.11.02 19:47:05.164824 [ 727 ] {} <Debug> DDLWorker: Scheduling tasks
2025.11.02 19:47:05.165213 [ 727 ] {} <Debug> DDLWorker: Will schedule 1 tasks starting from query-0000000005
2025.11.02 19:47:05.165940 [ 727 ] {} <Debug> DDLWorker: Processing task query-0000000005 (query: DROP DATABASE IF EXISTS db_w, backup restore: false)
2025.11.02 19:47:05.166774 [ 727 ] {} <Debug> DDLWorker: Executing query: DROP DATABASE IF EXISTS db_w
2025.11.02 19:47:05.166875 [ 727 ] {b25a4c94-87a8-465b-a754-1adf15e53f56} <Debug> executeQuery: (from 0.0.0.0:0, user: , initial_query_id: 649d8e5e-b33d-47f6-97e4-f3054db548cc) /* ddl_entry=query-0000000005 */ DROP DATABASE IF EXISTS db_w (stage: Complete)
2025.11.02 19:47:05.166954 [ 727 ] {b25a4c94-87a8-465b-a754-1adf15e53f56} <Debug> DatabaseAtomic (db_w): There are 0 detached tables. Start searching non used tables.
2025.11.02 19:47:05.167019 [ 727 ] {b25a4c94-87a8-465b-a754-1adf15e53f56} <Debug> DatabaseAtomic (db_w): Found 0 non used tables in detached tables.
2025.11.02 19:47:05.167180 [ 727 ] {b25a4c94-87a8-465b-a754-1adf15e53f56} <Debug> DDLWorker: Executed query: /* ddl_entry=query-0000000005 */ DROP DATABASE IF EXISTS db_w
2025.11.02 19:47:05.168099 [ 727 ] {} <Debug> DDLWorker: Waiting for queue updates
2025.11.02 19:47:05.863957 [ 78 ] {} <Information> Application: Received termination signal (Terminated)
2025.11.02 19:47:05.864138 [ 1 ] {} <Debug> Application: Received termination signal.
2025.11.02 19:47:05.864292 [ 1 ] {} <Debug> Application: Waiting for current connections to close.
2025.11.02 19:47:05.864927 [ 1 ] {} <Warning> Application: Closed all listening sockets. Waiting for 1 outstanding connections.
2025.11.02 19:47:06.561422 [ 81 ] {} <Debug> TCPHandler: Done processing connection.
2025.11.02 19:47:06.561688 [ 81 ] {} <Debug> TCP-Session-9799cba2-6ab1-4223-84f4-39443dfb8e4a: 9799cba2-6ab1-4223-84f4-39443dfb8e4a Logout, user_id: 94309d50-4f52-5250-31bd-74fecac179db
2025.11.02 19:47:06.572995 [ 1 ] {} <Information> Application: Closed connections.
2025.11.02 19:47:06.573136 [ 1 ] {} <Information> Application: Stopping AsyncLoader.
2025.11.02 19:47:06.573288 [ 1 ] {} <Information> CgroupsMemoryUsageObserver: Stopped cgroup current memory usage observer thread
2025.11.02 19:47:06.573515 [ 1 ] {} <Information> Application: Shutting down storages.
2025.11.02 19:47:06.574569 [ 1 ] {} <Debug> Context: Shutting down dictionaries loader
2025.11.02 19:47:06.574747 [ 1 ] {} <Debug> Context: Shutting down UDFs loader
2025.11.02 19:47:06.574886 [ 1 ] {} <Debug> Context: Shutting down another UDFs storage
2025.11.02 19:47:06.575177 [ 1 ] {} <Debug> Context: Shutting down workload entity storage
2025.11.02 19:47:06.575276 [ 1 ] {} <Debug> Context: Shutting down system logs
2025.11.02 19:47:06.575434 [ 1 ] {} <Debug> SystemLogQueue (system.query_log): Requested flush up to offset 56
2025.11.02 19:47:06.575435 [ 716 ] {} <Debug> SystemLog (system.query_log): Creating new table system.query_log for QueryLog
2025.11.02 19:47:06.575497 [ 715 ] {} <Debug> SystemLog (system.metric_log): Creating new table system.metric_log for MetricLog
2025.11.02 19:47:06.578332 [ 716 ] {} <Debug> system.query_log (611b4e3b-f3ea-4261-99e1-48aaa867c258): Loading data parts
2025.11.02 19:47:06.578575 [ 716 ] {} <Debug> system.query_log (611b4e3b-f3ea-4261-99e1-48aaa867c258): There are no data parts
2025.11.02 19:47:06.581891 [ 716 ] {} <Debug> DatabaseAtomic (system): There are 0 detached tables. Start searching non used tables.
2025.11.02 19:47:06.581950 [ 716 ] {} <Debug> DatabaseAtomic (system): Found 0 non used tables in detached tables.
2025.11.02 19:47:06.585296 [ 1 ] {} <Debug> SystemLogQueue (system.query_thread_log): Requested flush up to offset 0
2025.11.02 19:47:06.586044 [ 1 ] {} <Debug> SystemLogQueue (system.metric_log): Requested flush up to offset 3
2025.11.02 19:47:06.587389 [ 715 ] {} <Debug> system.metric_log (2f7edc73-56ae-4486-bc5f-89a3887e2998): Loading data parts
2025.11.02 19:47:06.587753 [ 715 ] {} <Debug> system.metric_log (2f7edc73-56ae-4486-bc5f-89a3887e2998): There are no data parts
2025.11.02 19:47:06.590036 [ 715 ] {} <Debug> DatabaseAtomic (system): There are 0 detached tables. Start searching non used tables.
2025.11.02 19:47:06.590066 [ 715 ] {} <Debug> DatabaseAtomic (system): Found 0 non used tables in detached tables.
2025.11.02 19:47:06.623014 [ 1 ] {} <Debug> Context: Shutting down merges executor
2025.11.02 19:47:06.623381 [ 1 ] {} <Debug> Context: Shutting down fetches executor
2025.11.02 19:47:06.623665 [ 1 ] {} <Debug> Context: Shutting down moves executor
2025.11.02 19:47:06.623827 [ 1 ] {} <Debug> Context: Shutting down common executor
2025.11.02 19:47:06.625328 [ 1 ] {} <Information> Context: Shutdown disk default
2025.11.02 19:47:06.625398 [ 1 ] {} <Information> ZooKeeperClient: Finalizing session 72057596994191362. finalization_started: false, queue_finished: false, reason: 'Destructor called'
2025.11.02 19:47:06.628562 [ 1 ] {} <Debug> Application: Shut down storages.
2025.11.02 19:47:06.628606 [ 1 ] {} <Debug> Application: Waiting for current connections to servers for tables to finish.
2025.11.02 19:47:06.628725 [ 1 ] {} <Information> Application: Closed all listening sockets.
2025.11.02 19:47:06.628762 [ 1 ] {} <Information> Application: Closed connections to servers for tables.
2025.11.02 19:47:06.628812 [ 1 ] {} <Debug> Context: Destructing remote fs threadpool reader
2025.11.02 19:47:06.628838 [ 1 ] {} <Debug> Context: Destructing local fs threadpool reader
2025.11.02 19:47:06.628857 [ 1 ] {} <Debug> Context: Destructing local fs threadpool reader
2025.11.02 19:47:06.629829 [ 1 ] {} <Debug> Application: Destroyed global context.
2025.11.02 19:47:06.629997 [ 1 ] {} <Information> Application: Waiting for background threads
2025.11.02 19:47:06.645638 [ 1 ] {} <Information> Application: Background threads finished in 15 ms
2025.11.02 19:47:06.646312 [ 1 ] {} <Information> Application: shutting down
2025.11.02 19:47:06.646363 [ 1 ] {} <Debug> Application: Uninitializing subsystem: Logging Subsystem
2025.11.02 19:47:06.646517 [ 78 ] {} <Information> BaseDaemon: Stop SignalListener thread
2025.11.02 19:47:17.085556 [ 1 ] {} <Information> SentryWriter: Sending crash reports is disabled
2025.11.02 19:47:17.113866 [ 1 ] {} <Information> Application: Starting ClickHouse 25.3.7.194 (revision: 54502, git hash: 36637934778b7d39b37f378d258359dd6ffdd110, build id: E09B0ADBF9AF0530703B179DBA02705D5DF508C0), PID 1
2025.11.02 19:47:17.114078 [ 1 ] {} <Information> Application: starting up
2025.11.02 19:47:17.115996 [ 1 ] {} <Information> Application: OS name: Linux, version: 6.10.14-linuxkit, architecture: aarch64
2025.11.02 19:47:17.116138 [ 1 ] {} <Information> Jemalloc: Value for background_thread set to true (from true)
2025.11.02 19:47:17.117569 [ 1 ] {} <Information> Application: Available RAM: 7.65 GiB; logical cores: 14; used cores: 14.
2025.11.02 19:47:17.118084 [ 1 ] {} <Information> CgroupsReader: Will create cgroup reader from '/sys/fs/cgroup/' (cgroups version: v2)
2025.11.02 19:47:17.119620 [ 1 ] {} <Warning> Application: Integrity check of the executable skipped because the reference checksum could not be read.
2025.11.02 19:47:17.120064 [ 1 ] {} <Information> Application: It looks like the process has no CAP_IPC_LOCK capability, binary mlock will be disabled. It could happen due to incorrect ClickHouse package installation. You could resolve the problem manually with 'sudo setcap cap_ipc_lock=+ep /usr/bin/clickhouse'. Note that it will not work on 'nosuid' mounted filesystems.
2025.11.02 19:47:17.120100 [ 1 ] {} <Information> MemoryWorker: Starting background memory thread with period of 50ms, using Cgroups as source
2025.11.02 19:47:17.120185 [ 1 ] {} <Information> BackgroundSchedulePool/BgSchPool: Create BackgroundSchedulePool with 512 threads
2025.11.02 19:47:17.138187 [ 1 ] {} <Debug> Application: rlimit on number of file descriptors is 1048576
2025.11.02 19:47:17.139552 [ 1 ] {} <Debug> Application: rlimit on number of threads is 18446744073709551615
2025.11.02 19:47:17.139619 [ 1 ] {} <Debug> Application: Initializing DateLUT.
2025.11.02 19:47:17.139674 [ 1 ] {} <Debug> Context: Setting up /var/lib/clickhouse/tmp/ to store temporary data in it
2025.11.02 19:47:17.140398 [ 1 ] {} <Debug> Application: Initializing interserver credentials.
2025.11.02 19:47:17.141007 [ 1 ] {} <Information> Application: Lowered uncompressed cache size to 3.83 GiB because the system has limited RAM
2025.11.02 19:47:17.141071 [ 1 ] {} <Information> Application: Lowered mark cache size to 3.83 GiB because the system has limited RAM
2025.11.02 19:47:17.141128 [ 1 ] {} <Information> Application: Lowered primary index cache size to 3.83 GiB because the system has limited RAM
2025.11.02 19:47:17.141158 [ 1 ] {} <Information> Application: Lowered index mark cache size to 3.83 GiB because the system has limited RAM
2025.11.02 19:47:17.141239 [ 1 ] {} <Debug> FileCacheFactory: Will load 0 caches from default cache config
2025.11.02 19:47:17.142300 [ 1 ] {} <Debug> ConfigReloader: Loading config '/etc/clickhouse-server/config.xml'
2025.11.02 19:47:17.142398 [ 1 ] {} <Debug> ConfigProcessor: Processing configuration file '/etc/clickhouse-server/config.xml'.
2025.11.02 19:47:17.142895 [ 1 ] {} <Debug> ConfigProcessor: Merging configuration file '/etc/clickhouse-server/config.d/docker_related_config.xml'.
2025.11.02 19:47:17.143935 [ 1 ] {} <Debug> ConfigProcessor: Merging configuration file '/etc/clickhouse-server/config.d/interserver_http_host.xml'.
2025.11.02 19:47:17.144300 [ 1 ] {} <Debug> ConfigProcessor: Merging configuration file '/etc/clickhouse-server/config.d/macros.xml'.
2025.11.02 19:47:17.144512 [ 1 ] {} <Debug> ConfigProcessor: Merging configuration file '/etc/clickhouse-server/config.d/remote_servers.xml'.
2025.11.02 19:47:17.144780 [ 1 ] {} <Debug> ConfigProcessor: Merging configuration file '/etc/clickhouse-server/config.d/zookeeper.xml'.
2025.11.02 19:47:17.145304 [ 1 ] {} <Debug> ConfigProcessor: Saved preprocessed configuration to '/var/lib/clickhouse/preprocessed_configs/config.xml'.
2025.11.02 19:47:17.146025 [ 1 ] {} <Debug> ConfigReloader: Loaded config '/etc/clickhouse-server/config.xml', performing update on configuration
2025.11.02 19:47:17.146602 [ 1 ] {} <Information> Application: Changed setting 'max_server_memory_usage' to 6.89 GiB (7.65 GiB available memory * 0.90 max_server_memory_usage_to_ram_ratio)
2025.11.02 19:47:17.147238 [ 1 ] {} <Information> Application: Setting merges_mutations_memory_usage_soft_limit was set to 3.83 GiB (7.65 GiB available * 0.50 merges_mutations_memory_usage_to_ram_ratio)
2025.11.02 19:47:17.147300 [ 1 ] {} <Information> Application: Merges and mutations memory limit is set to 3.83 GiB
2025.11.02 19:47:17.148523 [ 1 ] {} <Information> Application: Setting max_remote_read_network_bandwidth_for_server was set to 0
2025.11.02 19:47:17.148567 [ 1 ] {} <Information> Application: Setting max_remote_write_network_bandwidth_for_server was set to 0
2025.11.02 19:47:17.148592 [ 1 ] {} <Information> Application: Setting max_local_read_bandwidth_for_server was set to 0
2025.11.02 19:47:17.148621 [ 1 ] {} <Information> Application: Setting max_local_write_bandwidth_for_server was set to 0
2025.11.02 19:47:17.148644 [ 1 ] {} <Information> Application: ConcurrencyControl limit is set to UNLIMITED CPU slots with 'round_robin' scheduler
2025.11.02 19:47:17.148675 [ 1 ] {} <Information> BackgroundSchedulePool/BgBufSchPool: Create BackgroundSchedulePool with 16 threads
2025.11.02 19:47:17.149675 [ 1 ] {} <Information> BackgroundSchedulePool/BgMBSchPool: Create BackgroundSchedulePool with 16 threads
2025.11.02 19:47:17.150327 [ 1 ] {} <Information> BackgroundSchedulePool/BgDistSchPool: Create BackgroundSchedulePool with 16 threads
2025.11.02 19:47:17.150950 [ 1 ] {} <Debug> ConfigReloader: Loaded config '/etc/clickhouse-server/config.xml', performed update on configuration
2025.11.02 19:47:17.152124 [ 1 ] {} <Warning> Application: Listen [::]:9009 failed: Poco::Exception. Code: 1000, e.code() = 0, DNS error: EAI: Address family for hostname not supported (version 25.3.7.194 (official build)). If it is an IPv6 or IPv4 address and your host has disabled IPv6 or IPv4, then consider to specify not disabled IPv4 or IPv6 address to listen in <listen_host> element of configuration file. Example for disabled IPv6: <listen_host>0.0.0.0</listen_host> . Example for disabled IPv4: <listen_host>::</listen_host>
2025.11.02 19:47:17.152313 [ 1 ] {} <Information> Application: Listening for replica communication (interserver): http://0.0.0.0:9009
2025.11.02 19:47:17.152406 [ 1 ] {} <Warning> Access(local_directory): File /var/lib/clickhouse/access/users.list doesn't exist
2025.11.02 19:47:17.152479 [ 1 ] {} <Warning> Access(local_directory): Recovering lists in directory /var/lib/clickhouse/access/
2025.11.02 19:47:17.152616 [ 1 ] {} <Debug> Access(user directories): Added local_directory access storage 'local_directory', path: /var/lib/clickhouse/access/
2025.11.02 19:47:17.152928 [ 1 ] {} <Debug> ConfigReloader: Loading config '/etc/clickhouse-server/users.xml'
2025.11.02 19:47:17.152980 [ 1 ] {} <Debug> ConfigProcessor: Processing configuration file '/etc/clickhouse-server/users.xml'.
2025.11.02 19:47:17.153122 [ 1 ] {} <Debug> ConfigProcessor: Merging configuration file '/etc/clickhouse-server/users.d/users.xml'.
2025.11.02 19:47:17.153675 [ 1 ] {} <Debug> ConfigProcessor: Saved preprocessed configuration to '/var/lib/clickhouse/preprocessed_configs/users.xml'.
2025.11.02 19:47:17.154289 [ 1 ] {} <Debug> ConfigReloader: Loaded config '/etc/clickhouse-server/users.xml', performing update on configuration
2025.11.02 19:47:17.154724 [ 1 ] {} <Debug> ConfigReloader: Loaded config '/etc/clickhouse-server/users.xml', performed update on configuration
2025.11.02 19:47:17.154917 [ 1 ] {} <Debug> Access(user directories): Added users_xml access storage 'users_xml', path: /etc/clickhouse-server/users.xml
2025.11.02 19:47:17.155022 [ 1 ] {} <Information> CgroupsMemoryUsageObserver: Started cgroup current memory usage observer thread
2025.11.02 19:47:17.155085 [ 650 ] {} <Information> CgroupsMemoryUsageObserver: Memory amount initially available to the process is 7.65 GiB
2025.11.02 19:47:17.155989 [ 1 ] {} <Information> Context: Initialized background executor for merges and mutations with num_threads=16, num_tasks=32, scheduling_policy=round_robin
2025.11.02 19:47:17.156376 [ 1 ] {} <Information> Context: Initialized background executor for move operations with num_threads=8, num_tasks=8
2025.11.02 19:47:17.157153 [ 1 ] {} <Information> Context: Initialized background executor for fetches with num_threads=16, num_tasks=16
2025.11.02 19:47:17.157558 [ 1 ] {} <Information> Context: Initialized background executor for common operations (e.g. clearing old parts) with num_threads=8, num_tasks=8
2025.11.02 19:47:17.158628 [ 1 ] {} <Warning> Context: Linux transparent hugepages are set to "always". Check /sys/kernel/mm/transparent_hugepage/enabled
2025.11.02 19:47:17.158869 [ 1 ] {} <Warning> Context: Delay accounting is not enabled, OSIOWaitMicroseconds will not be gathered. You can enable it using `echo 1 > /proc/sys/kernel/task_delayacct` or by using sysctl.
2025.11.02 19:47:17.159591 [ 1 ] {} <Information> DNSCacheUpdater: Update period 15 seconds
2025.11.02 19:47:17.159662 [ 1 ] {} <Information> Application: Loading metadata from /var/lib/clickhouse/
2025.11.02 19:47:17.159729 [ 1 ] {} <Information> Context: Database disk name: default
2025.11.02 19:47:17.159775 [ 1 ] {} <Information> Context: Database disk name: default, path: /var/lib/clickhouse/
2025.11.02 19:47:17.159844 [ 1 ] {} <Debug> loadSystemDatabase: metadata_file_path metadata/system.sql, existsFile false
2025.11.02 19:47:17.160061 [ 83 ] {} <Debug> DNSResolver: Updating DNS cache
2025.11.02 19:47:17.160820 [ 83 ] {} <Debug> DNSResolver: Updated DNS cache
2025.11.02 19:47:17.161120 [ 1 ] {} <Debug> loadSystemDatabase: metadata_file_path metadata/information_schema.sql, existsFile false
2025.11.02 19:47:17.161942 [ 1 ] {} <Debug> loadSystemDatabase: metadata_file_path metadata/INFORMATION_SCHEMA.sql, existsFile false
2025.11.02 19:47:17.163128 [ 1 ] {} <Information> DatabaseAtomic (system): Metadata processed, database system has 0 tables and 0 dictionaries in total.
2025.11.02 19:47:17.163204 [ 1 ] {} <Information> TablesLoader: Parsed metadata of 0 tables in 1 databases in 8.6584e-05 sec
2025.11.02 19:47:17.163292 [ 1 ] {} <Debug> AsyncLoader: Prioritize load job 'startup Atomic database system': BackgrndStartup -> ForegroundLoad
2025.11.02 19:47:17.163432 [ 1 ] {} <Debug> AsyncLoader: Prioritize load job 'startup Ordinary database system': BackgrndStartup -> ForegroundLoad
2025.11.02 19:47:17.163653 [ 1 ] {} <Debug> AsyncLoader: Schedule load job 'startup Ordinary database system' into ForegroundLoad
2025.11.02 19:47:17.163700 [ 1 ] {} <Debug> AsyncLoader: Schedule load job 'startup Atomic database system' into ForegroundLoad
2025.11.02 19:47:17.163736 [ 1 ] {} <Debug> AsyncLoader: Change current priority: none -> 0
2025.11.02 19:47:17.163780 [ 1 ] {} <Debug> AsyncLoader: Spawn loader worker #1 in ForegroundLoad
2025.11.02 19:47:17.163940 [ 1 ] {} <Debug> AsyncLoader: Wait load job 'startup Atomic database system' in ForegroundLoad
2025.11.02 19:47:17.164004 [ 715 ] {} <Debug> AsyncLoader: Execute load job 'startup Ordinary database system' in ForegroundLoad
2025.11.02 19:47:17.164124 [ 715 ] {} <Debug> AsyncLoader: Finish load job 'startup Ordinary database system' with status OK
2025.11.02 19:47:17.164211 [ 715 ] {} <Debug> AsyncLoader: Spawn loader worker #2 in ForegroundLoad
2025.11.02 19:47:17.164300 [ 715 ] {} <Debug> AsyncLoader: Execute load job 'startup Atomic database system' in ForegroundLoad
2025.11.02 19:47:17.164381 [ 716 ] {} <Debug> AsyncLoader: Stop worker in ForegroundLoad
2025.11.02 19:47:17.164638 [ 715 ] {} <Debug> AsyncLoader: Finish load job 'startup Atomic database system' with status OK
2025.11.02 19:47:17.164687 [ 715 ] {} <Debug> AsyncLoader: Stop worker in ForegroundLoad
2025.11.02 19:47:17.164752 [ 715 ] {} <Debug> AsyncLoader: Change current priority: 0 -> none
2025.11.02 19:47:17.164695 [ 1 ] {} <Debug> SystemLog: Creating system.query_log from query_log
2025.11.02 19:47:17.171028 [ 82 ] {} <Information> MemoryTracker: Correcting the value of global memory tracker from 35.44 MiB to 427.64 MiB
2025.11.02 19:47:17.172932 [ 1 ] {} <Debug> SystemLog: Creating system.query_thread_log from query_thread_log
2025.11.02 19:47:17.173152 [ 1 ] {} <Debug> SystemLog: Not creating system.part_log since corresponding section 'part_log' is missing from config
2025.11.02 19:47:17.173211 [ 1 ] {} <Debug> SystemLog: Not creating system.trace_log since corresponding section 'trace_log' is missing from config
2025.11.02 19:47:17.173279 [ 1 ] {} <Debug> SystemLog: Not creating system.crash_log since corresponding section 'crash_log' is missing from config
2025.11.02 19:47:17.173531 [ 1 ] {} <Debug> SystemLog: Not creating system.text_log since corresponding section 'text_log' is missing from config
2025.11.02 19:47:17.173623 [ 1 ] {} <Debug> SystemLog: Creating system.metric_log from metric_log
2025.11.02 19:47:17.176141 [ 1 ] {} <Debug> SystemLog: Not creating system.latency_log since corresponding section 'latency_log' is missing from config
2025.11.02 19:47:17.176281 [ 1 ] {} <Debug> SystemLog: Not creating system.error_log since corresponding section 'error_log' is missing from config
2025.11.02 19:47:17.176580 [ 1 ] {} <Debug> SystemLog: Not creating system.filesystem_cache_log since corresponding section 'filesystem_cache_log' is missing from config
2025.11.02 19:47:17.176636 [ 1 ] {} <Debug> SystemLog: Not creating system.filesystem_read_prefetches_log since corresponding section 'filesystem_read_prefetches_log' is missing from config
2025.11.02 19:47:17.176672 [ 1 ] {} <Debug> SystemLog: Not creating system.s3queue_log since corresponding section 's3queue_log' is missing from config
2025.11.02 19:47:17.176749 [ 1 ] {} <Debug> SystemLog: Not creating system.azure_queue_log since corresponding section 'azure_queue_log' is missing from config
2025.11.02 19:47:17.176864 [ 1 ] {} <Debug> SystemLog: Not creating system.asynchronous_metric_log since corresponding section 'asynchronous_metric_log' is missing from config
2025.11.02 19:47:17.176916 [ 1 ] {} <Debug> SystemLog: Not creating system.opentelemetry_span_log since corresponding section 'opentelemetry_span_log' is missing from config
2025.11.02 19:47:17.176985 [ 1 ] {} <Debug> SystemLog: Not creating system.query_views_log since corresponding section 'query_views_log' is missing from config
2025.11.02 19:47:17.177090 [ 1 ] {} <Debug> SystemLog: Not creating system.zookeeper_log since corresponding section 'zookeeper_log' is missing from config
2025.11.02 19:47:17.177282 [ 1 ] {} <Debug> SystemLog: Not creating system.session_log since corresponding section 'session_log' is missing from config
2025.11.02 19:47:17.177377 [ 1 ] {} <Debug> SystemLog: Not creating system.transactions_info_log since corresponding section 'transactions_info_log' is missing from config
2025.11.02 19:47:17.177411 [ 1 ] {} <Debug> SystemLog: Not creating system.processors_profile_log since corresponding section 'processors_profile_log' is missing from config
2025.11.02 19:47:17.177509 [ 1 ] {} <Debug> SystemLog: Not creating system.asynchronous_insert_log since corresponding section 'asynchronous_insert_log' is missing from config
2025.11.02 19:47:17.177597 [ 1 ] {} <Debug> SystemLog: Not creating system.backup_log since corresponding section 'backup_log' is missing from config
2025.11.02 19:47:17.177652 [ 1 ] {} <Debug> SystemLog: Not creating system.blob_storage_log since corresponding section 'blob_storage_log' is missing from config
2025.11.02 19:47:17.177681 [ 1 ] {} <Debug> SystemLog: Not creating system.query_metric_log since corresponding section 'query_metric_log' is missing from config
2025.11.02 19:47:17.178590 [ 1 ] {} <Debug> DatabaseAtomic (system): There are 0 detached tables. Start searching non used tables.
2025.11.02 19:47:17.178795 [ 1 ] {} <Debug> DatabaseAtomic (system): Found 0 non used tables in detached tables.
2025.11.02 19:47:17.180485 [ 1 ] {} <Debug> DatabaseAtomic (system): There are 0 detached tables. Start searching non used tables.
2025.11.02 19:47:17.180535 [ 1 ] {} <Debug> DatabaseAtomic (system): Found 0 non used tables in detached tables.
2025.11.02 19:47:17.180627 [ 1 ] {} <Debug> DatabaseAtomic (system): There are 0 detached tables. Start searching non used tables.
2025.11.02 19:47:17.180687 [ 1 ] {} <Debug> DatabaseAtomic (system): Found 0 non used tables in detached tables.
2025.11.02 19:47:17.180805 [ 1 ] {} <Debug> DatabaseAtomic (system): There are 0 detached tables. Start searching non used tables.
2025.11.02 19:47:17.180839 [ 1 ] {} <Debug> DatabaseAtomic (system): Found 0 non used tables in detached tables.
2025.11.02 19:47:17.181061 [ 1 ] {} <Debug> DatabaseAtomic (system): There are 0 detached tables. Start searching non used tables.
2025.11.02 19:47:17.181232 [ 1 ] {} <Debug> DatabaseAtomic (system): Found 0 non used tables in detached tables.
2025.11.02 19:47:17.181337 [ 1 ] {} <Debug> DatabaseAtomic (system): There are 0 detached tables. Start searching non used tables.
2025.11.02 19:47:17.181615 [ 1 ] {} <Debug> DatabaseAtomic (system): Found 0 non used tables in detached tables.
2025.11.02 19:47:17.181937 [ 1 ] {} <Debug> DatabaseAtomic (system): There are 0 detached tables. Start searching non used tables.
2025.11.02 19:47:17.181987 [ 1 ] {} <Debug> DatabaseAtomic (system): Found 0 non used tables in detached tables.
2025.11.02 19:47:17.182296 [ 1 ] {} <Debug> DatabaseAtomic (system): There are 0 detached tables. Start searching non used tables.
2025.11.02 19:47:17.182567 [ 1 ] {} <Debug> DatabaseAtomic (system): Found 0 non used tables in detached tables.
2025.11.02 19:47:17.182919 [ 1 ] {} <Debug> DatabaseAtomic (system): There are 0 detached tables. Start searching non used tables.
2025.11.02 19:47:17.182985 [ 1 ] {} <Debug> DatabaseAtomic (system): Found 0 non used tables in detached tables.
2025.11.02 19:47:17.183103 [ 1 ] {} <Debug> DatabaseAtomic (system): There are 0 detached tables. Start searching non used tables.
2025.11.02 19:47:17.183133 [ 1 ] {} <Debug> DatabaseAtomic (system): Found 0 non used tables in detached tables.
2025.11.02 19:47:17.183186 [ 1 ] {} <Debug> DatabaseAtomic (system): There are 0 detached tables. Start searching non used tables.
2025.11.02 19:47:17.183347 [ 1 ] {} <Debug> DatabaseAtomic (system): Found 0 non used tables in detached tables.
2025.11.02 19:47:17.183640 [ 1 ] {} <Debug> DatabaseAtomic (system): There are 0 detached tables. Start searching non used tables.
2025.11.02 19:47:17.183704 [ 1 ] {} <Debug> DatabaseAtomic (system): Found 0 non used tables in detached tables.
2025.11.02 19:47:17.183749 [ 1 ] {} <Debug> DatabaseAtomic (system): There are 0 detached tables. Start searching non used tables.
2025.11.02 19:47:17.183854 [ 1 ] {} <Debug> DatabaseAtomic (system): Found 0 non used tables in detached tables.
2025.11.02 19:47:17.183936 [ 1 ] {} <Debug> DatabaseAtomic (system): There are 0 detached tables. Start searching non used tables.
2025.11.02 19:47:17.184000 [ 1 ] {} <Debug> DatabaseAtomic (system): Found 0 non used tables in detached tables.
2025.11.02 19:47:17.184145 [ 1 ] {} <Debug> DatabaseAtomic (system): There are 0 detached tables. Start searching non used tables.
2025.11.02 19:47:17.184218 [ 1 ] {} <Debug> DatabaseAtomic (system): Found 0 non used tables in detached tables.
2025.11.02 19:47:17.184345 [ 1 ] {} <Debug> DatabaseAtomic (system): There are 0 detached tables. Start searching non used tables.
2025.11.02 19:47:17.184502 [ 1 ] {} <Debug> DatabaseAtomic (system): Found 0 non used tables in detached tables.
2025.11.02 19:47:17.184575 [ 1 ] {} <Debug> DatabaseAtomic (system): There are 0 detached tables. Start searching non used tables.
2025.11.02 19:47:17.184617 [ 1 ] {} <Debug> DatabaseAtomic (system): Found 0 non used tables in detached tables.
2025.11.02 19:47:17.184663 [ 1 ] {} <Debug> DatabaseAtomic (system): There are 0 detached tables. Start searching non used tables.
2025.11.02 19:47:17.184793 [ 1 ] {} <Debug> DatabaseAtomic (system): Found 0 non used tables in detached tables.
2025.11.02 19:47:17.184865 [ 1 ] {} <Debug> DatabaseAtomic (system): There are 0 detached tables. Start searching non used tables.
2025.11.02 19:47:17.184901 [ 1 ] {} <Debug> DatabaseAtomic (system): Found 0 non used tables in detached tables.
2025.11.02 19:47:17.185018 [ 1 ] {} <Debug> DatabaseAtomic (system): There are 0 detached tables. Start searching non used tables.
2025.11.02 19:47:17.185047 [ 1 ] {} <Debug> DatabaseAtomic (system): Found 0 non used tables in detached tables.
2025.11.02 19:47:17.185134 [ 1 ] {} <Debug> DatabaseAtomic (system): There are 0 detached tables. Start searching non used tables.
2025.11.02 19:47:17.185234 [ 1 ] {} <Debug> DatabaseAtomic (system): Found 0 non used tables in detached tables.
2025.11.02 19:47:17.185485 [ 1 ] {} <Debug> DatabaseAtomic (system): There are 0 detached tables. Start searching non used tables.
2025.11.02 19:47:17.185777 [ 1 ] {} <Debug> DatabaseAtomic (system): Found 0 non used tables in detached tables.
2025.11.02 19:47:17.185846 [ 1 ] {} <Debug> DatabaseAtomic (system): There are 0 detached tables. Start searching non used tables.
2025.11.02 19:47:17.185990 [ 1 ] {} <Debug> DatabaseAtomic (system): Found 0 non used tables in detached tables.
2025.11.02 19:47:17.186094 [ 1 ] {} <Debug> DatabaseAtomic (system): There are 0 detached tables. Start searching non used tables.
2025.11.02 19:47:17.186156 [ 1 ] {} <Debug> DatabaseAtomic (system): Found 0 non used tables in detached tables.
2025.11.02 19:47:17.186404 [ 1 ] {} <Debug> DatabaseAtomic (system): There are 0 detached tables. Start searching non used tables.
2025.11.02 19:47:17.186713 [ 1 ] {} <Debug> DatabaseAtomic (system): Found 0 non used tables in detached tables.
2025.11.02 19:47:17.186815 [ 1 ] {} <Debug> DatabaseAtomic (system): There are 0 detached tables. Start searching non used tables.
2025.11.02 19:47:17.187746 [ 1 ] {} <Debug> DatabaseAtomic (system): Found 0 non used tables in detached tables.
2025.11.02 19:47:17.188256 [ 1 ] {} <Debug> DatabaseAtomic (system): There are 0 detached tables. Start searching non used tables.
2025.11.02 19:47:17.188347 [ 1 ] {} <Debug> DatabaseAtomic (system): Found 0 non used tables in detached tables.
2025.11.02 19:47:17.189461 [ 1 ] {} <Debug> DatabaseAtomic (system): There are 0 detached tables. Start searching non used tables.
2025.11.02 19:47:17.189628 [ 1 ] {} <Debug> DatabaseAtomic (system): Found 0 non used tables in detached tables.
2025.11.02 19:47:17.190143 [ 1 ] {} <Debug> DatabaseAtomic (system): There are 0 detached tables. Start searching non used tables.
2025.11.02 19:47:17.190211 [ 1 ] {} <Debug> DatabaseAtomic (system): Found 0 non used tables in detached tables.
2025.11.02 19:47:17.190261 [ 1 ] {} <Debug> DatabaseAtomic (system): There are 0 detached tables. Start searching non used tables.
2025.11.02 19:47:17.190508 [ 1 ] {} <Debug> DatabaseAtomic (system): Found 0 non used tables in detached tables.
2025.11.02 19:47:17.190644 [ 1 ] {} <Debug> DatabaseAtomic (system): There are 0 detached tables. Start searching non used tables.
2025.11.02 19:47:17.190752 [ 1 ] {} <Debug> DatabaseAtomic (system): Found 0 non used tables in detached tables.
2025.11.02 19:47:17.190893 [ 1 ] {} <Debug> DatabaseAtomic (system): There are 0 detached tables. Start searching non used tables.
2025.11.02 19:47:17.190936 [ 1 ] {} <Debug> DatabaseAtomic (system): Found 0 non used tables in detached tables.
2025.11.02 19:47:17.191076 [ 1 ] {} <Debug> DatabaseAtomic (system): There are 0 detached tables. Start searching non used tables.
2025.11.02 19:47:17.191235 [ 1 ] {} <Debug> DatabaseAtomic (system): Found 0 non used tables in detached tables.
2025.11.02 19:47:17.191362 [ 1 ] {} <Debug> DatabaseAtomic (system): There are 0 detached tables. Start searching non used tables.
2025.11.02 19:47:17.191469 [ 1 ] {} <Debug> DatabaseAtomic (system): Found 0 non used tables in detached tables.
2025.11.02 19:47:17.191661 [ 1 ] {} <Debug> DatabaseAtomic (system): There are 0 detached tables. Start searching non used tables.
2025.11.02 19:47:17.191801 [ 1 ] {} <Debug> DatabaseAtomic (system): Found 0 non used tables in detached tables.
2025.11.02 19:47:17.191932 [ 1 ] {} <Debug> DatabaseAtomic (system): There are 0 detached tables. Start searching non used tables.
2025.11.02 19:47:17.192194 [ 1 ] {} <Debug> DatabaseAtomic (system): Found 0 non used tables in detached tables.
2025.11.02 19:47:17.192376 [ 1 ] {} <Debug> DatabaseAtomic (system): There are 0 detached tables. Start searching non used tables.
2025.11.02 19:47:17.192429 [ 1 ] {} <Debug> DatabaseAtomic (system): Found 0 non used tables in detached tables.
2025.11.02 19:47:17.192697 [ 1 ] {} <Debug> DatabaseAtomic (system): There are 0 detached tables. Start searching non used tables.
2025.11.02 19:47:17.193883 [ 1 ] {} <Debug> DatabaseAtomic (system): Found 0 non used tables in detached tables.
2025.11.02 19:47:17.194233 [ 1 ] {} <Debug> DatabaseAtomic (system): There are 0 detached tables. Start searching non used tables.
2025.11.02 19:47:17.194284 [ 1 ] {} <Debug> DatabaseAtomic (system): Found 0 non used tables in detached tables.
2025.11.02 19:47:17.194384 [ 1 ] {} <Debug> DatabaseAtomic (system): There are 0 detached tables. Start searching non used tables.
2025.11.02 19:47:17.194425 [ 1 ] {} <Debug> DatabaseAtomic (system): Found 0 non used tables in detached tables.
2025.11.02 19:47:17.194474 [ 1 ] {} <Debug> DatabaseAtomic (system): There are 0 detached tables. Start searching non used tables.
2025.11.02 19:47:17.194502 [ 1 ] {} <Debug> DatabaseAtomic (system): Found 0 non used tables in detached tables.
2025.11.02 19:47:17.194587 [ 1 ] {} <Debug> DatabaseAtomic (system): There are 0 detached tables. Start searching non used tables.
2025.11.02 19:47:17.194619 [ 1 ] {} <Debug> DatabaseAtomic (system): Found 0 non used tables in detached tables.
2025.11.02 19:47:17.194732 [ 1 ] {} <Debug> DatabaseAtomic (system): There are 0 detached tables. Start searching non used tables.
2025.11.02 19:47:17.195162 [ 1 ] {} <Debug> DatabaseAtomic (system): Found 0 non used tables in detached tables.
2025.11.02 19:47:17.195214 [ 1 ] {} <Debug> DatabaseAtomic (system): There are 0 detached tables. Start searching non used tables.
2025.11.02 19:47:17.195277 [ 1 ] {} <Debug> DatabaseAtomic (system): Found 0 non used tables in detached tables.
2025.11.02 19:47:17.195574 [ 1 ] {} <Debug> DatabaseAtomic (system): There are 0 detached tables. Start searching non used tables.
2025.11.02 19:47:17.195621 [ 1 ] {} <Debug> DatabaseAtomic (system): Found 0 non used tables in detached tables.
2025.11.02 19:47:17.195744 [ 1 ] {} <Debug> DatabaseAtomic (system): There are 0 detached tables. Start searching non used tables.
2025.11.02 19:47:17.195818 [ 1 ] {} <Debug> DatabaseAtomic (system): Found 0 non used tables in detached tables.
2025.11.02 19:47:17.195938 [ 1 ] {} <Debug> DatabaseAtomic (system): There are 0 detached tables. Start searching non used tables.
2025.11.02 19:47:17.196789 [ 1 ] {} <Debug> DatabaseAtomic (system): Found 0 non used tables in detached tables.
2025.11.02 19:47:17.196891 [ 1 ] {} <Debug> DatabaseAtomic (system): There are 0 detached tables. Start searching non used tables.
2025.11.02 19:47:17.196974 [ 1 ] {} <Debug> DatabaseAtomic (system): Found 0 non used tables in detached tables.
2025.11.02 19:47:17.197048 [ 1 ] {} <Debug> DatabaseAtomic (system): There are 0 detached tables. Start searching non used tables.
2025.11.02 19:47:17.197101 [ 1 ] {} <Debug> DatabaseAtomic (system): Found 0 non used tables in detached tables.
2025.11.02 19:47:17.197570 [ 1 ] {} <Debug> DatabaseAtomic (system): There are 0 detached tables. Start searching non used tables.
2025.11.02 19:47:17.197829 [ 1 ] {} <Debug> DatabaseAtomic (system): Found 0 non used tables in detached tables.
2025.11.02 19:47:17.197923 [ 1 ] {} <Debug> DatabaseAtomic (system): There are 0 detached tables. Start searching non used tables.
2025.11.02 19:47:17.198079 [ 1 ] {} <Debug> DatabaseAtomic (system): Found 0 non used tables in detached tables.
2025.11.02 19:47:17.198227 [ 1 ] {} <Debug> DatabaseAtomic (system): There are 0 detached tables. Start searching non used tables.
2025.11.02 19:47:17.198535 [ 1 ] {} <Debug> DatabaseAtomic (system): Found 0 non used tables in detached tables.
2025.11.02 19:47:17.198698 [ 1 ] {} <Debug> DatabaseAtomic (system): There are 0 detached tables. Start searching non used tables.
2025.11.02 19:47:17.198785 [ 1 ] {} <Debug> DatabaseAtomic (system): Found 0 non used tables in detached tables.
2025.11.02 19:47:17.198860 [ 1 ] {} <Debug> DatabaseAtomic (system): There are 0 detached tables. Start searching non used tables.
2025.11.02 19:47:17.198899 [ 1 ] {} <Debug> DatabaseAtomic (system): Found 0 non used tables in detached tables.
2025.11.02 19:47:17.199004 [ 1 ] {} <Debug> DatabaseAtomic (system): There are 0 detached tables. Start searching non used tables.
2025.11.02 19:47:17.199098 [ 1 ] {} <Debug> DatabaseAtomic (system): Found 0 non used tables in detached tables.
2025.11.02 19:47:17.199153 [ 1 ] {} <Debug> DatabaseAtomic (system): There are 0 detached tables. Start searching non used tables.
2025.11.02 19:47:17.199183 [ 1 ] {} <Debug> DatabaseAtomic (system): Found 0 non used tables in detached tables.
2025.11.02 19:47:17.199248 [ 1 ] {} <Debug> DatabaseAtomic (system): There are 0 detached tables. Start searching non used tables.
2025.11.02 19:47:17.199277 [ 1 ] {} <Debug> DatabaseAtomic (system): Found 0 non used tables in detached tables.
2025.11.02 19:47:17.199383 [ 1 ] {} <Debug> DatabaseAtomic (system): There are 0 detached tables. Start searching non used tables.
2025.11.02 19:47:17.199420 [ 1 ] {} <Debug> DatabaseAtomic (system): Found 0 non used tables in detached tables.
2025.11.02 19:47:17.199517 [ 1 ] {} <Debug> DatabaseAtomic (system): There are 0 detached tables. Start searching non used tables.
2025.11.02 19:47:17.199563 [ 1 ] {} <Debug> DatabaseAtomic (system): Found 0 non used tables in detached tables.
2025.11.02 19:47:17.199644 [ 1 ] {} <Debug> DatabaseAtomic (system): There are 0 detached tables. Start searching non used tables.
2025.11.02 19:47:17.199687 [ 1 ] {} <Debug> DatabaseAtomic (system): Found 0 non used tables in detached tables.
2025.11.02 19:47:17.199888 [ 1 ] {} <Debug> DatabaseAtomic (system): There are 0 detached tables. Start searching non used tables.
2025.11.02 19:47:17.200017 [ 1 ] {} <Debug> DatabaseAtomic (system): Found 0 non used tables in detached tables.
2025.11.02 19:47:17.200221 [ 1 ] {} <Debug> DatabaseAtomic (system): There are 0 detached tables. Start searching non used tables.
2025.11.02 19:47:17.200334 [ 1 ] {} <Debug> DatabaseAtomic (system): Found 0 non used tables in detached tables.
2025.11.02 19:47:17.200427 [ 1 ] {} <Debug> DatabaseAtomic (system): There are 0 detached tables. Start searching non used tables.
2025.11.02 19:47:17.200468 [ 1 ] {} <Debug> DatabaseAtomic (system): Found 0 non used tables in detached tables.
2025.11.02 19:47:17.200557 [ 1 ] {} <Debug> DatabaseAtomic (system): There are 0 detached tables. Start searching non used tables.
2025.11.02 19:47:17.200591 [ 1 ] {} <Debug> DatabaseAtomic (system): Found 0 non used tables in detached tables.
2025.11.02 19:47:17.200779 [ 1 ] {} <Debug> DatabaseAtomic (system): There are 0 detached tables. Start searching non used tables.
2025.11.02 19:47:17.200810 [ 1 ] {} <Debug> DatabaseAtomic (system): Found 0 non used tables in detached tables.
2025.11.02 19:47:17.200888 [ 1 ] {} <Debug> DatabaseAtomic (system): There are 0 detached tables. Start searching non used tables.
2025.11.02 19:47:17.200908 [ 1 ] {} <Debug> DatabaseAtomic (system): Found 0 non used tables in detached tables.
2025.11.02 19:47:17.200967 [ 1 ] {} <Debug> DatabaseAtomic (system): There are 0 detached tables. Start searching non used tables.
2025.11.02 19:47:17.201023 [ 1 ] {} <Debug> DatabaseAtomic (system): Found 0 non used tables in detached tables.
2025.11.02 19:47:17.201096 [ 1 ] {} <Debug> DatabaseAtomic (system): There are 0 detached tables. Start searching non used tables.
2025.11.02 19:47:17.201159 [ 1 ] {} <Debug> DatabaseAtomic (system): Found 0 non used tables in detached tables.
2025.11.02 19:47:17.201233 [ 1 ] {} <Debug> DatabaseAtomic (system): There are 0 detached tables. Start searching non used tables.
2025.11.02 19:47:17.201278 [ 1 ] {} <Debug> DatabaseAtomic (system): Found 0 non used tables in detached tables.
2025.11.02 19:47:17.201439 [ 1 ] {} <Debug> DatabaseAtomic (system): There are 0 detached tables. Start searching non used tables.
2025.11.02 19:47:17.201472 [ 1 ] {} <Debug> DatabaseAtomic (system): Found 0 non used tables in detached tables.
2025.11.02 19:47:17.202067 [ 1 ] {} <Debug> DatabaseAtomic (system): There are 0 detached tables. Start searching non used tables.
2025.11.02 19:47:17.204989 [ 1 ] {} <Debug> DatabaseAtomic (system): Found 0 non used tables in detached tables.
2025.11.02 19:47:17.205070 [ 1 ] {} <Debug> DatabaseAtomic (system): There are 0 detached tables. Start searching non used tables.
2025.11.02 19:47:17.205109 [ 1 ] {} <Debug> DatabaseAtomic (system): Found 0 non used tables in detached tables.
2025.11.02 19:47:17.205181 [ 1 ] {} <Debug> DatabaseAtomic (system): There are 0 detached tables. Start searching non used tables.
2025.11.02 19:47:17.205211 [ 1 ] {} <Debug> DatabaseAtomic (system): Found 0 non used tables in detached tables.
2025.11.02 19:47:17.205257 [ 1 ] {} <Debug> DatabaseAtomic (system): There are 0 detached tables. Start searching non used tables.
2025.11.02 19:47:17.205286 [ 1 ] {} <Debug> DatabaseAtomic (system): Found 0 non used tables in detached tables.
2025.11.02 19:47:17.205370 [ 1 ] {} <Debug> DatabaseAtomic (system): There are 0 detached tables. Start searching non used tables.
2025.11.02 19:47:17.205389 [ 1 ] {} <Debug> DatabaseAtomic (system): Found 0 non used tables in detached tables.
2025.11.02 19:47:17.205432 [ 1 ] {} <Debug> DatabaseAtomic (system): There are 0 detached tables. Start searching non used tables.
2025.11.02 19:47:17.205517 [ 1 ] {} <Debug> DatabaseAtomic (system): Found 0 non used tables in detached tables.
2025.11.02 19:47:17.205627 [ 1 ] {} <Debug> DatabaseAtomic (system): There are 0 detached tables. Start searching non used tables.
2025.11.02 19:47:17.205784 [ 1 ] {} <Debug> DatabaseAtomic (system): Found 0 non used tables in detached tables.
2025.11.02 19:47:17.205858 [ 1 ] {} <Debug> DatabaseAtomic (system): There are 0 detached tables. Start searching non used tables.
2025.11.02 19:47:17.205992 [ 1 ] {} <Debug> DatabaseAtomic (system): Found 0 non used tables in detached tables.
2025.11.02 19:47:17.206019 [ 1 ] {} <Debug> DatabaseAtomic (system): There are 0 detached tables. Start searching non used tables.
2025.11.02 19:47:17.206181 [ 1 ] {} <Debug> DatabaseAtomic (system): Found 0 non used tables in detached tables.
2025.11.02 19:47:17.206220 [ 1 ] {} <Debug> DatabaseAtomic (system): There are 0 detached tables. Start searching non used tables.
2025.11.02 19:47:17.206236 [ 1 ] {} <Debug> DatabaseAtomic (system): Found 0 non used tables in detached tables.
2025.11.02 19:47:17.206310 [ 1 ] {} <Debug> DatabaseAtomic (system): There are 0 detached tables. Start searching non used tables.
2025.11.02 19:47:17.206581 [ 1 ] {} <Debug> DatabaseAtomic (system): Found 0 non used tables in detached tables.
2025.11.02 19:47:17.206615 [ 1 ] {} <Debug> DatabaseAtomic (system): There are 0 detached tables. Start searching non used tables.
2025.11.02 19:47:17.206631 [ 1 ] {} <Debug> DatabaseAtomic (system): Found 0 non used tables in detached tables.
2025.11.02 19:47:17.206673 [ 1 ] {} <Debug> DatabaseAtomic (system): There are 0 detached tables. Start searching non used tables.
2025.11.02 19:47:17.206689 [ 1 ] {} <Debug> DatabaseAtomic (system): Found 0 non used tables in detached tables.
2025.11.02 19:47:17.206760 [ 1 ] {} <Debug> DatabaseAtomic (system): There are 0 detached tables. Start searching non used tables.
2025.11.02 19:47:17.206777 [ 1 ] {} <Debug> DatabaseAtomic (system): Found 0 non used tables in detached tables.
2025.11.02 19:47:17.207359 [ 1 ] {} <Debug> DatabaseAtomic (system): There are 0 detached tables. Start searching non used tables.
2025.11.02 19:47:17.207394 [ 1 ] {} <Debug> DatabaseAtomic (system): Found 0 non used tables in detached tables.
2025.11.02 19:47:17.207473 [ 1 ] {} <Debug> DatabaseAtomic (system): There are 0 detached tables. Start searching non used tables.
2025.11.02 19:47:17.207514 [ 1 ] {} <Debug> DatabaseAtomic (system): Found 0 non used tables in detached tables.
2025.11.02 19:47:17.207562 [ 1 ] {} <Debug> DatabaseAtomic (system): There are 0 detached tables. Start searching non used tables.
2025.11.02 19:47:17.207583 [ 1 ] {} <Debug> DatabaseAtomic (system): Found 0 non used tables in detached tables.
2025.11.02 19:47:17.207626 [ 1 ] {} <Debug> DatabaseAtomic (system): There are 0 detached tables. Start searching non used tables.
2025.11.02 19:47:17.207650 [ 1 ] {} <Debug> DatabaseAtomic (system): Found 0 non used tables in detached tables.
2025.11.02 19:47:17.207716 [ 1 ] {} <Debug> DatabaseAtomic (system): There are 0 detached tables. Start searching non used tables.
2025.11.02 19:47:17.207733 [ 1 ] {} <Debug> DatabaseAtomic (system): Found 0 non used tables in detached tables.
2025.11.02 19:47:17.207776 [ 1 ] {} <Debug> DatabaseAtomic (system): There are 0 detached tables. Start searching non used tables.
2025.11.02 19:47:17.207798 [ 1 ] {} <Debug> DatabaseAtomic (system): Found 0 non used tables in detached tables.
2025.11.02 19:47:17.207858 [ 1 ] {} <Debug> DatabaseAtomic (system): There are 0 detached tables. Start searching non used tables.
2025.11.02 19:47:17.208010 [ 1 ] {} <Debug> DatabaseAtomic (system): Found 0 non used tables in detached tables.
2025.11.02 19:47:17.208103 [ 1 ] {} <Debug> DatabaseAtomic (system): There are 0 detached tables. Start searching non used tables.
2025.11.02 19:47:17.208159 [ 1 ] {} <Debug> DatabaseAtomic (system): Found 0 non used tables in detached tables.
2025.11.02 19:47:17.208216 [ 1 ] {} <Debug> DatabaseAtomic (system): There are 0 detached tables. Start searching non used tables.
2025.11.02 19:47:17.208454 [ 1 ] {} <Debug> DatabaseAtomic (system): Found 0 non used tables in detached tables.
2025.11.02 19:47:17.208494 [ 1 ] {} <Debug> DatabaseAtomic (system): There are 0 detached tables. Start searching non used tables.
2025.11.02 19:47:17.208518 [ 1 ] {} <Debug> DatabaseAtomic (system): Found 0 non used tables in detached tables.
2025.11.02 19:47:17.208556 [ 1 ] {} <Debug> DatabaseAtomic (system): There are 0 detached tables. Start searching non used tables.
2025.11.02 19:47:17.208585 [ 1 ] {} <Debug> DatabaseAtomic (system): Found 0 non used tables in detached tables.
2025.11.02 19:47:17.208621 [ 1 ] {} <Debug> DatabaseAtomic (system): There are 0 detached tables. Start searching non used tables.
2025.11.02 19:47:17.208918 [ 1 ] {} <Debug> DatabaseAtomic (system): Found 0 non used tables in detached tables.
2025.11.02 19:47:17.208957 [ 1 ] {} <Debug> DatabaseAtomic (system): There are 0 detached tables. Start searching non used tables.
2025.11.02 19:47:17.208991 [ 1 ] {} <Debug> DatabaseAtomic (system): Found 0 non used tables in detached tables.
2025.11.02 19:47:17.209051 [ 1 ] {} <Debug> DatabaseAtomic (system): There are 0 detached tables. Start searching non used tables.
2025.11.02 19:47:17.209079 [ 1 ] {} <Debug> DatabaseAtomic (system): Found 0 non used tables in detached tables.
2025.11.02 19:47:17.209115 [ 1 ] {} <Debug> DatabaseAtomic (system): There are 0 detached tables. Start searching non used tables.
2025.11.02 19:47:17.209138 [ 1 ] {} <Debug> DatabaseAtomic (system): Found 0 non used tables in detached tables.
2025.11.02 19:47:17.209196 [ 1 ] {} <Debug> DatabaseAtomic (system): There are 0 detached tables. Start searching non used tables.
2025.11.02 19:47:17.209266 [ 1 ] {} <Debug> DatabaseAtomic (system): Found 0 non used tables in detached tables.
2025.11.02 19:47:17.209359 [ 1 ] {} <Debug> DatabaseAtomic (system): There are 0 detached tables. Start searching non used tables.
2025.11.02 19:47:17.209734 [ 1 ] {} <Debug> DatabaseAtomic (system): Found 0 non used tables in detached tables.
2025.11.02 19:47:17.209787 [ 1 ] {} <Debug> DatabaseAtomic (system): There are 0 detached tables. Start searching non used tables.
2025.11.02 19:47:17.209815 [ 1 ] {} <Debug> DatabaseAtomic (system): Found 0 non used tables in detached tables.
2025.11.02 19:47:17.209872 [ 1 ] {} <Debug> DatabaseAtomic (system): There are 0 detached tables. Start searching non used tables.
2025.11.02 19:47:17.209898 [ 1 ] {} <Debug> DatabaseAtomic (system): Found 0 non used tables in detached tables.
2025.11.02 19:47:17.214285 [ 1 ] {} <Information> DatabaseCatalog: Found 0 partially dropped tables. Will load them and retry removal.
2025.11.02 19:47:17.215009 [ 1 ] {} <Information> DatabaseAtomic (default): Metadata processed, database default has 0 tables and 0 dictionaries in total.
2025.11.02 19:47:17.215110 [ 1 ] {} <Information> TablesLoader: Parsed metadata of 0 tables in 1 databases in 0.000104459 sec
2025.11.02 19:47:17.215188 [ 1 ] {} <Information> loadMetadata: Start asynchronous loading of databases
2025.11.02 19:47:17.215358 [ 1 ] {} <Debug> AsyncLoader: Schedule load job 'startup Ordinary database default' into BackgrndStartup
2025.11.02 19:47:17.215462 [ 1 ] {} <Debug> AsyncLoader: Schedule load job 'startup Atomic database default' into BackgrndStartup
2025.11.02 19:47:17.215517 [ 1 ] {} <Debug> AsyncLoader: Change current priority: none -> 2
2025.11.02 19:47:17.215549 [ 1 ] {} <Debug> AsyncLoader: Spawn loader worker #1 in BackgrndStartup
2025.11.02 19:47:17.215779 [ 717 ] {} <Debug> AsyncLoader: Execute load job 'startup Ordinary database default' in BackgrndStartup
2025.11.02 19:47:17.215868 [ 717 ] {} <Debug> AsyncLoader: Finish load job 'startup Ordinary database default' with status OK
2025.11.02 19:47:17.215804 [ 1 ] {} <Information> UserDefinedSQLObjectsLoaderFromDisk: Loading user defined objects from /var/lib/clickhouse/user_defined/
2025.11.02 19:47:17.216018 [ 1 ] {} <Debug> UserDefinedSQLObjectsLoaderFromDisk: The directory for user defined objects (/var/lib/clickhouse/user_defined/) does not exist: nothing to load
2025.11.02 19:47:17.215951 [ 717 ] {} <Debug> AsyncLoader: Spawn loader worker #2 in BackgrndStartup
2025.11.02 19:47:17.216141 [ 717 ] {} <Debug> AsyncLoader: Execute load job 'startup Atomic database default' in BackgrndStartup
2025.11.02 19:47:17.216180 [ 717 ] {} <Debug> AsyncLoader: Finish load job 'startup Atomic database default' with status OK
2025.11.02 19:47:17.216252 [ 717 ] {} <Debug> AsyncLoader: Stop worker in BackgrndStartup
2025.11.02 19:47:17.216295 [ 720 ] {} <Debug> AsyncLoader: Stop worker in BackgrndStartup
2025.11.02 19:47:17.216332 [ 720 ] {} <Debug> AsyncLoader: Change current priority: 2 -> none
2025.11.02 19:47:17.216143 [ 1 ] {} <Information> WorkloadEntityDiskStorage: Loading workload entities from /var/lib/clickhouse/workload/
2025.11.02 19:47:17.216447 [ 1 ] {} <Debug> WorkloadEntityDiskStorage: The directory for workload entities (/var/lib/clickhouse/workload/) does not exist: nothing to load
2025.11.02 19:47:17.228259 [ 1 ] {} <Information> ZooKeeperClient: Connected to ZooKeeper at 172.19.0.2:2181 with session_id 72057597892886528
2025.11.02 19:47:17.231196 [ 1 ] {} <Information> ZooKeeperClient: Keeper feature flag FILTERED_LIST: disabled
2025.11.02 19:47:17.231236 [ 1 ] {} <Information> ZooKeeperClient: Keeper feature flag MULTI_READ: disabled
2025.11.02 19:47:17.231262 [ 1 ] {} <Information> ZooKeeperClient: Keeper feature flag CHECK_NOT_EXISTS: disabled
2025.11.02 19:47:17.231282 [ 1 ] {} <Information> ZooKeeperClient: Keeper feature flag CREATE_IF_NOT_EXISTS: disabled
2025.11.02 19:47:17.231309 [ 1 ] {} <Information> ZooKeeperClient: Keeper feature flag REMOVE_RECURSIVE: disabled
2025.11.02 19:47:17.246397 [ 1 ] {} <Debug> Application: Loaded metadata.
2025.11.02 19:47:17.246465 [ 1 ] {} <Information> Application: Tasks stats provider: procfs
2025.11.02 19:47:17.246500 [ 1 ] {} <Information> Application: It looks like the process has no CAP_SYS_NICE capability, the setting 'os_thread_priority' will have no effect. It could happen due to incorrect ClickHouse package installation. You could resolve the problem manually with 'sudo setcap cap_sys_nice=+ep /usr/bin/clickhouse'. Note that it will not work on 'nosuid' mounted filesystems.
2025.11.02 19:47:17.246612 [ 1 ] {} <Debug> DatabaseAtomic (system): There are 0 detached tables. Start searching non used tables.
2025.11.02 19:47:17.246654 [ 1 ] {} <Debug> DatabaseAtomic (system): Found 0 non used tables in detached tables.
2025.11.02 19:47:17.246812 [ 1 ] {} <Warning> Application: Listen [::]:8123 failed: Poco::Exception. Code: 1000, e.code() = 0, DNS error: EAI: Address family for hostname not supported (version 25.3.7.194 (official build)). If it is an IPv6 or IPv4 address and your host has disabled IPv6 or IPv4, then consider to specify not disabled IPv4 or IPv6 address to listen in <listen_host> element of configuration file. Example for disabled IPv6: <listen_host>0.0.0.0</listen_host> . Example for disabled IPv4: <listen_host>::</listen_host>
2025.11.02 19:47:17.247094 [ 1 ] {} <Warning> Application: Listen [::]:9000 failed: Poco::Exception. Code: 1000, e.code() = 0, DNS error: EAI: Address family for hostname not supported (version 25.3.7.194 (official build)). If it is an IPv6 or IPv4 address and your host has disabled IPv6 or IPv4, then consider to specify not disabled IPv4 or IPv6 address to listen in <listen_host> element of configuration file. Example for disabled IPv6: <listen_host>0.0.0.0</listen_host> . Example for disabled IPv4: <listen_host>::</listen_host>
2025.11.02 19:47:17.247315 [ 1 ] {} <Warning> Application: Listen [::]:8001 failed: Poco::Exception. Code: 1000, e.code() = 0, DNS error: EAI: Address family for hostname not supported (version 25.3.7.194 (official build)). If it is an IPv6 or IPv4 address and your host has disabled IPv6 or IPv4, then consider to specify not disabled IPv4 or IPv6 address to listen in <listen_host> element of configuration file. Example for disabled IPv6: <listen_host>0.0.0.0</listen_host> . Example for disabled IPv4: <listen_host>::</listen_host>
2025.11.02 19:47:17.247642 [ 1 ] {} <Information> CertificateReloader: One of paths is empty. Cannot apply new configuration for certificates. Fill all paths and try again.
2025.11.02 19:47:17.247687 [ 1 ] {} <Information> CertificateReloader: One of paths is empty. Cannot apply new configuration for certificates. Fill all paths and try again.
2025.11.02 19:47:17.249158 [ 1 ] {} <Debug> AsyncLoader: Schedule load job 'startup ddl worker' into BackgrndStartup
2025.11.02 19:47:17.249286 [ 1 ] {} <Debug> AsyncLoader: Change current priority: none -> 2
2025.11.02 19:47:17.249403 [ 1 ] {} <Debug> AsyncLoader: Spawn loader worker #1 in BackgrndStartup
2025.11.02 19:47:17.249536 [ 727 ] {} <Debug> AsyncLoader: Execute load job 'startup ddl worker' in BackgrndStartup
2025.11.02 19:47:17.249740 [ 727 ] {} <Debug> AsyncLoader: Finish load job 'startup ddl worker' with status OK
2025.11.02 19:47:17.249914 [ 727 ] {} <Debug> AsyncLoader: Stop worker in BackgrndStartup
2025.11.02 19:47:17.250047 [ 727 ] {} <Debug> AsyncLoader: Change current priority: 2 -> none
2025.11.02 19:47:17.249906 [ 724 ] {} <Debug> DDLWorker: Started DDLWorker cleanup thread
2025.11.02 19:47:17.249735 [ 729 ] {} <Debug> DDLWorker: Starting DDLWorker thread
2025.11.02 19:47:17.250345 [ 729 ] {} <Debug> DDLWorker: Initializing DDLWorker thread
2025.11.02 19:47:17.249558 [ 1 ] {} <Information> Application: Listening for http://0.0.0.0:8123
2025.11.02 19:47:17.251113 [ 1 ] {} <Information> Application: Listening for native protocol (tcp): 0.0.0.0:9000
2025.11.02 19:47:17.251193 [ 1 ] {} <Information> Application: Listening for Prometheus: http://0.0.0.0:8001
2025.11.02 19:47:17.251291 [ 1 ] {} <Information> Application: Ready for connections.
2025.11.02 19:47:17.258650 [ 729 ] {} <Debug> DDLWorker: Initialized DDLWorker thread
2025.11.02 19:47:17.258770 [ 724 ] {} <Debug> DDLWorker: Cleaning queue
2025.11.02 19:47:17.261471 [ 729 ] {} <Debug> DDLWorker: Scheduling tasks
2025.11.02 19:47:17.262579 [ 729 ] {} <Debug> DDLWorker: No tasks to schedule
2025.11.02 19:47:17.262619 [ 729 ] {} <Debug> DDLWorker: Waiting for queue updates
2025.11.02 19:47:17.359587 [ 80 ] {} <Information> TCPHandler: Client has not sent any data.
2025.11.02 19:47:17.360043 [ 80 ] {} <Debug> TCPHandler: Done processing connection.
2025.11.02 19:47:17.393946 [ 80 ] {} <Information> TCPHandler: Client has not sent any data.
2025.11.02 19:47:17.394210 [ 80 ] {} <Debug> TCPHandler: Done processing connection.
2025.11.02 19:47:20.884165 [ 78 ] {} <Information> Application: Received termination signal (Terminated)
2025.11.02 19:47:20.884291 [ 1 ] {} <Debug> Application: Received termination signal.
2025.11.02 19:47:20.884916 [ 1 ] {} <Debug> Application: Waiting for current connections to close.
2025.11.02 19:47:20.885649 [ 1 ] {} <Information> Application: Closed all listening sockets.
2025.11.02 19:47:20.885715 [ 1 ] {} <Information> Application: Closed connections.
2025.11.02 19:47:20.885762 [ 1 ] {} <Information> Application: Stopping AsyncLoader.
2025.11.02 19:47:20.885940 [ 1 ] {} <Information> CgroupsMemoryUsageObserver: Stopped cgroup current memory usage observer thread
2025.11.02 19:47:20.886106 [ 1 ] {} <Information> Application: Shutting down storages.
2025.11.02 19:47:20.886723 [ 1 ] {} <Debug> Context: Shutting down dictionaries loader
2025.11.02 19:47:20.886780 [ 1 ] {} <Debug> Context: Shutting down UDFs loader
2025.11.02 19:47:20.886856 [ 1 ] {} <Debug> Context: Shutting down another UDFs storage
2025.11.02 19:47:20.886925 [ 1 ] {} <Debug> Context: Shutting down workload entity storage
2025.11.02 19:47:20.886971 [ 1 ] {} <Debug> Context: Shutting down system logs
2025.11.02 19:47:20.887023 [ 1 ] {} <Debug> SystemLogQueue (system.query_log): Requested flush up to offset 0
2025.11.02 19:47:20.887051 [ 718 ] {} <Debug> SystemLog (system.metric_log): Creating new table system.metric_log for MetricLog
2025.11.02 19:47:20.887160 [ 1 ] {} <Debug> SystemLogQueue (system.query_thread_log): Requested flush up to offset 0
2025.11.02 19:47:20.887259 [ 1 ] {} <Debug> SystemLogQueue (system.metric_log): Requested flush up to offset 4
2025.11.02 19:47:20.896532 [ 718 ] {} <Debug> system.metric_log (5156cbbc-1943-47fe-99a7-d428dfbc3843): Loading data parts
2025.11.02 19:47:20.898649 [ 718 ] {} <Debug> system.metric_log (5156cbbc-1943-47fe-99a7-d428dfbc3843): There are no data parts
2025.11.02 19:47:20.900607 [ 718 ] {} <Debug> DatabaseAtomic (system): There are 0 detached tables. Start searching non used tables.
2025.11.02 19:47:20.900659 [ 718 ] {} <Debug> DatabaseAtomic (system): Found 0 non used tables in detached tables.
2025.11.02 19:47:21.185542 [ 1 ] {} <Debug> Context: Shutting down merges executor
2025.11.02 19:47:21.186374 [ 1 ] {} <Debug> Context: Shutting down fetches executor
2025.11.02 19:47:21.186731 [ 1 ] {} <Debug> Context: Shutting down moves executor
2025.11.02 19:47:21.187013 [ 1 ] {} <Debug> Context: Shutting down common executor
2025.11.02 19:47:21.190439 [ 1 ] {} <Information> Context: Shutdown disk default
2025.11.02 19:47:21.190537 [ 1 ] {} <Information> ZooKeeperClient: Finalizing session 72057597892886528. finalization_started: false, queue_finished: false, reason: 'Destructor called'
2025.11.02 19:47:21.195567 [ 1 ] {} <Debug> Application: Shut down storages.
2025.11.02 19:47:21.195627 [ 1 ] {} <Debug> Application: Waiting for current connections to servers for tables to finish.
2025.11.02 19:47:21.195777 [ 1 ] {} <Information> Application: Closed all listening sockets.
2025.11.02 19:47:21.195804 [ 1 ] {} <Information> Application: Closed connections to servers for tables.
2025.11.02 19:47:21.196355 [ 1 ] {} <Debug> Application: Destroyed global context.
2025.11.02 19:47:21.196484 [ 1 ] {} <Information> Application: Waiting for background threads
2025.11.02 19:47:21.213709 [ 1 ] {} <Information> Application: Background threads finished in 17 ms
2025.11.02 19:47:21.215162 [ 1 ] {} <Information> Application: shutting down
2025.11.02 19:47:21.215232 [ 1 ] {} <Debug> Application: Uninitializing subsystem: Logging Subsystem
2025.11.02 19:47:21.215390 [ 78 ] {} <Information> BaseDaemon: Stop SignalListener thread
2025.11.02 19:47:23.336417 [ 1 ] {} <Information> SentryWriter: Sending crash reports is disabled
2025.11.02 19:47:23.362801 [ 1 ] {} <Information> Application: Starting ClickHouse 25.3.7.194 (revision: 54502, git hash: 36637934778b7d39b37f378d258359dd6ffdd110, build id: E09B0ADBF9AF0530703B179DBA02705D5DF508C0), PID 1
2025.11.02 19:47:23.362929 [ 1 ] {} <Information> Application: starting up
2025.11.02 19:47:23.363021 [ 1 ] {} <Information> Application: OS name: Linux, version: 6.10.14-linuxkit, architecture: aarch64
2025.11.02 19:47:23.363108 [ 1 ] {} <Information> Jemalloc: Value for background_thread set to true (from true)
2025.11.02 19:47:23.364548 [ 1 ] {} <Information> Application: Available RAM: 7.65 GiB; logical cores: 14; used cores: 14.
2025.11.02 19:47:23.365118 [ 1 ] {} <Information> CgroupsReader: Will create cgroup reader from '/sys/fs/cgroup/' (cgroups version: v2)
2025.11.02 19:47:23.367192 [ 1 ] {} <Warning> Application: Integrity check of the executable skipped because the reference checksum could not be read.
2025.11.02 19:47:23.367609 [ 1 ] {} <Information> Application: It looks like the process has no CAP_IPC_LOCK capability, binary mlock will be disabled. It could happen due to incorrect ClickHouse package installation. You could resolve the problem manually with 'sudo setcap cap_ipc_lock=+ep /usr/bin/clickhouse'. Note that it will not work on 'nosuid' mounted filesystems.
2025.11.02 19:47:23.367644 [ 1 ] {} <Information> MemoryWorker: Starting background memory thread with period of 50ms, using Cgroups as source
2025.11.02 19:47:23.367695 [ 1 ] {} <Information> BackgroundSchedulePool/BgSchPool: Create BackgroundSchedulePool with 512 threads
2025.11.02 19:47:23.400948 [ 1 ] {} <Debug> Application: rlimit on number of file descriptors is 1048576
2025.11.02 19:47:23.401022 [ 1 ] {} <Debug> Application: rlimit on number of threads is 18446744073709551615
2025.11.02 19:47:23.401086 [ 1 ] {} <Debug> Application: Initializing DateLUT.
2025.11.02 19:47:23.401209 [ 1 ] {} <Debug> Context: Setting up /var/lib/clickhouse/tmp/ to store temporary data in it
2025.11.02 19:47:23.401346 [ 1 ] {} <Debug> Application: Initializing interserver credentials.
2025.11.02 19:47:23.401392 [ 1 ] {} <Information> Application: Lowered uncompressed cache size to 3.83 GiB because the system has limited RAM
2025.11.02 19:47:23.401444 [ 1 ] {} <Information> Application: Lowered mark cache size to 3.83 GiB because the system has limited RAM
2025.11.02 19:47:23.401487 [ 1 ] {} <Information> Application: Lowered primary index cache size to 3.83 GiB because the system has limited RAM
2025.11.02 19:47:23.401547 [ 1 ] {} <Information> Application: Lowered index mark cache size to 3.83 GiB because the system has limited RAM
2025.11.02 19:47:23.401633 [ 1 ] {} <Debug> FileCacheFactory: Will load 0 caches from default cache config
2025.11.02 19:47:23.402381 [ 1 ] {} <Debug> ConfigReloader: Loading config '/etc/clickhouse-server/config.xml'
2025.11.02 19:47:23.402458 [ 1 ] {} <Debug> ConfigProcessor: Processing configuration file '/etc/clickhouse-server/config.xml'.
2025.11.02 19:47:23.403030 [ 1 ] {} <Debug> ConfigProcessor: Merging configuration file '/etc/clickhouse-server/config.d/docker_related_config.xml'.
2025.11.02 19:47:23.403247 [ 1 ] {} <Debug> ConfigProcessor: Merging configuration file '/etc/clickhouse-server/config.d/interserver_http_host.xml'.
2025.11.02 19:47:23.403809 [ 1 ] {} <Debug> ConfigProcessor: Merging configuration file '/etc/clickhouse-server/config.d/macros.xml'.
2025.11.02 19:47:23.404235 [ 1 ] {} <Debug> ConfigProcessor: Merging configuration file '/etc/clickhouse-server/config.d/remote_servers.xml'.
2025.11.02 19:47:23.404583 [ 1 ] {} <Debug> ConfigProcessor: Merging configuration file '/etc/clickhouse-server/config.d/zookeeper.xml'.
2025.11.02 19:47:23.405084 [ 1 ] {} <Debug> ConfigProcessor: Saved preprocessed configuration to '/var/lib/clickhouse/preprocessed_configs/config.xml'.
2025.11.02 19:47:23.405435 [ 1 ] {} <Debug> ConfigReloader: Loaded config '/etc/clickhouse-server/config.xml', performing update on configuration
2025.11.02 19:47:23.406000 [ 1 ] {} <Information> Application: Changed setting 'max_server_memory_usage' to 6.89 GiB (7.65 GiB available memory * 0.90 max_server_memory_usage_to_ram_ratio)
2025.11.02 19:47:23.406023 [ 1 ] {} <Information> Application: Setting merges_mutations_memory_usage_soft_limit was set to 3.83 GiB (7.65 GiB available * 0.50 merges_mutations_memory_usage_to_ram_ratio)
2025.11.02 19:47:23.406082 [ 1 ] {} <Information> Application: Merges and mutations memory limit is set to 3.83 GiB
2025.11.02 19:47:23.407017 [ 1 ] {} <Information> Application: Setting max_remote_read_network_bandwidth_for_server was set to 0
2025.11.02 19:47:23.407048 [ 1 ] {} <Information> Application: Setting max_remote_write_network_bandwidth_for_server was set to 0
2025.11.02 19:47:23.407078 [ 1 ] {} <Information> Application: Setting max_local_read_bandwidth_for_server was set to 0
2025.11.02 19:47:23.407131 [ 1 ] {} <Information> Application: Setting max_local_write_bandwidth_for_server was set to 0
2025.11.02 19:47:23.407157 [ 1 ] {} <Information> Application: ConcurrencyControl limit is set to UNLIMITED CPU slots with 'round_robin' scheduler
2025.11.02 19:47:23.407188 [ 1 ] {} <Information> BackgroundSchedulePool/BgBufSchPool: Create BackgroundSchedulePool with 16 threads
2025.11.02 19:47:23.407608 [ 1 ] {} <Information> BackgroundSchedulePool/BgMBSchPool: Create BackgroundSchedulePool with 16 threads
2025.11.02 19:47:23.408054 [ 1 ] {} <Information> BackgroundSchedulePool/BgDistSchPool: Create BackgroundSchedulePool with 16 threads
2025.11.02 19:47:23.408675 [ 1 ] {} <Debug> ConfigReloader: Loaded config '/etc/clickhouse-server/config.xml', performed update on configuration
2025.11.02 19:47:23.408924 [ 1 ] {} <Warning> Application: Listen [::]:9009 failed: Poco::Exception. Code: 1000, e.code() = 0, DNS error: EAI: Address family for hostname not supported (version 25.3.7.194 (official build)). If it is an IPv6 or IPv4 address and your host has disabled IPv6 or IPv4, then consider to specify not disabled IPv4 or IPv6 address to listen in <listen_host> element of configuration file. Example for disabled IPv6: <listen_host>0.0.0.0</listen_host> . Example for disabled IPv4: <listen_host>::</listen_host>
2025.11.02 19:47:23.409138 [ 1 ] {} <Information> Application: Listening for replica communication (interserver): http://0.0.0.0:9009
2025.11.02 19:47:23.409258 [ 1 ] {} <Warning> Access(local_directory): File /var/lib/clickhouse/access/users.list doesn't exist
2025.11.02 19:47:23.409341 [ 1 ] {} <Warning> Access(local_directory): Recovering lists in directory /var/lib/clickhouse/access/
2025.11.02 19:47:23.409485 [ 1 ] {} <Debug> Access(user directories): Added local_directory access storage 'local_directory', path: /var/lib/clickhouse/access/
2025.11.02 19:47:23.409727 [ 1 ] {} <Debug> ConfigReloader: Loading config '/etc/clickhouse-server/users.xml'
2025.11.02 19:47:23.409781 [ 1 ] {} <Debug> ConfigProcessor: Processing configuration file '/etc/clickhouse-server/users.xml'.
2025.11.02 19:47:23.409902 [ 1 ] {} <Debug> ConfigProcessor: Merging configuration file '/etc/clickhouse-server/users.d/users.xml'.
2025.11.02 19:47:23.410538 [ 1 ] {} <Debug> ConfigProcessor: Saved preprocessed configuration to '/var/lib/clickhouse/preprocessed_configs/users.xml'.
2025.11.02 19:47:23.410604 [ 1 ] {} <Debug> ConfigReloader: Loaded config '/etc/clickhouse-server/users.xml', performing update on configuration
2025.11.02 19:47:23.410930 [ 1 ] {} <Debug> ConfigReloader: Loaded config '/etc/clickhouse-server/users.xml', performed update on configuration
2025.11.02 19:47:23.411068 [ 1 ] {} <Debug> Access(user directories): Added users_xml access storage 'users_xml', path: /etc/clickhouse-server/users.xml
2025.11.02 19:47:23.411256 [ 1 ] {} <Information> CgroupsMemoryUsageObserver: Started cgroup current memory usage observer thread
2025.11.02 19:47:23.411309 [ 650 ] {} <Information> CgroupsMemoryUsageObserver: Memory amount initially available to the process is 7.65 GiB
2025.11.02 19:47:23.411989 [ 1 ] {} <Information> Context: Initialized background executor for merges and mutations with num_threads=16, num_tasks=32, scheduling_policy=round_robin
2025.11.02 19:47:23.412373 [ 1 ] {} <Information> Context: Initialized background executor for move operations with num_threads=8, num_tasks=8
2025.11.02 19:47:23.413077 [ 1 ] {} <Information> Context: Initialized background executor for fetches with num_threads=16, num_tasks=16
2025.11.02 19:47:23.413483 [ 1 ] {} <Information> Context: Initialized background executor for common operations (e.g. clearing old parts) with num_threads=8, num_tasks=8
2025.11.02 19:47:23.414396 [ 1 ] {} <Warning> Context: Linux transparent hugepages are set to "always". Check /sys/kernel/mm/transparent_hugepage/enabled
2025.11.02 19:47:23.414566 [ 1 ] {} <Warning> Context: Delay accounting is not enabled, OSIOWaitMicroseconds will not be gathered. You can enable it using `echo 1 > /proc/sys/kernel/task_delayacct` or by using sysctl.
2025.11.02 19:47:23.414836 [ 1 ] {} <Information> DNSCacheUpdater: Update period 15 seconds
2025.11.02 19:47:23.414907 [ 1 ] {} <Information> Application: Loading metadata from /var/lib/clickhouse/
2025.11.02 19:47:23.414986 [ 1 ] {} <Information> Context: Database disk name: default
2025.11.02 19:47:23.415063 [ 1 ] {} <Information> Context: Database disk name: default, path: /var/lib/clickhouse/
2025.11.02 19:47:23.415404 [ 1 ] {} <Debug> loadSystemDatabase: metadata_file_path metadata/system.sql, existsFile false
2025.11.02 19:47:23.414922 [ 85 ] {} <Debug> DNSResolver: Updating DNS cache
2025.11.02 19:47:23.416200 [ 85 ] {} <Debug> DNSResolver: Updated DNS cache
2025.11.02 19:47:23.416611 [ 1 ] {} <Debug> loadSystemDatabase: metadata_file_path metadata/information_schema.sql, existsFile false
2025.11.02 19:47:23.418106 [ 84 ] {} <Information> MemoryTracker: Correcting the value of global memory tracker from 16.35 MiB to 439.57 MiB
2025.11.02 19:47:23.419482 [ 1 ] {} <Debug> loadSystemDatabase: metadata_file_path metadata/INFORMATION_SCHEMA.sql, existsFile false
2025.11.02 19:47:23.421609 [ 1 ] {} <Information> DatabaseAtomic (system): Metadata processed, database system has 0 tables and 0 dictionaries in total.
2025.11.02 19:47:23.421688 [ 1 ] {} <Information> TablesLoader: Parsed metadata of 0 tables in 1 databases in 8.7041e-05 sec
2025.11.02 19:47:23.421781 [ 1 ] {} <Debug> AsyncLoader: Prioritize load job 'startup Atomic database system': BackgrndStartup -> ForegroundLoad
2025.11.02 19:47:23.421835 [ 1 ] {} <Debug> AsyncLoader: Prioritize load job 'startup Ordinary database system': BackgrndStartup -> ForegroundLoad
2025.11.02 19:47:23.421914 [ 1 ] {} <Debug> AsyncLoader: Schedule load job 'startup Ordinary database system' into ForegroundLoad
2025.11.02 19:47:23.421961 [ 1 ] {} <Debug> AsyncLoader: Schedule load job 'startup Atomic database system' into ForegroundLoad
2025.11.02 19:47:23.421995 [ 1 ] {} <Debug> AsyncLoader: Change current priority: none -> 0
2025.11.02 19:47:23.422030 [ 1 ] {} <Debug> AsyncLoader: Spawn loader worker #1 in ForegroundLoad
2025.11.02 19:47:23.422101 [ 1 ] {} <Debug> AsyncLoader: Wait load job 'startup Atomic database system' in ForegroundLoad
2025.11.02 19:47:23.422137 [ 715 ] {} <Debug> AsyncLoader: Execute load job 'startup Ordinary database system' in ForegroundLoad
2025.11.02 19:47:23.422221 [ 715 ] {} <Debug> AsyncLoader: Finish load job 'startup Ordinary database system' with status OK
2025.11.02 19:47:23.422258 [ 715 ] {} <Debug> AsyncLoader: Spawn loader worker #2 in ForegroundLoad
2025.11.02 19:47:23.422356 [ 715 ] {} <Debug> AsyncLoader: Execute load job 'startup Atomic database system' in ForegroundLoad
2025.11.02 19:47:23.422485 [ 716 ] {} <Debug> AsyncLoader: Stop worker in ForegroundLoad
2025.11.02 19:47:23.423289 [ 715 ] {} <Debug> AsyncLoader: Finish load job 'startup Atomic database system' with status OK
2025.11.02 19:47:23.423329 [ 715 ] {} <Debug> AsyncLoader: Stop worker in ForegroundLoad
2025.11.02 19:47:23.423404 [ 715 ] {} <Debug> AsyncLoader: Change current priority: 0 -> none
2025.11.02 19:47:23.423319 [ 1 ] {} <Debug> SystemLog: Creating system.query_log from query_log
2025.11.02 19:47:23.428041 [ 1 ] {} <Debug> SystemLog: Creating system.query_thread_log from query_thread_log
2025.11.02 19:47:23.428320 [ 1 ] {} <Debug> SystemLog: Not creating system.part_log since corresponding section 'part_log' is missing from config
2025.11.02 19:47:23.428365 [ 1 ] {} <Debug> SystemLog: Not creating system.trace_log since corresponding section 'trace_log' is missing from config
2025.11.02 19:47:23.428482 [ 1 ] {} <Debug> SystemLog: Not creating system.crash_log since corresponding section 'crash_log' is missing from config
2025.11.02 19:47:23.428550 [ 1 ] {} <Debug> SystemLog: Not creating system.text_log since corresponding section 'text_log' is missing from config
2025.11.02 19:47:23.428599 [ 1 ] {} <Debug> SystemLog: Creating system.metric_log from metric_log
2025.11.02 19:47:23.430513 [ 1 ] {} <Debug> SystemLog: Not creating system.latency_log since corresponding section 'latency_log' is missing from config
2025.11.02 19:47:23.430634 [ 1 ] {} <Debug> SystemLog: Not creating system.error_log since corresponding section 'error_log' is missing from config
2025.11.02 19:47:23.430683 [ 1 ] {} <Debug> SystemLog: Not creating system.filesystem_cache_log since corresponding section 'filesystem_cache_log' is missing from config
2025.11.02 19:47:23.430722 [ 1 ] {} <Debug> SystemLog: Not creating system.filesystem_read_prefetches_log since corresponding section 'filesystem_read_prefetches_log' is missing from config
2025.11.02 19:47:23.430762 [ 1 ] {} <Debug> SystemLog: Not creating system.s3queue_log since corresponding section 's3queue_log' is missing from config
2025.11.02 19:47:23.430815 [ 1 ] {} <Debug> SystemLog: Not creating system.azure_queue_log since corresponding section 'azure_queue_log' is missing from config
2025.11.02 19:47:23.430870 [ 1 ] {} <Debug> SystemLog: Not creating system.asynchronous_metric_log since corresponding section 'asynchronous_metric_log' is missing from config
2025.11.02 19:47:23.430960 [ 1 ] {} <Debug> SystemLog: Not creating system.opentelemetry_span_log since corresponding section 'opentelemetry_span_log' is missing from config
2025.11.02 19:47:23.431064 [ 1 ] {} <Debug> SystemLog: Not creating system.query_views_log since corresponding section 'query_views_log' is missing from config
2025.11.02 19:47:23.431111 [ 1 ] {} <Debug> SystemLog: Not creating system.zookeeper_log since corresponding section 'zookeeper_log' is missing from config
2025.11.02 19:47:23.431160 [ 1 ] {} <Debug> SystemLog: Not creating system.session_log since corresponding section 'session_log' is missing from config
2025.11.02 19:47:23.431230 [ 1 ] {} <Debug> SystemLog: Not creating system.transactions_info_log since corresponding section 'transactions_info_log' is missing from config
2025.11.02 19:47:23.431290 [ 1 ] {} <Debug> SystemLog: Not creating system.processors_profile_log since corresponding section 'processors_profile_log' is missing from config
2025.11.02 19:47:23.431348 [ 1 ] {} <Debug> SystemLog: Not creating system.asynchronous_insert_log since corresponding section 'asynchronous_insert_log' is missing from config
2025.11.02 19:47:23.431425 [ 1 ] {} <Debug> SystemLog: Not creating system.backup_log since corresponding section 'backup_log' is missing from config
2025.11.02 19:47:23.431646 [ 1 ] {} <Debug> SystemLog: Not creating system.blob_storage_log since corresponding section 'blob_storage_log' is missing from config
2025.11.02 19:47:23.431834 [ 1 ] {} <Debug> SystemLog: Not creating system.query_metric_log since corresponding section 'query_metric_log' is missing from config
2025.11.02 19:47:23.432427 [ 1 ] {} <Debug> DatabaseAtomic (system): There are 0 detached tables. Start searching non used tables.
2025.11.02 19:47:23.432538 [ 1 ] {} <Debug> DatabaseAtomic (system): Found 0 non used tables in detached tables.
2025.11.02 19:47:23.433294 [ 1 ] {} <Debug> DatabaseAtomic (system): There are 0 detached tables. Start searching non used tables.
2025.11.02 19:47:23.433370 [ 1 ] {} <Debug> DatabaseAtomic (system): Found 0 non used tables in detached tables.
2025.11.02 19:47:23.433446 [ 1 ] {} <Debug> DatabaseAtomic (system): There are 0 detached tables. Start searching non used tables.
2025.11.02 19:47:23.433499 [ 1 ] {} <Debug> DatabaseAtomic (system): Found 0 non used tables in detached tables.
2025.11.02 19:47:23.433580 [ 1 ] {} <Debug> DatabaseAtomic (system): There are 0 detached tables. Start searching non used tables.
2025.11.02 19:47:23.433678 [ 1 ] {} <Debug> DatabaseAtomic (system): Found 0 non used tables in detached tables.
2025.11.02 19:47:23.433742 [ 1 ] {} <Debug> DatabaseAtomic (system): There are 0 detached tables. Start searching non used tables.
2025.11.02 19:47:23.433826 [ 1 ] {} <Debug> DatabaseAtomic (system): Found 0 non used tables in detached tables.
2025.11.02 19:47:23.433961 [ 1 ] {} <Debug> DatabaseAtomic (system): There are 0 detached tables. Start searching non used tables.
2025.11.02 19:47:23.434039 [ 1 ] {} <Debug> DatabaseAtomic (system): Found 0 non used tables in detached tables.
2025.11.02 19:47:23.434220 [ 1 ] {} <Debug> DatabaseAtomic (system): There are 0 detached tables. Start searching non used tables.
2025.11.02 19:47:23.434251 [ 1 ] {} <Debug> DatabaseAtomic (system): Found 0 non used tables in detached tables.
2025.11.02 19:47:23.434306 [ 1 ] {} <Debug> DatabaseAtomic (system): There are 0 detached tables. Start searching non used tables.
2025.11.02 19:47:23.434343 [ 1 ] {} <Debug> DatabaseAtomic (system): Found 0 non used tables in detached tables.
2025.11.02 19:47:23.434403 [ 1 ] {} <Debug> DatabaseAtomic (system): There are 0 detached tables. Start searching non used tables.
2025.11.02 19:47:23.434465 [ 1 ] {} <Debug> DatabaseAtomic (system): Found 0 non used tables in detached tables.
2025.11.02 19:47:23.434572 [ 1 ] {} <Debug> DatabaseAtomic (system): There are 0 detached tables. Start searching non used tables.
2025.11.02 19:47:23.434612 [ 1 ] {} <Debug> DatabaseAtomic (system): Found 0 non used tables in detached tables.
2025.11.02 19:47:23.434669 [ 1 ] {} <Debug> DatabaseAtomic (system): There are 0 detached tables. Start searching non used tables.
2025.11.02 19:47:23.434725 [ 1 ] {} <Debug> DatabaseAtomic (system): Found 0 non used tables in detached tables.
2025.11.02 19:47:23.434832 [ 1 ] {} <Debug> DatabaseAtomic (system): There are 0 detached tables. Start searching non used tables.
2025.11.02 19:47:23.434940 [ 1 ] {} <Debug> DatabaseAtomic (system): Found 0 non used tables in detached tables.
2025.11.02 19:47:23.435024 [ 1 ] {} <Debug> DatabaseAtomic (system): There are 0 detached tables. Start searching non used tables.
2025.11.02 19:47:23.435088 [ 1 ] {} <Debug> DatabaseAtomic (system): Found 0 non used tables in detached tables.
2025.11.02 19:47:23.435201 [ 1 ] {} <Debug> DatabaseAtomic (system): There are 0 detached tables. Start searching non used tables.
2025.11.02 19:47:23.435251 [ 1 ] {} <Debug> DatabaseAtomic (system): Found 0 non used tables in detached tables.
2025.11.02 19:47:23.435371 [ 1 ] {} <Debug> DatabaseAtomic (system): There are 0 detached tables. Start searching non used tables.
2025.11.02 19:47:23.435437 [ 1 ] {} <Debug> DatabaseAtomic (system): Found 0 non used tables in detached tables.
2025.11.02 19:47:23.435525 [ 1 ] {} <Debug> DatabaseAtomic (system): There are 0 detached tables. Start searching non used tables.
2025.11.02 19:47:23.435574 [ 1 ] {} <Debug> DatabaseAtomic (system): Found 0 non used tables in detached tables.
2025.11.02 19:47:23.435633 [ 1 ] {} <Debug> DatabaseAtomic (system): There are 0 detached tables. Start searching non used tables.
2025.11.02 19:47:23.435693 [ 1 ] {} <Debug> DatabaseAtomic (system): Found 0 non used tables in detached tables.
2025.11.02 19:47:23.435766 [ 1 ] {} <Debug> DatabaseAtomic (system): There are 0 detached tables. Start searching non used tables.
2025.11.02 19:47:23.435803 [ 1 ] {} <Debug> DatabaseAtomic (system): Found 0 non used tables in detached tables.
2025.11.02 19:47:23.435916 [ 1 ] {} <Debug> DatabaseAtomic (system): There are 0 detached tables. Start searching non used tables.
2025.11.02 19:47:23.435981 [ 1 ] {} <Debug> DatabaseAtomic (system): Found 0 non used tables in detached tables.
2025.11.02 19:47:23.436038 [ 1 ] {} <Debug> DatabaseAtomic (system): There are 0 detached tables. Start searching non used tables.
2025.11.02 19:47:23.436115 [ 1 ] {} <Debug> DatabaseAtomic (system): Found 0 non used tables in detached tables.
2025.11.02 19:47:23.436272 [ 1 ] {} <Debug> DatabaseAtomic (system): There are 0 detached tables. Start searching non used tables.
2025.11.02 19:47:23.436325 [ 1 ] {} <Debug> DatabaseAtomic (system): Found 0 non used tables in detached tables.
2025.11.02 19:47:23.436501 [ 1 ] {} <Debug> DatabaseAtomic (system): There are 0 detached tables. Start searching non used tables.
2025.11.02 19:47:23.436617 [ 1 ] {} <Debug> DatabaseAtomic (system): Found 0 non used tables in detached tables.
2025.11.02 19:47:23.436669 [ 1 ] {} <Debug> DatabaseAtomic (system): There are 0 detached tables. Start searching non used tables.
2025.11.02 19:47:23.436720 [ 1 ] {} <Debug> DatabaseAtomic (system): Found 0 non used tables in detached tables.
2025.11.02 19:47:23.436779 [ 1 ] {} <Debug> DatabaseAtomic (system): There are 0 detached tables. Start searching non used tables.
2025.11.02 19:47:23.436825 [ 1 ] {} <Debug> DatabaseAtomic (system): Found 0 non used tables in detached tables.
2025.11.02 19:47:23.436915 [ 1 ] {} <Debug> DatabaseAtomic (system): There are 0 detached tables. Start searching non used tables.
2025.11.02 19:47:23.436982 [ 1 ] {} <Debug> DatabaseAtomic (system): Found 0 non used tables in detached tables.
2025.11.02 19:47:23.437075 [ 1 ] {} <Debug> DatabaseAtomic (system): There are 0 detached tables. Start searching non used tables.
2025.11.02 19:47:23.437112 [ 1 ] {} <Debug> DatabaseAtomic (system): Found 0 non used tables in detached tables.
2025.11.02 19:47:23.437183 [ 1 ] {} <Debug> DatabaseAtomic (system): There are 0 detached tables. Start searching non used tables.
2025.11.02 19:47:23.437224 [ 1 ] {} <Debug> DatabaseAtomic (system): Found 0 non used tables in detached tables.
2025.11.02 19:47:23.437370 [ 1 ] {} <Debug> DatabaseAtomic (system): There are 0 detached tables. Start searching non used tables.
2025.11.02 19:47:23.437422 [ 1 ] {} <Debug> DatabaseAtomic (system): Found 0 non used tables in detached tables.
2025.11.02 19:47:23.437506 [ 1 ] {} <Debug> DatabaseAtomic (system): There are 0 detached tables. Start searching non used tables.
2025.11.02 19:47:23.437551 [ 1 ] {} <Debug> DatabaseAtomic (system): Found 0 non used tables in detached tables.
2025.11.02 19:47:23.437614 [ 1 ] {} <Debug> DatabaseAtomic (system): There are 0 detached tables. Start searching non used tables.
2025.11.02 19:47:23.437645 [ 1 ] {} <Debug> DatabaseAtomic (system): Found 0 non used tables in detached tables.
2025.11.02 19:47:23.437700 [ 1 ] {} <Debug> DatabaseAtomic (system): There are 0 detached tables. Start searching non used tables.
2025.11.02 19:47:23.437748 [ 1 ] {} <Debug> DatabaseAtomic (system): Found 0 non used tables in detached tables.
2025.11.02 19:47:23.437807 [ 1 ] {} <Debug> DatabaseAtomic (system): There are 0 detached tables. Start searching non used tables.
2025.11.02 19:47:23.437848 [ 1 ] {} <Debug> DatabaseAtomic (system): Found 0 non used tables in detached tables.
2025.11.02 19:47:23.437929 [ 1 ] {} <Debug> DatabaseAtomic (system): There are 0 detached tables. Start searching non used tables.
2025.11.02 19:47:23.437973 [ 1 ] {} <Debug> DatabaseAtomic (system): Found 0 non used tables in detached tables.
2025.11.02 19:47:23.438034 [ 1 ] {} <Debug> DatabaseAtomic (system): There are 0 detached tables. Start searching non used tables.
2025.11.02 19:47:23.438068 [ 1 ] {} <Debug> DatabaseAtomic (system): Found 0 non used tables in detached tables.
2025.11.02 19:47:23.438174 [ 1 ] {} <Debug> DatabaseAtomic (system): There are 0 detached tables. Start searching non used tables.
2025.11.02 19:47:23.438227 [ 1 ] {} <Debug> DatabaseAtomic (system): Found 0 non used tables in detached tables.
2025.11.02 19:47:23.438320 [ 1 ] {} <Debug> DatabaseAtomic (system): There are 0 detached tables. Start searching non used tables.
2025.11.02 19:47:23.438383 [ 1 ] {} <Debug> DatabaseAtomic (system): Found 0 non used tables in detached tables.
2025.11.02 19:47:23.438485 [ 1 ] {} <Debug> DatabaseAtomic (system): There are 0 detached tables. Start searching non used tables.
2025.11.02 19:47:23.438547 [ 1 ] {} <Debug> DatabaseAtomic (system): Found 0 non used tables in detached tables.
2025.11.02 19:47:23.438657 [ 1 ] {} <Debug> DatabaseAtomic (system): There are 0 detached tables. Start searching non used tables.
2025.11.02 19:47:23.438902 [ 1 ] {} <Debug> DatabaseAtomic (system): Found 0 non used tables in detached tables.
2025.11.02 19:47:23.439008 [ 1 ] {} <Debug> DatabaseAtomic (system): There are 0 detached tables. Start searching non used tables.
2025.11.02 19:47:23.439130 [ 1 ] {} <Debug> DatabaseAtomic (system): Found 0 non used tables in detached tables.
2025.11.02 19:47:23.439303 [ 1 ] {} <Debug> DatabaseAtomic (system): There are 0 detached tables. Start searching non used tables.
2025.11.02 19:47:23.439471 [ 1 ] {} <Debug> DatabaseAtomic (system): Found 0 non used tables in detached tables.
2025.11.02 19:47:23.439544 [ 1 ] {} <Debug> DatabaseAtomic (system): There are 0 detached tables. Start searching non used tables.
2025.11.02 19:47:23.439591 [ 1 ] {} <Debug> DatabaseAtomic (system): Found 0 non used tables in detached tables.
2025.11.02 19:47:23.439653 [ 1 ] {} <Debug> DatabaseAtomic (system): There are 0 detached tables. Start searching non used tables.
2025.11.02 19:47:23.439717 [ 1 ] {} <Debug> DatabaseAtomic (system): Found 0 non used tables in detached tables.
2025.11.02 19:47:23.439783 [ 1 ] {} <Debug> DatabaseAtomic (system): There are 0 detached tables. Start searching non used tables.
2025.11.02 19:47:23.439850 [ 1 ] {} <Debug> DatabaseAtomic (system): Found 0 non used tables in detached tables.
2025.11.02 19:47:23.440134 [ 1 ] {} <Debug> DatabaseAtomic (system): There are 0 detached tables. Start searching non used tables.
2025.11.02 19:47:23.440181 [ 1 ] {} <Debug> DatabaseAtomic (system): Found 0 non used tables in detached tables.
2025.11.02 19:47:23.440246 [ 1 ] {} <Debug> DatabaseAtomic (system): There are 0 detached tables. Start searching non used tables.
2025.11.02 19:47:23.440291 [ 1 ] {} <Debug> DatabaseAtomic (system): Found 0 non used tables in detached tables.
2025.11.02 19:47:23.440335 [ 1 ] {} <Debug> DatabaseAtomic (system): There are 0 detached tables. Start searching non used tables.
2025.11.02 19:47:23.440363 [ 1 ] {} <Debug> DatabaseAtomic (system): Found 0 non used tables in detached tables.
2025.11.02 19:47:23.440484 [ 1 ] {} <Debug> DatabaseAtomic (system): There are 0 detached tables. Start searching non used tables.
2025.11.02 19:47:23.440574 [ 1 ] {} <Debug> DatabaseAtomic (system): Found 0 non used tables in detached tables.
2025.11.02 19:47:23.440644 [ 1 ] {} <Debug> DatabaseAtomic (system): There are 0 detached tables. Start searching non used tables.
2025.11.02 19:47:23.440694 [ 1 ] {} <Debug> DatabaseAtomic (system): Found 0 non used tables in detached tables.
2025.11.02 19:47:23.440759 [ 1 ] {} <Debug> DatabaseAtomic (system): There are 0 detached tables. Start searching non used tables.
2025.11.02 19:47:23.440922 [ 1 ] {} <Debug> DatabaseAtomic (system): Found 0 non used tables in detached tables.
2025.11.02 19:47:23.441114 [ 1 ] {} <Debug> DatabaseAtomic (system): There are 0 detached tables. Start searching non used tables.
2025.11.02 19:47:23.441256 [ 1 ] {} <Debug> DatabaseAtomic (system): Found 0 non used tables in detached tables.
2025.11.02 19:47:23.441714 [ 1 ] {} <Debug> DatabaseAtomic (system): There are 0 detached tables. Start searching non used tables.
2025.11.02 19:47:23.441789 [ 1 ] {} <Debug> DatabaseAtomic (system): Found 0 non used tables in detached tables.
2025.11.02 19:47:23.441949 [ 1 ] {} <Debug> DatabaseAtomic (system): There are 0 detached tables. Start searching non used tables.
2025.11.02 19:47:23.442179 [ 1 ] {} <Debug> DatabaseAtomic (system): Found 0 non used tables in detached tables.
2025.11.02 19:47:23.442414 [ 1 ] {} <Debug> DatabaseAtomic (system): There are 0 detached tables. Start searching non used tables.
2025.11.02 19:47:23.442526 [ 1 ] {} <Debug> DatabaseAtomic (system): Found 0 non used tables in detached tables.
2025.11.02 19:47:23.442741 [ 1 ] {} <Debug> DatabaseAtomic (system): There are 0 detached tables. Start searching non used tables.
2025.11.02 19:47:23.442845 [ 1 ] {} <Debug> DatabaseAtomic (system): Found 0 non used tables in detached tables.
2025.11.02 19:47:23.442948 [ 1 ] {} <Debug> DatabaseAtomic (system): There are 0 detached tables. Start searching non used tables.
2025.11.02 19:47:23.443088 [ 1 ] {} <Debug> DatabaseAtomic (system): Found 0 non used tables in detached tables.
2025.11.02 19:47:23.443287 [ 1 ] {} <Debug> DatabaseAtomic (system): There are 0 detached tables. Start searching non used tables.
2025.11.02 19:47:23.443492 [ 1 ] {} <Debug> DatabaseAtomic (system): Found 0 non used tables in detached tables.
2025.11.02 19:47:23.443959 [ 1 ] {} <Debug> DatabaseAtomic (system): There are 0 detached tables. Start searching non used tables.
2025.11.02 19:47:23.444093 [ 1 ] {} <Debug> DatabaseAtomic (system): Found 0 non used tables in detached tables.
2025.11.02 19:47:23.444230 [ 1 ] {} <Debug> DatabaseAtomic (system): There are 0 detached tables. Start searching non used tables.
2025.11.02 19:47:23.444538 [ 1 ] {} <Debug> DatabaseAtomic (system): Found 0 non used tables in detached tables.
2025.11.02 19:47:23.444743 [ 1 ] {} <Debug> DatabaseAtomic (system): There are 0 detached tables. Start searching non used tables.
2025.11.02 19:47:23.444788 [ 1 ] {} <Debug> DatabaseAtomic (system): Found 0 non used tables in detached tables.
2025.11.02 19:47:23.444895 [ 1 ] {} <Debug> DatabaseAtomic (system): There are 0 detached tables. Start searching non used tables.
2025.11.02 19:47:23.445058 [ 1 ] {} <Debug> DatabaseAtomic (system): Found 0 non used tables in detached tables.
2025.11.02 19:47:23.445211 [ 1 ] {} <Debug> DatabaseAtomic (system): There are 0 detached tables. Start searching non used tables.
2025.11.02 19:47:23.445259 [ 1 ] {} <Debug> DatabaseAtomic (system): Found 0 non used tables in detached tables.
2025.11.02 19:47:23.445359 [ 1 ] {} <Debug> DatabaseAtomic (system): There are 0 detached tables. Start searching non used tables.
2025.11.02 19:47:23.445417 [ 1 ] {} <Debug> DatabaseAtomic (system): Found 0 non used tables in detached tables.
2025.11.02 19:47:23.445529 [ 1 ] {} <Debug> DatabaseAtomic (system): There are 0 detached tables. Start searching non used tables.
2025.11.02 19:47:23.445584 [ 1 ] {} <Debug> DatabaseAtomic (system): Found 0 non used tables in detached tables.
2025.11.02 19:47:23.445687 [ 1 ] {} <Debug> DatabaseAtomic (system): There are 0 detached tables. Start searching non used tables.
2025.11.02 19:47:23.445851 [ 1 ] {} <Debug> DatabaseAtomic (system): Found 0 non used tables in detached tables.
2025.11.02 19:47:23.445999 [ 1 ] {} <Debug> DatabaseAtomic (system): There are 0 detached tables. Start searching non used tables.
2025.11.02 19:47:23.446099 [ 1 ] {} <Debug> DatabaseAtomic (system): Found 0 non used tables in detached tables.
2025.11.02 19:47:23.446194 [ 1 ] {} <Debug> DatabaseAtomic (system): There are 0 detached tables. Start searching non used tables.
2025.11.02 19:47:23.446250 [ 1 ] {} <Debug> DatabaseAtomic (system): Found 0 non used tables in detached tables.
2025.11.02 19:47:23.446312 [ 1 ] {} <Debug> DatabaseAtomic (system): There are 0 detached tables. Start searching non used tables.
2025.11.02 19:47:23.446402 [ 1 ] {} <Debug> DatabaseAtomic (system): Found 0 non used tables in detached tables.
2025.11.02 19:47:23.446496 [ 1 ] {} <Debug> DatabaseAtomic (system): There are 0 detached tables. Start searching non used tables.
2025.11.02 19:47:23.446554 [ 1 ] {} <Debug> DatabaseAtomic (system): Found 0 non used tables in detached tables.
2025.11.02 19:47:23.446638 [ 1 ] {} <Debug> DatabaseAtomic (system): There are 0 detached tables. Start searching non used tables.
2025.11.02 19:47:23.446706 [ 1 ] {} <Debug> DatabaseAtomic (system): Found 0 non used tables in detached tables.
2025.11.02 19:47:23.446787 [ 1 ] {} <Debug> DatabaseAtomic (system): There are 0 detached tables. Start searching non used tables.
2025.11.02 19:47:23.446890 [ 1 ] {} <Debug> DatabaseAtomic (system): Found 0 non used tables in detached tables.
2025.11.02 19:47:23.447046 [ 1 ] {} <Debug> DatabaseAtomic (system): There are 0 detached tables. Start searching non used tables.
2025.11.02 19:47:23.447092 [ 1 ] {} <Debug> DatabaseAtomic (system): Found 0 non used tables in detached tables.
2025.11.02 19:47:23.447194 [ 1 ] {} <Debug> DatabaseAtomic (system): There are 0 detached tables. Start searching non used tables.
2025.11.02 19:47:23.447270 [ 1 ] {} <Debug> DatabaseAtomic (system): Found 0 non used tables in detached tables.
2025.11.02 19:47:23.447363 [ 1 ] {} <Debug> DatabaseAtomic (system): There are 0 detached tables. Start searching non used tables.
2025.11.02 19:47:23.447411 [ 1 ] {} <Debug> DatabaseAtomic (system): Found 0 non used tables in detached tables.
2025.11.02 19:47:23.447556 [ 1 ] {} <Debug> DatabaseAtomic (system): There are 0 detached tables. Start searching non used tables.
2025.11.02 19:47:23.447613 [ 1 ] {} <Debug> DatabaseAtomic (system): Found 0 non used tables in detached tables.
2025.11.02 19:47:23.447698 [ 1 ] {} <Debug> DatabaseAtomic (system): There are 0 detached tables. Start searching non used tables.
2025.11.02 19:47:23.447757 [ 1 ] {} <Debug> DatabaseAtomic (system): Found 0 non used tables in detached tables.
2025.11.02 19:47:23.447826 [ 1 ] {} <Debug> DatabaseAtomic (system): There are 0 detached tables. Start searching non used tables.
2025.11.02 19:47:23.448112 [ 1 ] {} <Debug> DatabaseAtomic (system): Found 0 non used tables in detached tables.
2025.11.02 19:47:23.448259 [ 1 ] {} <Debug> DatabaseAtomic (system): There are 0 detached tables. Start searching non used tables.
2025.11.02 19:47:23.448334 [ 1 ] {} <Debug> DatabaseAtomic (system): Found 0 non used tables in detached tables.
2025.11.02 19:47:23.448433 [ 1 ] {} <Debug> DatabaseAtomic (system): There are 0 detached tables. Start searching non used tables.
2025.11.02 19:47:23.448501 [ 1 ] {} <Debug> DatabaseAtomic (system): Found 0 non used tables in detached tables.
2025.11.02 19:47:23.448591 [ 1 ] {} <Debug> DatabaseAtomic (system): There are 0 detached tables. Start searching non used tables.
2025.11.02 19:47:23.448656 [ 1 ] {} <Debug> DatabaseAtomic (system): Found 0 non used tables in detached tables.
2025.11.02 19:47:23.448732 [ 1 ] {} <Debug> DatabaseAtomic (system): There are 0 detached tables. Start searching non used tables.
2025.11.02 19:47:23.448791 [ 1 ] {} <Debug> DatabaseAtomic (system): Found 0 non used tables in detached tables.
2025.11.02 19:47:23.448880 [ 1 ] {} <Debug> DatabaseAtomic (system): There are 0 detached tables. Start searching non used tables.
2025.11.02 19:47:23.448951 [ 1 ] {} <Debug> DatabaseAtomic (system): Found 0 non used tables in detached tables.
2025.11.02 19:47:23.449029 [ 1 ] {} <Debug> DatabaseAtomic (system): There are 0 detached tables. Start searching non used tables.
2025.11.02 19:47:23.449092 [ 1 ] {} <Debug> DatabaseAtomic (system): Found 0 non used tables in detached tables.
2025.11.02 19:47:23.449179 [ 1 ] {} <Debug> DatabaseAtomic (system): There are 0 detached tables. Start searching non used tables.
2025.11.02 19:47:23.449234 [ 1 ] {} <Debug> DatabaseAtomic (system): Found 0 non used tables in detached tables.
2025.11.02 19:47:23.449319 [ 1 ] {} <Debug> DatabaseAtomic (system): There are 0 detached tables. Start searching non used tables.
2025.11.02 19:47:23.449367 [ 1 ] {} <Debug> DatabaseAtomic (system): Found 0 non used tables in detached tables.
2025.11.02 19:47:23.449501 [ 1 ] {} <Debug> DatabaseAtomic (system): There are 0 detached tables. Start searching non used tables.
2025.11.02 19:47:23.449563 [ 1 ] {} <Debug> DatabaseAtomic (system): Found 0 non used tables in detached tables.
2025.11.02 19:47:23.449626 [ 1 ] {} <Debug> DatabaseAtomic (system): There are 0 detached tables. Start searching non used tables.
2025.11.02 19:47:23.449666 [ 1 ] {} <Debug> DatabaseAtomic (system): Found 0 non used tables in detached tables.
2025.11.02 19:47:23.449747 [ 1 ] {} <Debug> DatabaseAtomic (system): There are 0 detached tables. Start searching non used tables.
2025.11.02 19:47:23.449812 [ 1 ] {} <Debug> DatabaseAtomic (system): Found 0 non used tables in detached tables.
2025.11.02 19:47:23.449923 [ 1 ] {} <Debug> DatabaseAtomic (system): There are 0 detached tables. Start searching non used tables.
2025.11.02 19:47:23.449984 [ 1 ] {} <Debug> DatabaseAtomic (system): Found 0 non used tables in detached tables.
2025.11.02 19:47:23.450100 [ 1 ] {} <Debug> DatabaseAtomic (system): There are 0 detached tables. Start searching non used tables.
2025.11.02 19:47:23.450153 [ 1 ] {} <Debug> DatabaseAtomic (system): Found 0 non used tables in detached tables.
2025.11.02 19:47:23.450243 [ 1 ] {} <Debug> DatabaseAtomic (system): There are 0 detached tables. Start searching non used tables.
2025.11.02 19:47:23.450303 [ 1 ] {} <Debug> DatabaseAtomic (system): Found 0 non used tables in detached tables.
2025.11.02 19:47:23.450487 [ 1 ] {} <Debug> DatabaseAtomic (system): There are 0 detached tables. Start searching non used tables.
2025.11.02 19:47:23.450554 [ 1 ] {} <Debug> DatabaseAtomic (system): Found 0 non used tables in detached tables.
2025.11.02 19:47:23.450616 [ 1 ] {} <Debug> DatabaseAtomic (system): There are 0 detached tables. Start searching non used tables.
2025.11.02 19:47:23.450677 [ 1 ] {} <Debug> DatabaseAtomic (system): Found 0 non used tables in detached tables.
2025.11.02 19:47:23.450762 [ 1 ] {} <Debug> DatabaseAtomic (system): There are 0 detached tables. Start searching non used tables.
2025.11.02 19:47:23.450816 [ 1 ] {} <Debug> DatabaseAtomic (system): Found 0 non used tables in detached tables.
2025.11.02 19:47:23.450887 [ 1 ] {} <Debug> DatabaseAtomic (system): There are 0 detached tables. Start searching non used tables.
2025.11.02 19:47:23.450935 [ 1 ] {} <Debug> DatabaseAtomic (system): Found 0 non used tables in detached tables.
2025.11.02 19:47:23.451013 [ 1 ] {} <Debug> DatabaseAtomic (system): There are 0 detached tables. Start searching non used tables.
2025.11.02 19:47:23.451073 [ 1 ] {} <Debug> DatabaseAtomic (system): Found 0 non used tables in detached tables.
2025.11.02 19:47:23.451148 [ 1 ] {} <Debug> DatabaseAtomic (system): There are 0 detached tables. Start searching non used tables.
2025.11.02 19:47:23.451231 [ 1 ] {} <Debug> DatabaseAtomic (system): Found 0 non used tables in detached tables.
2025.11.02 19:47:23.451325 [ 1 ] {} <Debug> DatabaseAtomic (system): There are 0 detached tables. Start searching non used tables.
2025.11.02 19:47:23.451377 [ 1 ] {} <Debug> DatabaseAtomic (system): Found 0 non used tables in detached tables.
2025.11.02 19:47:23.451443 [ 1 ] {} <Debug> DatabaseAtomic (system): There are 0 detached tables. Start searching non used tables.
2025.11.02 19:47:23.451490 [ 1 ] {} <Debug> DatabaseAtomic (system): Found 0 non used tables in detached tables.
2025.11.02 19:47:23.451569 [ 1 ] {} <Debug> DatabaseAtomic (system): There are 0 detached tables. Start searching non used tables.
2025.11.02 19:47:23.451610 [ 1 ] {} <Debug> DatabaseAtomic (system): Found 0 non used tables in detached tables.
2025.11.02 19:47:23.451671 [ 1 ] {} <Debug> DatabaseAtomic (system): There are 0 detached tables. Start searching non used tables.
2025.11.02 19:47:23.451740 [ 1 ] {} <Debug> DatabaseAtomic (system): Found 0 non used tables in detached tables.
2025.11.02 19:47:23.451806 [ 1 ] {} <Debug> DatabaseAtomic (system): There are 0 detached tables. Start searching non used tables.
2025.11.02 19:47:23.451895 [ 1 ] {} <Debug> DatabaseAtomic (system): Found 0 non used tables in detached tables.
2025.11.02 19:47:23.452004 [ 1 ] {} <Debug> DatabaseAtomic (system): There are 0 detached tables. Start searching non used tables.
2025.11.02 19:47:23.452085 [ 1 ] {} <Debug> DatabaseAtomic (system): Found 0 non used tables in detached tables.
2025.11.02 19:47:23.452178 [ 1 ] {} <Debug> DatabaseAtomic (system): There are 0 detached tables. Start searching non used tables.
2025.11.02 19:47:23.452214 [ 1 ] {} <Debug> DatabaseAtomic (system): Found 0 non used tables in detached tables.
2025.11.02 19:47:23.455275 [ 1 ] {} <Information> DatabaseCatalog: Found 0 partially dropped tables. Will load them and retry removal.
2025.11.02 19:47:23.456346 [ 1 ] {} <Information> DatabaseAtomic (default): Metadata processed, database default has 0 tables and 0 dictionaries in total.
2025.11.02 19:47:23.456387 [ 1 ] {} <Information> TablesLoader: Parsed metadata of 0 tables in 1 databases in 4.5417e-05 sec
2025.11.02 19:47:23.456433 [ 1 ] {} <Information> loadMetadata: Start asynchronous loading of databases
2025.11.02 19:47:23.456469 [ 1 ] {} <Debug> AsyncLoader: Schedule load job 'startup Ordinary database default' into BackgrndStartup
2025.11.02 19:47:23.456501 [ 1 ] {} <Debug> AsyncLoader: Schedule load job 'startup Atomic database default' into BackgrndStartup
2025.11.02 19:47:23.456551 [ 1 ] {} <Debug> AsyncLoader: Change current priority: none -> 2
2025.11.02 19:47:23.456644 [ 1 ] {} <Debug> AsyncLoader: Spawn loader worker #1 in BackgrndStartup
2025.11.02 19:47:23.456773 [ 1 ] {} <Information> UserDefinedSQLObjectsLoaderFromDisk: Loading user defined objects from /var/lib/clickhouse/user_defined/
2025.11.02 19:47:23.456837 [ 1 ] {} <Debug> UserDefinedSQLObjectsLoaderFromDisk: The directory for user defined objects (/var/lib/clickhouse/user_defined/) does not exist: nothing to load
2025.11.02 19:47:23.456787 [ 720 ] {} <Debug> AsyncLoader: Execute load job 'startup Ordinary database default' in BackgrndStartup
2025.11.02 19:47:23.457010 [ 720 ] {} <Debug> AsyncLoader: Finish load job 'startup Ordinary database default' with status OK
2025.11.02 19:47:23.457065 [ 720 ] {} <Debug> AsyncLoader: Spawn loader worker #2 in BackgrndStartup
2025.11.02 19:47:23.456933 [ 1 ] {} <Information> WorkloadEntityDiskStorage: Loading workload entities from /var/lib/clickhouse/workload/
2025.11.02 19:47:23.457271 [ 1 ] {} <Debug> WorkloadEntityDiskStorage: The directory for workload entities (/var/lib/clickhouse/workload/) does not exist: nothing to load
2025.11.02 19:47:23.457245 [ 720 ] {} <Debug> AsyncLoader: Execute load job 'startup Atomic database default' in BackgrndStartup
2025.11.02 19:47:23.457389 [ 720 ] {} <Debug> AsyncLoader: Finish load job 'startup Atomic database default' with status OK
2025.11.02 19:47:23.457444 [ 720 ] {} <Debug> AsyncLoader: Stop worker in BackgrndStartup
2025.11.02 19:47:23.457542 [ 721 ] {} <Debug> AsyncLoader: Stop worker in BackgrndStartup
2025.11.02 19:47:23.457671 [ 721 ] {} <Debug> AsyncLoader: Change current priority: 2 -> none
2025.11.02 19:47:23.459744 [ 1 ] {} <Information> ZooKeeperClient: Connected to ZooKeeper at 172.19.0.2:2181 with session_id 72057598300389378
2025.11.02 19:47:23.461007 [ 1 ] {} <Information> ZooKeeperClient: Keeper feature flag FILTERED_LIST: disabled
2025.11.02 19:47:23.461058 [ 1 ] {} <Information> ZooKeeperClient: Keeper feature flag MULTI_READ: disabled
2025.11.02 19:47:23.461086 [ 1 ] {} <Information> ZooKeeperClient: Keeper feature flag CHECK_NOT_EXISTS: disabled
2025.11.02 19:47:23.461125 [ 1 ] {} <Information> ZooKeeperClient: Keeper feature flag CREATE_IF_NOT_EXISTS: disabled
2025.11.02 19:47:23.461194 [ 1 ] {} <Information> ZooKeeperClient: Keeper feature flag REMOVE_RECURSIVE: disabled
2025.11.02 19:47:23.464422 [ 1 ] {} <Debug> Application: Loaded metadata.
2025.11.02 19:47:23.464494 [ 1 ] {} <Information> Application: Tasks stats provider: procfs
2025.11.02 19:47:23.464642 [ 1 ] {} <Information> Application: It looks like the process has no CAP_SYS_NICE capability, the setting 'os_thread_priority' will have no effect. It could happen due to incorrect ClickHouse package installation. You could resolve the problem manually with 'sudo setcap cap_sys_nice=+ep /usr/bin/clickhouse'. Note that it will not work on 'nosuid' mounted filesystems.
2025.11.02 19:47:23.464729 [ 1 ] {} <Debug> DatabaseAtomic (system): There are 0 detached tables. Start searching non used tables.
2025.11.02 19:47:23.464889 [ 1 ] {} <Debug> DatabaseAtomic (system): Found 0 non used tables in detached tables.
2025.11.02 19:47:23.465022 [ 1 ] {} <Warning> Application: Listen [::]:8123 failed: Poco::Exception. Code: 1000, e.code() = 0, DNS error: EAI: Address family for hostname not supported (version 25.3.7.194 (official build)). If it is an IPv6 or IPv4 address and your host has disabled IPv6 or IPv4, then consider to specify not disabled IPv4 or IPv6 address to listen in <listen_host> element of configuration file. Example for disabled IPv6: <listen_host>0.0.0.0</listen_host> . Example for disabled IPv4: <listen_host>::</listen_host>
2025.11.02 19:47:23.465211 [ 1 ] {} <Warning> Application: Listen [::]:9000 failed: Poco::Exception. Code: 1000, e.code() = 0, DNS error: EAI: Address family for hostname not supported (version 25.3.7.194 (official build)). If it is an IPv6 or IPv4 address and your host has disabled IPv6 or IPv4, then consider to specify not disabled IPv4 or IPv6 address to listen in <listen_host> element of configuration file. Example for disabled IPv6: <listen_host>0.0.0.0</listen_host> . Example for disabled IPv4: <listen_host>::</listen_host>
2025.11.02 19:47:23.465366 [ 1 ] {} <Warning> Application: Listen [::]:8001 failed: Poco::Exception. Code: 1000, e.code() = 0, DNS error: EAI: Address family for hostname not supported (version 25.3.7.194 (official build)). If it is an IPv6 or IPv4 address and your host has disabled IPv6 or IPv4, then consider to specify not disabled IPv4 or IPv6 address to listen in <listen_host> element of configuration file. Example for disabled IPv6: <listen_host>0.0.0.0</listen_host> . Example for disabled IPv4: <listen_host>::</listen_host>
2025.11.02 19:47:23.465515 [ 1 ] {} <Information> CertificateReloader: One of paths is empty. Cannot apply new configuration for certificates. Fill all paths and try again.
2025.11.02 19:47:23.465547 [ 1 ] {} <Information> CertificateReloader: One of paths is empty. Cannot apply new configuration for certificates. Fill all paths and try again.
2025.11.02 19:47:23.467011 [ 1 ] {} <Debug> AsyncLoader: Schedule load job 'startup ddl worker' into BackgrndStartup
2025.11.02 19:47:23.467084 [ 1 ] {} <Debug> AsyncLoader: Change current priority: none -> 2
2025.11.02 19:47:23.467144 [ 1 ] {} <Debug> AsyncLoader: Spawn loader worker #1 in BackgrndStartup
2025.11.02 19:47:23.467306 [ 727 ] {} <Debug> AsyncLoader: Execute load job 'startup ddl worker' in BackgrndStartup
2025.11.02 19:47:23.467318 [ 1 ] {} <Information> Application: Listening for http://0.0.0.0:8123
2025.11.02 19:47:23.467438 [ 727 ] {} <Debug> AsyncLoader: Finish load job 'startup ddl worker' with status OK
2025.11.02 19:47:23.467589 [ 727 ] {} <Debug> AsyncLoader: Stop worker in BackgrndStartup
2025.11.02 19:47:23.467646 [ 727 ] {} <Debug> AsyncLoader: Change current priority: 2 -> none
2025.11.02 19:47:23.467571 [ 1 ] {} <Information> Application: Listening for native protocol (tcp): 0.0.0.0:9000
2025.11.02 19:47:23.467453 [ 729 ] {} <Debug> DDLWorker: Started DDLWorker cleanup thread
2025.11.02 19:47:23.467435 [ 725 ] {} <Debug> DDLWorker: Starting DDLWorker thread
2025.11.02 19:47:23.467899 [ 725 ] {} <Debug> DDLWorker: Initializing DDLWorker thread
2025.11.02 19:47:23.467790 [ 1 ] {} <Information> Application: Listening for Prometheus: http://0.0.0.0:8001
2025.11.02 19:47:23.468009 [ 1 ] {} <Information> Application: Ready for connections.
2025.11.02 19:47:23.472686 [ 725 ] {} <Debug> DDLWorker: Initialized DDLWorker thread
2025.11.02 19:47:23.472762 [ 729 ] {} <Debug> DDLWorker: Cleaning queue
2025.11.02 19:47:23.474418 [ 725 ] {} <Debug> DDLWorker: Scheduling tasks
2025.11.02 19:47:23.475785 [ 725 ] {} <Debug> DDLWorker: No tasks to schedule
2025.11.02 19:47:23.475853 [ 725 ] {} <Debug> DDLWorker: Waiting for queue updates
2025.11.02 19:47:23.629323 [ 80 ] {} <Information> TCPHandler: Client has not sent any data.
2025.11.02 19:47:23.629553 [ 80 ] {} <Debug> TCPHandler: Done processing connection.
2025.11.02 19:47:23.666608 [ 80 ] {} <Information> TCPHandler: Client has not sent any data.
2025.11.02 19:47:23.666845 [ 80 ] {} <Debug> TCPHandler: Done processing connection.
2025.11.02 19:47:23.798387 [ 725 ] {} <Debug> DDLWorker: Scheduling tasks
2025.11.02 19:47:23.800403 [ 725 ] {} <Debug> DDLWorker: Will schedule 1 tasks starting from query-0000000000
2025.11.02 19:47:23.801651 [ 725 ] {} <Debug> DDLWorker: Processing task query-0000000000 (query: CREATE DATABASE IF NOT EXISTS db_w UUID '03f22486-b39b-41f9-9a0c-3f2b3b5f3353', backup restore: false)
2025.11.02 19:47:23.802658 [ 725 ] {} <Debug> DDLWorker: Executing query: CREATE DATABASE IF NOT EXISTS db_w UUID '03f22486-b39b-41f9-9a0c-3f2b3b5f3353'
2025.11.02 19:47:23.802797 [ 725 ] {6fefff96-5fbb-4424-af03-74d2c3fe8e8f} <Debug> executeQuery: (from 0.0.0.0:0, user: , initial_query_id: 3bd34938-5f02-4685-ba0f-4a05cdd0a1e8) /* ddl_entry=query-0000000000 */ CREATE DATABASE IF NOT EXISTS db_w UUID '03f22486-b39b-41f9-9a0c-3f2b3b5f3353' (stage: Complete)
2025.11.02 19:47:23.803667 [ 725 ] {6fefff96-5fbb-4424-af03-74d2c3fe8e8f} <Information> DatabaseAtomic (db_w): Metadata processed, database db_w has 0 tables and 0 dictionaries in total.
2025.11.02 19:47:23.803750 [ 725 ] {6fefff96-5fbb-4424-af03-74d2c3fe8e8f} <Information> TablesLoader: Parsed metadata of 0 tables in 1 databases in 8.825e-05 sec
2025.11.02 19:47:23.803793 [ 725 ] {6fefff96-5fbb-4424-af03-74d2c3fe8e8f} <Debug> AsyncLoader: Prioritize load job 'startup Atomic database db_w': BackgrndStartup -> ForegroundLoad
2025.11.02 19:47:23.803819 [ 725 ] {6fefff96-5fbb-4424-af03-74d2c3fe8e8f} <Debug> AsyncLoader: Prioritize load job 'startup Ordinary database db_w': BackgrndStartup -> ForegroundLoad
2025.11.02 19:47:23.803866 [ 725 ] {6fefff96-5fbb-4424-af03-74d2c3fe8e8f} <Debug> AsyncLoader: Schedule load job 'startup Ordinary database db_w' into ForegroundLoad
2025.11.02 19:47:23.803970 [ 725 ] {6fefff96-5fbb-4424-af03-74d2c3fe8e8f} <Debug> AsyncLoader: Schedule load job 'startup Atomic database db_w' into ForegroundLoad
2025.11.02 19:47:23.804036 [ 725 ] {6fefff96-5fbb-4424-af03-74d2c3fe8e8f} <Debug> AsyncLoader: Change current priority: none -> 0
2025.11.02 19:47:23.804078 [ 725 ] {6fefff96-5fbb-4424-af03-74d2c3fe8e8f} <Debug> AsyncLoader: Spawn loader worker #1 in ForegroundLoad
2025.11.02 19:47:23.804166 [ 725 ] {6fefff96-5fbb-4424-af03-74d2c3fe8e8f} <Debug> AsyncLoader: Wait load job 'startup Atomic database db_w' in ForegroundLoad
2025.11.02 19:47:23.804198 [ 730 ] {} <Debug> AsyncLoader: Execute load job 'startup Ordinary database db_w' in ForegroundLoad
2025.11.02 19:47:23.804318 [ 730 ] {} <Debug> AsyncLoader: Finish load job 'startup Ordinary database db_w' with status OK
2025.11.02 19:47:23.804369 [ 730 ] {} <Debug> AsyncLoader: Spawn loader worker #2 in ForegroundLoad
2025.11.02 19:47:23.804468 [ 730 ] {} <Debug> AsyncLoader: Execute load job 'startup Atomic database db_w' in ForegroundLoad
2025.11.02 19:47:23.804512 [ 730 ] {} <Debug> AsyncLoader: Finish load job 'startup Atomic database db_w' with status OK
2025.11.02 19:47:23.804570 [ 730 ] {} <Debug> AsyncLoader: Stop worker in ForegroundLoad
2025.11.02 19:47:23.804607 [ 725 ] {6fefff96-5fbb-4424-af03-74d2c3fe8e8f} <Debug> DDLWorker: Executed query: /* ddl_entry=query-0000000000 */ CREATE DATABASE IF NOT EXISTS db_w UUID '03f22486-b39b-41f9-9a0c-3f2b3b5f3353'
2025.11.02 19:47:23.804662 [ 727 ] {} <Debug> AsyncLoader: Stop worker in ForegroundLoad
2025.11.02 19:47:23.804828 [ 727 ] {} <Debug> AsyncLoader: Change current priority: 0 -> none
2025.11.02 19:47:23.806177 [ 725 ] {} <Debug> DDLWorker: Waiting for queue updates
2025.11.02 19:47:23.865737 [ 725 ] {} <Debug> DDLWorker: Scheduling tasks
2025.11.02 19:47:23.866912 [ 725 ] {} <Debug> DDLWorker: Will schedule 1 tasks starting from query-0000000001
2025.11.02 19:47:23.867809 [ 725 ] {} <Debug> DDLWorker: Processing task query-0000000001 (query: CREATE TABLE db_w.t_dist_local UUID 'c3567450-b476-4cbc-8378-1c8baeadaa8a' (`create_time` DateTime, `y` Int32 COMMENT 'shard key', `m` Int32 COMMENT 'part key', `id` Int64 COMMENT 'sort key', `value` Nullable(String)) ENGINE = MergeTree PARTITION BY m ORDER BY id SETTINGS index_granularity = 8192, backup restore: false)
2025.11.02 19:47:23.868967 [ 725 ] {} <Debug> DDLWorker: Executing query: CREATE TABLE db_w.t_dist_local UUID 'c3567450-b476-4cbc-8378-1c8baeadaa8a' (`create_time` DateTime, `y` Int32 COMMENT 'shard key', `m` Int32 COMMENT 'part key', `id` Int64 COMMENT 'sort key', `value` Nullable(String)) ENGINE = MergeTree PARTITION BY m ORDER BY id SETTINGS index_granularity = 8192
2025.11.02 19:47:23.869191 [ 725 ] {ca56edc6-ef92-46b8-8cac-4f9bf3a9225c} <Debug> executeQuery: (from 0.0.0.0:0, user: , initial_query_id: 72773e7e-a223-4926-9413-fdd0cb4a883d) /* ddl_entry=query-0000000001 */ CREATE TABLE db_w.t_dist_local UUID 'c3567450-b476-4cbc-8378-1c8baeadaa8a' (`create_time` DateTime, `y` Int32 COMMENT 'shard key', `m` Int32 COMMENT 'part key', `id` Int64 COMMENT 'sort key', `value` Nullable(String)) ENGINE = MergeTree PARTITION BY m ORDER BY id SETTINGS index_granularity = 8192 (stage: Complete)
2025.11.02 19:47:23.871543 [ 725 ] {ca56edc6-ef92-46b8-8cac-4f9bf3a9225c} <Debug> db_w.t_dist_local (c3567450-b476-4cbc-8378-1c8baeadaa8a): Loading data parts
2025.11.02 19:47:23.871756 [ 725 ] {ca56edc6-ef92-46b8-8cac-4f9bf3a9225c} <Debug> db_w.t_dist_local (c3567450-b476-4cbc-8378-1c8baeadaa8a): There are no data parts
2025.11.02 19:47:23.872980 [ 725 ] {ca56edc6-ef92-46b8-8cac-4f9bf3a9225c} <Debug> DatabaseAtomic (db_w): There are 0 detached tables. Start searching non used tables.
2025.11.02 19:47:23.873025 [ 725 ] {ca56edc6-ef92-46b8-8cac-4f9bf3a9225c} <Debug> DatabaseAtomic (db_w): Found 0 non used tables in detached tables.
2025.11.02 19:47:23.873271 [ 725 ] {ca56edc6-ef92-46b8-8cac-4f9bf3a9225c} <Debug> DDLWorker: Executed query: /* ddl_entry=query-0000000001 */ CREATE TABLE db_w.t_dist_local UUID 'c3567450-b476-4cbc-8378-1c8baeadaa8a' (`create_time` DateTime, `y` Int32 COMMENT 'shard key', `m` Int32 COMMENT 'part key', `id` Int64 COMMENT 'sort key', `value` Nullable(String)) ENGINE = MergeTree PARTITION BY m ORDER BY id SETTINGS index_granularity = 8192
2025.11.02 19:47:23.874548 [ 725 ] {} <Debug> DDLWorker: Waiting for queue updates
2025.11.02 19:47:23.928775 [ 725 ] {} <Debug> DDLWorker: Scheduling tasks
2025.11.02 19:47:23.929364 [ 725 ] {} <Debug> DDLWorker: Will schedule 1 tasks starting from query-0000000002
2025.11.02 19:47:23.930230 [ 725 ] {} <Debug> DDLWorker: Processing task query-0000000002 (query: CREATE TABLE db_w.t_dist UUID '04a5ff5e-21fd-4dd6-b00e-2ee69d53c1cd' (`create_time` DateTime, `y` Int32 COMMENT 'shard key', `m` Int32 COMMENT 'part key', `id` Int64 COMMENT 'sort key', `value` Nullable(String)) ENGINE = Distributed(single_replica, 'db_w', 't_dist_local', y), backup restore: false)
2025.11.02 19:47:23.932034 [ 725 ] {} <Debug> DDLWorker: Executing query: CREATE TABLE db_w.t_dist UUID '04a5ff5e-21fd-4dd6-b00e-2ee69d53c1cd' (`create_time` DateTime, `y` Int32 COMMENT 'shard key', `m` Int32 COMMENT 'part key', `id` Int64 COMMENT 'sort key', `value` Nullable(String)) ENGINE = Distributed(single_replica, 'db_w', 't_dist_local', y)
2025.11.02 19:47:23.932158 [ 725 ] {7bebc25b-2b4a-41e7-a0a6-b1f16d807e5d} <Debug> executeQuery: (from 0.0.0.0:0, user: , initial_query_id: 393b6966-a4d3-47f2-8c25-6d2c5034a490) /* ddl_entry=query-0000000002 */ CREATE TABLE db_w.t_dist UUID '04a5ff5e-21fd-4dd6-b00e-2ee69d53c1cd' (`create_time` DateTime, `y` Int32 COMMENT 'shard key', `m` Int32 COMMENT 'part key', `id` Int64 COMMENT 'sort key', `value` Nullable(String)) ENGINE = Distributed(single_replica, 'db_w', 't_dist_local', y) (stage: Complete)
2025.11.02 19:47:23.932485 [ 725 ] {7bebc25b-2b4a-41e7-a0a6-b1f16d807e5d} <Debug> StorageDistributed (t_dist): Auto-increment is 0
2025.11.02 19:47:23.933593 [ 725 ] {7bebc25b-2b4a-41e7-a0a6-b1f16d807e5d} <Debug> DatabaseAtomic (db_w): There are 0 detached tables. Start searching non used tables.
2025.11.02 19:47:23.933644 [ 725 ] {7bebc25b-2b4a-41e7-a0a6-b1f16d807e5d} <Debug> DatabaseAtomic (db_w): Found 0 non used tables in detached tables.
2025.11.02 19:47:23.933774 [ 725 ] {7bebc25b-2b4a-41e7-a0a6-b1f16d807e5d} <Debug> DDLWorker: Executed query: /* ddl_entry=query-0000000002 */ CREATE TABLE db_w.t_dist UUID '04a5ff5e-21fd-4dd6-b00e-2ee69d53c1cd' (`create_time` DateTime, `y` Int32 COMMENT 'shard key', `m` Int32 COMMENT 'part key', `id` Int64 COMMENT 'sort key', `value` Nullable(String)) ENGINE = Distributed(single_replica, 'db_w', 't_dist_local', y)
2025.11.02 19:47:23.935678 [ 725 ] {} <Debug> DDLWorker: Waiting for queue updates
2025.11.02 19:47:23.985384 [ 80 ] {} <Debug> TCPHandler: Connected ClickHouse server version 25.3.0, revision: 54476, user: default.
2025.11.02 19:47:23.985437 [ 80 ] {} <Debug> TCP-Session-207c32c7-089d-4210-a48c-e2614c94aad9: Authenticating user 'default' from 172.19.0.3:37960
2025.11.02 19:47:23.985518 [ 80 ] {} <Debug> TCP-Session-207c32c7-089d-4210-a48c-e2614c94aad9: 207c32c7-089d-4210-a48c-e2614c94aad9 Authenticated with global context as user 94309d50-4f52-5250-31bd-74fecac179db
2025.11.02 19:47:23.985555 [ 80 ] {} <Debug> TCP-Session-207c32c7-089d-4210-a48c-e2614c94aad9: Creating session context with user_id: 94309d50-4f52-5250-31bd-74fecac179db
2025.11.02 19:47:23.986642 [ 80 ] {283b76c9-ea4b-48c5-87a2-e0cf7cca8cac} <Debug> executeQuery: (from 172.19.0.3:37960, initial_query_id: 5d7571b4-dd33-4794-a58b-cb74cb8b6da2) SELECT `__table1`.`create_time` AS `create_time`, `__table1`.`y` AS `y`, `__table1`.`m` AS `m`, `__table1`.`id` AS `id`, `__table1`.`value` AS `value` FROM `db_w`.`t_dist_local` AS `__table1` WHERE _CAST(0, 'UInt8') (stage: Complete)
2025.11.02 19:47:23.987264 [ 80 ] {283b76c9-ea4b-48c5-87a2-e0cf7cca8cac} <Debug> TCPHandler: Processed in 0.000810334 sec.
2025.11.02 19:47:24.028832 [ 80 ] {7b958ed2-0353-4fe5-a264-48d6e3ff27e4} <Debug> executeQuery: (from 172.19.0.3:37960, initial_query_id: 54a501cf-0fc1-4909-96b9-357d10fb401d) SELECT `__table1`.`create_time` AS `create_time`, `__table1`.`y` AS `y`, `__table1`.`m` AS `m`, `__table1`.`id` AS `id`, `__table1`.`value` AS `value` FROM `db_w`.`t_dist_local` AS `__table1` WHERE _CAST(0, 'UInt8') (stage: Complete)
2025.11.02 19:47:24.029362 [ 80 ] {7b958ed2-0353-4fe5-a264-48d6e3ff27e4} <Debug> TCPHandler: Processed in 0.000689625 sec.
2025.11.02 19:47:24.061385 [ 80 ] {a203a033-a360-494c-938e-2108ab4b750e} <Debug> executeQuery: (from 172.19.0.3:37960, initial_query_id: 99bedf4a-912d-473e-89cd-56b9ff034bf6) SELECT `__table1`.`create_time` AS `create_time`, `__table1`.`y` AS `y`, `__table1`.`m` AS `m`, `__table1`.`id` AS `id`, `__table1`.`value` AS `value` FROM `db_w`.`t_dist_local` AS `__table1` WHERE _CAST(0, 'UInt8') (stage: Complete)
2025.11.02 19:47:24.062156 [ 80 ] {a203a033-a360-494c-938e-2108ab4b750e} <Debug> TCPHandler: Processed in 0.000960292 sec.
2025.11.02 19:47:24.238113 [ 79 ] {} <Debug> HTTP-Session-96c2207e-9b24-4d94-a811-f3763bbf4fee: Authenticating user 'default' from 172.19.0.7:57140
2025.11.02 19:47:24.238193 [ 79 ] {} <Debug> HTTP-Session-96c2207e-9b24-4d94-a811-f3763bbf4fee: 96c2207e-9b24-4d94-a811-f3763bbf4fee Authenticated with global context as user 94309d50-4f52-5250-31bd-74fecac179db
2025.11.02 19:47:24.238255 [ 79 ] {} <Debug> HTTP-Session-96c2207e-9b24-4d94-a811-f3763bbf4fee: Creating session context with user_id: 94309d50-4f52-5250-31bd-74fecac179db
2025.11.02 19:47:24.238480 [ 79 ] {4d9920ee-4c16-4d4e-a120-47c701d105e6} <Debug> executeQuery: (from 172.19.0.7:57140) INSERT INTO `db_w`.`t_dist_local` FORMAT ArrowStream  (stage: Complete)
2025.11.02 19:47:24.296453 [ 727 ] {f33f7f99-1fd4-40ab-b11f-c4b69f44960d} <Debug> AsynchronousInsertQueue: Flushed 1 rows, 31 bytes for query 'INSERT INTO db_w.t_dist_local (create_time, y, m, id, value) FORMAT ArrowStream'
2025.11.02 19:47:24.296717 [ 727 ] {f33f7f99-1fd4-40ab-b11f-c4b69f44960d} <Debug> MemoryTracker: Query peak memory usage: 3.27 MiB.
2025.11.02 19:47:24.296934 [ 79 ] {4d9920ee-4c16-4d4e-a120-47c701d105e6} <Debug> DynamicQueryHandler: Done processing query
2025.11.02 19:47:24.297070 [ 79 ] {} <Debug> HTTP-Session-96c2207e-9b24-4d94-a811-f3763bbf4fee: 96c2207e-9b24-4d94-a811-f3763bbf4fee Logout, user_id: 94309d50-4f52-5250-31bd-74fecac179db
2025.11.02 19:47:24.368944 [ 80 ] {a178f23a-0b47-437f-abce-b48d80431f94} <Debug> executeQuery: (from 172.19.0.3:37960, initial_query_id: f5748b21-c08d-4e9d-afde-859788bbef43) SELECT `__table1`.`create_time` AS `create_time`, `__table1`.`y` AS `y`, `__table1`.`m` AS `m`, `__table1`.`id` AS `id`, `__table1`.`value` AS `value` FROM `db_w`.`t_dist_local` AS `__table1` WHERE _CAST(0, 'UInt8') (stage: Complete)
2025.11.02 19:47:24.369491 [ 80 ] {a178f23a-0b47-437f-abce-b48d80431f94} <Debug> db_w.t_dist_local (c3567450-b476-4cbc-8378-1c8baeadaa8a) (SelectExecutor): Selected 0/0 parts by partition key, 0 parts by primary key, 0/0 marks by primary key, 0 marks to read from 0 ranges
2025.11.02 19:47:24.370231 [ 80 ] {a178f23a-0b47-437f-abce-b48d80431f94} <Debug> TCPHandler: Processed in 0.001687416 sec.
2025.11.02 19:47:24.382959 [ 80 ] {cc655bba-a752-4f5d-b180-ecbd4197a6e6} <Debug> executeQuery: (from 172.19.0.3:37960, initial_query_id: 767c4258-5fe8-4ca3-9b74-d7202dd8df99) SELECT `__table1`.`create_time` AS `create_time`, `__table1`.`y` AS `y`, `__table1`.`m` AS `m`, `__table1`.`id` AS `id`, `__table1`.`value` AS `value` FROM `db_w`.`t_dist_local` AS `__table1` WHERE _CAST(0, 'UInt8') (stage: Complete)
2025.11.02 19:47:24.383345 [ 80 ] {cc655bba-a752-4f5d-b180-ecbd4197a6e6} <Debug> db_w.t_dist_local (c3567450-b476-4cbc-8378-1c8baeadaa8a) (SelectExecutor): Selected 0/0 parts by partition key, 0 parts by primary key, 0/0 marks by primary key, 0 marks to read from 0 ranges
2025.11.02 19:47:24.383705 [ 80 ] {cc655bba-a752-4f5d-b180-ecbd4197a6e6} <Debug> TCPHandler: Processed in 0.000922667 sec.
2025.11.02 19:47:24.411681 [ 79 ] {} <Debug> HTTP-Session-5a94bd42-22aa-4cc0-875a-299a9d867686: Authenticating user 'default' from 172.19.0.7:57148
2025.11.02 19:47:24.411754 [ 79 ] {} <Debug> HTTP-Session-5a94bd42-22aa-4cc0-875a-299a9d867686: 5a94bd42-22aa-4cc0-875a-299a9d867686 Authenticated with global context as user 94309d50-4f52-5250-31bd-74fecac179db
2025.11.02 19:47:24.411802 [ 79 ] {} <Debug> HTTP-Session-5a94bd42-22aa-4cc0-875a-299a9d867686: Creating session context with user_id: 94309d50-4f52-5250-31bd-74fecac179db
2025.11.02 19:47:24.412048 [ 79 ] {9ddde611-4d14-41b9-a11f-12693e2a76f0} <Debug> executeQuery: (from 172.19.0.7:57148) SELECT partition, -- String
 partition_id, -- String
 sum(rows) AS row_count, -- UInt64
 sum(bytes_on_disk) AS size_in_bytes -- UInt64
 FROM `system`.`parts` WHERE `database`='db_w' AND `table`='t_dist_local' AND `active`=1 GROUP BY `partition`, `partition_id` ORDER BY `partition` ASC, partition_id ASC  (stage: Complete)
2025.11.02 19:47:24.414163 [ 79 ] {9ddde611-4d14-41b9-a11f-12693e2a76f0} <Debug> executeQuery: Read 1 rows, 71.00 B in 0.00222 sec., 450.45045045045043 rows/sec., 31.23 KiB/sec.
2025.11.02 19:47:24.414483 [ 79 ] {9ddde611-4d14-41b9-a11f-12693e2a76f0} <Debug> DynamicQueryHandler: Done processing query
2025.11.02 19:47:24.414544 [ 79 ] {9ddde611-4d14-41b9-a11f-12693e2a76f0} <Debug> MemoryTracker: Query peak memory usage: 4.01 MiB.
2025.11.02 19:47:24.414626 [ 79 ] {} <Debug> HTTP-Session-5a94bd42-22aa-4cc0-875a-299a9d867686: 5a94bd42-22aa-4cc0-875a-299a9d867686 Logout, user_id: 94309d50-4f52-5250-31bd-74fecac179db
2025.11.02 19:47:24.429697 [ 79 ] {} <Debug> HTTP-Session-9ec44da4-3d8f-4dbc-b67d-5a6871d25743: Authenticating user 'default' from 172.19.0.7:57150
2025.11.02 19:47:24.429769 [ 79 ] {} <Debug> HTTP-Session-9ec44da4-3d8f-4dbc-b67d-5a6871d25743: 9ec44da4-3d8f-4dbc-b67d-5a6871d25743 Authenticated with global context as user 94309d50-4f52-5250-31bd-74fecac179db
2025.11.02 19:47:24.429829 [ 79 ] {} <Debug> HTTP-Session-9ec44da4-3d8f-4dbc-b67d-5a6871d25743: Creating session context with user_id: 94309d50-4f52-5250-31bd-74fecac179db
2025.11.02 19:47:24.430054 [ 79 ] {27f3ee0c-790b-494c-b220-cf7166c47fbd} <Debug> executeQuery: (from 172.19.0.7:57150) SELECT partition, -- String
 partition_id, -- String
 sum(rows) AS row_count, -- UInt64
 sum(bytes_on_disk) AS size_in_bytes -- UInt64
 FROM `system`.`parts` WHERE `database`='db_w' AND `table`='t_dist_local' AND `active`=1 GROUP BY `partition`, `partition_id` ORDER BY `partition` ASC, partition_id ASC  (stage: Complete)
2025.11.02 19:47:24.431673 [ 79 ] {27f3ee0c-790b-494c-b220-cf7166c47fbd} <Debug> executeQuery: Read 1 rows, 71.00 B in 0.001683 sec., 594.1770647653001 rows/sec., 41.20 KiB/sec.
2025.11.02 19:47:24.432003 [ 79 ] {27f3ee0c-790b-494c-b220-cf7166c47fbd} <Debug> DynamicQueryHandler: Done processing query
2025.11.02 19:47:24.432070 [ 79 ] {27f3ee0c-790b-494c-b220-cf7166c47fbd} <Debug> MemoryTracker: Query peak memory usage: 4.02 MiB.
2025.11.02 19:47:24.432146 [ 79 ] {} <Debug> HTTP-Session-9ec44da4-3d8f-4dbc-b67d-5a6871d25743: 9ec44da4-3d8f-4dbc-b67d-5a6871d25743 Logout, user_id: 94309d50-4f52-5250-31bd-74fecac179db
2025.11.02 19:47:24.452395 [ 79 ] {} <Debug> HTTP-Session-37fbb373-0567-44e0-8aa5-5d1d9d884003: Authenticating user 'default' from 172.19.0.7:57160
2025.11.02 19:47:24.452490 [ 79 ] {} <Debug> HTTP-Session-37fbb373-0567-44e0-8aa5-5d1d9d884003: 37fbb373-0567-44e0-8aa5-5d1d9d884003 Authenticated with global context as user 94309d50-4f52-5250-31bd-74fecac179db
2025.11.02 19:47:24.452600 [ 79 ] {} <Debug> HTTP-Session-37fbb373-0567-44e0-8aa5-5d1d9d884003: Creating session context with user_id: 94309d50-4f52-5250-31bd-74fecac179db
2025.11.02 19:47:24.452763 [ 79 ] {63805a23-1d2e-4067-817a-85a478a4afef} <Debug> executeQuery: (from 172.19.0.7:57160) SELECT `create_time`, `y`, `m`, `id`, `value` FROM `db_w`.`t_dist_local` WHERE (_partition_id = '3') AND ((1=1) AND (1=1))  (stage: Complete)
2025.11.02 19:47:24.453138 [ 79 ] {63805a23-1d2e-4067-817a-85a478a4afef} <Debug> db_w.t_dist_local (c3567450-b476-4cbc-8378-1c8baeadaa8a) (SelectExecutor): Key condition: unknown, true, and
2025.11.02 19:47:24.453207 [ 79 ] {63805a23-1d2e-4067-817a-85a478a4afef} <Debug> db_w.t_dist_local (c3567450-b476-4cbc-8378-1c8baeadaa8a) (SelectExecutor): MinMax index condition: unknown, true, and
2025.11.02 19:47:24.453269 [ 79 ] {63805a23-1d2e-4067-817a-85a478a4afef} <Debug> db_w.t_dist_local (c3567450-b476-4cbc-8378-1c8baeadaa8a) (SelectExecutor): PK index has dropped 0/1 granules, it took 0ms across 1 threads.
2025.11.02 19:47:24.453323 [ 79 ] {63805a23-1d2e-4067-817a-85a478a4afef} <Debug> db_w.t_dist_local (c3567450-b476-4cbc-8378-1c8baeadaa8a) (SelectExecutor): Selected 1/1 parts by partition key, 1 parts by primary key, 1/1 marks by primary key, 1 marks to read from 1 ranges
2025.11.02 19:47:24.453959 [ 79 ] {63805a23-1d2e-4067-817a-85a478a4afef} <Debug> executeQuery: Read 1 rows, 31.00 B in 0.001236 sec., 809.0614886731393 rows/sec., 24.49 KiB/sec.
2025.11.02 19:47:24.454292 [ 79 ] {63805a23-1d2e-4067-817a-85a478a4afef} <Debug> DynamicQueryHandler: Done processing query
2025.11.02 19:47:24.454362 [ 79 ] {63805a23-1d2e-4067-817a-85a478a4afef} <Debug> MemoryTracker: Query peak memory usage: 4.00 MiB.
2025.11.02 19:47:24.454477 [ 79 ] {} <Debug> HTTP-Session-37fbb373-0567-44e0-8aa5-5d1d9d884003: 37fbb373-0567-44e0-8aa5-5d1d9d884003 Logout, user_id: 94309d50-4f52-5250-31bd-74fecac179db
2025.11.02 19:47:24.469593 [ 79 ] {} <Debug> HTTP-Session-d7c340fc-97c5-4b95-bf55-8b10f13cb9cd: Authenticating user 'default' from 172.19.0.7:57172
2025.11.02 19:47:24.469675 [ 79 ] {} <Debug> HTTP-Session-d7c340fc-97c5-4b95-bf55-8b10f13cb9cd: d7c340fc-97c5-4b95-bf55-8b10f13cb9cd Authenticated with global context as user 94309d50-4f52-5250-31bd-74fecac179db
2025.11.02 19:47:24.469730 [ 79 ] {} <Debug> HTTP-Session-d7c340fc-97c5-4b95-bf55-8b10f13cb9cd: Creating session context with user_id: 94309d50-4f52-5250-31bd-74fecac179db
2025.11.02 19:47:24.469930 [ 79 ] {07ce2b86-da75-45a7-9853-959417dfa054} <Debug> executeQuery: (from 172.19.0.7:57172) SELECT `create_time`, `y`, `m`, `id`, `value` FROM `db_w`.`t_dist_local` WHERE (_partition_id = '3') AND ((1=1) AND (1=1))  (stage: Complete)
2025.11.02 19:47:24.470336 [ 79 ] {07ce2b86-da75-45a7-9853-959417dfa054} <Debug> db_w.t_dist_local (c3567450-b476-4cbc-8378-1c8baeadaa8a) (SelectExecutor): Key condition: unknown, true, and
2025.11.02 19:47:24.470399 [ 79 ] {07ce2b86-da75-45a7-9853-959417dfa054} <Debug> db_w.t_dist_local (c3567450-b476-4cbc-8378-1c8baeadaa8a) (SelectExecutor): MinMax index condition: unknown, true, and
2025.11.02 19:47:24.470462 [ 79 ] {07ce2b86-da75-45a7-9853-959417dfa054} <Debug> db_w.t_dist_local (c3567450-b476-4cbc-8378-1c8baeadaa8a) (SelectExecutor): PK index has dropped 0/1 granules, it took 0ms across 1 threads.
2025.11.02 19:47:24.470509 [ 79 ] {07ce2b86-da75-45a7-9853-959417dfa054} <Debug> db_w.t_dist_local (c3567450-b476-4cbc-8378-1c8baeadaa8a) (SelectExecutor): Selected 1/1 parts by partition key, 1 parts by primary key, 1/1 marks by primary key, 1 marks to read from 1 ranges
2025.11.02 19:47:24.471075 [ 79 ] {07ce2b86-da75-45a7-9853-959417dfa054} <Debug> executeQuery: Read 1 rows, 31.00 B in 0.001216 sec., 822.3684210526316 rows/sec., 24.90 KiB/sec.
2025.11.02 19:47:24.471389 [ 79 ] {07ce2b86-da75-45a7-9853-959417dfa054} <Debug> DynamicQueryHandler: Done processing query
2025.11.02 19:47:24.471480 [ 79 ] {07ce2b86-da75-45a7-9853-959417dfa054} <Debug> MemoryTracker: Query peak memory usage: 4.00 MiB.
2025.11.02 19:47:24.471631 [ 79 ] {} <Debug> HTTP-Session-d7c340fc-97c5-4b95-bf55-8b10f13cb9cd: d7c340fc-97c5-4b95-bf55-8b10f13cb9cd Logout, user_id: 94309d50-4f52-5250-31bd-74fecac179db
2025.11.02 19:47:24.640732 [ 79 ] {} <Debug> HTTP-Session-e21ebe9c-122b-445a-9fb4-5737243d9a3b: Authenticating user 'default' from 172.19.0.7:57178
2025.11.02 19:47:24.640810 [ 79 ] {} <Debug> HTTP-Session-e21ebe9c-122b-445a-9fb4-5737243d9a3b: e21ebe9c-122b-445a-9fb4-5737243d9a3b Authenticated with global context as user 94309d50-4f52-5250-31bd-74fecac179db
2025.11.02 19:47:24.640874 [ 79 ] {} <Debug> HTTP-Session-e21ebe9c-122b-445a-9fb4-5737243d9a3b: Creating session context with user_id: 94309d50-4f52-5250-31bd-74fecac179db
2025.11.02 19:47:24.641063 [ 79 ] {b938307d-2405-4746-9339-65123629a151} <Debug> executeQuery: (from 172.19.0.7:57178) SELECT 1 (stage: Complete)
2025.11.02 19:47:24.641602 [ 79 ] {b938307d-2405-4746-9339-65123629a151} <Debug> executeQuery: Read 1 rows, 1.00 B in 0.00055 sec., 1818.181818181818 rows/sec., 1.78 KiB/sec.
2025.11.02 19:47:24.641915 [ 79 ] {b938307d-2405-4746-9339-65123629a151} <Debug> DynamicQueryHandler: Done processing query
2025.11.02 19:47:24.642000 [ 79 ] {b938307d-2405-4746-9339-65123629a151} <Debug> MemoryTracker: Query peak memory usage: 4.00 MiB.
2025.11.02 19:47:24.642078 [ 79 ] {} <Debug> HTTP-Session-e21ebe9c-122b-445a-9fb4-5737243d9a3b: e21ebe9c-122b-445a-9fb4-5737243d9a3b Logout, user_id: 94309d50-4f52-5250-31bd-74fecac179db
2025.11.02 19:47:24.642544 [ 79 ] {} <Debug> HTTP-Session-5f78dac4-0bac-4a43-94ee-ea9ecc0c303c: Authenticating user 'default' from 172.19.0.7:57178
2025.11.02 19:47:24.642610 [ 79 ] {} <Debug> HTTP-Session-5f78dac4-0bac-4a43-94ee-ea9ecc0c303c: 5f78dac4-0bac-4a43-94ee-ea9ecc0c303c Authenticated with global context as user 94309d50-4f52-5250-31bd-74fecac179db
2025.11.02 19:47:24.642662 [ 79 ] {} <Debug> HTTP-Session-5f78dac4-0bac-4a43-94ee-ea9ecc0c303c: Creating session context with user_id: 94309d50-4f52-5250-31bd-74fecac179db
2025.11.02 19:47:24.642786 [ 79 ] {0efd0f9d-b6d0-4d93-b2e8-a7120b225cf6} <Debug> executeQuery: (from 172.19.0.7:57178) SELECT timezone() AS tz (stage: Complete)
2025.11.02 19:47:24.643254 [ 79 ] {0efd0f9d-b6d0-4d93-b2e8-a7120b225cf6} <Debug> executeQuery: Read 1 rows, 1.00 B in 0.000488 sec., 2049.1803278688526 rows/sec., 2.00 KiB/sec.
2025.11.02 19:47:24.643538 [ 79 ] {0efd0f9d-b6d0-4d93-b2e8-a7120b225cf6} <Debug> DynamicQueryHandler: Done processing query
2025.11.02 19:47:24.643594 [ 79 ] {0efd0f9d-b6d0-4d93-b2e8-a7120b225cf6} <Debug> MemoryTracker: Query peak memory usage: 4.00 MiB.
2025.11.02 19:47:24.643697 [ 79 ] {} <Debug> HTTP-Session-5f78dac4-0bac-4a43-94ee-ea9ecc0c303c: 5f78dac4-0bac-4a43-94ee-ea9ecc0c303c Logout, user_id: 94309d50-4f52-5250-31bd-74fecac179db
2025.11.02 19:47:24.644100 [ 79 ] {} <Debug> HTTP-Session-d4f8dd06-218c-4842-b4c8-daa38acb5905: Authenticating user 'default' from 172.19.0.7:57178
2025.11.02 19:47:24.644155 [ 79 ] {} <Debug> HTTP-Session-d4f8dd06-218c-4842-b4c8-daa38acb5905: d4f8dd06-218c-4842-b4c8-daa38acb5905 Authenticated with global context as user 94309d50-4f52-5250-31bd-74fecac179db
2025.11.02 19:47:24.644205 [ 79 ] {} <Debug> HTTP-Session-d4f8dd06-218c-4842-b4c8-daa38acb5905: Creating session context with user_id: 94309d50-4f52-5250-31bd-74fecac179db
2025.11.02 19:47:24.644354 [ 79 ] {67a7171e-e25f-441b-b20b-ffedd171dbb0} <Debug> executeQuery: (from 172.19.0.7:57178)  SELECT `cluster`, -- String
 `shard_num`, -- UInt32
 `shard_weight`, -- UInt32
 `replica_num`, -- UInt32
 `host_name`, -- String
 `host_address`, -- String
 `port`, -- UInt16
 `is_local`, -- UInt8
 `user`, -- String
 `default_database`, -- String
 `errors_count`, -- UInt32
 `estimated_recovery_time` -- UInt32
 FROM `system`.`clusters`  (stage: Complete)
2025.11.02 19:47:24.645002 [ 79 ] {67a7171e-e25f-441b-b20b-ffedd171dbb0} <Debug> executeQuery: Read 8 rows, 884.00 B in 0.000696 sec., 11494.252873563219 rows/sec., 1.21 MiB/sec.
2025.11.02 19:47:24.645216 [ 79 ] {67a7171e-e25f-441b-b20b-ffedd171dbb0} <Debug> DynamicQueryHandler: Done processing query
2025.11.02 19:47:24.645368 [ 79 ] {67a7171e-e25f-441b-b20b-ffedd171dbb0} <Debug> MemoryTracker: Query peak memory usage: 3.96 MiB.
2025.11.02 19:47:24.645416 [ 79 ] {} <Debug> HTTP-Session-d4f8dd06-218c-4842-b4c8-daa38acb5905: d4f8dd06-218c-4842-b4c8-daa38acb5905 Logout, user_id: 94309d50-4f52-5250-31bd-74fecac179db
2025.11.02 19:47:24.645930 [ 79 ] {} <Debug> HTTP-Session-27a39462-9674-4717-8eed-438951f88bbc: Authenticating user 'default' from 172.19.0.7:57178
2025.11.02 19:47:24.645988 [ 79 ] {} <Debug> HTTP-Session-27a39462-9674-4717-8eed-438951f88bbc: 27a39462-9674-4717-8eed-438951f88bbc Authenticated with global context as user 94309d50-4f52-5250-31bd-74fecac179db
2025.11.02 19:47:24.646045 [ 79 ] {} <Debug> HTTP-Session-27a39462-9674-4717-8eed-438951f88bbc: Creating session context with user_id: 94309d50-4f52-5250-31bd-74fecac179db
2025.11.02 19:47:24.646175 [ 79 ] {26df62c8-1041-4f53-979b-c314e1176a83} <Debug> executeQuery: (from 172.19.0.7:57178) SELECT * FROM `db_w`.`t_dist_local` WHERE 1=0 (stage: Complete)
2025.11.02 19:47:24.646454 [ 79 ] {26df62c8-1041-4f53-979b-c314e1176a83} <Debug> db_w.t_dist_local (c3567450-b476-4cbc-8378-1c8baeadaa8a) (SelectExecutor): Selected 0/0 parts by partition key, 0 parts by primary key, 0/0 marks by primary key, 0 marks to read from 0 ranges
2025.11.02 19:47:24.646947 [ 79 ] {26df62c8-1041-4f53-979b-c314e1176a83} <Debug> DynamicQueryHandler: Done processing query
2025.11.02 19:47:24.647013 [ 79 ] {26df62c8-1041-4f53-979b-c314e1176a83} <Debug> MemoryTracker: Query peak memory usage: 3.00 MiB.
2025.11.02 19:47:24.647069 [ 79 ] {} <Debug> HTTP-Session-27a39462-9674-4717-8eed-438951f88bbc: 27a39462-9674-4717-8eed-438951f88bbc Logout, user_id: 94309d50-4f52-5250-31bd-74fecac179db
2025.11.02 19:47:24.647373 [ 79 ] {} <Debug> HTTP-Session-5341662c-fc46-48b7-9803-b86f6ad6fba6: Authenticating user 'default' from 172.19.0.7:57178
2025.11.02 19:47:24.647428 [ 79 ] {} <Debug> HTTP-Session-5341662c-fc46-48b7-9803-b86f6ad6fba6: 5341662c-fc46-48b7-9803-b86f6ad6fba6 Authenticated with global context as user 94309d50-4f52-5250-31bd-74fecac179db
2025.11.02 19:47:24.647476 [ 79 ] {} <Debug> HTTP-Session-5341662c-fc46-48b7-9803-b86f6ad6fba6: Creating session context with user_id: 94309d50-4f52-5250-31bd-74fecac179db
2025.11.02 19:47:24.647635 [ 79 ] {14f9f6ce-d402-4613-8666-029b88b94964} <Debug> executeQuery: (from 172.19.0.7:57178) SELECT `database`, -- String
 `name`, -- String
 `uuid`, -- UUID
 `engine`, -- String
 `is_temporary`, -- UInt8
 `data_paths`, -- Array(String)
 `metadata_path`, -- String
 `metadata_modification_time`, -- DateTime
 `dependencies_database`, -- Array(String)
 `dependencies_table`, -- Array(String)
 `create_table_query`, -- String
 `engine_full`, -- String
 `partition_key`, -- String
 `sorting_key`, -- String
 `primary_key`, -- String
 `sampling_key`, -- String
 `storage_policy`, -- String
 `total_rows`, -- Nullable(UInt64)
 `total_bytes`, -- Nullable(UInt64)
 `lifetime_rows`, -- Nullable(UInt64)
 `lifetime_bytes` -- Nullable(UInt64)
 FROM `system`.`tables` WHERE `database`='db_w' AND `name`='t_dist_local'  (stage: Complete)
2025.11.02 19:47:24.648637 [ 79 ] {14f9f6ce-d402-4613-8666-029b88b94964} <Debug> executeQuery: Read 1 rows, 679.00 B in 0.00107 sec., 934.5794392523364 rows/sec., 619.71 KiB/sec.
2025.11.02 19:47:24.648851 [ 79 ] {14f9f6ce-d402-4613-8666-029b88b94964} <Debug> DynamicQueryHandler: Done processing query
2025.11.02 19:47:24.648935 [ 79 ] {14f9f6ce-d402-4613-8666-029b88b94964} <Debug> MemoryTracker: Query peak memory usage: 3.90 MiB.
2025.11.02 19:47:24.649018 [ 79 ] {} <Debug> HTTP-Session-5341662c-fc46-48b7-9803-b86f6ad6fba6: 5341662c-fc46-48b7-9803-b86f6ad6fba6 Logout, user_id: 94309d50-4f52-5250-31bd-74fecac179db
2025.11.02 19:47:24.650777 [ 82 ] {} <Debug> HTTP-Session-e9e5fd06-d00d-47da-b9e3-5eb3f6287883: Authenticating user 'default' from 172.19.0.7:57180
2025.11.02 19:47:24.650847 [ 82 ] {} <Debug> HTTP-Session-e9e5fd06-d00d-47da-b9e3-5eb3f6287883: e9e5fd06-d00d-47da-b9e3-5eb3f6287883 Authenticated with global context as user 94309d50-4f52-5250-31bd-74fecac179db
2025.11.02 19:47:24.651023 [ 82 ] {} <Debug> HTTP-Session-e9e5fd06-d00d-47da-b9e3-5eb3f6287883: Creating session context with user_id: 94309d50-4f52-5250-31bd-74fecac179db
2025.11.02 19:47:24.651272 [ 82 ] {f0257cee-402b-4b21-895d-5b4cc43c0004} <Debug> executeQuery: (from 172.19.0.7:57180) SELECT `database`, -- String
 `table`, -- String
 `name`, -- String
 `type`, -- String
 `position`, -- UInt64
 `default_kind`, -- String
 `default_expression`, -- String
 `data_compressed_bytes`, -- UInt64
 `data_uncompressed_bytes`, -- UInt64
 `marks_bytes`, -- UInt64
 `comment`, -- String
 `is_in_partition_key`, -- UInt8
 `is_in_sorting_key`, -- UInt8
 `is_in_primary_key`, -- UInt8
 `is_in_sampling_key`, -- UInt8
 `compression_codec` -- String
 FROM `system`.`columns` WHERE `database`='db_w' AND `table`='t_dist_local' ORDER BY `position` ASC  (stage: Complete)
2025.11.02 19:47:24.652351 [ 82 ] {f0257cee-402b-4b21-895d-5b4cc43c0004} <Debug> executeQuery: Read 5 rows, 704.00 B in 0.001164 sec., 4295.532646048109 rows/sec., 590.64 KiB/sec.
2025.11.02 19:47:24.652612 [ 82 ] {f0257cee-402b-4b21-895d-5b4cc43c0004} <Debug> DynamicQueryHandler: Done processing query
2025.11.02 19:47:24.652665 [ 82 ] {f0257cee-402b-4b21-895d-5b4cc43c0004} <Debug> MemoryTracker: Query peak memory usage: 3.93 MiB.
2025.11.02 19:47:24.652721 [ 82 ] {} <Debug> HTTP-Session-e9e5fd06-d00d-47da-b9e3-5eb3f6287883: e9e5fd06-d00d-47da-b9e3-5eb3f6287883 Logout, user_id: 94309d50-4f52-5250-31bd-74fecac179db
2025.11.02 19:47:24.655725 [ 82 ] {} <Debug> HTTP-Session-fdbcf9bf-2262-43da-8e2b-d6ac0ad0d8b5: Authenticating user 'default' from 172.19.0.7:57196
2025.11.02 19:47:24.655781 [ 82 ] {} <Debug> HTTP-Session-fdbcf9bf-2262-43da-8e2b-d6ac0ad0d8b5: fdbcf9bf-2262-43da-8e2b-d6ac0ad0d8b5 Authenticated with global context as user 94309d50-4f52-5250-31bd-74fecac179db
2025.11.02 19:47:24.655826 [ 82 ] {} <Debug> HTTP-Session-fdbcf9bf-2262-43da-8e2b-d6ac0ad0d8b5: Creating session context with user_id: 94309d50-4f52-5250-31bd-74fecac179db
2025.11.02 19:47:24.656002 [ 82 ] {c8e997ee-315e-486b-b7e7-1e096a0626fa} <Debug> executeQuery: (from 172.19.0.7:57196) SELECT partition, -- String
 partition_id, -- String
 sum(rows) AS row_count, -- UInt64
 sum(bytes_on_disk) AS size_in_bytes -- UInt64
 FROM `system`.`parts` WHERE `database`='db_w' AND `table`='t_dist_local' AND `active`=1 GROUP BY `partition`, `partition_id` ORDER BY `partition` ASC, partition_id ASC  (stage: Complete)
2025.11.02 19:47:24.657243 [ 82 ] {c8e997ee-315e-486b-b7e7-1e096a0626fa} <Debug> executeQuery: Read 1 rows, 71.00 B in 0.001316 sec., 759.8784194528876 rows/sec., 52.69 KiB/sec.
2025.11.02 19:47:24.657532 [ 82 ] {c8e997ee-315e-486b-b7e7-1e096a0626fa} <Debug> DynamicQueryHandler: Done processing query
2025.11.02 19:47:24.657595 [ 82 ] {c8e997ee-315e-486b-b7e7-1e096a0626fa} <Debug> MemoryTracker: Query peak memory usage: 4.01 MiB.
2025.11.02 19:47:24.657690 [ 82 ] {} <Debug> HTTP-Session-fdbcf9bf-2262-43da-8e2b-d6ac0ad0d8b5: fdbcf9bf-2262-43da-8e2b-d6ac0ad0d8b5 Logout, user_id: 94309d50-4f52-5250-31bd-74fecac179db
2025.11.02 19:47:24.661044 [ 82 ] {} <Debug> HTTP-Session-bbce3f9b-8db5-430d-8a9a-77ec2d5ab1ac: Authenticating user 'default' from 172.19.0.7:57200
2025.11.02 19:47:24.661119 [ 82 ] {} <Debug> HTTP-Session-bbce3f9b-8db5-430d-8a9a-77ec2d5ab1ac: bbce3f9b-8db5-430d-8a9a-77ec2d5ab1ac Authenticated with global context as user 94309d50-4f52-5250-31bd-74fecac179db
2025.11.02 19:47:24.661182 [ 82 ] {} <Debug> HTTP-Session-bbce3f9b-8db5-430d-8a9a-77ec2d5ab1ac: Creating session context with user_id: 94309d50-4f52-5250-31bd-74fecac179db
2025.11.02 19:47:24.661374 [ 82 ] {016fb5bc-8c8b-46e4-a1b8-14a4d3cfb0a6} <Debug> executeQuery: (from 172.19.0.7:57200) SELECT partition, -- String
 partition_id, -- String
 sum(rows) AS row_count, -- UInt64
 sum(bytes_on_disk) AS size_in_bytes -- UInt64
 FROM `system`.`parts` WHERE `database`='db_w' AND `table`='t_dist_local' AND `active`=1 GROUP BY `partition`, `partition_id` ORDER BY `partition` ASC, partition_id ASC  (stage: Complete)
2025.11.02 19:47:24.668807 [ 82 ] {016fb5bc-8c8b-46e4-a1b8-14a4d3cfb0a6} <Debug> executeQuery: Read 1 rows, 71.00 B in 0.007514 sec., 133.08490817141336 rows/sec., 9.23 KiB/sec.
2025.11.02 19:47:24.669275 [ 82 ] {016fb5bc-8c8b-46e4-a1b8-14a4d3cfb0a6} <Debug> DynamicQueryHandler: Done processing query
2025.11.02 19:47:24.669333 [ 82 ] {016fb5bc-8c8b-46e4-a1b8-14a4d3cfb0a6} <Debug> MemoryTracker: Query peak memory usage: 4.02 MiB.
2025.11.02 19:47:24.669485 [ 82 ] {} <Debug> HTTP-Session-bbce3f9b-8db5-430d-8a9a-77ec2d5ab1ac: bbce3f9b-8db5-430d-8a9a-77ec2d5ab1ac Logout, user_id: 94309d50-4f52-5250-31bd-74fecac179db
2025.11.02 19:47:24.678603 [ 82 ] {} <Debug> HTTP-Session-ce8a3027-9b74-47c5-b5b2-f95783ae32ee: Authenticating user 'default' from 172.19.0.7:57204
2025.11.02 19:47:24.678683 [ 82 ] {} <Debug> HTTP-Session-ce8a3027-9b74-47c5-b5b2-f95783ae32ee: ce8a3027-9b74-47c5-b5b2-f95783ae32ee Authenticated with global context as user 94309d50-4f52-5250-31bd-74fecac179db
2025.11.02 19:47:24.678729 [ 82 ] {} <Debug> HTTP-Session-ce8a3027-9b74-47c5-b5b2-f95783ae32ee: Creating session context with user_id: 94309d50-4f52-5250-31bd-74fecac179db
2025.11.02 19:47:24.678955 [ 82 ] {2d15d57e-ea12-4e2a-8b48-2762ccd77116} <Debug> executeQuery: (from 172.19.0.7:57204) SELECT `create_time`, `y`, `m`, `id`, `value` FROM `db_w`.`t_dist_local` WHERE (_partition_id = '3') AND ((1=1) AND (1=1))  (stage: Complete)
2025.11.02 19:47:24.679438 [ 82 ] {2d15d57e-ea12-4e2a-8b48-2762ccd77116} <Debug> db_w.t_dist_local (c3567450-b476-4cbc-8378-1c8baeadaa8a) (SelectExecutor): Key condition: unknown, true, and
2025.11.02 19:47:24.679503 [ 82 ] {2d15d57e-ea12-4e2a-8b48-2762ccd77116} <Debug> db_w.t_dist_local (c3567450-b476-4cbc-8378-1c8baeadaa8a) (SelectExecutor): MinMax index condition: unknown, true, and
2025.11.02 19:47:24.679561 [ 82 ] {2d15d57e-ea12-4e2a-8b48-2762ccd77116} <Debug> db_w.t_dist_local (c3567450-b476-4cbc-8378-1c8baeadaa8a) (SelectExecutor): PK index has dropped 0/1 granules, it took 0ms across 1 threads.
2025.11.02 19:47:24.679618 [ 82 ] {2d15d57e-ea12-4e2a-8b48-2762ccd77116} <Debug> db_w.t_dist_local (c3567450-b476-4cbc-8378-1c8baeadaa8a) (SelectExecutor): Selected 1/1 parts by partition key, 1 parts by primary key, 1/1 marks by primary key, 1 marks to read from 1 ranges
2025.11.02 19:47:24.680179 [ 82 ] {2d15d57e-ea12-4e2a-8b48-2762ccd77116} <Debug> executeQuery: Read 1 rows, 31.00 B in 0.001309 sec., 763.9419404125287 rows/sec., 23.13 KiB/sec.
2025.11.02 19:47:24.680558 [ 82 ] {2d15d57e-ea12-4e2a-8b48-2762ccd77116} <Debug> DynamicQueryHandler: Done processing query
2025.11.02 19:47:24.680670 [ 82 ] {2d15d57e-ea12-4e2a-8b48-2762ccd77116} <Debug> MemoryTracker: Query peak memory usage: 4.00 MiB.
2025.11.02 19:47:24.680750 [ 82 ] {} <Debug> HTTP-Session-ce8a3027-9b74-47c5-b5b2-f95783ae32ee: ce8a3027-9b74-47c5-b5b2-f95783ae32ee Logout, user_id: 94309d50-4f52-5250-31bd-74fecac179db
2025.11.02 19:47:24.689658 [ 82 ] {} <Debug> HTTP-Session-8361a534-c8a1-4e1a-ae9f-7327f533d0eb: Authenticating user 'default' from 172.19.0.7:57214
2025.11.02 19:47:24.689737 [ 82 ] {} <Debug> HTTP-Session-8361a534-c8a1-4e1a-ae9f-7327f533d0eb: 8361a534-c8a1-4e1a-ae9f-7327f533d0eb Authenticated with global context as user 94309d50-4f52-5250-31bd-74fecac179db
2025.11.02 19:47:24.689792 [ 82 ] {} <Debug> HTTP-Session-8361a534-c8a1-4e1a-ae9f-7327f533d0eb: Creating session context with user_id: 94309d50-4f52-5250-31bd-74fecac179db
2025.11.02 19:47:24.689995 [ 82 ] {4d69a196-9be4-4d82-bafc-f4204a8ac30d} <Debug> executeQuery: (from 172.19.0.7:57214) SELECT `create_time`, `y`, `m`, `id`, `value` FROM `db_w`.`t_dist_local` WHERE (_partition_id = '3') AND ((1=1) AND (1=1))  (stage: Complete)
2025.11.02 19:47:24.690428 [ 82 ] {4d69a196-9be4-4d82-bafc-f4204a8ac30d} <Debug> db_w.t_dist_local (c3567450-b476-4cbc-8378-1c8baeadaa8a) (SelectExecutor): Key condition: unknown, true, and
2025.11.02 19:47:24.690494 [ 82 ] {4d69a196-9be4-4d82-bafc-f4204a8ac30d} <Debug> db_w.t_dist_local (c3567450-b476-4cbc-8378-1c8baeadaa8a) (SelectExecutor): MinMax index condition: unknown, true, and
2025.11.02 19:47:24.690553 [ 82 ] {4d69a196-9be4-4d82-bafc-f4204a8ac30d} <Debug> db_w.t_dist_local (c3567450-b476-4cbc-8378-1c8baeadaa8a) (SelectExecutor): PK index has dropped 0/1 granules, it took 0ms across 1 threads.
2025.11.02 19:47:24.690656 [ 82 ] {4d69a196-9be4-4d82-bafc-f4204a8ac30d} <Debug> db_w.t_dist_local (c3567450-b476-4cbc-8378-1c8baeadaa8a) (SelectExecutor): Selected 1/1 parts by partition key, 1 parts by primary key, 1/1 marks by primary key, 1 marks to read from 1 ranges
2025.11.02 19:47:24.691225 [ 82 ] {4d69a196-9be4-4d82-bafc-f4204a8ac30d} <Debug> executeQuery: Read 1 rows, 31.00 B in 0.0013 sec., 769.2307692307693 rows/sec., 23.29 KiB/sec.
2025.11.02 19:47:24.691546 [ 82 ] {4d69a196-9be4-4d82-bafc-f4204a8ac30d} <Debug> DynamicQueryHandler: Done processing query
2025.11.02 19:47:24.691622 [ 82 ] {4d69a196-9be4-4d82-bafc-f4204a8ac30d} <Debug> MemoryTracker: Query peak memory usage: 4.00 MiB.
2025.11.02 19:47:24.691690 [ 82 ] {} <Debug> HTTP-Session-8361a534-c8a1-4e1a-ae9f-7327f533d0eb: 8361a534-c8a1-4e1a-ae9f-7327f533d0eb Logout, user_id: 94309d50-4f52-5250-31bd-74fecac179db
2025.11.02 19:47:24.701686 [ 725 ] {} <Debug> DDLWorker: Scheduling tasks
2025.11.02 19:47:24.702246 [ 725 ] {} <Debug> DDLWorker: Will schedule 1 tasks starting from query-0000000003
2025.11.02 19:47:24.703137 [ 725 ] {} <Debug> DDLWorker: Processing task query-0000000003 (query: DROP TABLE IF EXISTS db_w.t_dist, backup restore: false)
2025.11.02 19:47:24.704365 [ 725 ] {} <Debug> DDLWorker: Executing query: DROP TABLE IF EXISTS db_w.t_dist
2025.11.02 19:47:24.704456 [ 725 ] {436f0609-81a7-4815-97ff-ec3b1dc6d108} <Debug> executeQuery: (from 0.0.0.0:0, user: , initial_query_id: 18d821dc-7cb7-4b3e-b4a5-56c9a05758c0) /* ddl_entry=query-0000000003 */ DROP TABLE IF EXISTS db_w.t_dist (stage: Complete)
2025.11.02 19:47:24.704524 [ 725 ] {436f0609-81a7-4815-97ff-ec3b1dc6d108} <Information> StorageDistributed (t_dist): Flushing pending INSERT blocks
2025.11.02 19:47:24.704566 [ 725 ] {436f0609-81a7-4815-97ff-ec3b1dc6d108} <Information> StorageDistributed (t_dist): Pending INSERT blocks flushed, took 0 ms.
2025.11.02 19:47:24.704623 [ 725 ] {436f0609-81a7-4815-97ff-ec3b1dc6d108} <Debug> StorageDistributed (t_dist): Joining background threads for async INSERT
2025.11.02 19:47:24.704659 [ 725 ] {436f0609-81a7-4815-97ff-ec3b1dc6d108} <Debug> StorageDistributed (t_dist): Background threads for async INSERT joined
2025.11.02 19:47:24.704904 [ 725 ] {436f0609-81a7-4815-97ff-ec3b1dc6d108} <Debug> DDLWorker: Executed query: /* ddl_entry=query-0000000003 */ DROP TABLE IF EXISTS db_w.t_dist
2025.11.02 19:47:24.707103 [ 725 ] {} <Debug> DDLWorker: Waiting for queue updates
2025.11.02 19:47:24.765040 [ 725 ] {} <Debug> DDLWorker: Scheduling tasks
2025.11.02 19:47:24.765658 [ 725 ] {} <Debug> DDLWorker: Will schedule 1 tasks starting from query-0000000004
2025.11.02 19:47:24.766512 [ 725 ] {} <Debug> DDLWorker: Processing task query-0000000004 (query: DROP TABLE IF EXISTS db_w.t_dist_local, backup restore: false)
2025.11.02 19:47:24.767144 [ 725 ] {} <Debug> DDLWorker: Executing query: DROP TABLE IF EXISTS db_w.t_dist_local
2025.11.02 19:47:24.767269 [ 725 ] {02b385e9-e79a-46c9-b459-7e899b6efde0} <Debug> executeQuery: (from 0.0.0.0:0, user: , initial_query_id: b6f0ccd4-a435-47fe-a858-32b7d295607a) /* ddl_entry=query-0000000004 */ DROP TABLE IF EXISTS db_w.t_dist_local (stage: Complete)
2025.11.02 19:47:24.767564 [ 725 ] {02b385e9-e79a-46c9-b459-7e899b6efde0} <Debug> DDLWorker: Executed query: /* ddl_entry=query-0000000004 */ DROP TABLE IF EXISTS db_w.t_dist_local
2025.11.02 19:47:24.768348 [ 725 ] {} <Debug> DDLWorker: Waiting for queue updates
2025.11.02 19:47:24.829690 [ 725 ] {} <Debug> DDLWorker: Scheduling tasks
2025.11.02 19:47:24.830147 [ 725 ] {} <Debug> DDLWorker: Will schedule 1 tasks starting from query-0000000005
2025.11.02 19:47:24.830880 [ 725 ] {} <Debug> DDLWorker: Processing task query-0000000005 (query: DROP DATABASE IF EXISTS db_w, backup restore: false)
2025.11.02 19:47:24.831757 [ 725 ] {} <Debug> DDLWorker: Executing query: DROP DATABASE IF EXISTS db_w
2025.11.02 19:47:24.831922 [ 725 ] {484dd39d-000d-4439-af12-1f75ce7001af} <Debug> executeQuery: (from 0.0.0.0:0, user: , initial_query_id: d417bc2c-a2c9-42a3-bd74-d76de88ac03d) /* ddl_entry=query-0000000005 */ DROP DATABASE IF EXISTS db_w (stage: Complete)
2025.11.02 19:47:24.832003 [ 725 ] {484dd39d-000d-4439-af12-1f75ce7001af} <Debug> DatabaseAtomic (db_w): There are 0 detached tables. Start searching non used tables.
2025.11.02 19:47:24.832055 [ 725 ] {484dd39d-000d-4439-af12-1f75ce7001af} <Debug> DatabaseAtomic (db_w): Found 0 non used tables in detached tables.
2025.11.02 19:47:24.832235 [ 725 ] {484dd39d-000d-4439-af12-1f75ce7001af} <Debug> DDLWorker: Executed query: /* ddl_entry=query-0000000005 */ DROP DATABASE IF EXISTS db_w
2025.11.02 19:47:24.833030 [ 725 ] {} <Debug> DDLWorker: Waiting for queue updates
2025.11.02 19:47:25.575210 [ 78 ] {} <Information> Application: Received termination signal (Terminated)
2025.11.02 19:47:25.575368 [ 1 ] {} <Debug> Application: Received termination signal.
2025.11.02 19:47:25.575718 [ 1 ] {} <Debug> Application: Waiting for current connections to close.
2025.11.02 19:47:25.576364 [ 1 ] {} <Warning> Application: Closed all listening sockets. Waiting for 1 outstanding connections.
2025.11.02 19:47:26.448979 [ 80 ] {} <Debug> TCPHandler: Done processing connection.
2025.11.02 19:47:26.449079 [ 80 ] {} <Debug> TCP-Session-207c32c7-089d-4210-a48c-e2614c94aad9: 207c32c7-089d-4210-a48c-e2614c94aad9 Logout, user_id: 94309d50-4f52-5250-31bd-74fecac179db
2025.11.02 19:47:26.484889 [ 1 ] {} <Information> Application: Closed connections.
2025.11.02 19:47:26.484940 [ 1 ] {} <Information> Application: Stopping AsyncLoader.
2025.11.02 19:47:26.485054 [ 1 ] {} <Information> CgroupsMemoryUsageObserver: Stopped cgroup current memory usage observer thread
2025.11.02 19:47:26.485175 [ 1 ] {} <Information> Application: Shutting down storages.
2025.11.02 19:47:26.485587 [ 1 ] {} <Debug> Context: Shutting down dictionaries loader
2025.11.02 19:47:26.485663 [ 1 ] {} <Debug> Context: Shutting down UDFs loader
2025.11.02 19:47:26.485727 [ 1 ] {} <Debug> Context: Shutting down another UDFs storage
2025.11.02 19:47:26.485772 [ 1 ] {} <Debug> Context: Shutting down workload entity storage
2025.11.02 19:47:26.485844 [ 1 ] {} <Debug> Context: Shutting down system logs
2025.11.02 19:47:26.485943 [ 1 ] {} <Debug> SystemLogQueue (system.query_log): Requested flush up to offset 54
2025.11.02 19:47:26.485960 [ 716 ] {} <Debug> SystemLog (system.query_log): Creating new table system.query_log for QueryLog
2025.11.02 19:47:26.485965 [ 715 ] {} <Debug> SystemLog (system.metric_log): Creating new table system.metric_log for MetricLog
2025.11.02 19:47:26.488000 [ 716 ] {} <Debug> system.query_log (9c9953b6-e4b3-404e-981f-52c2e548f48f): Loading data parts
2025.11.02 19:47:26.488122 [ 716 ] {} <Debug> system.query_log (9c9953b6-e4b3-404e-981f-52c2e548f48f): There are no data parts
2025.11.02 19:47:26.488809 [ 716 ] {} <Debug> DatabaseAtomic (system): There are 0 detached tables. Start searching non used tables.
2025.11.02 19:47:26.488871 [ 716 ] {} <Debug> DatabaseAtomic (system): Found 0 non used tables in detached tables.
2025.11.02 19:47:26.491264 [ 1 ] {} <Debug> SystemLogQueue (system.query_thread_log): Requested flush up to offset 0
2025.11.02 19:47:26.491306 [ 1 ] {} <Debug> SystemLogQueue (system.metric_log): Requested flush up to offset 4
2025.11.02 19:47:26.494967 [ 715 ] {} <Debug> system.metric_log (ea5bb670-da57-42da-aa04-c563aa0d2808): Loading data parts
2025.11.02 19:47:26.495293 [ 715 ] {} <Debug> system.metric_log (ea5bb670-da57-42da-aa04-c563aa0d2808): There are no data parts
2025.11.02 19:47:26.498405 [ 715 ] {} <Debug> DatabaseAtomic (system): There are 0 detached tables. Start searching non used tables.
2025.11.02 19:47:26.498451 [ 715 ] {} <Debug> DatabaseAtomic (system): Found 0 non used tables in detached tables.
2025.11.02 19:47:28.472313 [ 1 ] {} <Information> SentryWriter: Sending crash reports is disabled
2025.11.02 19:47:28.499882 [ 1 ] {} <Information> Application: Starting ClickHouse 25.3.7.194 (revision: 54502, git hash: 36637934778b7d39b37f378d258359dd6ffdd110, build id: E09B0ADBF9AF0530703B179DBA02705D5DF508C0), PID 1
2025.11.02 19:47:28.500069 [ 1 ] {} <Information> Application: starting up
2025.11.02 19:47:28.500111 [ 1 ] {} <Information> Application: OS name: Linux, version: 6.10.14-linuxkit, architecture: aarch64
2025.11.02 19:47:28.500188 [ 1 ] {} <Information> Jemalloc: Value for background_thread set to true (from true)
2025.11.02 19:47:28.501529 [ 1 ] {} <Information> Application: Available RAM: 7.65 GiB; logical cores: 14; used cores: 14.
2025.11.02 19:47:28.502122 [ 1 ] {} <Information> CgroupsReader: Will create cgroup reader from '/sys/fs/cgroup/' (cgroups version: v2)
2025.11.02 19:47:28.504147 [ 1 ] {} <Warning> Application: Integrity check of the executable skipped because the reference checksum could not be read.
2025.11.02 19:47:28.504314 [ 1 ] {} <Information> Application: It looks like the process has no CAP_IPC_LOCK capability, binary mlock will be disabled. It could happen due to incorrect ClickHouse package installation. You could resolve the problem manually with 'sudo setcap cap_ipc_lock=+ep /usr/bin/clickhouse'. Note that it will not work on 'nosuid' mounted filesystems.
2025.11.02 19:47:28.504398 [ 1 ] {} <Information> MemoryWorker: Starting background memory thread with period of 50ms, using Cgroups as source
2025.11.02 19:47:28.504487 [ 1 ] {} <Information> BackgroundSchedulePool/BgSchPool: Create BackgroundSchedulePool with 512 threads
2025.11.02 19:47:28.526751 [ 1 ] {} <Debug> Application: rlimit on number of file descriptors is 1048576
2025.11.02 19:47:28.526837 [ 1 ] {} <Debug> Application: rlimit on number of threads is 18446744073709551615
2025.11.02 19:47:28.526970 [ 1 ] {} <Debug> Application: Initializing DateLUT.
2025.11.02 19:47:28.527140 [ 1 ] {} <Debug> Context: Setting up /var/lib/clickhouse/tmp/ to store temporary data in it
2025.11.02 19:47:28.528053 [ 1 ] {} <Debug> Application: Initializing interserver credentials.
2025.11.02 19:47:28.528138 [ 1 ] {} <Information> Application: Lowered uncompressed cache size to 3.83 GiB because the system has limited RAM
2025.11.02 19:47:28.528192 [ 1 ] {} <Information> Application: Lowered mark cache size to 3.83 GiB because the system has limited RAM
2025.11.02 19:47:28.528216 [ 1 ] {} <Information> Application: Lowered primary index cache size to 3.83 GiB because the system has limited RAM
2025.11.02 19:47:28.528245 [ 1 ] {} <Information> Application: Lowered index mark cache size to 3.83 GiB because the system has limited RAM
2025.11.02 19:47:28.528337 [ 1 ] {} <Debug> FileCacheFactory: Will load 0 caches from default cache config
2025.11.02 19:47:28.528586 [ 1 ] {} <Debug> ConfigReloader: Loading config '/etc/clickhouse-server/config.xml'
2025.11.02 19:47:28.529266 [ 1 ] {} <Debug> ConfigProcessor: Processing configuration file '/etc/clickhouse-server/config.xml'.
2025.11.02 19:47:28.529971 [ 1 ] {} <Debug> ConfigProcessor: Merging configuration file '/etc/clickhouse-server/config.d/docker_related_config.xml'.
2025.11.02 19:47:28.530124 [ 1 ] {} <Debug> ConfigProcessor: Merging configuration file '/etc/clickhouse-server/config.d/interserver_http_host.xml'.
2025.11.02 19:47:28.530490 [ 1 ] {} <Debug> ConfigProcessor: Merging configuration file '/etc/clickhouse-server/config.d/macros.xml'.
2025.11.02 19:47:28.530830 [ 1 ] {} <Debug> ConfigProcessor: Merging configuration file '/etc/clickhouse-server/config.d/remote_servers.xml'.
2025.11.02 19:47:28.531875 [ 1 ] {} <Debug> ConfigProcessor: Merging configuration file '/etc/clickhouse-server/config.d/zookeeper.xml'.
2025.11.02 19:47:28.533319 [ 1 ] {} <Debug> ConfigProcessor: Saved preprocessed configuration to '/var/lib/clickhouse/preprocessed_configs/config.xml'.
2025.11.02 19:47:28.533433 [ 1 ] {} <Debug> ConfigReloader: Loaded config '/etc/clickhouse-server/config.xml', performing update on configuration
2025.11.02 19:47:28.534249 [ 1 ] {} <Information> Application: Changed setting 'max_server_memory_usage' to 6.89 GiB (7.65 GiB available memory * 0.90 max_server_memory_usage_to_ram_ratio)
2025.11.02 19:47:28.534483 [ 1 ] {} <Information> Application: Setting merges_mutations_memory_usage_soft_limit was set to 3.83 GiB (7.65 GiB available * 0.50 merges_mutations_memory_usage_to_ram_ratio)
2025.11.02 19:47:28.534591 [ 1 ] {} <Information> Application: Merges and mutations memory limit is set to 3.83 GiB
2025.11.02 19:47:28.536244 [ 1 ] {} <Information> Application: Setting max_remote_read_network_bandwidth_for_server was set to 0
2025.11.02 19:47:28.536555 [ 1 ] {} <Information> Application: Setting max_remote_write_network_bandwidth_for_server was set to 0
2025.11.02 19:47:28.536660 [ 1 ] {} <Information> Application: Setting max_local_read_bandwidth_for_server was set to 0
2025.11.02 19:47:28.536748 [ 1 ] {} <Information> Application: Setting max_local_write_bandwidth_for_server was set to 0
2025.11.02 19:47:28.536784 [ 1 ] {} <Information> Application: ConcurrencyControl limit is set to UNLIMITED CPU slots with 'round_robin' scheduler
2025.11.02 19:47:28.536839 [ 1 ] {} <Information> BackgroundSchedulePool/BgBufSchPool: Create BackgroundSchedulePool with 16 threads
2025.11.02 19:47:28.537682 [ 1 ] {} <Information> BackgroundSchedulePool/BgMBSchPool: Create BackgroundSchedulePool with 16 threads
2025.11.02 19:47:28.538263 [ 1 ] {} <Information> BackgroundSchedulePool/BgDistSchPool: Create BackgroundSchedulePool with 16 threads
2025.11.02 19:47:28.539484 [ 1 ] {} <Debug> ConfigReloader: Loaded config '/etc/clickhouse-server/config.xml', performed update on configuration
2025.11.02 19:47:28.540121 [ 1 ] {} <Warning> Application: Listen [::]:9009 failed: Poco::Exception. Code: 1000, e.code() = 0, DNS error: EAI: Address family for hostname not supported (version 25.3.7.194 (official build)). If it is an IPv6 or IPv4 address and your host has disabled IPv6 or IPv4, then consider to specify not disabled IPv4 or IPv6 address to listen in <listen_host> element of configuration file. Example for disabled IPv6: <listen_host>0.0.0.0</listen_host> . Example for disabled IPv4: <listen_host>::</listen_host>
2025.11.02 19:47:28.540769 [ 1 ] {} <Information> Application: Listening for replica communication (interserver): http://0.0.0.0:9009
2025.11.02 19:47:28.540929 [ 1 ] {} <Warning> Access(local_directory): File /var/lib/clickhouse/access/users.list doesn't exist
2025.11.02 19:47:28.541177 [ 1 ] {} <Warning> Access(local_directory): Recovering lists in directory /var/lib/clickhouse/access/
2025.11.02 19:47:28.541531 [ 1 ] {} <Debug> Access(user directories): Added local_directory access storage 'local_directory', path: /var/lib/clickhouse/access/
2025.11.02 19:47:28.543324 [ 1 ] {} <Debug> ConfigReloader: Loading config '/etc/clickhouse-server/users.xml'
2025.11.02 19:47:28.543447 [ 1 ] {} <Debug> ConfigProcessor: Processing configuration file '/etc/clickhouse-server/users.xml'.
2025.11.02 19:47:28.543710 [ 1 ] {} <Debug> ConfigProcessor: Merging configuration file '/etc/clickhouse-server/users.d/users.xml'.
2025.11.02 19:47:28.544898 [ 1 ] {} <Debug> ConfigProcessor: Saved preprocessed configuration to '/var/lib/clickhouse/preprocessed_configs/users.xml'.
2025.11.02 19:47:28.544984 [ 1 ] {} <Debug> ConfigReloader: Loaded config '/etc/clickhouse-server/users.xml', performing update on configuration
2025.11.02 19:47:28.545306 [ 1 ] {} <Debug> ConfigReloader: Loaded config '/etc/clickhouse-server/users.xml', performed update on configuration
2025.11.02 19:47:28.545611 [ 1 ] {} <Debug> Access(user directories): Added users_xml access storage 'users_xml', path: /etc/clickhouse-server/users.xml
2025.11.02 19:47:28.545732 [ 1 ] {} <Information> CgroupsMemoryUsageObserver: Started cgroup current memory usage observer thread
2025.11.02 19:47:28.545838 [ 653 ] {} <Information> CgroupsMemoryUsageObserver: Memory amount initially available to the process is 7.65 GiB
2025.11.02 19:47:28.546945 [ 1 ] {} <Information> Context: Initialized background executor for merges and mutations with num_threads=16, num_tasks=32, scheduling_policy=round_robin
2025.11.02 19:47:28.547345 [ 1 ] {} <Information> Context: Initialized background executor for move operations with num_threads=8, num_tasks=8
2025.11.02 19:47:28.548093 [ 1 ] {} <Information> Context: Initialized background executor for fetches with num_threads=16, num_tasks=16
2025.11.02 19:47:28.548562 [ 1 ] {} <Information> Context: Initialized background executor for common operations (e.g. clearing old parts) with num_threads=8, num_tasks=8
2025.11.02 19:47:28.550361 [ 1 ] {} <Warning> Context: Linux transparent hugepages are set to "always". Check /sys/kernel/mm/transparent_hugepage/enabled
2025.11.02 19:47:28.550597 [ 1 ] {} <Warning> Context: Delay accounting is not enabled, OSIOWaitMicroseconds will not be gathered. You can enable it using `echo 1 > /proc/sys/kernel/task_delayacct` or by using sysctl.
2025.11.02 19:47:28.551109 [ 1 ] {} <Information> DNSCacheUpdater: Update period 15 seconds
2025.11.02 19:47:28.551195 [ 1 ] {} <Information> Application: Loading metadata from /var/lib/clickhouse/
2025.11.02 19:47:28.551267 [ 1 ] {} <Information> Context: Database disk name: default
2025.11.02 19:47:28.551318 [ 1 ] {} <Information> Context: Database disk name: default, path: /var/lib/clickhouse/
2025.11.02 19:47:28.551431 [ 1 ] {} <Debug> loadSystemDatabase: metadata_file_path metadata/system.sql, existsFile false
2025.11.02 19:47:28.551214 [ 89 ] {} <Debug> DNSResolver: Updating DNS cache
2025.11.02 19:47:28.552326 [ 1 ] {} <Debug> loadSystemDatabase: metadata_file_path metadata/information_schema.sql, existsFile false
2025.11.02 19:47:28.552353 [ 89 ] {} <Debug> DNSResolver: Updated DNS cache
2025.11.02 19:47:28.553095 [ 1 ] {} <Debug> loadSystemDatabase: metadata_file_path metadata/INFORMATION_SCHEMA.sql, existsFile false
2025.11.02 19:47:28.554335 [ 1 ] {} <Information> DatabaseAtomic (system): Metadata processed, database system has 0 tables and 0 dictionaries in total.
2025.11.02 19:47:28.554407 [ 1 ] {} <Information> TablesLoader: Parsed metadata of 0 tables in 1 databases in 8.075e-05 sec
2025.11.02 19:47:28.554465 [ 1 ] {} <Debug> AsyncLoader: Prioritize load job 'startup Atomic database system': BackgrndStartup -> ForegroundLoad
2025.11.02 19:47:28.554513 [ 1 ] {} <Debug> AsyncLoader: Prioritize load job 'startup Ordinary database system': BackgrndStartup -> ForegroundLoad
2025.11.02 19:47:28.554540 [ 1 ] {} <Debug> AsyncLoader: Schedule load job 'startup Ordinary database system' into ForegroundLoad
2025.11.02 19:47:28.554585 [ 1 ] {} <Debug> AsyncLoader: Schedule load job 'startup Atomic database system' into ForegroundLoad
2025.11.02 19:47:28.554611 [ 1 ] {} <Debug> AsyncLoader: Change current priority: none -> 0
2025.11.02 19:47:28.554651 [ 1 ] {} <Debug> AsyncLoader: Spawn loader worker #1 in ForegroundLoad
2025.11.02 19:47:28.554728 [ 1 ] {} <Debug> AsyncLoader: Wait load job 'startup Atomic database system' in ForegroundLoad
2025.11.02 19:47:28.554787 [ 718 ] {} <Debug> AsyncLoader: Execute load job 'startup Ordinary database system' in ForegroundLoad
2025.11.02 19:47:28.554871 [ 718 ] {} <Debug> AsyncLoader: Finish load job 'startup Ordinary database system' with status OK
2025.11.02 19:47:28.554942 [ 86 ] {} <Information> MemoryTracker: Correcting the value of global memory tracker from 16.36 MiB to 381.03 MiB
2025.11.02 19:47:28.554967 [ 718 ] {} <Debug> AsyncLoader: Spawn loader worker #2 in ForegroundLoad
2025.11.02 19:47:28.555157 [ 718 ] {} <Debug> AsyncLoader: Execute load job 'startup Atomic database system' in ForegroundLoad
2025.11.02 19:47:28.555228 [ 719 ] {} <Debug> AsyncLoader: Stop worker in ForegroundLoad
2025.11.02 19:47:28.555328 [ 718 ] {} <Debug> AsyncLoader: Finish load job 'startup Atomic database system' with status OK
2025.11.02 19:47:28.555385 [ 718 ] {} <Debug> AsyncLoader: Stop worker in ForegroundLoad
2025.11.02 19:47:28.555457 [ 718 ] {} <Debug> AsyncLoader: Change current priority: 0 -> none
2025.11.02 19:47:28.555374 [ 1 ] {} <Debug> SystemLog: Creating system.query_log from query_log
2025.11.02 19:47:28.561185 [ 1 ] {} <Debug> SystemLog: Creating system.query_thread_log from query_thread_log
2025.11.02 19:47:28.561469 [ 1 ] {} <Debug> SystemLog: Not creating system.part_log since corresponding section 'part_log' is missing from config
2025.11.02 19:47:28.561565 [ 1 ] {} <Debug> SystemLog: Not creating system.trace_log since corresponding section 'trace_log' is missing from config
2025.11.02 19:47:28.561607 [ 1 ] {} <Debug> SystemLog: Not creating system.crash_log since corresponding section 'crash_log' is missing from config
2025.11.02 19:47:28.561650 [ 1 ] {} <Debug> SystemLog: Not creating system.text_log since corresponding section 'text_log' is missing from config
2025.11.02 19:47:28.561698 [ 1 ] {} <Debug> SystemLog: Creating system.metric_log from metric_log
2025.11.02 19:47:28.564371 [ 1 ] {} <Debug> SystemLog: Not creating system.latency_log since corresponding section 'latency_log' is missing from config
2025.11.02 19:47:28.564474 [ 1 ] {} <Debug> SystemLog: Not creating system.error_log since corresponding section 'error_log' is missing from config
2025.11.02 19:47:28.564515 [ 1 ] {} <Debug> SystemLog: Not creating system.filesystem_cache_log since corresponding section 'filesystem_cache_log' is missing from config
2025.11.02 19:47:28.564547 [ 1 ] {} <Debug> SystemLog: Not creating system.filesystem_read_prefetches_log since corresponding section 'filesystem_read_prefetches_log' is missing from config
2025.11.02 19:47:28.564633 [ 1 ] {} <Debug> SystemLog: Not creating system.s3queue_log since corresponding section 's3queue_log' is missing from config
2025.11.02 19:47:28.564662 [ 1 ] {} <Debug> SystemLog: Not creating system.azure_queue_log since corresponding section 'azure_queue_log' is missing from config
2025.11.02 19:47:28.564783 [ 1 ] {} <Debug> SystemLog: Not creating system.asynchronous_metric_log since corresponding section 'asynchronous_metric_log' is missing from config
2025.11.02 19:47:28.564856 [ 1 ] {} <Debug> SystemLog: Not creating system.opentelemetry_span_log since corresponding section 'opentelemetry_span_log' is missing from config
2025.11.02 19:47:28.565472 [ 1 ] {} <Debug> SystemLog: Not creating system.query_views_log since corresponding section 'query_views_log' is missing from config
2025.11.02 19:47:28.565493 [ 1 ] {} <Debug> SystemLog: Not creating system.zookeeper_log since corresponding section 'zookeeper_log' is missing from config
2025.11.02 19:47:28.565524 [ 1 ] {} <Debug> SystemLog: Not creating system.session_log since corresponding section 'session_log' is missing from config
2025.11.02 19:47:28.565562 [ 1 ] {} <Debug> SystemLog: Not creating system.transactions_info_log since corresponding section 'transactions_info_log' is missing from config
2025.11.02 19:47:28.565627 [ 1 ] {} <Debug> SystemLog: Not creating system.processors_profile_log since corresponding section 'processors_profile_log' is missing from config
2025.11.02 19:47:28.565726 [ 1 ] {} <Debug> SystemLog: Not creating system.asynchronous_insert_log since corresponding section 'asynchronous_insert_log' is missing from config
2025.11.02 19:47:28.565752 [ 1 ] {} <Debug> SystemLog: Not creating system.backup_log since corresponding section 'backup_log' is missing from config
2025.11.02 19:47:28.565845 [ 1 ] {} <Debug> SystemLog: Not creating system.blob_storage_log since corresponding section 'blob_storage_log' is missing from config
2025.11.02 19:47:28.565900 [ 1 ] {} <Debug> SystemLog: Not creating system.query_metric_log since corresponding section 'query_metric_log' is missing from config
2025.11.02 19:47:28.566195 [ 1 ] {} <Debug> DatabaseAtomic (system): There are 0 detached tables. Start searching non used tables.
2025.11.02 19:47:28.566271 [ 1 ] {} <Debug> DatabaseAtomic (system): Found 0 non used tables in detached tables.
2025.11.02 19:47:28.566935 [ 1 ] {} <Debug> DatabaseAtomic (system): There are 0 detached tables. Start searching non used tables.
2025.11.02 19:47:28.566961 [ 1 ] {} <Debug> DatabaseAtomic (system): Found 0 non used tables in detached tables.
2025.11.02 19:47:28.567156 [ 1 ] {} <Debug> DatabaseAtomic (system): There are 0 detached tables. Start searching non used tables.
2025.11.02 19:47:28.567279 [ 1 ] {} <Debug> DatabaseAtomic (system): Found 0 non used tables in detached tables.
2025.11.02 19:47:28.567432 [ 1 ] {} <Debug> DatabaseAtomic (system): There are 0 detached tables. Start searching non used tables.
2025.11.02 19:47:28.567468 [ 1 ] {} <Debug> DatabaseAtomic (system): Found 0 non used tables in detached tables.
2025.11.02 19:47:28.567553 [ 1 ] {} <Debug> DatabaseAtomic (system): There are 0 detached tables. Start searching non used tables.
2025.11.02 19:47:28.567607 [ 1 ] {} <Debug> DatabaseAtomic (system): Found 0 non used tables in detached tables.
2025.11.02 19:47:28.567749 [ 1 ] {} <Debug> DatabaseAtomic (system): There are 0 detached tables. Start searching non used tables.
2025.11.02 19:47:28.567786 [ 1 ] {} <Debug> DatabaseAtomic (system): Found 0 non used tables in detached tables.
2025.11.02 19:47:28.567881 [ 1 ] {} <Debug> DatabaseAtomic (system): There are 0 detached tables. Start searching non used tables.
2025.11.02 19:47:28.567969 [ 1 ] {} <Debug> DatabaseAtomic (system): Found 0 non used tables in detached tables.
2025.11.02 19:47:28.568018 [ 1 ] {} <Debug> DatabaseAtomic (system): There are 0 detached tables. Start searching non used tables.
2025.11.02 19:47:28.568108 [ 1 ] {} <Debug> DatabaseAtomic (system): Found 0 non used tables in detached tables.
2025.11.02 19:47:28.568243 [ 1 ] {} <Debug> DatabaseAtomic (system): There are 0 detached tables. Start searching non used tables.
2025.11.02 19:47:28.568290 [ 1 ] {} <Debug> DatabaseAtomic (system): Found 0 non used tables in detached tables.
2025.11.02 19:47:28.568364 [ 1 ] {} <Debug> DatabaseAtomic (system): There are 0 detached tables. Start searching non used tables.
2025.11.02 19:47:28.568401 [ 1 ] {} <Debug> DatabaseAtomic (system): Found 0 non used tables in detached tables.
2025.11.02 19:47:28.568460 [ 1 ] {} <Debug> DatabaseAtomic (system): There are 0 detached tables. Start searching non used tables.
2025.11.02 19:47:28.568492 [ 1 ] {} <Debug> DatabaseAtomic (system): Found 0 non used tables in detached tables.
2025.11.02 19:47:28.568558 [ 1 ] {} <Debug> DatabaseAtomic (system): There are 0 detached tables. Start searching non used tables.
2025.11.02 19:47:28.568591 [ 1 ] {} <Debug> DatabaseAtomic (system): Found 0 non used tables in detached tables.
2025.11.02 19:47:28.568674 [ 1 ] {} <Debug> DatabaseAtomic (system): There are 0 detached tables. Start searching non used tables.
2025.11.02 19:47:28.568843 [ 1 ] {} <Debug> DatabaseAtomic (system): Found 0 non used tables in detached tables.
2025.11.02 19:47:28.568950 [ 1 ] {} <Debug> DatabaseAtomic (system): There are 0 detached tables. Start searching non used tables.
2025.11.02 19:47:28.569001 [ 1 ] {} <Debug> DatabaseAtomic (system): Found 0 non used tables in detached tables.
2025.11.02 19:47:28.569068 [ 1 ] {} <Debug> DatabaseAtomic (system): There are 0 detached tables. Start searching non used tables.
2025.11.02 19:47:28.569113 [ 1 ] {} <Debug> DatabaseAtomic (system): Found 0 non used tables in detached tables.
2025.11.02 19:47:28.569224 [ 1 ] {} <Debug> DatabaseAtomic (system): There are 0 detached tables. Start searching non used tables.
2025.11.02 19:47:28.569287 [ 1 ] {} <Debug> DatabaseAtomic (system): Found 0 non used tables in detached tables.
2025.11.02 19:47:28.569391 [ 1 ] {} <Debug> DatabaseAtomic (system): There are 0 detached tables. Start searching non used tables.
2025.11.02 19:47:28.569440 [ 1 ] {} <Debug> DatabaseAtomic (system): Found 0 non used tables in detached tables.
2025.11.02 19:47:28.569465 [ 1 ] {} <Debug> DatabaseAtomic (system): There are 0 detached tables. Start searching non used tables.
2025.11.02 19:47:28.569515 [ 1 ] {} <Debug> DatabaseAtomic (system): Found 0 non used tables in detached tables.
2025.11.02 19:47:28.569598 [ 1 ] {} <Debug> DatabaseAtomic (system): There are 0 detached tables. Start searching non used tables.
2025.11.02 19:47:28.569704 [ 1 ] {} <Debug> DatabaseAtomic (system): Found 0 non used tables in detached tables.
2025.11.02 19:47:28.569763 [ 1 ] {} <Debug> DatabaseAtomic (system): There are 0 detached tables. Start searching non used tables.
2025.11.02 19:47:28.569820 [ 1 ] {} <Debug> DatabaseAtomic (system): Found 0 non used tables in detached tables.
2025.11.02 19:47:28.569886 [ 1 ] {} <Debug> DatabaseAtomic (system): There are 0 detached tables. Start searching non used tables.
2025.11.02 19:47:28.569933 [ 1 ] {} <Debug> DatabaseAtomic (system): Found 0 non used tables in detached tables.
2025.11.02 19:47:28.570041 [ 1 ] {} <Debug> DatabaseAtomic (system): There are 0 detached tables. Start searching non used tables.
2025.11.02 19:47:28.570084 [ 1 ] {} <Debug> DatabaseAtomic (system): Found 0 non used tables in detached tables.
2025.11.02 19:47:28.570185 [ 1 ] {} <Debug> DatabaseAtomic (system): There are 0 detached tables. Start searching non used tables.
2025.11.02 19:47:28.570226 [ 1 ] {} <Debug> DatabaseAtomic (system): Found 0 non used tables in detached tables.
2025.11.02 19:47:28.570272 [ 1 ] {} <Debug> DatabaseAtomic (system): There are 0 detached tables. Start searching non used tables.
2025.11.02 19:47:28.570333 [ 1 ] {} <Debug> DatabaseAtomic (system): Found 0 non used tables in detached tables.
2025.11.02 19:47:28.570434 [ 1 ] {} <Debug> DatabaseAtomic (system): There are 0 detached tables. Start searching non used tables.
2025.11.02 19:47:28.570475 [ 1 ] {} <Debug> DatabaseAtomic (system): Found 0 non used tables in detached tables.
2025.11.02 19:47:28.570557 [ 1 ] {} <Debug> DatabaseAtomic (system): There are 0 detached tables. Start searching non used tables.
2025.11.02 19:47:28.570608 [ 1 ] {} <Debug> DatabaseAtomic (system): Found 0 non used tables in detached tables.
2025.11.02 19:47:28.570665 [ 1 ] {} <Debug> DatabaseAtomic (system): There are 0 detached tables. Start searching non used tables.
2025.11.02 19:47:28.570698 [ 1 ] {} <Debug> DatabaseAtomic (system): Found 0 non used tables in detached tables.
2025.11.02 19:47:28.570828 [ 1 ] {} <Debug> DatabaseAtomic (system): There are 0 detached tables. Start searching non used tables.
2025.11.02 19:47:28.570881 [ 1 ] {} <Debug> DatabaseAtomic (system): Found 0 non used tables in detached tables.
2025.11.02 19:47:28.571034 [ 1 ] {} <Debug> DatabaseAtomic (system): There are 0 detached tables. Start searching non used tables.
2025.11.02 19:47:28.571065 [ 1 ] {} <Debug> DatabaseAtomic (system): Found 0 non used tables in detached tables.
2025.11.02 19:47:28.571142 [ 1 ] {} <Debug> DatabaseAtomic (system): There are 0 detached tables. Start searching non used tables.
2025.11.02 19:47:28.571186 [ 1 ] {} <Debug> DatabaseAtomic (system): Found 0 non used tables in detached tables.
2025.11.02 19:47:28.571249 [ 1 ] {} <Debug> DatabaseAtomic (system): There are 0 detached tables. Start searching non used tables.
2025.11.02 19:47:28.571291 [ 1 ] {} <Debug> DatabaseAtomic (system): Found 0 non used tables in detached tables.
2025.11.02 19:47:28.571380 [ 1 ] {} <Debug> DatabaseAtomic (system): There are 0 detached tables. Start searching non used tables.
2025.11.02 19:47:28.571424 [ 1 ] {} <Debug> DatabaseAtomic (system): Found 0 non used tables in detached tables.
2025.11.02 19:47:28.571533 [ 1 ] {} <Debug> DatabaseAtomic (system): There are 0 detached tables. Start searching non used tables.
2025.11.02 19:47:28.571646 [ 1 ] {} <Debug> DatabaseAtomic (system): Found 0 non used tables in detached tables.
2025.11.02 19:47:28.571802 [ 1 ] {} <Debug> DatabaseAtomic (system): There are 0 detached tables. Start searching non used tables.
2025.11.02 19:47:28.571827 [ 1 ] {} <Debug> DatabaseAtomic (system): Found 0 non used tables in detached tables.
2025.11.02 19:47:28.572052 [ 1 ] {} <Debug> DatabaseAtomic (system): There are 0 detached tables. Start searching non used tables.
2025.11.02 19:47:28.572080 [ 1 ] {} <Debug> DatabaseAtomic (system): Found 0 non used tables in detached tables.
2025.11.02 19:47:28.572162 [ 1 ] {} <Debug> DatabaseAtomic (system): There are 0 detached tables. Start searching non used tables.
2025.11.02 19:47:28.572203 [ 1 ] {} <Debug> DatabaseAtomic (system): Found 0 non used tables in detached tables.
2025.11.02 19:47:28.572266 [ 1 ] {} <Debug> DatabaseAtomic (system): There are 0 detached tables. Start searching non used tables.
2025.11.02 19:47:28.572330 [ 1 ] {} <Debug> DatabaseAtomic (system): Found 0 non used tables in detached tables.
2025.11.02 19:47:28.572392 [ 1 ] {} <Debug> DatabaseAtomic (system): There are 0 detached tables. Start searching non used tables.
2025.11.02 19:47:28.572417 [ 1 ] {} <Debug> DatabaseAtomic (system): Found 0 non used tables in detached tables.
2025.11.02 19:47:28.572466 [ 1 ] {} <Debug> DatabaseAtomic (system): There are 0 detached tables. Start searching non used tables.
2025.11.02 19:47:28.572551 [ 1 ] {} <Debug> DatabaseAtomic (system): Found 0 non used tables in detached tables.
2025.11.02 19:47:28.572793 [ 1 ] {} <Debug> DatabaseAtomic (system): There are 0 detached tables. Start searching non used tables.
2025.11.02 19:47:28.572868 [ 1 ] {} <Debug> DatabaseAtomic (system): Found 0 non used tables in detached tables.
2025.11.02 19:47:28.572922 [ 1 ] {} <Debug> DatabaseAtomic (system): There are 0 detached tables. Start searching non used tables.
2025.11.02 19:47:28.572964 [ 1 ] {} <Debug> DatabaseAtomic (system): Found 0 non used tables in detached tables.
2025.11.02 19:47:28.573138 [ 1 ] {} <Debug> DatabaseAtomic (system): There are 0 detached tables. Start searching non used tables.
2025.11.02 19:47:28.573167 [ 1 ] {} <Debug> DatabaseAtomic (system): Found 0 non used tables in detached tables.
2025.11.02 19:47:28.573201 [ 1 ] {} <Debug> DatabaseAtomic (system): There are 0 detached tables. Start searching non used tables.
2025.11.02 19:47:28.573228 [ 1 ] {} <Debug> DatabaseAtomic (system): Found 0 non used tables in detached tables.
2025.11.02 19:47:28.573313 [ 1 ] {} <Debug> DatabaseAtomic (system): There are 0 detached tables. Start searching non used tables.
2025.11.02 19:47:28.573339 [ 1 ] {} <Debug> DatabaseAtomic (system): Found 0 non used tables in detached tables.
2025.11.02 19:47:28.573376 [ 1 ] {} <Debug> DatabaseAtomic (system): There are 0 detached tables. Start searching non used tables.
2025.11.02 19:47:28.573410 [ 1 ] {} <Debug> DatabaseAtomic (system): Found 0 non used tables in detached tables.
2025.11.02 19:47:28.573446 [ 1 ] {} <Debug> DatabaseAtomic (system): There are 0 detached tables. Start searching non used tables.
2025.11.02 19:47:28.573474 [ 1 ] {} <Debug> DatabaseAtomic (system): Found 0 non used tables in detached tables.
2025.11.02 19:47:28.573537 [ 1 ] {} <Debug> DatabaseAtomic (system): There are 0 detached tables. Start searching non used tables.
2025.11.02 19:47:28.573647 [ 1 ] {} <Debug> DatabaseAtomic (system): Found 0 non used tables in detached tables.
2025.11.02 19:47:28.573692 [ 1 ] {} <Debug> DatabaseAtomic (system): There are 0 detached tables. Start searching non used tables.
2025.11.02 19:47:28.573746 [ 1 ] {} <Debug> DatabaseAtomic (system): Found 0 non used tables in detached tables.
2025.11.02 19:47:28.573798 [ 1 ] {} <Debug> DatabaseAtomic (system): There are 0 detached tables. Start searching non used tables.
2025.11.02 19:47:28.573935 [ 1 ] {} <Debug> DatabaseAtomic (system): Found 0 non used tables in detached tables.
2025.11.02 19:47:28.574113 [ 1 ] {} <Debug> DatabaseAtomic (system): There are 0 detached tables. Start searching non used tables.
2025.11.02 19:47:28.574140 [ 1 ] {} <Debug> DatabaseAtomic (system): Found 0 non used tables in detached tables.
2025.11.02 19:47:28.574273 [ 1 ] {} <Debug> DatabaseAtomic (system): There are 0 detached tables. Start searching non used tables.
2025.11.02 19:47:28.574299 [ 1 ] {} <Debug> DatabaseAtomic (system): Found 0 non used tables in detached tables.
2025.11.02 19:47:28.574350 [ 1 ] {} <Debug> DatabaseAtomic (system): There are 0 detached tables. Start searching non used tables.
2025.11.02 19:47:28.574381 [ 1 ] {} <Debug> DatabaseAtomic (system): Found 0 non used tables in detached tables.
2025.11.02 19:47:28.574416 [ 1 ] {} <Debug> DatabaseAtomic (system): There are 0 detached tables. Start searching non used tables.
2025.11.02 19:47:28.574619 [ 1 ] {} <Debug> DatabaseAtomic (system): Found 0 non used tables in detached tables.
2025.11.02 19:47:28.574684 [ 1 ] {} <Debug> DatabaseAtomic (system): There are 0 detached tables. Start searching non used tables.
2025.11.02 19:47:28.574712 [ 1 ] {} <Debug> DatabaseAtomic (system): Found 0 non used tables in detached tables.
2025.11.02 19:47:28.574757 [ 1 ] {} <Debug> DatabaseAtomic (system): There are 0 detached tables. Start searching non used tables.
2025.11.02 19:47:28.574817 [ 1 ] {} <Debug> DatabaseAtomic (system): Found 0 non used tables in detached tables.
2025.11.02 19:47:28.574922 [ 1 ] {} <Debug> DatabaseAtomic (system): There are 0 detached tables. Start searching non used tables.
2025.11.02 19:47:28.574966 [ 1 ] {} <Debug> DatabaseAtomic (system): Found 0 non used tables in detached tables.
2025.11.02 19:47:28.575064 [ 1 ] {} <Debug> DatabaseAtomic (system): There are 0 detached tables. Start searching non used tables.
2025.11.02 19:47:28.575091 [ 1 ] {} <Debug> DatabaseAtomic (system): Found 0 non used tables in detached tables.
2025.11.02 19:47:28.575201 [ 1 ] {} <Debug> DatabaseAtomic (system): There are 0 detached tables. Start searching non used tables.
2025.11.02 19:47:28.575222 [ 1 ] {} <Debug> DatabaseAtomic (system): Found 0 non used tables in detached tables.
2025.11.02 19:47:28.575364 [ 1 ] {} <Debug> DatabaseAtomic (system): There are 0 detached tables. Start searching non used tables.
2025.11.02 19:47:28.575424 [ 1 ] {} <Debug> DatabaseAtomic (system): Found 0 non used tables in detached tables.
2025.11.02 19:47:28.575509 [ 1 ] {} <Debug> DatabaseAtomic (system): There are 0 detached tables. Start searching non used tables.
2025.11.02 19:47:28.575611 [ 1 ] {} <Debug> DatabaseAtomic (system): Found 0 non used tables in detached tables.
2025.11.02 19:47:28.575710 [ 1 ] {} <Debug> DatabaseAtomic (system): There are 0 detached tables. Start searching non used tables.
2025.11.02 19:47:28.575736 [ 1 ] {} <Debug> DatabaseAtomic (system): Found 0 non used tables in detached tables.
2025.11.02 19:47:28.576046 [ 1 ] {} <Debug> DatabaseAtomic (system): There are 0 detached tables. Start searching non used tables.
2025.11.02 19:47:28.576163 [ 1 ] {} <Debug> DatabaseAtomic (system): Found 0 non used tables in detached tables.
2025.11.02 19:47:28.576227 [ 1 ] {} <Debug> DatabaseAtomic (system): There are 0 detached tables. Start searching non used tables.
2025.11.02 19:47:28.576295 [ 1 ] {} <Debug> DatabaseAtomic (system): Found 0 non used tables in detached tables.
2025.11.02 19:47:28.576355 [ 1 ] {} <Debug> DatabaseAtomic (system): There are 0 detached tables. Start searching non used tables.
2025.11.02 19:47:28.576508 [ 1 ] {} <Debug> DatabaseAtomic (system): Found 0 non used tables in detached tables.
2025.11.02 19:47:28.576659 [ 1 ] {} <Debug> DatabaseAtomic (system): There are 0 detached tables. Start searching non used tables.
2025.11.02 19:47:28.576684 [ 1 ] {} <Debug> DatabaseAtomic (system): Found 0 non used tables in detached tables.
2025.11.02 19:47:28.576732 [ 1 ] {} <Debug> DatabaseAtomic (system): There are 0 detached tables. Start searching non used tables.
2025.11.02 19:47:28.576753 [ 1 ] {} <Debug> DatabaseAtomic (system): Found 0 non used tables in detached tables.
2025.11.02 19:47:28.576792 [ 1 ] {} <Debug> DatabaseAtomic (system): There are 0 detached tables. Start searching non used tables.
2025.11.02 19:47:28.576818 [ 1 ] {} <Debug> DatabaseAtomic (system): Found 0 non used tables in detached tables.
2025.11.02 19:47:28.576946 [ 1 ] {} <Debug> DatabaseAtomic (system): There are 0 detached tables. Start searching non used tables.
2025.11.02 19:47:28.577025 [ 1 ] {} <Debug> DatabaseAtomic (system): Found 0 non used tables in detached tables.
2025.11.02 19:47:28.577074 [ 1 ] {} <Debug> DatabaseAtomic (system): There are 0 detached tables. Start searching non used tables.
2025.11.02 19:47:28.577097 [ 1 ] {} <Debug> DatabaseAtomic (system): Found 0 non used tables in detached tables.
2025.11.02 19:47:28.577144 [ 1 ] {} <Debug> DatabaseAtomic (system): There are 0 detached tables. Start searching non used tables.
2025.11.02 19:47:28.577185 [ 1 ] {} <Debug> DatabaseAtomic (system): Found 0 non used tables in detached tables.
2025.11.02 19:47:28.577362 [ 1 ] {} <Debug> DatabaseAtomic (system): There are 0 detached tables. Start searching non used tables.
2025.11.02 19:47:28.577387 [ 1 ] {} <Debug> DatabaseAtomic (system): Found 0 non used tables in detached tables.
2025.11.02 19:47:28.577439 [ 1 ] {} <Debug> DatabaseAtomic (system): There are 0 detached tables. Start searching non used tables.
2025.11.02 19:47:28.577567 [ 1 ] {} <Debug> DatabaseAtomic (system): Found 0 non used tables in detached tables.
2025.11.02 19:47:28.577668 [ 1 ] {} <Debug> DatabaseAtomic (system): There are 0 detached tables. Start searching non used tables.
2025.11.02 19:47:28.577691 [ 1 ] {} <Debug> DatabaseAtomic (system): Found 0 non used tables in detached tables.
2025.11.02 19:47:28.577744 [ 1 ] {} <Debug> DatabaseAtomic (system): There are 0 detached tables. Start searching non used tables.
2025.11.02 19:47:28.577767 [ 1 ] {} <Debug> DatabaseAtomic (system): Found 0 non used tables in detached tables.
2025.11.02 19:47:28.577855 [ 1 ] {} <Debug> DatabaseAtomic (system): There are 0 detached tables. Start searching non used tables.
2025.11.02 19:47:28.577906 [ 1 ] {} <Debug> DatabaseAtomic (system): Found 0 non used tables in detached tables.
2025.11.02 19:47:28.577976 [ 1 ] {} <Debug> DatabaseAtomic (system): There are 0 detached tables. Start searching non used tables.
2025.11.02 19:47:28.578018 [ 1 ] {} <Debug> DatabaseAtomic (system): Found 0 non used tables in detached tables.
2025.11.02 19:47:28.578189 [ 1 ] {} <Debug> DatabaseAtomic (system): There are 0 detached tables. Start searching non used tables.
2025.11.02 19:47:28.578215 [ 1 ] {} <Debug> DatabaseAtomic (system): Found 0 non used tables in detached tables.
2025.11.02 19:47:28.578263 [ 1 ] {} <Debug> DatabaseAtomic (system): There are 0 detached tables. Start searching non used tables.
2025.11.02 19:47:28.578296 [ 1 ] {} <Debug> DatabaseAtomic (system): Found 0 non used tables in detached tables.
2025.11.02 19:47:28.578333 [ 1 ] {} <Debug> DatabaseAtomic (system): There are 0 detached tables. Start searching non used tables.
2025.11.02 19:47:28.578356 [ 1 ] {} <Debug> DatabaseAtomic (system): Found 0 non used tables in detached tables.
2025.11.02 19:47:28.578584 [ 1 ] {} <Debug> DatabaseAtomic (system): There are 0 detached tables. Start searching non used tables.
2025.11.02 19:47:28.578613 [ 1 ] {} <Debug> DatabaseAtomic (system): Found 0 non used tables in detached tables.
2025.11.02 19:47:28.578659 [ 1 ] {} <Debug> DatabaseAtomic (system): There are 0 detached tables. Start searching non used tables.
2025.11.02 19:47:28.578682 [ 1 ] {} <Debug> DatabaseAtomic (system): Found 0 non used tables in detached tables.
2025.11.02 19:47:28.578761 [ 1 ] {} <Debug> DatabaseAtomic (system): There are 0 detached tables. Start searching non used tables.
2025.11.02 19:47:28.578787 [ 1 ] {} <Debug> DatabaseAtomic (system): Found 0 non used tables in detached tables.
2025.11.02 19:47:28.578829 [ 1 ] {} <Debug> DatabaseAtomic (system): There are 0 detached tables. Start searching non used tables.
2025.11.02 19:47:28.578853 [ 1 ] {} <Debug> DatabaseAtomic (system): Found 0 non used tables in detached tables.
2025.11.02 19:47:28.578918 [ 1 ] {} <Debug> DatabaseAtomic (system): There are 0 detached tables. Start searching non used tables.
2025.11.02 19:47:28.578945 [ 1 ] {} <Debug> DatabaseAtomic (system): Found 0 non used tables in detached tables.
2025.11.02 19:47:28.579016 [ 1 ] {} <Debug> DatabaseAtomic (system): There are 0 detached tables. Start searching non used tables.
2025.11.02 19:47:28.579040 [ 1 ] {} <Debug> DatabaseAtomic (system): Found 0 non used tables in detached tables.
2025.11.02 19:47:28.579113 [ 1 ] {} <Debug> DatabaseAtomic (system): There are 0 detached tables. Start searching non used tables.
2025.11.02 19:47:28.579305 [ 1 ] {} <Debug> DatabaseAtomic (system): Found 0 non used tables in detached tables.
2025.11.02 19:47:28.579358 [ 1 ] {} <Debug> DatabaseAtomic (system): There are 0 detached tables. Start searching non used tables.
2025.11.02 19:47:28.579391 [ 1 ] {} <Debug> DatabaseAtomic (system): Found 0 non used tables in detached tables.
2025.11.02 19:47:28.579466 [ 1 ] {} <Debug> DatabaseAtomic (system): There are 0 detached tables. Start searching non used tables.
2025.11.02 19:47:28.579520 [ 1 ] {} <Debug> DatabaseAtomic (system): Found 0 non used tables in detached tables.
2025.11.02 19:47:28.579569 [ 1 ] {} <Debug> DatabaseAtomic (system): There are 0 detached tables. Start searching non used tables.
2025.11.02 19:47:28.579588 [ 1 ] {} <Debug> DatabaseAtomic (system): Found 0 non used tables in detached tables.
2025.11.02 19:47:28.579639 [ 1 ] {} <Debug> DatabaseAtomic (system): There are 0 detached tables. Start searching non used tables.
2025.11.02 19:47:28.579672 [ 1 ] {} <Debug> DatabaseAtomic (system): Found 0 non used tables in detached tables.
2025.11.02 19:47:28.579727 [ 1 ] {} <Debug> DatabaseAtomic (system): There are 0 detached tables. Start searching non used tables.
2025.11.02 19:47:28.579751 [ 1 ] {} <Debug> DatabaseAtomic (system): Found 0 non used tables in detached tables.
2025.11.02 19:47:28.579800 [ 1 ] {} <Debug> DatabaseAtomic (system): There are 0 detached tables. Start searching non used tables.
2025.11.02 19:47:28.579841 [ 1 ] {} <Debug> DatabaseAtomic (system): Found 0 non used tables in detached tables.
2025.11.02 19:47:28.579937 [ 1 ] {} <Debug> DatabaseAtomic (system): There are 0 detached tables. Start searching non used tables.
2025.11.02 19:47:28.579968 [ 1 ] {} <Debug> DatabaseAtomic (system): Found 0 non used tables in detached tables.
2025.11.02 19:47:28.580062 [ 1 ] {} <Debug> DatabaseAtomic (system): There are 0 detached tables. Start searching non used tables.
2025.11.02 19:47:28.580091 [ 1 ] {} <Debug> DatabaseAtomic (system): Found 0 non used tables in detached tables.
2025.11.02 19:47:28.580237 [ 1 ] {} <Debug> DatabaseAtomic (system): There are 0 detached tables. Start searching non used tables.
2025.11.02 19:47:28.580258 [ 1 ] {} <Debug> DatabaseAtomic (system): Found 0 non used tables in detached tables.
2025.11.02 19:47:28.580290 [ 1 ] {} <Debug> DatabaseAtomic (system): There are 0 detached tables. Start searching non used tables.
2025.11.02 19:47:28.580332 [ 1 ] {} <Debug> DatabaseAtomic (system): Found 0 non used tables in detached tables.
2025.11.02 19:47:28.580412 [ 1 ] {} <Debug> DatabaseAtomic (system): There are 0 detached tables. Start searching non used tables.
2025.11.02 19:47:28.580474 [ 1 ] {} <Debug> DatabaseAtomic (system): Found 0 non used tables in detached tables.
2025.11.02 19:47:28.580553 [ 1 ] {} <Debug> DatabaseAtomic (system): There are 0 detached tables. Start searching non used tables.
2025.11.02 19:47:28.580598 [ 1 ] {} <Debug> DatabaseAtomic (system): Found 0 non used tables in detached tables.
2025.11.02 19:47:28.580653 [ 1 ] {} <Debug> DatabaseAtomic (system): There are 0 detached tables. Start searching non used tables.
2025.11.02 19:47:28.580677 [ 1 ] {} <Debug> DatabaseAtomic (system): Found 0 non used tables in detached tables.
2025.11.02 19:47:28.580731 [ 1 ] {} <Debug> DatabaseAtomic (system): There are 0 detached tables. Start searching non used tables.
2025.11.02 19:47:28.580805 [ 1 ] {} <Debug> DatabaseAtomic (system): Found 0 non used tables in detached tables.
2025.11.02 19:47:28.580949 [ 1 ] {} <Debug> DatabaseAtomic (system): There are 0 detached tables. Start searching non used tables.
2025.11.02 19:47:28.580977 [ 1 ] {} <Debug> DatabaseAtomic (system): Found 0 non used tables in detached tables.
2025.11.02 19:47:28.581018 [ 1 ] {} <Debug> DatabaseAtomic (system): There are 0 detached tables. Start searching non used tables.
2025.11.02 19:47:28.581035 [ 1 ] {} <Debug> DatabaseAtomic (system): Found 0 non used tables in detached tables.
2025.11.02 19:47:28.581094 [ 1 ] {} <Debug> DatabaseAtomic (system): There are 0 detached tables. Start searching non used tables.
2025.11.02 19:47:28.581122 [ 1 ] {} <Debug> DatabaseAtomic (system): Found 0 non used tables in detached tables.
2025.11.02 19:47:28.586003 [ 1 ] {} <Information> DatabaseCatalog: Found 0 partially dropped tables. Will load them and retry removal.
2025.11.02 19:47:28.587014 [ 1 ] {} <Information> DatabaseAtomic (default): Metadata processed, database default has 0 tables and 0 dictionaries in total.
2025.11.02 19:47:28.587755 [ 1 ] {} <Information> TablesLoader: Parsed metadata of 0 tables in 1 databases in 0.000745042 sec
2025.11.02 19:47:28.587810 [ 1 ] {} <Information> loadMetadata: Start asynchronous loading of databases
2025.11.02 19:47:28.587853 [ 1 ] {} <Debug> AsyncLoader: Schedule load job 'startup Ordinary database default' into BackgrndStartup
2025.11.02 19:47:28.587889 [ 1 ] {} <Debug> AsyncLoader: Schedule load job 'startup Atomic database default' into BackgrndStartup
2025.11.02 19:47:28.587919 [ 1 ] {} <Debug> AsyncLoader: Change current priority: none -> 2
2025.11.02 19:47:28.587943 [ 1 ] {} <Debug> AsyncLoader: Spawn loader worker #1 in BackgrndStartup
2025.11.02 19:47:28.588029 [ 1 ] {} <Information> UserDefinedSQLObjectsLoaderFromDisk: Loading user defined objects from /var/lib/clickhouse/user_defined/
2025.11.02 19:47:28.588054 [ 1 ] {} <Debug> UserDefinedSQLObjectsLoaderFromDisk: The directory for user defined objects (/var/lib/clickhouse/user_defined/) does not exist: nothing to load
2025.11.02 19:47:28.588115 [ 1 ] {} <Information> WorkloadEntityDiskStorage: Loading workload entities from /var/lib/clickhouse/workload/
2025.11.02 19:47:28.588176 [ 1 ] {} <Debug> WorkloadEntityDiskStorage: The directory for workload entities (/var/lib/clickhouse/workload/) does not exist: nothing to load
2025.11.02 19:47:28.588034 [ 722 ] {} <Debug> AsyncLoader: Execute load job 'startup Ordinary database default' in BackgrndStartup
2025.11.02 19:47:28.588710 [ 722 ] {} <Debug> AsyncLoader: Finish load job 'startup Ordinary database default' with status OK
2025.11.02 19:47:28.588785 [ 722 ] {} <Debug> AsyncLoader: Spawn loader worker #2 in BackgrndStartup
2025.11.02 19:47:28.588904 [ 722 ] {} <Debug> AsyncLoader: Execute load job 'startup Atomic database default' in BackgrndStartup
2025.11.02 19:47:28.589011 [ 722 ] {} <Debug> AsyncLoader: Finish load job 'startup Atomic database default' with status OK
2025.11.02 19:47:28.589063 [ 722 ] {} <Debug> AsyncLoader: Stop worker in BackgrndStartup
2025.11.02 19:47:28.589126 [ 724 ] {} <Debug> AsyncLoader: Stop worker in BackgrndStartup
2025.11.02 19:47:28.589311 [ 724 ] {} <Debug> AsyncLoader: Change current priority: 2 -> none
2025.11.02 19:47:28.599371 [ 1 ] {} <Information> ZooKeeperClient: Connected to ZooKeeper at 172.19.0.2:2181 with session_id 72057598639276032
2025.11.02 19:47:28.602660 [ 1 ] {} <Information> ZooKeeperClient: Keeper feature flag FILTERED_LIST: disabled
2025.11.02 19:47:28.602720 [ 1 ] {} <Information> ZooKeeperClient: Keeper feature flag MULTI_READ: disabled
2025.11.02 19:47:28.602814 [ 1 ] {} <Information> ZooKeeperClient: Keeper feature flag CHECK_NOT_EXISTS: disabled
2025.11.02 19:47:28.602912 [ 1 ] {} <Information> ZooKeeperClient: Keeper feature flag CREATE_IF_NOT_EXISTS: disabled
2025.11.02 19:47:28.602980 [ 1 ] {} <Information> ZooKeeperClient: Keeper feature flag REMOVE_RECURSIVE: disabled
2025.11.02 19:47:28.616847 [ 1 ] {} <Debug> Application: Loaded metadata.
2025.11.02 19:47:28.616891 [ 1 ] {} <Information> Application: Tasks stats provider: procfs
2025.11.02 19:47:28.616923 [ 1 ] {} <Information> Application: It looks like the process has no CAP_SYS_NICE capability, the setting 'os_thread_priority' will have no effect. It could happen due to incorrect ClickHouse package installation. You could resolve the problem manually with 'sudo setcap cap_sys_nice=+ep /usr/bin/clickhouse'. Note that it will not work on 'nosuid' mounted filesystems.
2025.11.02 19:47:28.616999 [ 1 ] {} <Debug> DatabaseAtomic (system): There are 0 detached tables. Start searching non used tables.
2025.11.02 19:47:28.617125 [ 1 ] {} <Debug> DatabaseAtomic (system): Found 0 non used tables in detached tables.
2025.11.02 19:47:28.617400 [ 1 ] {} <Warning> Application: Listen [::]:8123 failed: Poco::Exception. Code: 1000, e.code() = 0, DNS error: EAI: Address family for hostname not supported (version 25.3.7.194 (official build)). If it is an IPv6 or IPv4 address and your host has disabled IPv6 or IPv4, then consider to specify not disabled IPv4 or IPv6 address to listen in <listen_host> element of configuration file. Example for disabled IPv6: <listen_host>0.0.0.0</listen_host> . Example for disabled IPv4: <listen_host>::</listen_host>
2025.11.02 19:47:28.617671 [ 1 ] {} <Warning> Application: Listen [::]:9000 failed: Poco::Exception. Code: 1000, e.code() = 0, DNS error: EAI: Address family for hostname not supported (version 25.3.7.194 (official build)). If it is an IPv6 or IPv4 address and your host has disabled IPv6 or IPv4, then consider to specify not disabled IPv4 or IPv6 address to listen in <listen_host> element of configuration file. Example for disabled IPv6: <listen_host>0.0.0.0</listen_host> . Example for disabled IPv4: <listen_host>::</listen_host>
2025.11.02 19:47:28.617767 [ 1 ] {} <Warning> Application: Listen [::]:8001 failed: Poco::Exception. Code: 1000, e.code() = 0, DNS error: EAI: Address family for hostname not supported (version 25.3.7.194 (official build)). If it is an IPv6 or IPv4 address and your host has disabled IPv6 or IPv4, then consider to specify not disabled IPv4 or IPv6 address to listen in <listen_host> element of configuration file. Example for disabled IPv6: <listen_host>0.0.0.0</listen_host> . Example for disabled IPv4: <listen_host>::</listen_host>
2025.11.02 19:47:28.617901 [ 1 ] {} <Information> CertificateReloader: One of paths is empty. Cannot apply new configuration for certificates. Fill all paths and try again.
2025.11.02 19:47:28.617985 [ 1 ] {} <Information> CertificateReloader: One of paths is empty. Cannot apply new configuration for certificates. Fill all paths and try again.
2025.11.02 19:47:28.619544 [ 1 ] {} <Debug> AsyncLoader: Schedule load job 'startup ddl worker' into BackgrndStartup
2025.11.02 19:47:28.619648 [ 1 ] {} <Debug> AsyncLoader: Change current priority: none -> 2
2025.11.02 19:47:28.619724 [ 1 ] {} <Debug> AsyncLoader: Spawn loader worker #1 in BackgrndStartup
2025.11.02 19:47:28.619826 [ 1 ] {} <Information> Application: Listening for http://0.0.0.0:8123
2025.11.02 19:47:28.619834 [ 730 ] {} <Debug> AsyncLoader: Execute load job 'startup ddl worker' in BackgrndStartup
2025.11.02 19:47:28.620059 [ 1 ] {} <Information> Application: Listening for native protocol (tcp): 0.0.0.0:9000
2025.11.02 19:47:28.620179 [ 730 ] {} <Debug> AsyncLoader: Finish load job 'startup ddl worker' with status OK
2025.11.02 19:47:28.620291 [ 730 ] {} <Debug> AsyncLoader: Stop worker in BackgrndStartup
2025.11.02 19:47:28.620344 [ 730 ] {} <Debug> AsyncLoader: Change current priority: 2 -> none
2025.11.02 19:47:28.620276 [ 1 ] {} <Information> Application: Listening for Prometheus: http://0.0.0.0:8001
2025.11.02 19:47:28.620457 [ 1 ] {} <Information> Application: Ready for connections.
2025.11.02 19:47:28.620206 [ 733 ] {} <Debug> DDLWorker: Started DDLWorker cleanup thread
2025.11.02 19:47:28.620194 [ 729 ] {} <Debug> DDLWorker: Starting DDLWorker thread
2025.11.02 19:47:28.620626 [ 729 ] {} <Debug> DDLWorker: Initializing DDLWorker thread
2025.11.02 19:47:28.627946 [ 729 ] {} <Debug> DDLWorker: Initialized DDLWorker thread
2025.11.02 19:47:28.628021 [ 733 ] {} <Debug> DDLWorker: Cleaning queue
2025.11.02 19:47:28.630930 [ 729 ] {} <Debug> DDLWorker: Scheduling tasks
2025.11.02 19:47:28.631571 [ 729 ] {} <Debug> DDLWorker: No tasks to schedule
2025.11.02 19:47:28.631656 [ 729 ] {} <Debug> DDLWorker: Waiting for queue updates
2025.11.02 19:47:28.888890 [ 83 ] {} <Information> TCPHandler: Client has not sent any data.
2025.11.02 19:47:28.889154 [ 83 ] {} <Debug> TCPHandler: Done processing connection.
2025.11.02 19:47:28.922670 [ 83 ] {} <Information> TCPHandler: Client has not sent any data.
2025.11.02 19:47:28.923032 [ 83 ] {} <Debug> TCPHandler: Done processing connection.
2025.11.02 19:47:29.049073 [ 729 ] {} <Debug> DDLWorker: Scheduling tasks
2025.11.02 19:47:29.051230 [ 729 ] {} <Debug> DDLWorker: Will schedule 1 tasks starting from query-0000000000
2025.11.02 19:47:29.052360 [ 729 ] {} <Debug> DDLWorker: Processing task query-0000000000 (query: CREATE DATABASE IF NOT EXISTS db_truncate UUID 'b9aaedc5-3235-4843-966a-18a1138291cc', backup restore: false)
2025.11.02 19:47:29.053395 [ 729 ] {} <Debug> DDLWorker: Executing query: CREATE DATABASE IF NOT EXISTS db_truncate UUID 'b9aaedc5-3235-4843-966a-18a1138291cc'
2025.11.02 19:47:29.053498 [ 729 ] {2feefd7a-80a3-401d-baac-25458ad1a503} <Debug> executeQuery: (from 0.0.0.0:0, user: , initial_query_id: 2afdd569-d899-466c-9719-8e40763fda0b) /* ddl_entry=query-0000000000 */ CREATE DATABASE IF NOT EXISTS db_truncate UUID 'b9aaedc5-3235-4843-966a-18a1138291cc' (stage: Complete)
2025.11.02 19:47:29.054315 [ 729 ] {2feefd7a-80a3-401d-baac-25458ad1a503} <Information> DatabaseAtomic (db_truncate): Metadata processed, database db_truncate has 0 tables and 0 dictionaries in total.
2025.11.02 19:47:29.054353 [ 729 ] {2feefd7a-80a3-401d-baac-25458ad1a503} <Information> TablesLoader: Parsed metadata of 0 tables in 1 databases in 4.6958e-05 sec
2025.11.02 19:47:29.054414 [ 729 ] {2feefd7a-80a3-401d-baac-25458ad1a503} <Debug> AsyncLoader: Prioritize load job 'startup Atomic database db_truncate': BackgrndStartup -> ForegroundLoad
2025.11.02 19:47:29.054459 [ 729 ] {2feefd7a-80a3-401d-baac-25458ad1a503} <Debug> AsyncLoader: Prioritize load job 'startup Ordinary database db_truncate': BackgrndStartup -> ForegroundLoad
2025.11.02 19:47:29.054486 [ 729 ] {2feefd7a-80a3-401d-baac-25458ad1a503} <Debug> AsyncLoader: Schedule load job 'startup Ordinary database db_truncate' into ForegroundLoad
2025.11.02 19:47:29.054524 [ 729 ] {2feefd7a-80a3-401d-baac-25458ad1a503} <Debug> AsyncLoader: Schedule load job 'startup Atomic database db_truncate' into ForegroundLoad
2025.11.02 19:47:29.054578 [ 729 ] {2feefd7a-80a3-401d-baac-25458ad1a503} <Debug> AsyncLoader: Change current priority: none -> 0
2025.11.02 19:47:29.054618 [ 729 ] {2feefd7a-80a3-401d-baac-25458ad1a503} <Debug> AsyncLoader: Spawn loader worker #1 in ForegroundLoad
2025.11.02 19:47:29.054705 [ 729 ] {2feefd7a-80a3-401d-baac-25458ad1a503} <Debug> AsyncLoader: Wait load job 'startup Atomic database db_truncate' in ForegroundLoad
2025.11.02 19:47:29.054727 [ 734 ] {} <Debug> AsyncLoader: Execute load job 'startup Ordinary database db_truncate' in ForegroundLoad
2025.11.02 19:47:29.054823 [ 734 ] {} <Debug> AsyncLoader: Finish load job 'startup Ordinary database db_truncate' with status OK
2025.11.02 19:47:29.054939 [ 734 ] {} <Debug> AsyncLoader: Spawn loader worker #2 in ForegroundLoad
2025.11.02 19:47:29.055112 [ 734 ] {} <Debug> AsyncLoader: Execute load job 'startup Atomic database db_truncate' in ForegroundLoad
2025.11.02 19:47:29.055220 [ 734 ] {} <Debug> AsyncLoader: Finish load job 'startup Atomic database db_truncate' with status OK
2025.11.02 19:47:29.055292 [ 734 ] {} <Debug> AsyncLoader: Stop worker in ForegroundLoad
2025.11.02 19:47:29.055370 [ 756 ] {} <Debug> AsyncLoader: Stop worker in ForegroundLoad
2025.11.02 19:47:29.055405 [ 729 ] {2feefd7a-80a3-401d-baac-25458ad1a503} <Debug> DDLWorker: Executed query: /* ddl_entry=query-0000000000 */ CREATE DATABASE IF NOT EXISTS db_truncate UUID 'b9aaedc5-3235-4843-966a-18a1138291cc'
2025.11.02 19:47:29.055443 [ 756 ] {} <Debug> AsyncLoader: Change current priority: 0 -> none
2025.11.02 19:47:29.057473 [ 729 ] {} <Debug> DDLWorker: Waiting for queue updates
2025.11.02 19:47:29.118653 [ 729 ] {} <Debug> DDLWorker: Scheduling tasks
2025.11.02 19:47:29.119111 [ 729 ] {} <Debug> DDLWorker: Will schedule 1 tasks starting from query-0000000001
2025.11.02 19:47:29.120159 [ 729 ] {} <Debug> DDLWorker: Processing task query-0000000001 (query: CREATE TABLE db_truncate.tbl_truncate_local UUID 'b85c4c2a-1940-4fc2-9e98-5a1438bad77a' (`create_time` DateTime, `y` Int32 COMMENT 'shard key', `m` Int32 COMMENT 'part key', `id` Int64 COMMENT 'sort key', `value` Nullable(String)) ENGINE = MergeTree PARTITION BY m ORDER BY id SETTINGS index_granularity = 8192, backup restore: false)
2025.11.02 19:47:29.121399 [ 729 ] {} <Debug> DDLWorker: Executing query: CREATE TABLE db_truncate.tbl_truncate_local UUID 'b85c4c2a-1940-4fc2-9e98-5a1438bad77a' (`create_time` DateTime, `y` Int32 COMMENT 'shard key', `m` Int32 COMMENT 'part key', `id` Int64 COMMENT 'sort key', `value` Nullable(String)) ENGINE = MergeTree PARTITION BY m ORDER BY id SETTINGS index_granularity = 8192
2025.11.02 19:47:29.121656 [ 729 ] {183ce13d-7589-48d6-a898-4dc2607bef24} <Debug> executeQuery: (from 0.0.0.0:0, user: , initial_query_id: 5c1d33ba-97f1-460a-a639-83ded9a9e96c) /* ddl_entry=query-0000000001 */ CREATE TABLE db_truncate.tbl_truncate_local UUID 'b85c4c2a-1940-4fc2-9e98-5a1438bad77a' (`create_time` DateTime, `y` Int32 COMMENT 'shard key', `m` Int32 COMMENT 'part key', `id` Int64 COMMENT 'sort key', `value` Nullable(String)) ENGINE = MergeTree PARTITION BY m ORDER BY id SETTINGS index_granularity = 8192 (stage: Complete)
2025.11.02 19:47:29.122798 [ 729 ] {183ce13d-7589-48d6-a898-4dc2607bef24} <Debug> db_truncate.tbl_truncate_local (b85c4c2a-1940-4fc2-9e98-5a1438bad77a): Loading data parts
2025.11.02 19:47:29.123033 [ 729 ] {183ce13d-7589-48d6-a898-4dc2607bef24} <Debug> db_truncate.tbl_truncate_local (b85c4c2a-1940-4fc2-9e98-5a1438bad77a): There are no data parts
2025.11.02 19:47:29.123645 [ 729 ] {183ce13d-7589-48d6-a898-4dc2607bef24} <Debug> DatabaseAtomic (db_truncate): There are 0 detached tables. Start searching non used tables.
2025.11.02 19:47:29.123679 [ 729 ] {183ce13d-7589-48d6-a898-4dc2607bef24} <Debug> DatabaseAtomic (db_truncate): Found 0 non used tables in detached tables.
2025.11.02 19:47:29.123855 [ 729 ] {183ce13d-7589-48d6-a898-4dc2607bef24} <Debug> DDLWorker: Executed query: /* ddl_entry=query-0000000001 */ CREATE TABLE db_truncate.tbl_truncate_local UUID 'b85c4c2a-1940-4fc2-9e98-5a1438bad77a' (`create_time` DateTime, `y` Int32 COMMENT 'shard key', `m` Int32 COMMENT 'part key', `id` Int64 COMMENT 'sort key', `value` Nullable(String)) ENGINE = MergeTree PARTITION BY m ORDER BY id SETTINGS index_granularity = 8192
2025.11.02 19:47:29.126045 [ 729 ] {} <Debug> DDLWorker: Waiting for queue updates
2025.11.02 19:47:29.177950 [ 729 ] {} <Debug> DDLWorker: Scheduling tasks
2025.11.02 19:47:29.178528 [ 729 ] {} <Debug> DDLWorker: Will schedule 1 tasks starting from query-0000000002
2025.11.02 19:47:29.179433 [ 729 ] {} <Debug> DDLWorker: Processing task query-0000000002 (query: CREATE TABLE db_truncate.tbl_truncate UUID '8423f054-d174-4065-b26f-b16e3ca73e8e' (`create_time` DateTime, `y` Int32 COMMENT 'shard key', `m` Int32 COMMENT 'part key', `id` Int64 COMMENT 'sort key', `value` Nullable(String)) ENGINE = Distributed(single_replica, 'db_truncate', 'tbl_truncate_local', y), backup restore: false)
2025.11.02 19:47:29.181050 [ 729 ] {} <Debug> DDLWorker: Executing query: CREATE TABLE db_truncate.tbl_truncate UUID '8423f054-d174-4065-b26f-b16e3ca73e8e' (`create_time` DateTime, `y` Int32 COMMENT 'shard key', `m` Int32 COMMENT 'part key', `id` Int64 COMMENT 'sort key', `value` Nullable(String)) ENGINE = Distributed(single_replica, 'db_truncate', 'tbl_truncate_local', y)
2025.11.02 19:47:29.181174 [ 729 ] {baf1e869-9efe-4a21-aab0-3cb7a493b13b} <Debug> executeQuery: (from 0.0.0.0:0, user: , initial_query_id: 364a3e5e-1092-43d8-9cb4-af2dd43f4625) /* ddl_entry=query-0000000002 */ CREATE TABLE db_truncate.tbl_truncate UUID '8423f054-d174-4065-b26f-b16e3ca73e8e' (`create_time` DateTime, `y` Int32 COMMENT 'shard key', `m` Int32 COMMENT 'part key', `id` Int64 COMMENT 'sort key', `value` Nullable(String)) ENGINE = Distributed(single_replica, 'db_truncate', 'tbl_truncate_local', y) (stage: Complete)
2025.11.02 19:47:29.181515 [ 729 ] {baf1e869-9efe-4a21-aab0-3cb7a493b13b} <Debug> StorageDistributed (tbl_truncate): Auto-increment is 0
2025.11.02 19:47:29.182515 [ 729 ] {baf1e869-9efe-4a21-aab0-3cb7a493b13b} <Debug> DatabaseAtomic (db_truncate): There are 0 detached tables. Start searching non used tables.
2025.11.02 19:47:29.182570 [ 729 ] {baf1e869-9efe-4a21-aab0-3cb7a493b13b} <Debug> DatabaseAtomic (db_truncate): Found 0 non used tables in detached tables.
2025.11.02 19:47:29.182710 [ 729 ] {baf1e869-9efe-4a21-aab0-3cb7a493b13b} <Debug> DDLWorker: Executed query: /* ddl_entry=query-0000000002 */ CREATE TABLE db_truncate.tbl_truncate UUID '8423f054-d174-4065-b26f-b16e3ca73e8e' (`create_time` DateTime, `y` Int32 COMMENT 'shard key', `m` Int32 COMMENT 'part key', `id` Int64 COMMENT 'sort key', `value` Nullable(String)) ENGINE = Distributed(single_replica, 'db_truncate', 'tbl_truncate_local', y)
2025.11.02 19:47:29.184504 [ 729 ] {} <Debug> DDLWorker: Waiting for queue updates
2025.11.02 19:47:29.235760 [ 83 ] {} <Debug> TCPHandler: Connected ClickHouse server version 25.3.0, revision: 54476, user: default.
2025.11.02 19:47:29.235835 [ 83 ] {} <Debug> TCP-Session-490d6759-0526-44c7-9cfd-02f58e3e2015: Authenticating user 'default' from 172.19.0.5:36334
2025.11.02 19:47:29.235936 [ 83 ] {} <Debug> TCP-Session-490d6759-0526-44c7-9cfd-02f58e3e2015: 490d6759-0526-44c7-9cfd-02f58e3e2015 Authenticated with global context as user 94309d50-4f52-5250-31bd-74fecac179db
2025.11.02 19:47:29.236012 [ 83 ] {} <Debug> TCP-Session-490d6759-0526-44c7-9cfd-02f58e3e2015: Creating session context with user_id: 94309d50-4f52-5250-31bd-74fecac179db
2025.11.02 19:47:29.237032 [ 83 ] {26f1916d-5f17-4125-bd69-079d5f544f01} <Debug> executeQuery: (from 172.19.0.5:36334, initial_query_id: d63915da-17c7-4734-b7b2-01611a13d5b2) SELECT `__table1`.`create_time` AS `create_time`, `__table1`.`y` AS `y`, `__table1`.`m` AS `m`, `__table1`.`id` AS `id`, `__table1`.`value` AS `value` FROM `db_truncate`.`tbl_truncate_local` AS `__table1` WHERE _CAST(0, 'UInt8') (stage: Complete)
2025.11.02 19:47:29.237709 [ 83 ] {26f1916d-5f17-4125-bd69-079d5f544f01} <Debug> TCPHandler: Processed in 0.000931875 sec.
2025.11.02 19:47:29.275886 [ 83 ] {ac4895ac-b1a8-497d-927a-2de9e5a31c14} <Debug> executeQuery: (from 172.19.0.5:36334, initial_query_id: e29bdaeb-6a18-42cd-aeb0-65f40b87a003) SELECT `__table1`.`create_time` AS `create_time`, `__table1`.`y` AS `y`, `__table1`.`m` AS `m`, `__table1`.`id` AS `id`, `__table1`.`value` AS `value` FROM `db_truncate`.`tbl_truncate_local` AS `__table1` WHERE _CAST(0, 'UInt8') (stage: Complete)
2025.11.02 19:47:29.276453 [ 83 ] {ac4895ac-b1a8-497d-927a-2de9e5a31c14} <Debug> TCPHandler: Processed in 0.000760416 sec.
2025.11.02 19:47:29.304883 [ 83 ] {1a63b4e2-6a94-4806-a219-660373856f95} <Debug> executeQuery: (from 172.19.0.5:36334, initial_query_id: 1c553f8f-2361-4d78-89cf-457877852401) SELECT `__table1`.`create_time` AS `create_time`, `__table1`.`y` AS `y`, `__table1`.`m` AS `m`, `__table1`.`id` AS `id`, `__table1`.`value` AS `value` FROM `db_truncate`.`tbl_truncate_local` AS `__table1` WHERE _CAST(0, 'UInt8') (stage: Complete)
2025.11.02 19:47:29.305472 [ 83 ] {1a63b4e2-6a94-4806-a219-660373856f95} <Debug> TCPHandler: Processed in 0.000788417 sec.
2025.11.02 19:47:29.354661 [ 82 ] {} <Debug> HTTP-Session-41d20be7-4a42-41d1-8463-116ecec122a3: Authenticating user 'default' from 172.19.0.7:50070
2025.11.02 19:47:29.354736 [ 82 ] {} <Debug> HTTP-Session-41d20be7-4a42-41d1-8463-116ecec122a3: 41d20be7-4a42-41d1-8463-116ecec122a3 Authenticated with global context as user 94309d50-4f52-5250-31bd-74fecac179db
2025.11.02 19:47:29.354768 [ 82 ] {} <Debug> HTTP-Session-41d20be7-4a42-41d1-8463-116ecec122a3: Creating session context with user_id: 94309d50-4f52-5250-31bd-74fecac179db
2025.11.02 19:47:29.355013 [ 82 ] {9d81395e-1c29-4d4f-be0e-68c69519c04f} <Debug> executeQuery: (from 172.19.0.7:50070) INSERT INTO `db_truncate`.`tbl_truncate` FORMAT ArrowStream  (stage: Complete)
2025.11.02 19:47:29.410113 [ 756 ] {71bf5675-eb00-4133-819e-2f16b5f63d4b} <Debug> AsynchronousInsertQueue: Flushed 2 rows, 62 bytes for query 'INSERT INTO db_truncate.tbl_truncate (create_time, y, m, id, value) FORMAT ArrowStream'
2025.11.02 19:47:29.410475 [ 82 ] {9d81395e-1c29-4d4f-be0e-68c69519c04f} <Debug> DynamicQueryHandler: Done processing query
2025.11.02 19:47:29.410606 [ 82 ] {} <Debug> HTTP-Session-41d20be7-4a42-41d1-8463-116ecec122a3: 41d20be7-4a42-41d1-8463-116ecec122a3 Logout, user_id: 94309d50-4f52-5250-31bd-74fecac179db
2025.11.02 19:47:29.411087 [ 636 ] {} <Debug> db_truncate.tbl_truncate.DistributedInsertQueue.default: Sending `/var/lib/clickhouse/store/842/8423f054-d174-4065-b26f-b16e3ca73e8e/shard3_replica1/2.bin` to clickhouse-s2r1:9000 (1.00 rows, 31.00 B bytes)
2025.11.02 19:47:29.411176 [ 635 ] {} <Debug> db_truncate.tbl_truncate.DistributedInsertQueue.default: Sending `/var/lib/clickhouse/store/842/8423f054-d174-4065-b26f-b16e3ca73e8e/shard2_replica1/1.bin` to clickhouse-s1r2:9000 (1.00 rows, 31.00 B bytes)
2025.11.02 19:47:29.475543 [ 83 ] {1a5ba539-0537-4bbf-92d1-13951e43298e} <Debug> executeQuery: (from 172.19.0.5:36334, initial_query_id: f2b3e145-be56-489b-aefe-973e4ad199db) INSERT INTO db_truncate.tbl_truncate_local (create_time, y, m, id, value) VALUES (stage: Complete)
2025.11.02 19:47:29.476500 [ 83 ] {1a5ba539-0537-4bbf-92d1-13951e43298e} <Debug> executeQuery: Read 1 rows, 31.00 B in 0.00099 sec., 1010.1010101010102 rows/sec., 30.58 KiB/sec.
2025.11.02 19:47:29.476663 [ 83 ] {1a5ba539-0537-4bbf-92d1-13951e43298e} <Debug> MemoryTracker: Query peak memory usage: 4.30 MiB.
2025.11.02 19:47:29.476757 [ 83 ] {1a5ba539-0537-4bbf-92d1-13951e43298e} <Debug> TCPHandler: Processed in 0.001373833 sec.
2025.11.02 19:47:29.480598 [ 83 ] {0e8e8275-2601-4433-b3f8-a0b65d659213} <Debug> executeQuery: (from 172.19.0.5:36334, initial_query_id: 9b48558d-9c52-4fa7-a40b-6b0af9540005) SELECT `__table1`.`create_time` AS `create_time`, `__table1`.`y` AS `y`, `__table1`.`m` AS `m`, `__table1`.`id` AS `id`, `__table1`.`value` AS `value` FROM `db_truncate`.`tbl_truncate_local` AS `__table1` WHERE _CAST(0, 'UInt8') (stage: Complete)
2025.11.02 19:47:29.480914 [ 83 ] {0e8e8275-2601-4433-b3f8-a0b65d659213} <Debug> db_truncate.tbl_truncate_local (b85c4c2a-1940-4fc2-9e98-5a1438bad77a) (SelectExecutor): Selected 0/0 parts by partition key, 0 parts by primary key, 0/0 marks by primary key, 0 marks to read from 0 ranges
2025.11.02 19:47:29.481391 [ 83 ] {0e8e8275-2601-4433-b3f8-a0b65d659213} <Debug> TCPHandler: Processed in 0.000954833 sec.
2025.11.02 19:47:29.510600 [ 83 ] {d8fc0607-ae67-4543-9b0f-5cf283bcad5e} <Debug> executeQuery: (from 172.19.0.5:36334, initial_query_id: 79634d33-10dd-4ad9-ad04-24043b42590b) SELECT count() AS `COUNT()` FROM `db_truncate`.`tbl_truncate_local` AS `__table1` WHERE _CAST(0, 'UInt8') (stage: WithMergeableState)
2025.11.02 19:47:29.510962 [ 83 ] {d8fc0607-ae67-4543-9b0f-5cf283bcad5e} <Debug> db_truncate.tbl_truncate_local (b85c4c2a-1940-4fc2-9e98-5a1438bad77a) (SelectExecutor): Selected 0/0 parts by partition key, 0 parts by primary key, 0/0 marks by primary key, 0 marks to read from 0 ranges
2025.11.02 19:47:29.511425 [ 83 ] {d8fc0607-ae67-4543-9b0f-5cf283bcad5e} <Debug> TCPHandler: Processed in 0.000952917 sec.
2025.11.02 19:47:29.533827 [ 82 ] {} <Debug> HTTP-Session-1a81cdd7-8a24-48c0-a8c2-a830fb833327: Authenticating user 'default' from 172.19.0.7:50086
2025.11.02 19:47:29.533927 [ 82 ] {} <Debug> HTTP-Session-1a81cdd7-8a24-48c0-a8c2-a830fb833327: 1a81cdd7-8a24-48c0-a8c2-a830fb833327 Authenticated with global context as user 94309d50-4f52-5250-31bd-74fecac179db
2025.11.02 19:47:29.533993 [ 82 ] {} <Debug> HTTP-Session-1a81cdd7-8a24-48c0-a8c2-a830fb833327: Creating session context with user_id: 94309d50-4f52-5250-31bd-74fecac179db
2025.11.02 19:47:29.534197 [ 82 ] {ba2bdcea-1567-42ba-95ff-52fc40c2e6a2} <Debug> executeQuery: (from 172.19.0.7:50086) SELECT partition, -- String
 partition_id, -- String
 sum(rows) AS row_count, -- UInt64
 sum(bytes_on_disk) AS size_in_bytes -- UInt64
 FROM `system`.`parts` WHERE `database`='db_truncate' AND `table`='tbl_truncate_local' AND `active`=1 GROUP BY `partition`, `partition_id` ORDER BY `partition` ASC, partition_id ASC  (stage: Complete)
2025.11.02 19:47:29.535852 [ 82 ] {ba2bdcea-1567-42ba-95ff-52fc40c2e6a2} <Debug> executeQuery: Read 1 rows, 84.00 B in 0.001742 sec., 574.052812858783 rows/sec., 47.09 KiB/sec.
2025.11.02 19:47:29.536208 [ 82 ] {ba2bdcea-1567-42ba-95ff-52fc40c2e6a2} <Debug> DynamicQueryHandler: Done processing query
2025.11.02 19:47:29.536283 [ 82 ] {ba2bdcea-1567-42ba-95ff-52fc40c2e6a2} <Debug> MemoryTracker: Query peak memory usage: 4.02 MiB.
2025.11.02 19:47:29.536463 [ 82 ] {} <Debug> HTTP-Session-1a81cdd7-8a24-48c0-a8c2-a830fb833327: 1a81cdd7-8a24-48c0-a8c2-a830fb833327 Logout, user_id: 94309d50-4f52-5250-31bd-74fecac179db
2025.11.02 19:47:29.602906 [ 82 ] {} <Debug> HTTP-Session-992c8cac-94ed-44b3-adeb-f3a9633366b8: Authenticating user 'default' from 172.19.0.7:50090
2025.11.02 19:47:29.603020 [ 82 ] {} <Debug> HTTP-Session-992c8cac-94ed-44b3-adeb-f3a9633366b8: 992c8cac-94ed-44b3-adeb-f3a9633366b8 Authenticated with global context as user 94309d50-4f52-5250-31bd-74fecac179db
2025.11.02 19:47:29.603057 [ 82 ] {} <Debug> HTTP-Session-992c8cac-94ed-44b3-adeb-f3a9633366b8: Creating session context with user_id: 94309d50-4f52-5250-31bd-74fecac179db
2025.11.02 19:47:29.603245 [ 82 ] {ce262814-0964-4bad-9a27-bd1b119a37e0} <Debug> executeQuery: (from 172.19.0.7:50090) SELECT COUNT(*) FROM `db_truncate`.`tbl_truncate_local` WHERE (_partition_id = '3') AND ((1=1) AND (1=1))  (stage: Complete)
2025.11.02 19:47:29.604476 [ 82 ] {ce262814-0964-4bad-9a27-bd1b119a37e0} <Debug> executeQuery: Read 1 rows, 44.00 B in 0.001292 sec., 773.9938080495356 rows/sec., 33.26 KiB/sec.
2025.11.02 19:47:29.604839 [ 82 ] {ce262814-0964-4bad-9a27-bd1b119a37e0} <Debug> DynamicQueryHandler: Done processing query
2025.11.02 19:47:29.604927 [ 82 ] {ce262814-0964-4bad-9a27-bd1b119a37e0} <Debug> MemoryTracker: Query peak memory usage: 4.03 MiB.
2025.11.02 19:47:29.604986 [ 82 ] {} <Debug> HTTP-Session-992c8cac-94ed-44b3-adeb-f3a9633366b8: 992c8cac-94ed-44b3-adeb-f3a9633366b8 Logout, user_id: 94309d50-4f52-5250-31bd-74fecac179db
2025.11.02 19:47:29.631637 [ 83 ] {0c100aa9-81cc-463a-a9a3-5ded06776e62} <Debug> executeQuery: (from 172.19.0.5:36334, initial_query_id: a8d15c28-66d6-41f5-b1bc-81408d38e5d4) SELECT `__table1`.`create_time` AS `create_time`, `__table1`.`y` AS `y`, `__table1`.`m` AS `m`, `__table1`.`id` AS `id`, `__table1`.`value` AS `value` FROM `db_truncate`.`tbl_truncate_local` AS `__table1` WHERE _CAST(0, 'UInt8') (stage: Complete)
2025.11.02 19:47:29.631927 [ 83 ] {0c100aa9-81cc-463a-a9a3-5ded06776e62} <Debug> db_truncate.tbl_truncate_local (b85c4c2a-1940-4fc2-9e98-5a1438bad77a) (SelectExecutor): Selected 0/0 parts by partition key, 0 parts by primary key, 0/0 marks by primary key, 0 marks to read from 0 ranges
2025.11.02 19:47:29.632548 [ 83 ] {0c100aa9-81cc-463a-a9a3-5ded06776e62} <Debug> TCPHandler: Processed in 0.001301875 sec.
2025.11.02 19:47:29.664077 [ 729 ] {} <Debug> DDLWorker: Scheduling tasks
2025.11.02 19:47:29.664662 [ 729 ] {} <Debug> DDLWorker: Will schedule 1 tasks starting from query-0000000003
2025.11.02 19:47:29.666279 [ 729 ] {} <Debug> DDLWorker: Processing task query-0000000003 (query: TRUNCATE TABLE db_truncate.tbl_truncate_local, backup restore: false)
2025.11.02 19:47:29.667321 [ 729 ] {} <Debug> DDLWorker: Executing query: TRUNCATE TABLE db_truncate.tbl_truncate_local
2025.11.02 19:47:29.667462 [ 729 ] {670973b2-8922-4795-b3a1-bf7797764edc} <Debug> executeQuery: (from 0.0.0.0:0, user: , initial_query_id: 613dd8df-f1bb-480e-ac30-81a1312a902d) /* ddl_entry=query-0000000003 */ TRUNCATE TABLE db_truncate.tbl_truncate_local (stage: Complete)
2025.11.02 19:47:29.667730 [ 729 ] {670973b2-8922-4795-b3a1-bf7797764edc} <Information> db_truncate.tbl_truncate_local (b85c4c2a-1940-4fc2-9e98-5a1438bad77a): Remove 1 parts by covering them with empty 1 parts. With txn (1, 1, 00000000-0000-0000-0000-000000000000).
2025.11.02 19:47:29.667791 [ 729 ] {670973b2-8922-4795-b3a1-bf7797764edc} <Information> db_truncate.tbl_truncate_local (b85c4c2a-1940-4fc2-9e98-5a1438bad77a): Truncated table with 1 parts by replacing them with new empty 1 parts. With txn (1, 1, 00000000-0000-0000-0000-000000000000)
2025.11.02 19:47:29.667962 [ 729 ] {670973b2-8922-4795-b3a1-bf7797764edc} <Debug> db_truncate.tbl_truncate_local (b85c4c2a-1940-4fc2-9e98-5a1438bad77a): Removing 1 parts from filesystem (serially): Parts: [3_1_1_0]
2025.11.02 19:47:29.668171 [ 729 ] {670973b2-8922-4795-b3a1-bf7797764edc} <Debug> db_truncate.tbl_truncate_local (b85c4c2a-1940-4fc2-9e98-5a1438bad77a): Removing 1 parts from memory: Parts: [3_1_1_0]
2025.11.02 19:47:29.668266 [ 729 ] {670973b2-8922-4795-b3a1-bf7797764edc} <Debug> db_truncate.tbl_truncate_local (b85c4c2a-1940-4fc2-9e98-5a1438bad77a): Removed 1 old parts
2025.11.02 19:47:29.668332 [ 729 ] {670973b2-8922-4795-b3a1-bf7797764edc} <Information> db_truncate.tbl_truncate_local (b85c4c2a-1940-4fc2-9e98-5a1438bad77a): Will drop empty part 3_1_1_1
2025.11.02 19:47:29.668454 [ 729 ] {670973b2-8922-4795-b3a1-bf7797764edc} <Debug> DDLWorker: Executed query: /* ddl_entry=query-0000000003 */ TRUNCATE TABLE db_truncate.tbl_truncate_local
2025.11.02 19:47:29.670134 [ 729 ] {} <Debug> DDLWorker: Waiting for queue updates
2025.11.02 19:47:29.722390 [ 83 ] {b44f74ed-9723-4d89-9836-b6de1357b40d} <Debug> executeQuery: (from 172.19.0.5:36334, initial_query_id: 4a61a125-b7e8-42da-ba50-884382bfd013) SELECT `__table1`.`create_time` AS `create_time`, `__table1`.`y` AS `y`, `__table1`.`m` AS `m`, `__table1`.`id` AS `id`, `__table1`.`value` AS `value` FROM `db_truncate`.`tbl_truncate_local` AS `__table1` WHERE _CAST(0, 'UInt8') (stage: Complete)
2025.11.02 19:47:29.722982 [ 83 ] {b44f74ed-9723-4d89-9836-b6de1357b40d} <Debug> TCPHandler: Processed in 0.000747875 sec.
2025.11.02 19:47:29.740734 [ 83 ] {cf386aa8-8fdd-455a-ba80-22e1755fe907} <Debug> executeQuery: (from 172.19.0.5:36334, initial_query_id: 2475b7be-5071-4671-965f-151947eab1f1) SELECT count() AS `COUNT()` FROM `db_truncate`.`tbl_truncate_local` AS `__table1` WHERE _CAST(0, 'UInt8') (stage: WithMergeableState)
2025.11.02 19:47:29.741198 [ 83 ] {cf386aa8-8fdd-455a-ba80-22e1755fe907} <Debug> TCPHandler: Processed in 0.00060875 sec.
2025.11.02 19:47:29.755084 [ 82 ] {} <Debug> HTTP-Session-bc5c081b-484c-4207-acd8-a957d9284750: Authenticating user 'default' from 172.19.0.7:50094
2025.11.02 19:47:29.755165 [ 82 ] {} <Debug> HTTP-Session-bc5c081b-484c-4207-acd8-a957d9284750: bc5c081b-484c-4207-acd8-a957d9284750 Authenticated with global context as user 94309d50-4f52-5250-31bd-74fecac179db
2025.11.02 19:47:29.755237 [ 82 ] {} <Debug> HTTP-Session-bc5c081b-484c-4207-acd8-a957d9284750: Creating session context with user_id: 94309d50-4f52-5250-31bd-74fecac179db
2025.11.02 19:47:29.755437 [ 82 ] {b5f0f87c-97cc-435d-8c0b-f4c9ca1ba84d} <Debug> executeQuery: (from 172.19.0.7:50094) SELECT partition, -- String
 partition_id, -- String
 sum(rows) AS row_count, -- UInt64
 sum(bytes_on_disk) AS size_in_bytes -- UInt64
 FROM `system`.`parts` WHERE `database`='db_truncate' AND `table`='tbl_truncate_local' AND `active`=1 GROUP BY `partition`, `partition_id` ORDER BY `partition` ASC, partition_id ASC  (stage: Complete)
2025.11.02 19:47:29.756935 [ 82 ] {b5f0f87c-97cc-435d-8c0b-f4c9ca1ba84d} <Debug> DynamicQueryHandler: Done processing query
2025.11.02 19:47:29.756995 [ 82 ] {b5f0f87c-97cc-435d-8c0b-f4c9ca1ba84d} <Debug> MemoryTracker: Query peak memory usage: 3.03 MiB.
2025.11.02 19:47:29.757047 [ 82 ] {} <Debug> HTTP-Session-bc5c081b-484c-4207-acd8-a957d9284750: bc5c081b-484c-4207-acd8-a957d9284750 Logout, user_id: 94309d50-4f52-5250-31bd-74fecac179db
2025.11.02 19:47:29.773826 [ 82 ] {} <Debug> HTTP-Session-4194e3e5-ef4c-495f-a4bd-0ea63890f204: Authenticating user 'default' from 172.19.0.7:50108
2025.11.02 19:47:29.773882 [ 82 ] {} <Debug> HTTP-Session-4194e3e5-ef4c-495f-a4bd-0ea63890f204: 4194e3e5-ef4c-495f-a4bd-0ea63890f204 Authenticated with global context as user 94309d50-4f52-5250-31bd-74fecac179db
2025.11.02 19:47:29.773914 [ 82 ] {} <Debug> HTTP-Session-4194e3e5-ef4c-495f-a4bd-0ea63890f204: Creating session context with user_id: 94309d50-4f52-5250-31bd-74fecac179db
2025.11.02 19:47:29.774068 [ 82 ] {a063a053-aea4-4043-bbeb-51b1993ffe7e} <Debug> executeQuery: (from 172.19.0.7:50108) SELECT COUNT(*) FROM `db_truncate`.`tbl_truncate_local` WHERE (1=1) AND ((1=1) AND (1=1))  (stage: Complete)
2025.11.02 19:47:29.774592 [ 764 ] {a063a053-aea4-4043-bbeb-51b1993ffe7e} <Debug> MergingAggregatedTransform: Read 1 blocks of partially aggregated data, total 1 rows.
2025.11.02 19:47:29.774677 [ 764 ] {a063a053-aea4-4043-bbeb-51b1993ffe7e} <Debug> Aggregator: Converted aggregated data to blocks. 1 rows, 8.00 B in 3.5e-06 sec. (285714.286 rows/sec., 2.18 MiB/sec.)
2025.11.02 19:47:29.775338 [ 82 ] {a063a053-aea4-4043-bbeb-51b1993ffe7e} <Debug> executeQuery: Read 1 rows, 16.00 B in 0.00132 sec., 757.5757575757576 rows/sec., 11.84 KiB/sec.
2025.11.02 19:47:29.775656 [ 82 ] {a063a053-aea4-4043-bbeb-51b1993ffe7e} <Debug> DynamicQueryHandler: Done processing query
2025.11.02 19:47:29.775735 [ 82 ] {a063a053-aea4-4043-bbeb-51b1993ffe7e} <Debug> MemoryTracker: Query peak memory usage: 4.02 MiB.
2025.11.02 19:47:29.775825 [ 82 ] {} <Debug> HTTP-Session-4194e3e5-ef4c-495f-a4bd-0ea63890f204: 4194e3e5-ef4c-495f-a4bd-0ea63890f204 Logout, user_id: 94309d50-4f52-5250-31bd-74fecac179db
2025.11.02 19:47:29.797567 [ 729 ] {} <Debug> DDLWorker: Scheduling tasks
2025.11.02 19:47:29.798236 [ 729 ] {} <Debug> DDLWorker: Will schedule 1 tasks starting from query-0000000004
2025.11.02 19:47:29.800091 [ 729 ] {} <Debug> DDLWorker: Processing task query-0000000004 (query: DROP TABLE IF EXISTS db_truncate.tbl_truncate, backup restore: false)
2025.11.02 19:47:29.801640 [ 729 ] {} <Debug> DDLWorker: Executing query: DROP TABLE IF EXISTS db_truncate.tbl_truncate
2025.11.02 19:47:29.801794 [ 729 ] {f310c597-83b9-401e-8eb0-44fc228ade2a} <Debug> executeQuery: (from 0.0.0.0:0, user: , initial_query_id: 516050a8-3f4d-420c-a5b4-d9ecd74cdac9) /* ddl_entry=query-0000000004 */ DROP TABLE IF EXISTS db_truncate.tbl_truncate (stage: Complete)
2025.11.02 19:47:29.801921 [ 729 ] {f310c597-83b9-401e-8eb0-44fc228ade2a} <Information> StorageDistributed (tbl_truncate): Flushing pending INSERT blocks
2025.11.02 19:47:29.802206 [ 729 ] {f310c597-83b9-401e-8eb0-44fc228ade2a} <Information> StorageDistributed (tbl_truncate): Pending INSERT blocks flushed, took 0 ms.
2025.11.02 19:47:29.802388 [ 729 ] {f310c597-83b9-401e-8eb0-44fc228ade2a} <Debug> StorageDistributed (tbl_truncate): Joining background threads for async INSERT
2025.11.02 19:47:29.802542 [ 729 ] {f310c597-83b9-401e-8eb0-44fc228ade2a} <Debug> StorageDistributed (tbl_truncate): Background threads for async INSERT joined
2025.11.02 19:47:29.802903 [ 729 ] {f310c597-83b9-401e-8eb0-44fc228ade2a} <Debug> DDLWorker: Executed query: /* ddl_entry=query-0000000004 */ DROP TABLE IF EXISTS db_truncate.tbl_truncate
2025.11.02 19:47:29.804178 [ 729 ] {} <Debug> DDLWorker: Waiting for queue updates
2025.11.02 19:47:29.863291 [ 729 ] {} <Debug> DDLWorker: Scheduling tasks
2025.11.02 19:47:29.863636 [ 729 ] {} <Debug> DDLWorker: Will schedule 1 tasks starting from query-0000000005
2025.11.02 19:47:29.864489 [ 729 ] {} <Debug> DDLWorker: Processing task query-0000000005 (query: DROP TABLE IF EXISTS db_truncate.tbl_truncate_local, backup restore: false)
2025.11.02 19:47:29.865262 [ 729 ] {} <Debug> DDLWorker: Executing query: DROP TABLE IF EXISTS db_truncate.tbl_truncate_local
2025.11.02 19:47:29.865387 [ 729 ] {9de31052-c856-4bde-8f95-2f34c8f377ce} <Debug> executeQuery: (from 0.0.0.0:0, user: , initial_query_id: f4732d21-c96f-44e0-9b20-0db1af10f541) /* ddl_entry=query-0000000005 */ DROP TABLE IF EXISTS db_truncate.tbl_truncate_local (stage: Complete)
2025.11.02 19:47:29.865665 [ 729 ] {9de31052-c856-4bde-8f95-2f34c8f377ce} <Debug> DDLWorker: Executed query: /* ddl_entry=query-0000000005 */ DROP TABLE IF EXISTS db_truncate.tbl_truncate_local
2025.11.02 19:47:29.866461 [ 729 ] {} <Debug> DDLWorker: Waiting for queue updates
2025.11.02 19:47:29.926668 [ 729 ] {} <Debug> DDLWorker: Scheduling tasks
2025.11.02 19:47:29.927152 [ 729 ] {} <Debug> DDLWorker: Will schedule 1 tasks starting from query-0000000006
2025.11.02 19:47:29.928044 [ 729 ] {} <Debug> DDLWorker: Processing task query-0000000006 (query: DROP DATABASE IF EXISTS db_truncate, backup restore: false)
2025.11.02 19:47:29.929350 [ 729 ] {} <Debug> DDLWorker: Executing query: DROP DATABASE IF EXISTS db_truncate
2025.11.02 19:47:29.929449 [ 729 ] {94295acc-9803-457e-b439-d580ef187977} <Debug> executeQuery: (from 0.0.0.0:0, user: , initial_query_id: 35a6e153-b603-46d5-bccb-0c1065f9ec41) /* ddl_entry=query-0000000006 */ DROP DATABASE IF EXISTS db_truncate (stage: Complete)
2025.11.02 19:47:29.929542 [ 729 ] {94295acc-9803-457e-b439-d580ef187977} <Debug> DatabaseAtomic (db_truncate): There are 0 detached tables. Start searching non used tables.
2025.11.02 19:47:29.929578 [ 729 ] {94295acc-9803-457e-b439-d580ef187977} <Debug> DatabaseAtomic (db_truncate): Found 0 non used tables in detached tables.
2025.11.02 19:47:29.929807 [ 729 ] {94295acc-9803-457e-b439-d580ef187977} <Debug> DDLWorker: Executed query: /* ddl_entry=query-0000000006 */ DROP DATABASE IF EXISTS db_truncate
2025.11.02 19:47:29.930599 [ 729 ] {} <Debug> DDLWorker: Waiting for queue updates
2025.11.02 19:47:29.990169 [ 729 ] {} <Debug> DDLWorker: Scheduling tasks
2025.11.02 19:47:29.990645 [ 729 ] {} <Debug> DDLWorker: Will schedule 1 tasks starting from query-0000000007
2025.11.02 19:47:29.991685 [ 729 ] {} <Debug> DDLWorker: Processing task query-0000000007 (query: CREATE DATABASE IF NOT EXISTS db_delete UUID '550e4696-db43-4420-8ed9-8f43d03f03c2', backup restore: false)
2025.11.02 19:47:29.992652 [ 729 ] {} <Debug> DDLWorker: Executing query: CREATE DATABASE IF NOT EXISTS db_delete UUID '550e4696-db43-4420-8ed9-8f43d03f03c2'
2025.11.02 19:47:29.992785 [ 729 ] {79ac15a2-c299-4289-b44d-e8d3522a71bc} <Debug> executeQuery: (from 0.0.0.0:0, user: , initial_query_id: 740b971c-9aa7-4a43-b412-94ed3e7731fa) /* ddl_entry=query-0000000007 */ CREATE DATABASE IF NOT EXISTS db_delete UUID '550e4696-db43-4420-8ed9-8f43d03f03c2' (stage: Complete)
2025.11.02 19:47:29.994104 [ 729 ] {79ac15a2-c299-4289-b44d-e8d3522a71bc} <Information> DatabaseAtomic (db_delete): Metadata processed, database db_delete has 0 tables and 0 dictionaries in total.
2025.11.02 19:47:29.994161 [ 729 ] {79ac15a2-c299-4289-b44d-e8d3522a71bc} <Information> TablesLoader: Parsed metadata of 0 tables in 1 databases in 6.75e-05 sec
2025.11.02 19:47:29.994246 [ 729 ] {79ac15a2-c299-4289-b44d-e8d3522a71bc} <Debug> AsyncLoader: Prioritize load job 'startup Atomic database db_delete': BackgrndStartup -> ForegroundLoad
2025.11.02 19:47:29.994320 [ 729 ] {79ac15a2-c299-4289-b44d-e8d3522a71bc} <Debug> AsyncLoader: Prioritize load job 'startup Ordinary database db_delete': BackgrndStartup -> ForegroundLoad
2025.11.02 19:47:29.994388 [ 729 ] {79ac15a2-c299-4289-b44d-e8d3522a71bc} <Debug> AsyncLoader: Schedule load job 'startup Ordinary database db_delete' into ForegroundLoad
2025.11.02 19:47:29.994432 [ 729 ] {79ac15a2-c299-4289-b44d-e8d3522a71bc} <Debug> AsyncLoader: Schedule load job 'startup Atomic database db_delete' into ForegroundLoad
2025.11.02 19:47:29.994471 [ 729 ] {79ac15a2-c299-4289-b44d-e8d3522a71bc} <Debug> AsyncLoader: Change current priority: none -> 0
2025.11.02 19:47:29.994522 [ 729 ] {79ac15a2-c299-4289-b44d-e8d3522a71bc} <Debug> AsyncLoader: Spawn loader worker #1 in ForegroundLoad
2025.11.02 19:47:29.994622 [ 729 ] {79ac15a2-c299-4289-b44d-e8d3522a71bc} <Debug> AsyncLoader: Wait load job 'startup Atomic database db_delete' in ForegroundLoad
2025.11.02 19:47:29.994627 [ 765 ] {} <Debug> AsyncLoader: Execute load job 'startup Ordinary database db_delete' in ForegroundLoad
2025.11.02 19:47:29.994791 [ 765 ] {} <Debug> AsyncLoader: Finish load job 'startup Ordinary database db_delete' with status OK
2025.11.02 19:47:29.994873 [ 765 ] {} <Debug> AsyncLoader: Spawn loader worker #2 in ForegroundLoad
2025.11.02 19:47:29.994982 [ 765 ] {} <Debug> AsyncLoader: Execute load job 'startup Atomic database db_delete' in ForegroundLoad
2025.11.02 19:47:29.995069 [ 765 ] {} <Debug> AsyncLoader: Finish load job 'startup Atomic database db_delete' with status OK
2025.11.02 19:47:29.995135 [ 765 ] {} <Debug> AsyncLoader: Stop worker in ForegroundLoad
2025.11.02 19:47:29.995151 [ 729 ] {79ac15a2-c299-4289-b44d-e8d3522a71bc} <Debug> DDLWorker: Executed query: /* ddl_entry=query-0000000007 */ CREATE DATABASE IF NOT EXISTS db_delete UUID '550e4696-db43-4420-8ed9-8f43d03f03c2'
2025.11.02 19:47:29.995239 [ 758 ] {} <Debug> AsyncLoader: Stop worker in ForegroundLoad
2025.11.02 19:47:29.995348 [ 758 ] {} <Debug> AsyncLoader: Change current priority: 0 -> none
2025.11.02 19:47:29.996770 [ 729 ] {} <Debug> DDLWorker: Waiting for queue updates
2025.11.02 19:47:30.054345 [ 729 ] {} <Debug> DDLWorker: Scheduling tasks
2025.11.02 19:47:30.054742 [ 729 ] {} <Debug> DDLWorker: Will schedule 1 tasks starting from query-0000000008
2025.11.02 19:47:30.055643 [ 729 ] {} <Debug> DDLWorker: Processing task query-0000000008 (query: CREATE TABLE db_delete.tbl_delete_local UUID '09ba16bb-7769-44f8-90c5-d56416554259' (`create_time` DateTime, `y` Int32 COMMENT 'shard key', `m` Int32 COMMENT 'part key', `id` Int64 COMMENT 'sort key', `value` Nullable(String)) ENGINE = MergeTree PARTITION BY m ORDER BY id SETTINGS index_granularity = 8192, backup restore: false)
2025.11.02 19:47:30.056537 [ 729 ] {} <Debug> DDLWorker: Executing query: CREATE TABLE db_delete.tbl_delete_local UUID '09ba16bb-7769-44f8-90c5-d56416554259' (`create_time` DateTime, `y` Int32 COMMENT 'shard key', `m` Int32 COMMENT 'part key', `id` Int64 COMMENT 'sort key', `value` Nullable(String)) ENGINE = MergeTree PARTITION BY m ORDER BY id SETTINGS index_granularity = 8192
2025.11.02 19:47:30.056686 [ 729 ] {15604632-b362-4e2d-9dd7-b45e4a530c47} <Debug> executeQuery: (from 0.0.0.0:0, user: , initial_query_id: 2f2ee573-4b70-40ce-a1f5-f4836e1f5b50) /* ddl_entry=query-0000000008 */ CREATE TABLE db_delete.tbl_delete_local UUID '09ba16bb-7769-44f8-90c5-d56416554259' (`create_time` DateTime, `y` Int32 COMMENT 'shard key', `m` Int32 COMMENT 'part key', `id` Int64 COMMENT 'sort key', `value` Nullable(String)) ENGINE = MergeTree PARTITION BY m ORDER BY id SETTINGS index_granularity = 8192 (stage: Complete)
2025.11.02 19:47:30.058006 [ 729 ] {15604632-b362-4e2d-9dd7-b45e4a530c47} <Debug> db_delete.tbl_delete_local (09ba16bb-7769-44f8-90c5-d56416554259): Loading data parts
2025.11.02 19:47:30.058260 [ 729 ] {15604632-b362-4e2d-9dd7-b45e4a530c47} <Debug> db_delete.tbl_delete_local (09ba16bb-7769-44f8-90c5-d56416554259): There are no data parts
2025.11.02 19:47:30.059495 [ 729 ] {15604632-b362-4e2d-9dd7-b45e4a530c47} <Debug> DatabaseAtomic (db_delete): There are 0 detached tables. Start searching non used tables.
2025.11.02 19:47:30.059545 [ 729 ] {15604632-b362-4e2d-9dd7-b45e4a530c47} <Debug> DatabaseAtomic (db_delete): Found 0 non used tables in detached tables.
2025.11.02 19:47:30.059737 [ 729 ] {15604632-b362-4e2d-9dd7-b45e4a530c47} <Debug> DDLWorker: Executed query: /* ddl_entry=query-0000000008 */ CREATE TABLE db_delete.tbl_delete_local UUID '09ba16bb-7769-44f8-90c5-d56416554259' (`create_time` DateTime, `y` Int32 COMMENT 'shard key', `m` Int32 COMMENT 'part key', `id` Int64 COMMENT 'sort key', `value` Nullable(String)) ENGINE = MergeTree PARTITION BY m ORDER BY id SETTINGS index_granularity = 8192
2025.11.02 19:47:30.060624 [ 729 ] {} <Debug> DDLWorker: Waiting for queue updates
2025.11.02 19:47:30.115161 [ 729 ] {} <Debug> DDLWorker: Scheduling tasks
2025.11.02 19:47:30.115545 [ 729 ] {} <Debug> DDLWorker: Will schedule 1 tasks starting from query-0000000009
2025.11.02 19:47:30.116476 [ 729 ] {} <Debug> DDLWorker: Processing task query-0000000009 (query: CREATE TABLE db_delete.tbl_delete UUID '86ae22dd-64b0-4aeb-87c8-12beef8d671c' (`create_time` DateTime, `y` Int32 COMMENT 'shard key', `m` Int32 COMMENT 'part key', `id` Int64 COMMENT 'sort key', `value` Nullable(String)) ENGINE = Distributed(single_replica, 'db_delete', 'tbl_delete_local', y), backup restore: false)
2025.11.02 19:47:30.117145 [ 729 ] {} <Debug> DDLWorker: Executing query: CREATE TABLE db_delete.tbl_delete UUID '86ae22dd-64b0-4aeb-87c8-12beef8d671c' (`create_time` DateTime, `y` Int32 COMMENT 'shard key', `m` Int32 COMMENT 'part key', `id` Int64 COMMENT 'sort key', `value` Nullable(String)) ENGINE = Distributed(single_replica, 'db_delete', 'tbl_delete_local', y)
2025.11.02 19:47:30.117287 [ 729 ] {23577b07-685a-4b7a-ba07-c2bbf0dc44d7} <Debug> executeQuery: (from 0.0.0.0:0, user: , initial_query_id: eb89d9d6-b368-4eb3-a493-2689d653d950) /* ddl_entry=query-0000000009 */ CREATE TABLE db_delete.tbl_delete UUID '86ae22dd-64b0-4aeb-87c8-12beef8d671c' (`create_time` DateTime, `y` Int32 COMMENT 'shard key', `m` Int32 COMMENT 'part key', `id` Int64 COMMENT 'sort key', `value` Nullable(String)) ENGINE = Distributed(single_replica, 'db_delete', 'tbl_delete_local', y) (stage: Complete)
2025.11.02 19:47:30.117674 [ 729 ] {23577b07-685a-4b7a-ba07-c2bbf0dc44d7} <Debug> StorageDistributed (tbl_delete): Auto-increment is 0
2025.11.02 19:47:30.118791 [ 729 ] {23577b07-685a-4b7a-ba07-c2bbf0dc44d7} <Debug> DatabaseAtomic (db_delete): There are 0 detached tables. Start searching non used tables.
2025.11.02 19:47:30.118843 [ 729 ] {23577b07-685a-4b7a-ba07-c2bbf0dc44d7} <Debug> DatabaseAtomic (db_delete): Found 0 non used tables in detached tables.
2025.11.02 19:47:30.119157 [ 729 ] {23577b07-685a-4b7a-ba07-c2bbf0dc44d7} <Debug> DDLWorker: Executed query: /* ddl_entry=query-0000000009 */ CREATE TABLE db_delete.tbl_delete UUID '86ae22dd-64b0-4aeb-87c8-12beef8d671c' (`create_time` DateTime, `y` Int32 COMMENT 'shard key', `m` Int32 COMMENT 'part key', `id` Int64 COMMENT 'sort key', `value` Nullable(String)) ENGINE = Distributed(single_replica, 'db_delete', 'tbl_delete_local', y)
2025.11.02 19:47:30.119913 [ 729 ] {} <Debug> DDLWorker: Waiting for queue updates
2025.11.02 19:47:30.172461 [ 83 ] {21b283d4-8787-45e7-807f-b9fe218b0c36} <Debug> executeQuery: (from 172.19.0.5:36334, initial_query_id: c2bb38f2-9abe-42ae-b219-9fdc78fd54b0) SELECT `__table1`.`create_time` AS `create_time`, `__table1`.`y` AS `y`, `__table1`.`m` AS `m`, `__table1`.`id` AS `id`, `__table1`.`value` AS `value` FROM `db_delete`.`tbl_delete_local` AS `__table1` WHERE _CAST(0, 'UInt8') (stage: Complete)
2025.11.02 19:47:30.172964 [ 83 ] {21b283d4-8787-45e7-807f-b9fe218b0c36} <Debug> TCPHandler: Processed in 0.000697625 sec.
2025.11.02 19:47:30.179419 [ 83 ] {c8c15a75-b0a5-4d86-b96c-359bd0171d49} <Debug> executeQuery: (from 172.19.0.5:36334, initial_query_id: 97dae15b-8cd2-44b0-bd6f-8d4e2ef04530) SELECT `__table1`.`create_time` AS `create_time`, `__table1`.`y` AS `y`, `__table1`.`m` AS `m`, `__table1`.`id` AS `id`, `__table1`.`value` AS `value` FROM `db_delete`.`tbl_delete_local` AS `__table1` WHERE _CAST(0, 'UInt8') (stage: Complete)
2025.11.02 19:47:30.179965 [ 83 ] {c8c15a75-b0a5-4d86-b96c-359bd0171d49} <Debug> TCPHandler: Processed in 0.000732083 sec.
2025.11.02 19:47:30.207695 [ 83 ] {53b85be7-34ef-43ff-a4dc-f0d22508847d} <Debug> executeQuery: (from 172.19.0.5:36334, initial_query_id: 3669b592-ff5b-46e6-a32e-ddbf41cc287e) SELECT `__table1`.`create_time` AS `create_time`, `__table1`.`y` AS `y`, `__table1`.`m` AS `m`, `__table1`.`id` AS `id`, `__table1`.`value` AS `value` FROM `db_delete`.`tbl_delete_local` AS `__table1` WHERE _CAST(0, 'UInt8') (stage: Complete)
2025.11.02 19:47:30.208463 [ 83 ] {53b85be7-34ef-43ff-a4dc-f0d22508847d} <Debug> TCPHandler: Processed in 0.000926584 sec.
2025.11.02 19:47:30.372322 [ 83 ] {4313e4ac-096c-4fef-bca3-1e5488dfac86} <Debug> executeQuery: (from 172.19.0.5:36334, initial_query_id: a12cc49d-ecd7-49d8-9720-5f6747e98ce9) INSERT INTO db_delete.tbl_delete_local (create_time, y, m, id, value) VALUES (stage: Complete)
2025.11.02 19:47:30.373248 [ 83 ] {4313e4ac-096c-4fef-bca3-1e5488dfac86} <Debug> executeQuery: Read 1 rows, 31.00 B in 0.000957 sec., 1044.9320794148382 rows/sec., 31.63 KiB/sec.
2025.11.02 19:47:30.373412 [ 83 ] {4313e4ac-096c-4fef-bca3-1e5488dfac86} <Debug> MemoryTracker: Query peak memory usage: 4.29 MiB.
2025.11.02 19:47:30.373491 [ 83 ] {4313e4ac-096c-4fef-bca3-1e5488dfac86} <Debug> TCPHandler: Processed in 0.001313542 sec.
2025.11.02 19:47:30.377183 [ 83 ] {1700bb78-db9f-408b-981c-fc1d21638587} <Debug> executeQuery: (from 172.19.0.5:36334, initial_query_id: ea8325e6-5e8e-4dcb-8bc7-348b955a32d1) SELECT `__table1`.`create_time` AS `create_time`, `__table1`.`y` AS `y`, `__table1`.`m` AS `m`, `__table1`.`id` AS `id`, `__table1`.`value` AS `value` FROM `db_delete`.`tbl_delete_local` AS `__table1` WHERE _CAST(0, 'UInt8') (stage: Complete)
2025.11.02 19:47:30.377465 [ 83 ] {1700bb78-db9f-408b-981c-fc1d21638587} <Debug> db_delete.tbl_delete_local (09ba16bb-7769-44f8-90c5-d56416554259) (SelectExecutor): Selected 0/0 parts by partition key, 0 parts by primary key, 0/0 marks by primary key, 0 marks to read from 0 ranges
2025.11.02 19:47:30.377978 [ 83 ] {1700bb78-db9f-408b-981c-fc1d21638587} <Debug> TCPHandler: Processed in 0.000946 sec.
2025.11.02 19:47:30.400388 [ 83 ] {f323fc75-f69f-496f-a6f2-df7bf66457b5} <Debug> executeQuery: (from 172.19.0.5:36334, initial_query_id: 9bc95791-b906-41ba-8e5f-ee39f2686915) SELECT count() AS `COUNT()` FROM `db_delete`.`tbl_delete_local` AS `__table1` WHERE _CAST(0, 'UInt8') (stage: WithMergeableState)
2025.11.02 19:47:30.400936 [ 83 ] {f323fc75-f69f-496f-a6f2-df7bf66457b5} <Debug> db_delete.tbl_delete_local (09ba16bb-7769-44f8-90c5-d56416554259) (SelectExecutor): Selected 0/0 parts by partition key, 0 parts by primary key, 0/0 marks by primary key, 0 marks to read from 0 ranges
2025.11.02 19:47:30.405281 [ 83 ] {f323fc75-f69f-496f-a6f2-df7bf66457b5} <Debug> TCPHandler: Processed in 0.005048208 sec.
2025.11.02 19:47:30.421000 [ 82 ] {} <Debug> HTTP-Session-9ea97500-ffdf-4094-b3db-02532dfc8708: Authenticating user 'default' from 172.19.0.7:50124
2025.11.02 19:47:30.421081 [ 82 ] {} <Debug> HTTP-Session-9ea97500-ffdf-4094-b3db-02532dfc8708: 9ea97500-ffdf-4094-b3db-02532dfc8708 Authenticated with global context as user 94309d50-4f52-5250-31bd-74fecac179db
2025.11.02 19:47:30.421133 [ 82 ] {} <Debug> HTTP-Session-9ea97500-ffdf-4094-b3db-02532dfc8708: Creating session context with user_id: 94309d50-4f52-5250-31bd-74fecac179db
2025.11.02 19:47:30.421341 [ 82 ] {fb61128d-57a6-4eb4-8f0e-e923a67e6933} <Debug> executeQuery: (from 172.19.0.7:50124) SELECT partition, -- String
 partition_id, -- String
 sum(rows) AS row_count, -- UInt64
 sum(bytes_on_disk) AS size_in_bytes -- UInt64
 FROM `system`.`parts` WHERE `database`='db_delete' AND `table`='tbl_delete_local' AND `active`=1 GROUP BY `partition`, `partition_id` ORDER BY `partition` ASC, partition_id ASC  (stage: Complete)
2025.11.02 19:47:30.423006 [ 82 ] {fb61128d-57a6-4eb4-8f0e-e923a67e6933} <Debug> executeQuery: Read 1 rows, 80.00 B in 0.001746 sec., 572.737686139748 rows/sec., 44.75 KiB/sec.
2025.11.02 19:47:30.423319 [ 82 ] {fb61128d-57a6-4eb4-8f0e-e923a67e6933} <Debug> DynamicQueryHandler: Done processing query
2025.11.02 19:47:30.423391 [ 82 ] {fb61128d-57a6-4eb4-8f0e-e923a67e6933} <Debug> MemoryTracker: Query peak memory usage: 4.01 MiB.
2025.11.02 19:47:30.423470 [ 82 ] {} <Debug> HTTP-Session-9ea97500-ffdf-4094-b3db-02532dfc8708: 9ea97500-ffdf-4094-b3db-02532dfc8708 Logout, user_id: 94309d50-4f52-5250-31bd-74fecac179db
2025.11.02 19:47:30.439487 [ 82 ] {} <Debug> HTTP-Session-ac0c607d-cf17-4749-854b-1d1a38d4a756: Authenticating user 'default' from 172.19.0.7:50140
2025.11.02 19:47:30.439552 [ 82 ] {} <Debug> HTTP-Session-ac0c607d-cf17-4749-854b-1d1a38d4a756: ac0c607d-cf17-4749-854b-1d1a38d4a756 Authenticated with global context as user 94309d50-4f52-5250-31bd-74fecac179db
2025.11.02 19:47:30.439578 [ 82 ] {} <Debug> HTTP-Session-ac0c607d-cf17-4749-854b-1d1a38d4a756: Creating session context with user_id: 94309d50-4f52-5250-31bd-74fecac179db
2025.11.02 19:47:30.439718 [ 82 ] {fb5d1a93-8bbc-47b9-b989-3184c6a8fcae} <Debug> executeQuery: (from 172.19.0.7:50140) SELECT COUNT(*) FROM `db_delete`.`tbl_delete_local` WHERE (_partition_id = '3') AND ((1=1) AND (1=1))  (stage: Complete)
2025.11.02 19:47:30.440959 [ 82 ] {fb5d1a93-8bbc-47b9-b989-3184c6a8fcae} <Debug> executeQuery: Read 1 rows, 44.00 B in 0.001293 sec., 773.3952049497293 rows/sec., 33.23 KiB/sec.
2025.11.02 19:47:30.441314 [ 82 ] {fb5d1a93-8bbc-47b9-b989-3184c6a8fcae} <Debug> DynamicQueryHandler: Done processing query
2025.11.02 19:47:30.441480 [ 82 ] {fb5d1a93-8bbc-47b9-b989-3184c6a8fcae} <Debug> MemoryTracker: Query peak memory usage: 4.03 MiB.
2025.11.02 19:47:30.441558 [ 82 ] {} <Debug> HTTP-Session-ac0c607d-cf17-4749-854b-1d1a38d4a756: ac0c607d-cf17-4749-854b-1d1a38d4a756 Logout, user_id: 94309d50-4f52-5250-31bd-74fecac179db
2025.11.02 19:47:30.462122 [ 83 ] {7869caec-66b3-4075-bb1d-341966b2a7ba} <Debug> executeQuery: (from 172.19.0.5:36334, initial_query_id: c5b239c0-ea23-41d3-84fd-8c4afa7ffa8e) SELECT `__table1`.`create_time` AS `create_time`, `__table1`.`y` AS `y`, `__table1`.`m` AS `m`, `__table1`.`id` AS `id`, `__table1`.`value` AS `value` FROM `db_delete`.`tbl_delete_local` AS `__table1` WHERE _CAST(0, 'UInt8') (stage: Complete)
2025.11.02 19:47:30.462529 [ 83 ] {7869caec-66b3-4075-bb1d-341966b2a7ba} <Debug> db_delete.tbl_delete_local (09ba16bb-7769-44f8-90c5-d56416554259) (SelectExecutor): Selected 0/0 parts by partition key, 0 parts by primary key, 0/0 marks by primary key, 0 marks to read from 0 ranges
2025.11.02 19:47:30.463062 [ 83 ] {7869caec-66b3-4075-bb1d-341966b2a7ba} <Debug> TCPHandler: Processed in 0.001265542 sec.
2025.11.02 19:47:30.514837 [ 82 ] {} <Debug> HTTP-Session-11237207-3266-4fb0-a1e7-c0f9b55bf83c: Authenticating user 'default' from 172.19.0.7:50142
2025.11.02 19:47:30.514922 [ 82 ] {} <Debug> HTTP-Session-11237207-3266-4fb0-a1e7-c0f9b55bf83c: 11237207-3266-4fb0-a1e7-c0f9b55bf83c Authenticated with global context as user 94309d50-4f52-5250-31bd-74fecac179db
2025.11.02 19:47:30.515008 [ 82 ] {} <Debug> HTTP-Session-11237207-3266-4fb0-a1e7-c0f9b55bf83c: Creating session context with user_id: 94309d50-4f52-5250-31bd-74fecac179db
2025.11.02 19:47:30.515214 [ 82 ] {2b8b3b2d-3e8b-4d38-a957-9cbaa19a9366} <Debug> executeQuery: (from 172.19.0.7:50142) SELECT partition, -- String
 partition_id, -- String
 sum(rows) AS row_count, -- UInt64
 sum(bytes_on_disk) AS size_in_bytes -- UInt64
 FROM `system`.`parts` WHERE `database`='db_delete' AND `table`='tbl_delete_local' AND `active`=1 GROUP BY `partition`, `partition_id` ORDER BY `partition` ASC, partition_id ASC  (stage: Complete)
2025.11.02 19:47:30.522398 [ 82 ] {2b8b3b2d-3e8b-4d38-a957-9cbaa19a9366} <Debug> executeQuery: Read 1 rows, 80.00 B in 0.007265 sec., 137.64624913971096 rows/sec., 10.75 KiB/sec.
2025.11.02 19:47:30.522768 [ 82 ] {2b8b3b2d-3e8b-4d38-a957-9cbaa19a9366} <Debug> DynamicQueryHandler: Done processing query
2025.11.02 19:47:30.522840 [ 82 ] {2b8b3b2d-3e8b-4d38-a957-9cbaa19a9366} <Debug> MemoryTracker: Query peak memory usage: 4.02 MiB.
2025.11.02 19:47:30.522929 [ 82 ] {} <Debug> HTTP-Session-11237207-3266-4fb0-a1e7-c0f9b55bf83c: 11237207-3266-4fb0-a1e7-c0f9b55bf83c Logout, user_id: 94309d50-4f52-5250-31bd-74fecac179db
2025.11.02 19:47:30.534291 [ 729 ] {} <Debug> DDLWorker: Scheduling tasks
2025.11.02 19:47:30.534697 [ 729 ] {} <Debug> DDLWorker: Will schedule 1 tasks starting from query-0000000010
2025.11.02 19:47:30.535510 [ 729 ] {} <Debug> DDLWorker: Processing task query-0000000010 (query: ALTER TABLE db_delete.tbl_delete_local (DELETE WHERE (1 = 1) AND (m = 1)), backup restore: false)
2025.11.02 19:47:30.536282 [ 729 ] {} <Debug> DDLWorker: Executing query: ALTER TABLE db_delete.tbl_delete_local (DELETE WHERE (1 = 1) AND (m = 1))
2025.11.02 19:47:30.536383 [ 729 ] {7171de12-56da-4f06-a1e6-322a95239994} <Debug> executeQuery: (from 0.0.0.0:0, user: , initial_query_id: 5cfcedf4-8b8f-496f-adb3-94ff477b2258) /* ddl_entry=query-0000000010 */ ALTER TABLE db_delete.tbl_delete_local (DELETE WHERE (1 = 1) AND (m = 1)) (stage: Complete)
2025.11.02 19:47:30.538241 [ 729 ] {7171de12-56da-4f06-a1e6-322a95239994} <Information> db_delete.tbl_delete_local (09ba16bb-7769-44f8-90c5-d56416554259): Added mutation: mutation_2.txt
2025.11.02 19:47:30.538342 [ 729 ] {7171de12-56da-4f06-a1e6-322a95239994} <Information> db_delete.tbl_delete_local (09ba16bb-7769-44f8-90c5-d56416554259): Waiting mutation: mutation_2.txt
2025.11.02 19:47:30.539345 [ 654 ] {09ba16bb-7769-44f8-90c5-d56416554259::3_1_1_0_2} <Debug> db_delete.tbl_delete_local (09ba16bb-7769-44f8-90c5-d56416554259) (SelectExecutor): Key condition: true, unknown, and
2025.11.02 19:47:30.539404 [ 654 ] {09ba16bb-7769-44f8-90c5-d56416554259::3_1_1_0_2} <Debug> db_delete.tbl_delete_local (09ba16bb-7769-44f8-90c5-d56416554259) (SelectExecutor): MinMax index condition: true, (column 0 in [1, 1]), and
2025.11.02 19:47:30.539458 [ 654 ] {09ba16bb-7769-44f8-90c5-d56416554259::3_1_1_0_2} <Debug> db_delete.tbl_delete_local (09ba16bb-7769-44f8-90c5-d56416554259) (SelectExecutor): PK index has dropped 0/0 granules, it took 0ms across 0 threads.
2025.11.02 19:47:30.539576 [ 654 ] {09ba16bb-7769-44f8-90c5-d56416554259::3_1_1_0_2} <Debug> db_delete.tbl_delete_local (09ba16bb-7769-44f8-90c5-d56416554259) (SelectExecutor): Selected 0/1 parts by partition key, 0 parts by primary key, 0/0 marks by primary key, 0 marks to read from 0 ranges
2025.11.02 19:47:30.540657 [ 654 ] {09ba16bb-7769-44f8-90c5-d56416554259::3_1_1_0_2} <Debug> db_delete.tbl_delete_local (09ba16bb-7769-44f8-90c5-d56416554259): Clone part /var/lib/clickhouse/store/09b/09ba16bb-7769-44f8-90c5-d56416554259/3_1_1_0/ to /var/lib/clickhouse/store/09b/09ba16bb-7769-44f8-90c5-d56416554259/tmp_clone_3_1_1_0_2
2025.11.02 19:47:30.540787 [ 654 ] {09ba16bb-7769-44f8-90c5-d56416554259::3_1_1_0_2} <Debug> db_delete.tbl_delete_local (09ba16bb-7769-44f8-90c5-d56416554259): Loaded metadata version 0
2025.11.02 19:47:30.541405 [ 729 ] {7171de12-56da-4f06-a1e6-322a95239994} <Information> db_delete.tbl_delete_local (09ba16bb-7769-44f8-90c5-d56416554259): Mutation mutation_2.txt done
2025.11.02 19:47:30.541687 [ 729 ] {7171de12-56da-4f06-a1e6-322a95239994} <Debug> DDLWorker: Executed query: /* ddl_entry=query-0000000010 */ ALTER TABLE db_delete.tbl_delete_local (DELETE WHERE (1 = 1) AND (m = 1))
2025.11.02 19:47:30.542775 [ 729 ] {} <Debug> DDLWorker: Waiting for queue updates
2025.11.02 19:47:30.592823 [ 83 ] {210c75a6-6283-4219-b6d0-dff57c674c8c} <Debug> executeQuery: (from 172.19.0.5:36334, initial_query_id: a33f23e9-22b8-4aa2-b520-3dbebc5179f8) SELECT `__table1`.`create_time` AS `create_time`, `__table1`.`y` AS `y`, `__table1`.`m` AS `m`, `__table1`.`id` AS `id`, `__table1`.`value` AS `value` FROM `db_delete`.`tbl_delete_local` AS `__table1` WHERE _CAST(0, 'UInt8') (stage: Complete)
2025.11.02 19:47:30.593135 [ 83 ] {210c75a6-6283-4219-b6d0-dff57c674c8c} <Debug> db_delete.tbl_delete_local (09ba16bb-7769-44f8-90c5-d56416554259) (SelectExecutor): Selected 0/0 parts by partition key, 0 parts by primary key, 0/0 marks by primary key, 0 marks to read from 0 ranges
2025.11.02 19:47:30.593561 [ 83 ] {210c75a6-6283-4219-b6d0-dff57c674c8c} <Debug> TCPHandler: Processed in 0.000899041 sec.
2025.11.02 19:47:30.611180 [ 83 ] {35fdd70d-03f7-468b-805d-a5bb23e601bb} <Debug> executeQuery: (from 172.19.0.5:36334, initial_query_id: e5e05166-1329-472d-b098-1cae60ceb57d) SELECT count() AS `COUNT()` FROM `db_delete`.`tbl_delete_local` AS `__table1` WHERE _CAST(0, 'UInt8') (stage: WithMergeableState)
2025.11.02 19:47:30.611514 [ 83 ] {35fdd70d-03f7-468b-805d-a5bb23e601bb} <Debug> db_delete.tbl_delete_local (09ba16bb-7769-44f8-90c5-d56416554259) (SelectExecutor): Selected 0/0 parts by partition key, 0 parts by primary key, 0/0 marks by primary key, 0 marks to read from 0 ranges
2025.11.02 19:47:30.611880 [ 83 ] {35fdd70d-03f7-468b-805d-a5bb23e601bb} <Debug> TCPHandler: Processed in 0.000874625 sec.
2025.11.02 19:47:30.625959 [ 82 ] {} <Debug> HTTP-Session-4a8104d7-613a-4906-9b6b-e75a9aed7615: Authenticating user 'default' from 172.19.0.7:50158
2025.11.02 19:47:30.626043 [ 82 ] {} <Debug> HTTP-Session-4a8104d7-613a-4906-9b6b-e75a9aed7615: 4a8104d7-613a-4906-9b6b-e75a9aed7615 Authenticated with global context as user 94309d50-4f52-5250-31bd-74fecac179db
2025.11.02 19:47:30.626111 [ 82 ] {} <Debug> HTTP-Session-4a8104d7-613a-4906-9b6b-e75a9aed7615: Creating session context with user_id: 94309d50-4f52-5250-31bd-74fecac179db
2025.11.02 19:47:30.626339 [ 82 ] {b38ee8f8-e88b-40bf-8c79-ba4730c581d5} <Debug> executeQuery: (from 172.19.0.7:50158) SELECT partition, -- String
 partition_id, -- String
 sum(rows) AS row_count, -- UInt64
 sum(bytes_on_disk) AS size_in_bytes -- UInt64
 FROM `system`.`parts` WHERE `database`='db_delete' AND `table`='tbl_delete_local' AND `active`=1 GROUP BY `partition`, `partition_id` ORDER BY `partition` ASC, partition_id ASC  (stage: Complete)
2025.11.02 19:47:30.627890 [ 82 ] {b38ee8f8-e88b-40bf-8c79-ba4730c581d5} <Debug> executeQuery: Read 1 rows, 80.00 B in 0.00164 sec., 609.7560975609756 rows/sec., 47.64 KiB/sec.
2025.11.02 19:47:30.628252 [ 82 ] {b38ee8f8-e88b-40bf-8c79-ba4730c581d5} <Debug> DynamicQueryHandler: Done processing query
2025.11.02 19:47:30.628313 [ 82 ] {b38ee8f8-e88b-40bf-8c79-ba4730c581d5} <Debug> MemoryTracker: Query peak memory usage: 4.02 MiB.
2025.11.02 19:47:30.628400 [ 82 ] {} <Debug> HTTP-Session-4a8104d7-613a-4906-9b6b-e75a9aed7615: 4a8104d7-613a-4906-9b6b-e75a9aed7615 Logout, user_id: 94309d50-4f52-5250-31bd-74fecac179db
2025.11.02 19:47:30.644444 [ 82 ] {} <Debug> HTTP-Session-85f72852-9f12-4b33-aa9f-aa99d7e83115: Authenticating user 'default' from 172.19.0.7:50162
2025.11.02 19:47:30.644521 [ 82 ] {} <Debug> HTTP-Session-85f72852-9f12-4b33-aa9f-aa99d7e83115: 85f72852-9f12-4b33-aa9f-aa99d7e83115 Authenticated with global context as user 94309d50-4f52-5250-31bd-74fecac179db
2025.11.02 19:47:30.644567 [ 82 ] {} <Debug> HTTP-Session-85f72852-9f12-4b33-aa9f-aa99d7e83115: Creating session context with user_id: 94309d50-4f52-5250-31bd-74fecac179db
2025.11.02 19:47:30.644733 [ 82 ] {61a21dce-cea9-4516-91fa-104149f63e67} <Debug> executeQuery: (from 172.19.0.7:50162) SELECT COUNT(*) FROM `db_delete`.`tbl_delete_local` WHERE (_partition_id = '3') AND ((1=1) AND (1=1))  (stage: Complete)
2025.11.02 19:47:30.646141 [ 82 ] {61a21dce-cea9-4516-91fa-104149f63e67} <Debug> executeQuery: Read 1 rows, 44.00 B in 0.001471 sec., 679.8096532970768 rows/sec., 29.21 KiB/sec.
2025.11.02 19:47:30.646400 [ 82 ] {61a21dce-cea9-4516-91fa-104149f63e67} <Debug> DynamicQueryHandler: Done processing query
2025.11.02 19:47:30.646460 [ 82 ] {61a21dce-cea9-4516-91fa-104149f63e67} <Debug> MemoryTracker: Query peak memory usage: 4.03 MiB.
2025.11.02 19:47:30.646563 [ 82 ] {} <Debug> HTTP-Session-85f72852-9f12-4b33-aa9f-aa99d7e83115: 85f72852-9f12-4b33-aa9f-aa99d7e83115 Logout, user_id: 94309d50-4f52-5250-31bd-74fecac179db
2025.11.02 19:47:30.668637 [ 729 ] {} <Debug> DDLWorker: Scheduling tasks
2025.11.02 19:47:30.669385 [ 729 ] {} <Debug> DDLWorker: Will schedule 1 tasks starting from query-0000000011
2025.11.02 19:47:30.670902 [ 729 ] {} <Debug> DDLWorker: Processing task query-0000000011 (query: DROP TABLE IF EXISTS db_delete.tbl_delete, backup restore: false)
2025.11.02 19:47:30.671953 [ 729 ] {} <Debug> DDLWorker: Executing query: DROP TABLE IF EXISTS db_delete.tbl_delete
2025.11.02 19:47:30.672105 [ 729 ] {3c67426e-adbb-4151-96ca-ab0c358ac54c} <Debug> executeQuery: (from 0.0.0.0:0, user: , initial_query_id: 62c79b78-d678-479d-a446-84bddcb02c3e) /* ddl_entry=query-0000000011 */ DROP TABLE IF EXISTS db_delete.tbl_delete (stage: Complete)
2025.11.02 19:47:30.672200 [ 729 ] {3c67426e-adbb-4151-96ca-ab0c358ac54c} <Information> StorageDistributed (tbl_delete): Flushing pending INSERT blocks
2025.11.02 19:47:30.672293 [ 729 ] {3c67426e-adbb-4151-96ca-ab0c358ac54c} <Information> StorageDistributed (tbl_delete): Pending INSERT blocks flushed, took 0 ms.
2025.11.02 19:47:30.672365 [ 729 ] {3c67426e-adbb-4151-96ca-ab0c358ac54c} <Debug> StorageDistributed (tbl_delete): Joining background threads for async INSERT
2025.11.02 19:47:30.672435 [ 729 ] {3c67426e-adbb-4151-96ca-ab0c358ac54c} <Debug> StorageDistributed (tbl_delete): Background threads for async INSERT joined
2025.11.02 19:47:30.672677 [ 729 ] {3c67426e-adbb-4151-96ca-ab0c358ac54c} <Debug> DDLWorker: Executed query: /* ddl_entry=query-0000000011 */ DROP TABLE IF EXISTS db_delete.tbl_delete
2025.11.02 19:47:30.674421 [ 729 ] {} <Debug> DDLWorker: Waiting for queue updates
2025.11.02 19:47:30.730972 [ 729 ] {} <Debug> DDLWorker: Scheduling tasks
2025.11.02 19:47:30.731346 [ 729 ] {} <Debug> DDLWorker: Will schedule 1 tasks starting from query-0000000012
2025.11.02 19:47:30.732039 [ 729 ] {} <Debug> DDLWorker: Processing task query-0000000012 (query: DROP TABLE IF EXISTS db_delete.tbl_delete_local, backup restore: false)
2025.11.02 19:47:30.732773 [ 729 ] {} <Debug> DDLWorker: Executing query: DROP TABLE IF EXISTS db_delete.tbl_delete_local
2025.11.02 19:47:30.732932 [ 729 ] {af7843aa-9cc8-494f-8b14-413c528bd633} <Debug> executeQuery: (from 0.0.0.0:0, user: , initial_query_id: 89418763-236e-40ca-a040-9a3eeb8cb3b0) /* ddl_entry=query-0000000012 */ DROP TABLE IF EXISTS db_delete.tbl_delete_local (stage: Complete)
2025.11.02 19:47:30.733255 [ 729 ] {af7843aa-9cc8-494f-8b14-413c528bd633} <Debug> DDLWorker: Executed query: /* ddl_entry=query-0000000012 */ DROP TABLE IF EXISTS db_delete.tbl_delete_local
2025.11.02 19:47:30.734040 [ 729 ] {} <Debug> DDLWorker: Waiting for queue updates
2025.11.02 19:47:30.795847 [ 729 ] {} <Debug> DDLWorker: Scheduling tasks
2025.11.02 19:47:30.796406 [ 729 ] {} <Debug> DDLWorker: Will schedule 1 tasks starting from query-0000000013
2025.11.02 19:47:30.797210 [ 729 ] {} <Debug> DDLWorker: Processing task query-0000000013 (query: DROP DATABASE IF EXISTS db_delete, backup restore: false)
2025.11.02 19:47:30.798757 [ 729 ] {} <Debug> DDLWorker: Executing query: DROP DATABASE IF EXISTS db_delete
2025.11.02 19:47:30.798910 [ 729 ] {1c164d88-31fe-4e1b-8603-df265d08cfc5} <Debug> executeQuery: (from 0.0.0.0:0, user: , initial_query_id: 129eabae-88fe-429b-b4f6-b023857193a5) /* ddl_entry=query-0000000013 */ DROP DATABASE IF EXISTS db_delete (stage: Complete)
2025.11.02 19:47:30.799122 [ 729 ] {1c164d88-31fe-4e1b-8603-df265d08cfc5} <Debug> DatabaseAtomic (db_delete): There are 0 detached tables. Start searching non used tables.
2025.11.02 19:47:30.799229 [ 729 ] {1c164d88-31fe-4e1b-8603-df265d08cfc5} <Debug> DatabaseAtomic (db_delete): Found 0 non used tables in detached tables.
2025.11.02 19:47:30.799526 [ 729 ] {1c164d88-31fe-4e1b-8603-df265d08cfc5} <Debug> DDLWorker: Executed query: /* ddl_entry=query-0000000013 */ DROP DATABASE IF EXISTS db_delete
2025.11.02 19:47:30.800347 [ 729 ] {} <Debug> DDLWorker: Waiting for queue updates
2025.11.02 19:47:31.501257 [ 81 ] {} <Information> Application: Received termination signal (Terminated)
2025.11.02 19:47:31.501354 [ 1 ] {} <Debug> Application: Received termination signal.
2025.11.02 19:47:31.501544 [ 1 ] {} <Debug> Application: Waiting for current connections to close.
2025.11.02 19:47:31.502172 [ 1 ] {} <Warning> Application: Closed all listening sockets. Waiting for 1 outstanding connections.
2025.11.02 19:47:31.597496 [ 83 ] {} <Debug> TCPHandler: Done processing connection.
2025.11.02 19:47:31.597664 [ 83 ] {} <Debug> TCP-Session-490d6759-0526-44c7-9cfd-02f58e3e2015: 490d6759-0526-44c7-9cfd-02f58e3e2015 Logout, user_id: 94309d50-4f52-5250-31bd-74fecac179db
2025.11.02 19:47:31.602884 [ 1 ] {} <Information> Application: Closed connections.
2025.11.02 19:47:31.602962 [ 1 ] {} <Information> Application: Stopping AsyncLoader.
2025.11.02 19:47:31.603066 [ 1 ] {} <Information> CgroupsMemoryUsageObserver: Stopped cgroup current memory usage observer thread
2025.11.02 19:47:31.603240 [ 1 ] {} <Information> Application: Shutting down storages.
2025.11.02 19:47:31.603924 [ 1 ] {} <Debug> Context: Shutting down dictionaries loader
2025.11.02 19:47:31.604032 [ 1 ] {} <Debug> Context: Shutting down UDFs loader
2025.11.02 19:47:31.604112 [ 1 ] {} <Debug> Context: Shutting down another UDFs storage
2025.11.02 19:47:31.604154 [ 1 ] {} <Debug> Context: Shutting down workload entity storage
2025.11.02 19:47:31.604193 [ 1 ] {} <Debug> Context: Shutting down system logs
2025.11.02 19:47:31.604281 [ 1 ] {} <Debug> SystemLogQueue (system.query_log): Requested flush up to offset 86
2025.11.02 19:47:31.604281 [ 719 ] {} <Debug> SystemLog (system.query_log): Creating new table system.query_log for QueryLog
2025.11.02 19:47:31.604303 [ 721 ] {} <Debug> SystemLog (system.metric_log): Creating new table system.metric_log for MetricLog
2025.11.02 19:47:31.606508 [ 719 ] {} <Debug> system.query_log (feecdd83-2cf0-423d-9140-52d6ac4ba9f6): Loading data parts
2025.11.02 19:47:31.606681 [ 719 ] {} <Debug> system.query_log (feecdd83-2cf0-423d-9140-52d6ac4ba9f6): There are no data parts
2025.11.02 19:47:31.607847 [ 719 ] {} <Debug> DatabaseAtomic (system): There are 0 detached tables. Start searching non used tables.
2025.11.02 19:47:31.607918 [ 719 ] {} <Debug> DatabaseAtomic (system): Found 0 non used tables in detached tables.
2025.11.02 19:47:31.611161 [ 1 ] {} <Debug> SystemLogQueue (system.query_thread_log): Requested flush up to offset 0
2025.11.02 19:47:31.611257 [ 1 ] {} <Debug> SystemLogQueue (system.metric_log): Requested flush up to offset 4
2025.11.02 19:47:31.614244 [ 721 ] {} <Debug> system.metric_log (5a27b2c3-da38-48cc-8ba5-8e9c74215112): Loading data parts
2025.11.02 19:47:31.614575 [ 721 ] {} <Debug> system.metric_log (5a27b2c3-da38-48cc-8ba5-8e9c74215112): There are no data parts
2025.11.02 19:47:31.616877 [ 721 ] {} <Debug> DatabaseAtomic (system): There are 0 detached tables. Start searching non used tables.
2025.11.02 19:47:31.616917 [ 721 ] {} <Debug> DatabaseAtomic (system): Found 0 non used tables in detached tables.
2025.11.02 19:47:34.404535 [ 1 ] {} <Information> SentryWriter: Sending crash reports is disabled
2025.11.02 19:47:34.432380 [ 1 ] {} <Information> Application: Starting ClickHouse 25.3.7.194 (revision: 54502, git hash: 36637934778b7d39b37f378d258359dd6ffdd110, build id: E09B0ADBF9AF0530703B179DBA02705D5DF508C0), PID 1
2025.11.02 19:47:34.434477 [ 1 ] {} <Information> Application: starting up
2025.11.02 19:47:34.434605 [ 1 ] {} <Information> Application: OS name: Linux, version: 6.10.14-linuxkit, architecture: aarch64
2025.11.02 19:47:34.434756 [ 1 ] {} <Information> Jemalloc: Value for background_thread set to true (from true)
2025.11.02 19:47:34.436331 [ 1 ] {} <Information> Application: Available RAM: 7.65 GiB; logical cores: 14; used cores: 14.
2025.11.02 19:47:34.437539 [ 1 ] {} <Information> CgroupsReader: Will create cgroup reader from '/sys/fs/cgroup/' (cgroups version: v2)
2025.11.02 19:47:34.439848 [ 1 ] {} <Warning> Application: Integrity check of the executable skipped because the reference checksum could not be read.
2025.11.02 19:47:34.439984 [ 1 ] {} <Information> Application: It looks like the process has no CAP_IPC_LOCK capability, binary mlock will be disabled. It could happen due to incorrect ClickHouse package installation. You could resolve the problem manually with 'sudo setcap cap_ipc_lock=+ep /usr/bin/clickhouse'. Note that it will not work on 'nosuid' mounted filesystems.
2025.11.02 19:47:34.440018 [ 1 ] {} <Information> MemoryWorker: Starting background memory thread with period of 50ms, using Cgroups as source
2025.11.02 19:47:34.440082 [ 1 ] {} <Information> BackgroundSchedulePool/BgSchPool: Create BackgroundSchedulePool with 512 threads
2025.11.02 19:47:34.461196 [ 1 ] {} <Debug> Application: rlimit on number of file descriptors is 1048576
2025.11.02 19:47:34.461562 [ 1 ] {} <Debug> Application: rlimit on number of threads is 18446744073709551615
2025.11.02 19:47:34.461609 [ 1 ] {} <Debug> Application: Initializing DateLUT.
2025.11.02 19:47:34.461669 [ 1 ] {} <Debug> Context: Setting up /var/lib/clickhouse/tmp/ to store temporary data in it
2025.11.02 19:47:34.461784 [ 1 ] {} <Debug> Application: Initializing interserver credentials.
2025.11.02 19:47:34.461964 [ 1 ] {} <Information> Application: Lowered uncompressed cache size to 3.83 GiB because the system has limited RAM
2025.11.02 19:47:34.462678 [ 1 ] {} <Information> Application: Lowered mark cache size to 3.83 GiB because the system has limited RAM
2025.11.02 19:47:34.462746 [ 1 ] {} <Information> Application: Lowered primary index cache size to 3.83 GiB because the system has limited RAM
2025.11.02 19:47:34.462819 [ 1 ] {} <Information> Application: Lowered index mark cache size to 3.83 GiB because the system has limited RAM
2025.11.02 19:47:34.462959 [ 1 ] {} <Debug> FileCacheFactory: Will load 0 caches from default cache config
2025.11.02 19:47:34.463232 [ 1 ] {} <Debug> ConfigReloader: Loading config '/etc/clickhouse-server/config.xml'
2025.11.02 19:47:34.463962 [ 1 ] {} <Debug> ConfigProcessor: Processing configuration file '/etc/clickhouse-server/config.xml'.
2025.11.02 19:47:34.464427 [ 1 ] {} <Debug> ConfigProcessor: Merging configuration file '/etc/clickhouse-server/config.d/docker_related_config.xml'.
2025.11.02 19:47:34.464543 [ 1 ] {} <Debug> ConfigProcessor: Merging configuration file '/etc/clickhouse-server/config.d/interserver_http_host.xml'.
2025.11.02 19:47:34.465592 [ 1 ] {} <Debug> ConfigProcessor: Merging configuration file '/etc/clickhouse-server/config.d/macros.xml'.
2025.11.02 19:47:34.466107 [ 1 ] {} <Debug> ConfigProcessor: Merging configuration file '/etc/clickhouse-server/config.d/remote_servers.xml'.
2025.11.02 19:47:34.466896 [ 1 ] {} <Debug> ConfigProcessor: Merging configuration file '/etc/clickhouse-server/config.d/zookeeper.xml'.
2025.11.02 19:47:34.467592 [ 1 ] {} <Debug> ConfigProcessor: Saved preprocessed configuration to '/var/lib/clickhouse/preprocessed_configs/config.xml'.
2025.11.02 19:47:34.468175 [ 1 ] {} <Debug> ConfigReloader: Loaded config '/etc/clickhouse-server/config.xml', performing update on configuration
2025.11.02 19:47:34.468814 [ 1 ] {} <Information> Application: Changed setting 'max_server_memory_usage' to 6.89 GiB (7.65 GiB available memory * 0.90 max_server_memory_usage_to_ram_ratio)
2025.11.02 19:47:34.468883 [ 1 ] {} <Information> Application: Setting merges_mutations_memory_usage_soft_limit was set to 3.83 GiB (7.65 GiB available * 0.50 merges_mutations_memory_usage_to_ram_ratio)
2025.11.02 19:47:34.468925 [ 1 ] {} <Information> Application: Merges and mutations memory limit is set to 3.83 GiB
2025.11.02 19:47:34.470321 [ 1 ] {} <Information> Application: Setting max_remote_read_network_bandwidth_for_server was set to 0
2025.11.02 19:47:34.470909 [ 1 ] {} <Information> Application: Setting max_remote_write_network_bandwidth_for_server was set to 0
2025.11.02 19:47:34.470981 [ 1 ] {} <Information> Application: Setting max_local_read_bandwidth_for_server was set to 0
2025.11.02 19:47:34.471038 [ 1 ] {} <Information> Application: Setting max_local_write_bandwidth_for_server was set to 0
2025.11.02 19:47:34.471104 [ 1 ] {} <Information> Application: ConcurrencyControl limit is set to UNLIMITED CPU slots with 'round_robin' scheduler
2025.11.02 19:47:34.471158 [ 1 ] {} <Information> BackgroundSchedulePool/BgBufSchPool: Create BackgroundSchedulePool with 16 threads
2025.11.02 19:47:34.472787 [ 1 ] {} <Information> BackgroundSchedulePool/BgMBSchPool: Create BackgroundSchedulePool with 16 threads
2025.11.02 19:47:34.473442 [ 1 ] {} <Information> BackgroundSchedulePool/BgDistSchPool: Create BackgroundSchedulePool with 16 threads
2025.11.02 19:47:34.474073 [ 1 ] {} <Debug> ConfigReloader: Loaded config '/etc/clickhouse-server/config.xml', performed update on configuration
2025.11.02 19:47:34.475034 [ 1 ] {} <Warning> Application: Listen [::]:9009 failed: Poco::Exception. Code: 1000, e.code() = 0, DNS error: EAI: Address family for hostname not supported (version 25.3.7.194 (official build)). If it is an IPv6 or IPv4 address and your host has disabled IPv6 or IPv4, then consider to specify not disabled IPv4 or IPv6 address to listen in <listen_host> element of configuration file. Example for disabled IPv6: <listen_host>0.0.0.0</listen_host> . Example for disabled IPv4: <listen_host>::</listen_host>
2025.11.02 19:47:34.475211 [ 1 ] {} <Information> Application: Listening for replica communication (interserver): http://0.0.0.0:9009
2025.11.02 19:47:34.475322 [ 1 ] {} <Warning> Access(local_directory): File /var/lib/clickhouse/access/users.list doesn't exist
2025.11.02 19:47:34.475380 [ 1 ] {} <Warning> Access(local_directory): Recovering lists in directory /var/lib/clickhouse/access/
2025.11.02 19:47:34.475521 [ 1 ] {} <Debug> Access(user directories): Added local_directory access storage 'local_directory', path: /var/lib/clickhouse/access/
2025.11.02 19:47:34.475824 [ 1 ] {} <Debug> ConfigReloader: Loading config '/etc/clickhouse-server/users.xml'
2025.11.02 19:47:34.475873 [ 1 ] {} <Debug> ConfigProcessor: Processing configuration file '/etc/clickhouse-server/users.xml'.
2025.11.02 19:47:34.475975 [ 1 ] {} <Debug> ConfigProcessor: Merging configuration file '/etc/clickhouse-server/users.d/users.xml'.
2025.11.02 19:47:34.476482 [ 1 ] {} <Debug> ConfigProcessor: Saved preprocessed configuration to '/var/lib/clickhouse/preprocessed_configs/users.xml'.
2025.11.02 19:47:34.476513 [ 1 ] {} <Debug> ConfigReloader: Loaded config '/etc/clickhouse-server/users.xml', performing update on configuration
2025.11.02 19:47:34.476850 [ 1 ] {} <Debug> ConfigReloader: Loaded config '/etc/clickhouse-server/users.xml', performed update on configuration
2025.11.02 19:47:34.477652 [ 1 ] {} <Debug> Access(user directories): Added users_xml access storage 'users_xml', path: /etc/clickhouse-server/users.xml
2025.11.02 19:47:34.477820 [ 1 ] {} <Information> CgroupsMemoryUsageObserver: Started cgroup current memory usage observer thread
2025.11.02 19:47:34.477903 [ 650 ] {} <Information> CgroupsMemoryUsageObserver: Memory amount initially available to the process is 7.65 GiB
2025.11.02 19:47:34.478783 [ 1 ] {} <Information> Context: Initialized background executor for merges and mutations with num_threads=16, num_tasks=32, scheduling_policy=round_robin
2025.11.02 19:47:34.479258 [ 1 ] {} <Information> Context: Initialized background executor for move operations with num_threads=8, num_tasks=8
2025.11.02 19:47:34.479836 [ 1 ] {} <Information> Context: Initialized background executor for fetches with num_threads=16, num_tasks=16
2025.11.02 19:47:34.480686 [ 1 ] {} <Information> Context: Initialized background executor for common operations (e.g. clearing old parts) with num_threads=8, num_tasks=8
2025.11.02 19:47:34.481491 [ 1 ] {} <Warning> Context: Linux transparent hugepages are set to "always". Check /sys/kernel/mm/transparent_hugepage/enabled
2025.11.02 19:47:34.482452 [ 1 ] {} <Warning> Context: Delay accounting is not enabled, OSIOWaitMicroseconds will not be gathered. You can enable it using `echo 1 > /proc/sys/kernel/task_delayacct` or by using sysctl.
2025.11.02 19:47:34.483297 [ 1 ] {} <Information> DNSCacheUpdater: Update period 15 seconds
2025.11.02 19:47:34.483354 [ 1 ] {} <Information> Application: Loading metadata from /var/lib/clickhouse/
2025.11.02 19:47:34.483369 [ 87 ] {} <Debug> DNSResolver: Updating DNS cache
2025.11.02 19:47:34.483418 [ 1 ] {} <Information> Context: Database disk name: default
2025.11.02 19:47:34.483479 [ 1 ] {} <Information> Context: Database disk name: default, path: /var/lib/clickhouse/
2025.11.02 19:47:34.483544 [ 1 ] {} <Debug> loadSystemDatabase: metadata_file_path metadata/system.sql, existsFile false
2025.11.02 19:47:34.484455 [ 87 ] {} <Debug> DNSResolver: Updated DNS cache
2025.11.02 19:47:34.484968 [ 1 ] {} <Debug> loadSystemDatabase: metadata_file_path metadata/information_schema.sql, existsFile false
2025.11.02 19:47:34.487662 [ 1 ] {} <Debug> loadSystemDatabase: metadata_file_path metadata/INFORMATION_SCHEMA.sql, existsFile false
2025.11.02 19:47:34.489537 [ 1 ] {} <Information> DatabaseAtomic (system): Metadata processed, database system has 0 tables and 0 dictionaries in total.
2025.11.02 19:47:34.489959 [ 1 ] {} <Information> TablesLoader: Parsed metadata of 0 tables in 1 databases in 0.000433333 sec
2025.11.02 19:47:34.490105 [ 1 ] {} <Debug> AsyncLoader: Prioritize load job 'startup Atomic database system': BackgrndStartup -> ForegroundLoad
2025.11.02 19:47:34.490325 [ 1 ] {} <Debug> AsyncLoader: Prioritize load job 'startup Ordinary database system': BackgrndStartup -> ForegroundLoad
2025.11.02 19:47:34.490494 [ 1 ] {} <Debug> AsyncLoader: Schedule load job 'startup Ordinary database system' into ForegroundLoad
2025.11.02 19:47:34.490558 [ 1 ] {} <Debug> AsyncLoader: Schedule load job 'startup Atomic database system' into ForegroundLoad
2025.11.02 19:47:34.490707 [ 1 ] {} <Debug> AsyncLoader: Change current priority: none -> 0
2025.11.02 19:47:34.491129 [ 1 ] {} <Debug> AsyncLoader: Spawn loader worker #1 in ForegroundLoad
2025.11.02 19:47:34.491179 [ 84 ] {} <Information> MemoryTracker: Correcting the value of global memory tracker from 16.35 MiB to 421.18 MiB
2025.11.02 19:47:34.491283 [ 1 ] {} <Debug> AsyncLoader: Wait load job 'startup Atomic database system' in ForegroundLoad
2025.11.02 19:47:34.491298 [ 715 ] {} <Debug> AsyncLoader: Execute load job 'startup Ordinary database system' in ForegroundLoad
2025.11.02 19:47:34.491445 [ 715 ] {} <Debug> AsyncLoader: Finish load job 'startup Ordinary database system' with status OK
2025.11.02 19:47:34.491587 [ 715 ] {} <Debug> AsyncLoader: Spawn loader worker #2 in ForegroundLoad
2025.11.02 19:47:34.491683 [ 715 ] {} <Debug> AsyncLoader: Execute load job 'startup Atomic database system' in ForegroundLoad
2025.11.02 19:47:34.491772 [ 716 ] {} <Debug> AsyncLoader: Stop worker in ForegroundLoad
2025.11.02 19:47:34.491950 [ 1 ] {} <Debug> SystemLog: Creating system.query_log from query_log
2025.11.02 19:47:34.491963 [ 715 ] {} <Debug> AsyncLoader: Finish load job 'startup Atomic database system' with status OK
2025.11.02 19:47:34.492116 [ 715 ] {} <Debug> AsyncLoader: Stop worker in ForegroundLoad
2025.11.02 19:47:34.492170 [ 715 ] {} <Debug> AsyncLoader: Change current priority: 0 -> none
2025.11.02 19:47:34.499563 [ 1 ] {} <Debug> SystemLog: Creating system.query_thread_log from query_thread_log
2025.11.02 19:47:34.499851 [ 1 ] {} <Debug> SystemLog: Not creating system.part_log since corresponding section 'part_log' is missing from config
2025.11.02 19:47:34.500081 [ 1 ] {} <Debug> SystemLog: Not creating system.trace_log since corresponding section 'trace_log' is missing from config
2025.11.02 19:47:34.500172 [ 1 ] {} <Debug> SystemLog: Not creating system.crash_log since corresponding section 'crash_log' is missing from config
2025.11.02 19:47:34.500207 [ 1 ] {} <Debug> SystemLog: Not creating system.text_log since corresponding section 'text_log' is missing from config
2025.11.02 19:47:34.500250 [ 1 ] {} <Debug> SystemLog: Creating system.metric_log from metric_log
2025.11.02 19:47:34.504095 [ 1 ] {} <Debug> SystemLog: Not creating system.latency_log since corresponding section 'latency_log' is missing from config
2025.11.02 19:47:34.504154 [ 1 ] {} <Debug> SystemLog: Not creating system.error_log since corresponding section 'error_log' is missing from config
2025.11.02 19:47:34.504210 [ 1 ] {} <Debug> SystemLog: Not creating system.filesystem_cache_log since corresponding section 'filesystem_cache_log' is missing from config
2025.11.02 19:47:34.504255 [ 1 ] {} <Debug> SystemLog: Not creating system.filesystem_read_prefetches_log since corresponding section 'filesystem_read_prefetches_log' is missing from config
2025.11.02 19:47:34.504308 [ 1 ] {} <Debug> SystemLog: Not creating system.s3queue_log since corresponding section 's3queue_log' is missing from config
2025.11.02 19:47:34.504374 [ 1 ] {} <Debug> SystemLog: Not creating system.azure_queue_log since corresponding section 'azure_queue_log' is missing from config
2025.11.02 19:47:34.504434 [ 1 ] {} <Debug> SystemLog: Not creating system.asynchronous_metric_log since corresponding section 'asynchronous_metric_log' is missing from config
2025.11.02 19:47:34.504490 [ 1 ] {} <Debug> SystemLog: Not creating system.opentelemetry_span_log since corresponding section 'opentelemetry_span_log' is missing from config
2025.11.02 19:47:34.504587 [ 1 ] {} <Debug> SystemLog: Not creating system.query_views_log since corresponding section 'query_views_log' is missing from config
2025.11.02 19:47:34.504648 [ 1 ] {} <Debug> SystemLog: Not creating system.zookeeper_log since corresponding section 'zookeeper_log' is missing from config
2025.11.02 19:47:34.504704 [ 1 ] {} <Debug> SystemLog: Not creating system.session_log since corresponding section 'session_log' is missing from config
2025.11.02 19:47:34.504765 [ 1 ] {} <Debug> SystemLog: Not creating system.transactions_info_log since corresponding section 'transactions_info_log' is missing from config
2025.11.02 19:47:34.504817 [ 1 ] {} <Debug> SystemLog: Not creating system.processors_profile_log since corresponding section 'processors_profile_log' is missing from config
2025.11.02 19:47:34.504889 [ 1 ] {} <Debug> SystemLog: Not creating system.asynchronous_insert_log since corresponding section 'asynchronous_insert_log' is missing from config
2025.11.02 19:47:34.504947 [ 1 ] {} <Debug> SystemLog: Not creating system.backup_log since corresponding section 'backup_log' is missing from config
2025.11.02 19:47:34.505027 [ 1 ] {} <Debug> SystemLog: Not creating system.blob_storage_log since corresponding section 'blob_storage_log' is missing from config
2025.11.02 19:47:34.505198 [ 1 ] {} <Debug> SystemLog: Not creating system.query_metric_log since corresponding section 'query_metric_log' is missing from config
2025.11.02 19:47:34.505601 [ 1 ] {} <Debug> DatabaseAtomic (system): There are 0 detached tables. Start searching non used tables.
2025.11.02 19:47:34.505653 [ 1 ] {} <Debug> DatabaseAtomic (system): Found 0 non used tables in detached tables.
2025.11.02 19:47:34.507188 [ 1 ] {} <Debug> DatabaseAtomic (system): There are 0 detached tables. Start searching non used tables.
2025.11.02 19:47:34.507237 [ 1 ] {} <Debug> DatabaseAtomic (system): Found 0 non used tables in detached tables.
2025.11.02 19:47:34.508890 [ 1 ] {} <Debug> DatabaseAtomic (system): There are 0 detached tables. Start searching non used tables.
2025.11.02 19:47:34.508922 [ 1 ] {} <Debug> DatabaseAtomic (system): Found 0 non used tables in detached tables.
2025.11.02 19:47:34.509017 [ 1 ] {} <Debug> DatabaseAtomic (system): There are 0 detached tables. Start searching non used tables.
2025.11.02 19:47:34.509054 [ 1 ] {} <Debug> DatabaseAtomic (system): Found 0 non used tables in detached tables.
2025.11.02 19:47:34.509123 [ 1 ] {} <Debug> DatabaseAtomic (system): There are 0 detached tables. Start searching non used tables.
2025.11.02 19:47:34.509143 [ 1 ] {} <Debug> DatabaseAtomic (system): Found 0 non used tables in detached tables.
2025.11.02 19:47:34.509214 [ 1 ] {} <Debug> DatabaseAtomic (system): There are 0 detached tables. Start searching non used tables.
2025.11.02 19:47:34.509236 [ 1 ] {} <Debug> DatabaseAtomic (system): Found 0 non used tables in detached tables.
2025.11.02 19:47:34.509364 [ 1 ] {} <Debug> DatabaseAtomic (system): There are 0 detached tables. Start searching non used tables.
2025.11.02 19:47:34.509388 [ 1 ] {} <Debug> DatabaseAtomic (system): Found 0 non used tables in detached tables.
2025.11.02 19:47:34.509446 [ 1 ] {} <Debug> DatabaseAtomic (system): There are 0 detached tables. Start searching non used tables.
2025.11.02 19:47:34.509468 [ 1 ] {} <Debug> DatabaseAtomic (system): Found 0 non used tables in detached tables.
2025.11.02 19:47:34.509519 [ 1 ] {} <Debug> DatabaseAtomic (system): There are 0 detached tables. Start searching non used tables.
2025.11.02 19:47:34.510184 [ 1 ] {} <Debug> DatabaseAtomic (system): Found 0 non used tables in detached tables.
2025.11.02 19:47:34.510238 [ 1 ] {} <Debug> DatabaseAtomic (system): There are 0 detached tables. Start searching non used tables.
2025.11.02 19:47:34.510267 [ 1 ] {} <Debug> DatabaseAtomic (system): Found 0 non used tables in detached tables.
2025.11.02 19:47:34.510300 [ 1 ] {} <Debug> DatabaseAtomic (system): There are 0 detached tables. Start searching non used tables.
2025.11.02 19:47:34.510317 [ 1 ] {} <Debug> DatabaseAtomic (system): Found 0 non used tables in detached tables.
2025.11.02 19:47:34.510361 [ 1 ] {} <Debug> DatabaseAtomic (system): There are 0 detached tables. Start searching non used tables.
2025.11.02 19:47:34.510378 [ 1 ] {} <Debug> DatabaseAtomic (system): Found 0 non used tables in detached tables.
2025.11.02 19:47:34.510410 [ 1 ] {} <Debug> DatabaseAtomic (system): There are 0 detached tables. Start searching non used tables.
2025.11.02 19:47:34.510438 [ 1 ] {} <Debug> DatabaseAtomic (system): Found 0 non used tables in detached tables.
2025.11.02 19:47:34.510473 [ 1 ] {} <Debug> DatabaseAtomic (system): There are 0 detached tables. Start searching non used tables.
2025.11.02 19:47:34.510491 [ 1 ] {} <Debug> DatabaseAtomic (system): Found 0 non used tables in detached tables.
2025.11.02 19:47:34.510538 [ 1 ] {} <Debug> DatabaseAtomic (system): There are 0 detached tables. Start searching non used tables.
2025.11.02 19:47:34.510556 [ 1 ] {} <Debug> DatabaseAtomic (system): Found 0 non used tables in detached tables.
2025.11.02 19:47:34.510601 [ 1 ] {} <Debug> DatabaseAtomic (system): There are 0 detached tables. Start searching non used tables.
2025.11.02 19:47:34.510618 [ 1 ] {} <Debug> DatabaseAtomic (system): Found 0 non used tables in detached tables.
2025.11.02 19:47:34.510672 [ 1 ] {} <Debug> DatabaseAtomic (system): There are 0 detached tables. Start searching non used tables.
2025.11.02 19:47:34.510689 [ 1 ] {} <Debug> DatabaseAtomic (system): Found 0 non used tables in detached tables.
2025.11.02 19:47:34.510719 [ 1 ] {} <Debug> DatabaseAtomic (system): There are 0 detached tables. Start searching non used tables.
2025.11.02 19:47:34.510748 [ 1 ] {} <Debug> DatabaseAtomic (system): Found 0 non used tables in detached tables.
2025.11.02 19:47:34.510774 [ 1 ] {} <Debug> DatabaseAtomic (system): There are 0 detached tables. Start searching non used tables.
2025.11.02 19:47:34.510791 [ 1 ] {} <Debug> DatabaseAtomic (system): Found 0 non used tables in detached tables.
2025.11.02 19:47:34.510825 [ 1 ] {} <Debug> DatabaseAtomic (system): There are 0 detached tables. Start searching non used tables.
2025.11.02 19:47:34.510845 [ 1 ] {} <Debug> DatabaseAtomic (system): Found 0 non used tables in detached tables.
2025.11.02 19:47:34.510876 [ 1 ] {} <Debug> DatabaseAtomic (system): There are 0 detached tables. Start searching non used tables.
2025.11.02 19:47:34.510907 [ 1 ] {} <Debug> DatabaseAtomic (system): Found 0 non used tables in detached tables.
2025.11.02 19:47:34.510933 [ 1 ] {} <Debug> DatabaseAtomic (system): There are 0 detached tables. Start searching non used tables.
2025.11.02 19:47:34.510963 [ 1 ] {} <Debug> DatabaseAtomic (system): Found 0 non used tables in detached tables.
2025.11.02 19:47:34.510988 [ 1 ] {} <Debug> DatabaseAtomic (system): There are 0 detached tables. Start searching non used tables.
2025.11.02 19:47:34.511017 [ 1 ] {} <Debug> DatabaseAtomic (system): Found 0 non used tables in detached tables.
2025.11.02 19:47:34.511047 [ 1 ] {} <Debug> DatabaseAtomic (system): There are 0 detached tables. Start searching non used tables.
2025.11.02 19:47:34.511076 [ 1 ] {} <Debug> DatabaseAtomic (system): Found 0 non used tables in detached tables.
2025.11.02 19:47:34.511102 [ 1 ] {} <Debug> DatabaseAtomic (system): There are 0 detached tables. Start searching non used tables.
2025.11.02 19:47:34.511122 [ 1 ] {} <Debug> DatabaseAtomic (system): Found 0 non used tables in detached tables.
2025.11.02 19:47:34.511181 [ 1 ] {} <Debug> DatabaseAtomic (system): There are 0 detached tables. Start searching non used tables.
2025.11.02 19:47:34.511200 [ 1 ] {} <Debug> DatabaseAtomic (system): Found 0 non used tables in detached tables.
2025.11.02 19:47:34.511227 [ 1 ] {} <Debug> DatabaseAtomic (system): There are 0 detached tables. Start searching non used tables.
2025.11.02 19:47:34.511258 [ 1 ] {} <Debug> DatabaseAtomic (system): Found 0 non used tables in detached tables.
2025.11.02 19:47:34.511349 [ 1 ] {} <Debug> DatabaseAtomic (system): There are 0 detached tables. Start searching non used tables.
2025.11.02 19:47:34.511382 [ 1 ] {} <Debug> DatabaseAtomic (system): Found 0 non used tables in detached tables.
2025.11.02 19:47:34.511416 [ 1 ] {} <Debug> DatabaseAtomic (system): There are 0 detached tables. Start searching non used tables.
2025.11.02 19:47:34.511446 [ 1 ] {} <Debug> DatabaseAtomic (system): Found 0 non used tables in detached tables.
2025.11.02 19:47:34.511489 [ 1 ] {} <Debug> DatabaseAtomic (system): There are 0 detached tables. Start searching non used tables.
2025.11.02 19:47:34.511503 [ 1 ] {} <Debug> DatabaseAtomic (system): Found 0 non used tables in detached tables.
2025.11.02 19:47:34.511539 [ 1 ] {} <Debug> DatabaseAtomic (system): There are 0 detached tables. Start searching non used tables.
2025.11.02 19:47:34.511556 [ 1 ] {} <Debug> DatabaseAtomic (system): Found 0 non used tables in detached tables.
2025.11.02 19:47:34.511597 [ 1 ] {} <Debug> DatabaseAtomic (system): There are 0 detached tables. Start searching non used tables.
2025.11.02 19:47:34.511615 [ 1 ] {} <Debug> DatabaseAtomic (system): Found 0 non used tables in detached tables.
2025.11.02 19:47:34.511649 [ 1 ] {} <Debug> DatabaseAtomic (system): There are 0 detached tables. Start searching non used tables.
2025.11.02 19:47:34.511674 [ 1 ] {} <Debug> DatabaseAtomic (system): Found 0 non used tables in detached tables.
2025.11.02 19:47:34.511735 [ 1 ] {} <Debug> DatabaseAtomic (system): There are 0 detached tables. Start searching non used tables.
2025.11.02 19:47:34.511775 [ 1 ] {} <Debug> DatabaseAtomic (system): Found 0 non used tables in detached tables.
2025.11.02 19:47:34.511845 [ 1 ] {} <Debug> DatabaseAtomic (system): There are 0 detached tables. Start searching non used tables.
2025.11.02 19:47:34.511880 [ 1 ] {} <Debug> DatabaseAtomic (system): Found 0 non used tables in detached tables.
2025.11.02 19:47:34.511946 [ 1 ] {} <Debug> DatabaseAtomic (system): There are 0 detached tables. Start searching non used tables.
2025.11.02 19:47:34.511994 [ 1 ] {} <Debug> DatabaseAtomic (system): Found 0 non used tables in detached tables.
2025.11.02 19:47:34.512088 [ 1 ] {} <Debug> DatabaseAtomic (system): There are 0 detached tables. Start searching non used tables.
2025.11.02 19:47:34.512133 [ 1 ] {} <Debug> DatabaseAtomic (system): Found 0 non used tables in detached tables.
2025.11.02 19:47:34.512194 [ 1 ] {} <Debug> DatabaseAtomic (system): There are 0 detached tables. Start searching non used tables.
2025.11.02 19:47:34.512254 [ 1 ] {} <Debug> DatabaseAtomic (system): Found 0 non used tables in detached tables.
2025.11.02 19:47:34.512310 [ 1 ] {} <Debug> DatabaseAtomic (system): There are 0 detached tables. Start searching non used tables.
2025.11.02 19:47:34.512344 [ 1 ] {} <Debug> DatabaseAtomic (system): Found 0 non used tables in detached tables.
2025.11.02 19:47:34.512433 [ 1 ] {} <Debug> DatabaseAtomic (system): There are 0 detached tables. Start searching non used tables.
2025.11.02 19:47:34.512473 [ 1 ] {} <Debug> DatabaseAtomic (system): Found 0 non used tables in detached tables.
2025.11.02 19:47:34.512514 [ 1 ] {} <Debug> DatabaseAtomic (system): There are 0 detached tables. Start searching non used tables.
2025.11.02 19:47:34.512555 [ 1 ] {} <Debug> DatabaseAtomic (system): Found 0 non used tables in detached tables.
2025.11.02 19:47:34.512593 [ 1 ] {} <Debug> DatabaseAtomic (system): There are 0 detached tables. Start searching non used tables.
2025.11.02 19:47:34.512636 [ 1 ] {} <Debug> DatabaseAtomic (system): Found 0 non used tables in detached tables.
2025.11.02 19:47:34.512673 [ 1 ] {} <Debug> DatabaseAtomic (system): There are 0 detached tables. Start searching non used tables.
2025.11.02 19:47:34.512712 [ 1 ] {} <Debug> DatabaseAtomic (system): Found 0 non used tables in detached tables.
2025.11.02 19:47:34.512755 [ 1 ] {} <Debug> DatabaseAtomic (system): There are 0 detached tables. Start searching non used tables.
2025.11.02 19:47:34.512791 [ 1 ] {} <Debug> DatabaseAtomic (system): Found 0 non used tables in detached tables.
2025.11.02 19:47:34.512824 [ 1 ] {} <Debug> DatabaseAtomic (system): There are 0 detached tables. Start searching non used tables.
2025.11.02 19:47:34.512869 [ 1 ] {} <Debug> DatabaseAtomic (system): Found 0 non used tables in detached tables.
2025.11.02 19:47:34.512924 [ 1 ] {} <Debug> DatabaseAtomic (system): There are 0 detached tables. Start searching non used tables.
2025.11.02 19:47:34.512970 [ 1 ] {} <Debug> DatabaseAtomic (system): Found 0 non used tables in detached tables.
2025.11.02 19:47:34.513018 [ 1 ] {} <Debug> DatabaseAtomic (system): There are 0 detached tables. Start searching non used tables.
2025.11.02 19:47:34.513063 [ 1 ] {} <Debug> DatabaseAtomic (system): Found 0 non used tables in detached tables.
2025.11.02 19:47:34.513102 [ 1 ] {} <Debug> DatabaseAtomic (system): There are 0 detached tables. Start searching non used tables.
2025.11.02 19:47:34.513144 [ 1 ] {} <Debug> DatabaseAtomic (system): Found 0 non used tables in detached tables.
2025.11.02 19:47:34.513179 [ 1 ] {} <Debug> DatabaseAtomic (system): There are 0 detached tables. Start searching non used tables.
2025.11.02 19:47:34.513234 [ 1 ] {} <Debug> DatabaseAtomic (system): Found 0 non used tables in detached tables.
2025.11.02 19:47:34.513334 [ 1 ] {} <Debug> DatabaseAtomic (system): There are 0 detached tables. Start searching non used tables.
2025.11.02 19:47:34.513396 [ 1 ] {} <Debug> DatabaseAtomic (system): Found 0 non used tables in detached tables.
2025.11.02 19:47:34.513479 [ 1 ] {} <Debug> DatabaseAtomic (system): There are 0 detached tables. Start searching non used tables.
2025.11.02 19:47:34.513513 [ 1 ] {} <Debug> DatabaseAtomic (system): Found 0 non used tables in detached tables.
2025.11.02 19:47:34.513556 [ 1 ] {} <Debug> DatabaseAtomic (system): There are 0 detached tables. Start searching non used tables.
2025.11.02 19:47:34.513585 [ 1 ] {} <Debug> DatabaseAtomic (system): Found 0 non used tables in detached tables.
2025.11.02 19:47:34.513638 [ 1 ] {} <Debug> DatabaseAtomic (system): There are 0 detached tables. Start searching non used tables.
2025.11.02 19:47:34.513673 [ 1 ] {} <Debug> DatabaseAtomic (system): Found 0 non used tables in detached tables.
2025.11.02 19:47:34.513721 [ 1 ] {} <Debug> DatabaseAtomic (system): There are 0 detached tables. Start searching non used tables.
2025.11.02 19:47:34.513735 [ 1 ] {} <Debug> DatabaseAtomic (system): Found 0 non used tables in detached tables.
2025.11.02 19:47:34.513796 [ 1 ] {} <Debug> DatabaseAtomic (system): There are 0 detached tables. Start searching non used tables.
2025.11.02 19:47:34.513816 [ 1 ] {} <Debug> DatabaseAtomic (system): Found 0 non used tables in detached tables.
2025.11.02 19:47:34.513847 [ 1 ] {} <Debug> DatabaseAtomic (system): There are 0 detached tables. Start searching non used tables.
2025.11.02 19:47:34.513867 [ 1 ] {} <Debug> DatabaseAtomic (system): Found 0 non used tables in detached tables.
2025.11.02 19:47:34.513967 [ 1 ] {} <Debug> DatabaseAtomic (system): There are 0 detached tables. Start searching non used tables.
2025.11.02 19:47:34.513999 [ 1 ] {} <Debug> DatabaseAtomic (system): Found 0 non used tables in detached tables.
2025.11.02 19:47:34.514104 [ 1 ] {} <Debug> DatabaseAtomic (system): There are 0 detached tables. Start searching non used tables.
2025.11.02 19:47:34.514288 [ 1 ] {} <Debug> DatabaseAtomic (system): Found 0 non used tables in detached tables.
2025.11.02 19:47:34.514452 [ 1 ] {} <Debug> DatabaseAtomic (system): There are 0 detached tables. Start searching non used tables.
2025.11.02 19:47:34.514473 [ 1 ] {} <Debug> DatabaseAtomic (system): Found 0 non used tables in detached tables.
2025.11.02 19:47:34.514520 [ 1 ] {} <Debug> DatabaseAtomic (system): There are 0 detached tables. Start searching non used tables.
2025.11.02 19:47:34.514551 [ 1 ] {} <Debug> DatabaseAtomic (system): Found 0 non used tables in detached tables.
2025.11.02 19:47:34.514635 [ 1 ] {} <Debug> DatabaseAtomic (system): There are 0 detached tables. Start searching non used tables.
2025.11.02 19:47:34.514686 [ 1 ] {} <Debug> DatabaseAtomic (system): Found 0 non used tables in detached tables.
2025.11.02 19:47:34.514785 [ 1 ] {} <Debug> DatabaseAtomic (system): There are 0 detached tables. Start searching non used tables.
2025.11.02 19:47:34.514832 [ 1 ] {} <Debug> DatabaseAtomic (system): Found 0 non used tables in detached tables.
2025.11.02 19:47:34.514919 [ 1 ] {} <Debug> DatabaseAtomic (system): There are 0 detached tables. Start searching non used tables.
2025.11.02 19:47:34.514946 [ 1 ] {} <Debug> DatabaseAtomic (system): Found 0 non used tables in detached tables.
2025.11.02 19:47:34.515061 [ 1 ] {} <Debug> DatabaseAtomic (system): There are 0 detached tables. Start searching non used tables.
2025.11.02 19:47:34.515145 [ 1 ] {} <Debug> DatabaseAtomic (system): Found 0 non used tables in detached tables.
2025.11.02 19:47:34.515310 [ 1 ] {} <Debug> DatabaseAtomic (system): There are 0 detached tables. Start searching non used tables.
2025.11.02 19:47:34.515333 [ 1 ] {} <Debug> DatabaseAtomic (system): Found 0 non used tables in detached tables.
2025.11.02 19:47:34.515391 [ 1 ] {} <Debug> DatabaseAtomic (system): There are 0 detached tables. Start searching non used tables.
2025.11.02 19:47:34.515452 [ 1 ] {} <Debug> DatabaseAtomic (system): Found 0 non used tables in detached tables.
2025.11.02 19:47:34.515545 [ 1 ] {} <Debug> DatabaseAtomic (system): There are 0 detached tables. Start searching non used tables.
2025.11.02 19:47:34.515678 [ 1 ] {} <Debug> DatabaseAtomic (system): Found 0 non used tables in detached tables.
2025.11.02 19:47:34.515766 [ 1 ] {} <Debug> DatabaseAtomic (system): There are 0 detached tables. Start searching non used tables.
2025.11.02 19:47:34.515788 [ 1 ] {} <Debug> DatabaseAtomic (system): Found 0 non used tables in detached tables.
2025.11.02 19:47:34.515887 [ 1 ] {} <Debug> DatabaseAtomic (system): There are 0 detached tables. Start searching non used tables.
2025.11.02 19:47:34.515922 [ 1 ] {} <Debug> DatabaseAtomic (system): Found 0 non used tables in detached tables.
2025.11.02 19:47:34.515962 [ 1 ] {} <Debug> DatabaseAtomic (system): There are 0 detached tables. Start searching non used tables.
2025.11.02 19:47:34.516004 [ 1 ] {} <Debug> DatabaseAtomic (system): Found 0 non used tables in detached tables.
2025.11.02 19:47:34.516166 [ 1 ] {} <Debug> DatabaseAtomic (system): There are 0 detached tables. Start searching non used tables.
2025.11.02 19:47:34.516270 [ 1 ] {} <Debug> DatabaseAtomic (system): Found 0 non used tables in detached tables.
2025.11.02 19:47:34.516321 [ 1 ] {} <Debug> DatabaseAtomic (system): There are 0 detached tables. Start searching non used tables.
2025.11.02 19:47:34.516334 [ 1 ] {} <Debug> DatabaseAtomic (system): Found 0 non used tables in detached tables.
2025.11.02 19:47:34.516382 [ 1 ] {} <Debug> DatabaseAtomic (system): There are 0 detached tables. Start searching non used tables.
2025.11.02 19:47:34.516395 [ 1 ] {} <Debug> DatabaseAtomic (system): Found 0 non used tables in detached tables.
2025.11.02 19:47:34.516443 [ 1 ] {} <Debug> DatabaseAtomic (system): There are 0 detached tables. Start searching non used tables.
2025.11.02 19:47:34.516480 [ 1 ] {} <Debug> DatabaseAtomic (system): Found 0 non used tables in detached tables.
2025.11.02 19:47:34.516561 [ 1 ] {} <Debug> DatabaseAtomic (system): There are 0 detached tables. Start searching non used tables.
2025.11.02 19:47:34.516578 [ 1 ] {} <Debug> DatabaseAtomic (system): Found 0 non used tables in detached tables.
2025.11.02 19:47:34.516630 [ 1 ] {} <Debug> DatabaseAtomic (system): There are 0 detached tables. Start searching non used tables.
2025.11.02 19:47:34.516651 [ 1 ] {} <Debug> DatabaseAtomic (system): Found 0 non used tables in detached tables.
2025.11.02 19:47:34.516774 [ 1 ] {} <Debug> DatabaseAtomic (system): There are 0 detached tables. Start searching non used tables.
2025.11.02 19:47:34.516830 [ 1 ] {} <Debug> DatabaseAtomic (system): Found 0 non used tables in detached tables.
2025.11.02 19:47:34.516914 [ 1 ] {} <Debug> DatabaseAtomic (system): There are 0 detached tables. Start searching non used tables.
2025.11.02 19:47:34.517014 [ 1 ] {} <Debug> DatabaseAtomic (system): Found 0 non used tables in detached tables.
2025.11.02 19:47:34.517095 [ 1 ] {} <Debug> DatabaseAtomic (system): There are 0 detached tables. Start searching non used tables.
2025.11.02 19:47:34.517136 [ 1 ] {} <Debug> DatabaseAtomic (system): Found 0 non used tables in detached tables.
2025.11.02 19:47:34.517207 [ 1 ] {} <Debug> DatabaseAtomic (system): There are 0 detached tables. Start searching non used tables.
2025.11.02 19:47:34.517252 [ 1 ] {} <Debug> DatabaseAtomic (system): Found 0 non used tables in detached tables.
2025.11.02 19:47:34.517370 [ 1 ] {} <Debug> DatabaseAtomic (system): There are 0 detached tables. Start searching non used tables.
2025.11.02 19:47:34.517405 [ 1 ] {} <Debug> DatabaseAtomic (system): Found 0 non used tables in detached tables.
2025.11.02 19:47:34.517499 [ 1 ] {} <Debug> DatabaseAtomic (system): There are 0 detached tables. Start searching non used tables.
2025.11.02 19:47:34.517523 [ 1 ] {} <Debug> DatabaseAtomic (system): Found 0 non used tables in detached tables.
2025.11.02 19:47:34.517578 [ 1 ] {} <Debug> DatabaseAtomic (system): There are 0 detached tables. Start searching non used tables.
2025.11.02 19:47:34.517619 [ 1 ] {} <Debug> DatabaseAtomic (system): Found 0 non used tables in detached tables.
2025.11.02 19:47:34.517818 [ 1 ] {} <Debug> DatabaseAtomic (system): There are 0 detached tables. Start searching non used tables.
2025.11.02 19:47:34.517875 [ 1 ] {} <Debug> DatabaseAtomic (system): Found 0 non used tables in detached tables.
2025.11.02 19:47:34.517964 [ 1 ] {} <Debug> DatabaseAtomic (system): There are 0 detached tables. Start searching non used tables.
2025.11.02 19:47:34.518005 [ 1 ] {} <Debug> DatabaseAtomic (system): Found 0 non used tables in detached tables.
2025.11.02 19:47:34.518065 [ 1 ] {} <Debug> DatabaseAtomic (system): There are 0 detached tables. Start searching non used tables.
2025.11.02 19:47:34.518122 [ 1 ] {} <Debug> DatabaseAtomic (system): Found 0 non used tables in detached tables.
2025.11.02 19:47:34.518243 [ 1 ] {} <Debug> DatabaseAtomic (system): There are 0 detached tables. Start searching non used tables.
2025.11.02 19:47:34.518304 [ 1 ] {} <Debug> DatabaseAtomic (system): Found 0 non used tables in detached tables.
2025.11.02 19:47:34.518402 [ 1 ] {} <Debug> DatabaseAtomic (system): There are 0 detached tables. Start searching non used tables.
2025.11.02 19:47:34.518461 [ 1 ] {} <Debug> DatabaseAtomic (system): Found 0 non used tables in detached tables.
2025.11.02 19:47:34.518553 [ 1 ] {} <Debug> DatabaseAtomic (system): There are 0 detached tables. Start searching non used tables.
2025.11.02 19:47:34.518591 [ 1 ] {} <Debug> DatabaseAtomic (system): Found 0 non used tables in detached tables.
2025.11.02 19:47:34.518673 [ 1 ] {} <Debug> DatabaseAtomic (system): There are 0 detached tables. Start searching non used tables.
2025.11.02 19:47:34.518723 [ 1 ] {} <Debug> DatabaseAtomic (system): Found 0 non used tables in detached tables.
2025.11.02 19:47:34.518852 [ 1 ] {} <Debug> DatabaseAtomic (system): There are 0 detached tables. Start searching non used tables.
2025.11.02 19:47:34.518887 [ 1 ] {} <Debug> DatabaseAtomic (system): Found 0 non used tables in detached tables.
2025.11.02 19:47:34.519017 [ 1 ] {} <Debug> DatabaseAtomic (system): There are 0 detached tables. Start searching non used tables.
2025.11.02 19:47:34.519089 [ 1 ] {} <Debug> DatabaseAtomic (system): Found 0 non used tables in detached tables.
2025.11.02 19:47:34.519201 [ 1 ] {} <Debug> DatabaseAtomic (system): There are 0 detached tables. Start searching non used tables.
2025.11.02 19:47:34.519273 [ 1 ] {} <Debug> DatabaseAtomic (system): Found 0 non used tables in detached tables.
2025.11.02 19:47:34.519383 [ 1 ] {} <Debug> DatabaseAtomic (system): There are 0 detached tables. Start searching non used tables.
2025.11.02 19:47:34.519425 [ 1 ] {} <Debug> DatabaseAtomic (system): Found 0 non used tables in detached tables.
2025.11.02 19:47:34.519534 [ 1 ] {} <Debug> DatabaseAtomic (system): There are 0 detached tables. Start searching non used tables.
2025.11.02 19:47:34.519555 [ 1 ] {} <Debug> DatabaseAtomic (system): Found 0 non used tables in detached tables.
2025.11.02 19:47:34.519594 [ 1 ] {} <Debug> DatabaseAtomic (system): There are 0 detached tables. Start searching non used tables.
2025.11.02 19:47:34.519614 [ 1 ] {} <Debug> DatabaseAtomic (system): Found 0 non used tables in detached tables.
2025.11.02 19:47:34.519664 [ 1 ] {} <Debug> DatabaseAtomic (system): There are 0 detached tables. Start searching non used tables.
2025.11.02 19:47:34.519702 [ 1 ] {} <Debug> DatabaseAtomic (system): Found 0 non used tables in detached tables.
2025.11.02 19:47:34.519800 [ 1 ] {} <Debug> DatabaseAtomic (system): There are 0 detached tables. Start searching non used tables.
2025.11.02 19:47:34.519870 [ 1 ] {} <Debug> DatabaseAtomic (system): Found 0 non used tables in detached tables.
2025.11.02 19:47:34.519923 [ 1 ] {} <Debug> DatabaseAtomic (system): There are 0 detached tables. Start searching non used tables.
2025.11.02 19:47:34.519955 [ 1 ] {} <Debug> DatabaseAtomic (system): Found 0 non used tables in detached tables.
2025.11.02 19:47:34.520022 [ 1 ] {} <Debug> DatabaseAtomic (system): There are 0 detached tables. Start searching non used tables.
2025.11.02 19:47:34.520066 [ 1 ] {} <Debug> DatabaseAtomic (system): Found 0 non used tables in detached tables.
2025.11.02 19:47:34.520238 [ 1 ] {} <Debug> DatabaseAtomic (system): There are 0 detached tables. Start searching non used tables.
2025.11.02 19:47:34.520322 [ 1 ] {} <Debug> DatabaseAtomic (system): Found 0 non used tables in detached tables.
2025.11.02 19:47:34.520460 [ 1 ] {} <Debug> DatabaseAtomic (system): There are 0 detached tables. Start searching non used tables.
2025.11.02 19:47:34.520547 [ 1 ] {} <Debug> DatabaseAtomic (system): Found 0 non used tables in detached tables.
2025.11.02 19:47:34.520736 [ 1 ] {} <Debug> DatabaseAtomic (system): There are 0 detached tables. Start searching non used tables.
2025.11.02 19:47:34.520800 [ 1 ] {} <Debug> DatabaseAtomic (system): Found 0 non used tables in detached tables.
2025.11.02 19:47:34.524039 [ 1 ] {} <Information> DatabaseCatalog: Found 0 partially dropped tables. Will load them and retry removal.
2025.11.02 19:47:34.525102 [ 1 ] {} <Information> DatabaseAtomic (default): Metadata processed, database default has 0 tables and 0 dictionaries in total.
2025.11.02 19:47:34.525155 [ 1 ] {} <Information> TablesLoader: Parsed metadata of 0 tables in 1 databases in 5.6709e-05 sec
2025.11.02 19:47:34.525287 [ 1 ] {} <Information> loadMetadata: Start asynchronous loading of databases
2025.11.02 19:47:34.525329 [ 1 ] {} <Debug> AsyncLoader: Schedule load job 'startup Ordinary database default' into BackgrndStartup
2025.11.02 19:47:34.525412 [ 1 ] {} <Debug> AsyncLoader: Schedule load job 'startup Atomic database default' into BackgrndStartup
2025.11.02 19:47:34.525448 [ 1 ] {} <Debug> AsyncLoader: Change current priority: none -> 2
2025.11.02 19:47:34.525506 [ 1 ] {} <Debug> AsyncLoader: Spawn loader worker #1 in BackgrndStartup
2025.11.02 19:47:34.525640 [ 717 ] {} <Debug> AsyncLoader: Execute load job 'startup Ordinary database default' in BackgrndStartup
2025.11.02 19:47:34.525682 [ 717 ] {} <Debug> AsyncLoader: Finish load job 'startup Ordinary database default' with status OK
2025.11.02 19:47:34.525711 [ 717 ] {} <Debug> AsyncLoader: Spawn loader worker #2 in BackgrndStartup
2025.11.02 19:47:34.525757 [ 1 ] {} <Information> UserDefinedSQLObjectsLoaderFromDisk: Loading user defined objects from /var/lib/clickhouse/user_defined/
2025.11.02 19:47:34.525786 [ 1 ] {} <Debug> UserDefinedSQLObjectsLoaderFromDisk: The directory for user defined objects (/var/lib/clickhouse/user_defined/) does not exist: nothing to load
2025.11.02 19:47:34.525833 [ 717 ] {} <Debug> AsyncLoader: Execute load job 'startup Atomic database default' in BackgrndStartup
2025.11.02 19:47:34.525977 [ 717 ] {} <Debug> AsyncLoader: Finish load job 'startup Atomic database default' with status OK
2025.11.02 19:47:34.526028 [ 717 ] {} <Debug> AsyncLoader: Stop worker in BackgrndStartup
2025.11.02 19:47:34.526086 [ 720 ] {} <Debug> AsyncLoader: Stop worker in BackgrndStartup
2025.11.02 19:47:34.525890 [ 1 ] {} <Information> WorkloadEntityDiskStorage: Loading workload entities from /var/lib/clickhouse/workload/
2025.11.02 19:47:34.526150 [ 720 ] {} <Debug> AsyncLoader: Change current priority: 2 -> none
2025.11.02 19:47:34.526179 [ 1 ] {} <Debug> WorkloadEntityDiskStorage: The directory for workload entities (/var/lib/clickhouse/workload/) does not exist: nothing to load
2025.11.02 19:47:34.534413 [ 1 ] {} <Information> ZooKeeperClient: Connected to ZooKeeper at 172.19.0.2:2181 with session_id 72057599028297728
2025.11.02 19:47:34.538990 [ 1 ] {} <Information> ZooKeeperClient: Keeper feature flag FILTERED_LIST: disabled
2025.11.02 19:47:34.539092 [ 1 ] {} <Information> ZooKeeperClient: Keeper feature flag MULTI_READ: disabled
2025.11.02 19:47:34.539167 [ 1 ] {} <Information> ZooKeeperClient: Keeper feature flag CHECK_NOT_EXISTS: disabled
2025.11.02 19:47:34.539207 [ 1 ] {} <Information> ZooKeeperClient: Keeper feature flag CREATE_IF_NOT_EXISTS: disabled
2025.11.02 19:47:34.539267 [ 1 ] {} <Information> ZooKeeperClient: Keeper feature flag REMOVE_RECURSIVE: disabled
2025.11.02 19:47:34.558009 [ 1 ] {} <Debug> Application: Loaded metadata.
2025.11.02 19:47:34.558061 [ 1 ] {} <Information> Application: Tasks stats provider: procfs
2025.11.02 19:47:34.558160 [ 1 ] {} <Information> Application: It looks like the process has no CAP_SYS_NICE capability, the setting 'os_thread_priority' will have no effect. It could happen due to incorrect ClickHouse package installation. You could resolve the problem manually with 'sudo setcap cap_sys_nice=+ep /usr/bin/clickhouse'. Note that it will not work on 'nosuid' mounted filesystems.
2025.11.02 19:47:34.558229 [ 1 ] {} <Debug> DatabaseAtomic (system): There are 0 detached tables. Start searching non used tables.
2025.11.02 19:47:34.558279 [ 1 ] {} <Debug> DatabaseAtomic (system): Found 0 non used tables in detached tables.
2025.11.02 19:47:34.558436 [ 1 ] {} <Warning> Application: Listen [::]:8123 failed: Poco::Exception. Code: 1000, e.code() = 0, DNS error: EAI: Address family for hostname not supported (version 25.3.7.194 (official build)). If it is an IPv6 or IPv4 address and your host has disabled IPv6 or IPv4, then consider to specify not disabled IPv4 or IPv6 address to listen in <listen_host> element of configuration file. Example for disabled IPv6: <listen_host>0.0.0.0</listen_host> . Example for disabled IPv4: <listen_host>::</listen_host>
2025.11.02 19:47:34.558677 [ 1 ] {} <Warning> Application: Listen [::]:9000 failed: Poco::Exception. Code: 1000, e.code() = 0, DNS error: EAI: Address family for hostname not supported (version 25.3.7.194 (official build)). If it is an IPv6 or IPv4 address and your host has disabled IPv6 or IPv4, then consider to specify not disabled IPv4 or IPv6 address to listen in <listen_host> element of configuration file. Example for disabled IPv6: <listen_host>0.0.0.0</listen_host> . Example for disabled IPv4: <listen_host>::</listen_host>
2025.11.02 19:47:34.558797 [ 1 ] {} <Warning> Application: Listen [::]:8001 failed: Poco::Exception. Code: 1000, e.code() = 0, DNS error: EAI: Address family for hostname not supported (version 25.3.7.194 (official build)). If it is an IPv6 or IPv4 address and your host has disabled IPv6 or IPv4, then consider to specify not disabled IPv4 or IPv6 address to listen in <listen_host> element of configuration file. Example for disabled IPv6: <listen_host>0.0.0.0</listen_host> . Example for disabled IPv4: <listen_host>::</listen_host>
2025.11.02 19:47:34.559003 [ 1 ] {} <Information> CertificateReloader: One of paths is empty. Cannot apply new configuration for certificates. Fill all paths and try again.
2025.11.02 19:47:34.559055 [ 1 ] {} <Information> CertificateReloader: One of paths is empty. Cannot apply new configuration for certificates. Fill all paths and try again.
2025.11.02 19:47:34.561474 [ 1 ] {} <Debug> AsyncLoader: Schedule load job 'startup ddl worker' into BackgrndStartup
2025.11.02 19:47:34.561528 [ 1 ] {} <Debug> AsyncLoader: Change current priority: none -> 2
2025.11.02 19:47:34.561596 [ 1 ] {} <Debug> AsyncLoader: Spawn loader worker #1 in BackgrndStartup
2025.11.02 19:47:34.561828 [ 727 ] {} <Debug> AsyncLoader: Execute load job 'startup ddl worker' in BackgrndStartup
2025.11.02 19:47:34.561894 [ 1 ] {} <Information> Application: Listening for http://0.0.0.0:8123
2025.11.02 19:47:34.561985 [ 727 ] {} <Debug> AsyncLoader: Finish load job 'startup ddl worker' with status OK
2025.11.02 19:47:34.562157 [ 727 ] {} <Debug> AsyncLoader: Stop worker in BackgrndStartup
2025.11.02 19:47:34.562207 [ 727 ] {} <Debug> AsyncLoader: Change current priority: 2 -> none
2025.11.02 19:47:34.562016 [ 729 ] {} <Debug> DDLWorker: Starting DDLWorker thread
2025.11.02 19:47:34.562341 [ 729 ] {} <Debug> DDLWorker: Initializing DDLWorker thread
2025.11.02 19:47:34.562002 [ 726 ] {} <Debug> DDLWorker: Started DDLWorker cleanup thread
2025.11.02 19:47:34.561993 [ 1 ] {} <Information> Application: Listening for native protocol (tcp): 0.0.0.0:9000
2025.11.02 19:47:34.562580 [ 1 ] {} <Information> Application: Listening for Prometheus: http://0.0.0.0:8001
2025.11.02 19:47:34.562630 [ 1 ] {} <Information> Application: Ready for connections.
2025.11.02 19:47:34.568189 [ 729 ] {} <Debug> DDLWorker: Initialized DDLWorker thread
2025.11.02 19:47:34.568357 [ 726 ] {} <Debug> DDLWorker: Cleaning queue
2025.11.02 19:47:34.570801 [ 729 ] {} <Debug> DDLWorker: Scheduling tasks
2025.11.02 19:47:34.571978 [ 729 ] {} <Debug> DDLWorker: No tasks to schedule
2025.11.02 19:47:34.572049 [ 729 ] {} <Debug> DDLWorker: Waiting for queue updates
2025.11.02 19:47:34.659049 [ 79 ] {} <Information> TCPHandler: Client has not sent any data.
2025.11.02 19:47:34.659127 [ 79 ] {} <Debug> TCPHandler: Done processing connection.
2025.11.02 19:47:34.698922 [ 79 ] {} <Information> TCPHandler: Client has not sent any data.
2025.11.02 19:47:34.699171 [ 79 ] {} <Debug> TCPHandler: Done processing connection.
2025.11.02 19:47:34.902549 [ 729 ] {} <Debug> DDLWorker: Scheduling tasks
2025.11.02 19:47:34.904782 [ 729 ] {} <Debug> DDLWorker: Will schedule 1 tasks starting from query-0000000000
2025.11.02 19:47:34.905967 [ 729 ] {} <Debug> DDLWorker: Processing task query-0000000000 (query: CREATE DATABASE IF NOT EXISTS db_cor UUID '91d5f8af-7555-4edd-8dbd-050c21b7c62b', backup restore: false)
2025.11.02 19:47:34.907045 [ 729 ] {} <Debug> DDLWorker: Executing query: CREATE DATABASE IF NOT EXISTS db_cor UUID '91d5f8af-7555-4edd-8dbd-050c21b7c62b'
2025.11.02 19:47:34.907201 [ 729 ] {f8af0c9a-42ae-402f-bb7a-06e43681032a} <Debug> executeQuery: (from 0.0.0.0:0, user: , initial_query_id: 24e89954-4698-4b11-b435-5546ec87616c) /* ddl_entry=query-0000000000 */ CREATE DATABASE IF NOT EXISTS db_cor UUID '91d5f8af-7555-4edd-8dbd-050c21b7c62b' (stage: Complete)
2025.11.02 19:47:34.908134 [ 729 ] {f8af0c9a-42ae-402f-bb7a-06e43681032a} <Information> DatabaseAtomic (db_cor): Metadata processed, database db_cor has 0 tables and 0 dictionaries in total.
2025.11.02 19:47:34.908185 [ 729 ] {f8af0c9a-42ae-402f-bb7a-06e43681032a} <Information> TablesLoader: Parsed metadata of 0 tables in 1 databases in 5.8959e-05 sec
2025.11.02 19:47:34.908236 [ 729 ] {f8af0c9a-42ae-402f-bb7a-06e43681032a} <Debug> AsyncLoader: Prioritize load job 'startup Atomic database db_cor': BackgrndStartup -> ForegroundLoad
2025.11.02 19:47:34.908267 [ 729 ] {f8af0c9a-42ae-402f-bb7a-06e43681032a} <Debug> AsyncLoader: Prioritize load job 'startup Ordinary database db_cor': BackgrndStartup -> ForegroundLoad
2025.11.02 19:47:34.908301 [ 729 ] {f8af0c9a-42ae-402f-bb7a-06e43681032a} <Debug> AsyncLoader: Schedule load job 'startup Ordinary database db_cor' into ForegroundLoad
2025.11.02 19:47:34.908334 [ 729 ] {f8af0c9a-42ae-402f-bb7a-06e43681032a} <Debug> AsyncLoader: Schedule load job 'startup Atomic database db_cor' into ForegroundLoad
2025.11.02 19:47:34.908362 [ 729 ] {f8af0c9a-42ae-402f-bb7a-06e43681032a} <Debug> AsyncLoader: Change current priority: none -> 0
2025.11.02 19:47:34.908394 [ 729 ] {f8af0c9a-42ae-402f-bb7a-06e43681032a} <Debug> AsyncLoader: Spawn loader worker #1 in ForegroundLoad
2025.11.02 19:47:34.908542 [ 729 ] {f8af0c9a-42ae-402f-bb7a-06e43681032a} <Debug> AsyncLoader: Wait load job 'startup Atomic database db_cor' in ForegroundLoad
2025.11.02 19:47:34.908573 [ 730 ] {} <Debug> AsyncLoader: Execute load job 'startup Ordinary database db_cor' in ForegroundLoad
2025.11.02 19:47:34.908641 [ 730 ] {} <Debug> AsyncLoader: Finish load job 'startup Ordinary database db_cor' with status OK
2025.11.02 19:47:34.908691 [ 730 ] {} <Debug> AsyncLoader: Spawn loader worker #2 in ForegroundLoad
2025.11.02 19:47:34.908852 [ 730 ] {} <Debug> AsyncLoader: Execute load job 'startup Atomic database db_cor' in ForegroundLoad
2025.11.02 19:47:34.908971 [ 730 ] {} <Debug> AsyncLoader: Finish load job 'startup Atomic database db_cor' with status OK
2025.11.02 19:47:34.909022 [ 730 ] {} <Debug> AsyncLoader: Stop worker in ForegroundLoad
2025.11.02 19:47:34.909104 [ 753 ] {} <Debug> AsyncLoader: Stop worker in ForegroundLoad
2025.11.02 19:47:34.909151 [ 753 ] {} <Debug> AsyncLoader: Change current priority: 0 -> none
2025.11.02 19:47:34.909173 [ 729 ] {f8af0c9a-42ae-402f-bb7a-06e43681032a} <Debug> DDLWorker: Executed query: /* ddl_entry=query-0000000000 */ CREATE DATABASE IF NOT EXISTS db_cor UUID '91d5f8af-7555-4edd-8dbd-050c21b7c62b'
2025.11.02 19:47:34.911224 [ 729 ] {} <Debug> DDLWorker: Waiting for queue updates
2025.11.02 19:47:34.970463 [ 729 ] {} <Debug> DDLWorker: Scheduling tasks
2025.11.02 19:47:34.970920 [ 729 ] {} <Debug> DDLWorker: Will schedule 1 tasks starting from query-0000000001
2025.11.02 19:47:34.971787 [ 729 ] {} <Debug> DDLWorker: Processing task query-0000000001 (query: CREATE TABLE db_cor.tbl_cor_dist_local UUID 'f20a3908-f960-40c4-95f3-7bc6c48a317c' (`id` Int64) ENGINE = MergeTree ORDER BY id SETTINGS index_granularity = 8192, backup restore: false)
2025.11.02 19:47:34.973026 [ 729 ] {} <Debug> DDLWorker: Executing query: CREATE TABLE db_cor.tbl_cor_dist_local UUID 'f20a3908-f960-40c4-95f3-7bc6c48a317c' (`id` Int64) ENGINE = MergeTree ORDER BY id SETTINGS index_granularity = 8192
2025.11.02 19:47:34.973210 [ 729 ] {d13ce6f9-6e57-45e4-8804-e5c7adc1788d} <Debug> executeQuery: (from 0.0.0.0:0, user: , initial_query_id: ad97e4cd-8720-4261-99b2-ef2138c90067) /* ddl_entry=query-0000000001 */ CREATE TABLE db_cor.tbl_cor_dist_local UUID 'f20a3908-f960-40c4-95f3-7bc6c48a317c' (`id` Int64) ENGINE = MergeTree ORDER BY id SETTINGS index_granularity = 8192 (stage: Complete)
2025.11.02 19:47:34.974606 [ 729 ] {d13ce6f9-6e57-45e4-8804-e5c7adc1788d} <Debug> db_cor.tbl_cor_dist_local (f20a3908-f960-40c4-95f3-7bc6c48a317c): Loading data parts
2025.11.02 19:47:34.974783 [ 729 ] {d13ce6f9-6e57-45e4-8804-e5c7adc1788d} <Debug> db_cor.tbl_cor_dist_local (f20a3908-f960-40c4-95f3-7bc6c48a317c): There are no data parts
2025.11.02 19:47:34.975676 [ 729 ] {d13ce6f9-6e57-45e4-8804-e5c7adc1788d} <Debug> DatabaseAtomic (db_cor): There are 0 detached tables. Start searching non used tables.
2025.11.02 19:47:34.975725 [ 729 ] {d13ce6f9-6e57-45e4-8804-e5c7adc1788d} <Debug> DatabaseAtomic (db_cor): Found 0 non used tables in detached tables.
2025.11.02 19:47:34.975981 [ 729 ] {d13ce6f9-6e57-45e4-8804-e5c7adc1788d} <Debug> DDLWorker: Executed query: /* ddl_entry=query-0000000001 */ CREATE TABLE db_cor.tbl_cor_dist_local UUID 'f20a3908-f960-40c4-95f3-7bc6c48a317c' (`id` Int64) ENGINE = MergeTree ORDER BY id SETTINGS index_granularity = 8192
2025.11.02 19:47:34.978028 [ 729 ] {} <Debug> DDLWorker: Waiting for queue updates
2025.11.02 19:47:35.092268 [ 729 ] {} <Debug> DDLWorker: Scheduling tasks
2025.11.02 19:47:35.093034 [ 729 ] {} <Debug> DDLWorker: Will schedule 1 tasks starting from query-0000000002
2025.11.02 19:47:35.093869 [ 729 ] {} <Debug> DDLWorker: Processing task query-0000000002 (query: DROP TABLE IF EXISTS db_cor.tbl_cor_dist, backup restore: false)
2025.11.02 19:47:35.094892 [ 729 ] {} <Debug> DDLWorker: Executing query: DROP TABLE IF EXISTS db_cor.tbl_cor_dist
2025.11.02 19:47:35.095006 [ 729 ] {155b29bb-dc30-4672-aa56-6d8e12e31a56} <Debug> executeQuery: (from 0.0.0.0:0, user: , initial_query_id: afc322dc-82a4-497e-acb0-f49308bdecde) /* ddl_entry=query-0000000002 */ DROP TABLE IF EXISTS db_cor.tbl_cor_dist (stage: Complete)
2025.11.02 19:47:35.095185 [ 729 ] {155b29bb-dc30-4672-aa56-6d8e12e31a56} <Debug> DDLWorker: Executed query: /* ddl_entry=query-0000000002 */ DROP TABLE IF EXISTS db_cor.tbl_cor_dist
2025.11.02 19:47:35.096779 [ 729 ] {} <Debug> DDLWorker: Waiting for queue updates
2025.11.02 19:47:35.159124 [ 729 ] {} <Debug> DDLWorker: Scheduling tasks
2025.11.02 19:47:35.160008 [ 729 ] {} <Debug> DDLWorker: Will schedule 1 tasks starting from query-0000000003
2025.11.02 19:47:35.161121 [ 729 ] {} <Debug> DDLWorker: Processing task query-0000000003 (query: DROP TABLE IF EXISTS db_cor.tbl_cor_dist_local, backup restore: false)
2025.11.02 19:47:35.162233 [ 729 ] {} <Debug> DDLWorker: Executing query: DROP TABLE IF EXISTS db_cor.tbl_cor_dist_local
2025.11.02 19:47:35.162342 [ 729 ] {83b25405-5444-4a94-a07c-d27949c96994} <Debug> executeQuery: (from 0.0.0.0:0, user: , initial_query_id: 1de85e57-e244-4f91-a04b-05e3f64df20f) /* ddl_entry=query-0000000003 */ DROP TABLE IF EXISTS db_cor.tbl_cor_dist_local (stage: Complete)
2025.11.02 19:47:35.162543 [ 729 ] {83b25405-5444-4a94-a07c-d27949c96994} <Debug> DDLWorker: Executed query: /* ddl_entry=query-0000000003 */ DROP TABLE IF EXISTS db_cor.tbl_cor_dist_local
2025.11.02 19:47:35.165123 [ 729 ] {} <Debug> DDLWorker: Waiting for queue updates
2025.11.02 19:47:35.224360 [ 729 ] {} <Debug> DDLWorker: Scheduling tasks
2025.11.02 19:47:35.224875 [ 729 ] {} <Debug> DDLWorker: Will schedule 1 tasks starting from query-0000000004
2025.11.02 19:47:35.226041 [ 729 ] {} <Debug> DDLWorker: Processing task query-0000000004 (query: DROP DATABASE IF EXISTS db_cor, backup restore: false)
2025.11.02 19:47:35.226848 [ 729 ] {} <Debug> DDLWorker: Executing query: DROP DATABASE IF EXISTS db_cor
2025.11.02 19:47:35.226994 [ 729 ] {640070d6-3372-4969-87db-d11d0cae30bb} <Debug> executeQuery: (from 0.0.0.0:0, user: , initial_query_id: ef0dc804-e136-4ed2-9fe9-d2e255989f8f) /* ddl_entry=query-0000000004 */ DROP DATABASE IF EXISTS db_cor (stage: Complete)
2025.11.02 19:47:35.228023 [ 729 ] {640070d6-3372-4969-87db-d11d0cae30bb} <Debug> DatabaseAtomic (db_cor): There are 0 detached tables. Start searching non used tables.
2025.11.02 19:47:35.228086 [ 729 ] {640070d6-3372-4969-87db-d11d0cae30bb} <Debug> DatabaseAtomic (db_cor): Found 0 non used tables in detached tables.
2025.11.02 19:47:35.228441 [ 729 ] {640070d6-3372-4969-87db-d11d0cae30bb} <Debug> DDLWorker: Executed query: /* ddl_entry=query-0000000004 */ DROP DATABASE IF EXISTS db_cor
2025.11.02 19:47:35.229625 [ 729 ] {} <Debug> DDLWorker: Waiting for queue updates
2025.11.02 19:47:35.935250 [ 78 ] {} <Information> Application: Received termination signal (Terminated)
2025.11.02 19:47:35.935457 [ 1 ] {} <Debug> Application: Received termination signal.
2025.11.02 19:47:35.935641 [ 1 ] {} <Debug> Application: Waiting for current connections to close.
2025.11.02 19:47:35.936100 [ 1 ] {} <Information> Application: Closed all listening sockets.
2025.11.02 19:47:35.936256 [ 1 ] {} <Information> Application: Closed connections.
2025.11.02 19:47:35.936477 [ 1 ] {} <Information> Application: Stopping AsyncLoader.
2025.11.02 19:47:35.936661 [ 1 ] {} <Information> CgroupsMemoryUsageObserver: Stopped cgroup current memory usage observer thread
2025.11.02 19:47:35.936999 [ 1 ] {} <Information> Application: Shutting down storages.
2025.11.02 19:47:35.937618 [ 1 ] {} <Debug> Context: Shutting down dictionaries loader
2025.11.02 19:47:35.937695 [ 1 ] {} <Debug> Context: Shutting down UDFs loader
2025.11.02 19:47:35.937761 [ 1 ] {} <Debug> Context: Shutting down another UDFs storage
2025.11.02 19:47:35.937819 [ 1 ] {} <Debug> Context: Shutting down workload entity storage
2025.11.02 19:47:35.937867 [ 1 ] {} <Debug> Context: Shutting down system logs
2025.11.02 19:47:35.938068 [ 1 ] {} <Debug> SystemLogQueue (system.query_log): Requested flush up to offset 10
2025.11.02 19:47:35.938084 [ 716 ] {} <Debug> SystemLog (system.query_log): Creating new table system.query_log for QueryLog
2025.11.02 19:47:35.938110 [ 718 ] {} <Debug> SystemLog (system.metric_log): Creating new table system.metric_log for MetricLog
2025.11.02 19:47:35.940451 [ 716 ] {} <Debug> system.query_log (0ed81d6c-a139-47d7-a28e-8fc980bcc6f9): Loading data parts
2025.11.02 19:47:35.940637 [ 716 ] {} <Debug> system.query_log (0ed81d6c-a139-47d7-a28e-8fc980bcc6f9): There are no data parts
2025.11.02 19:47:35.941595 [ 716 ] {} <Debug> DatabaseAtomic (system): There are 0 detached tables. Start searching non used tables.
2025.11.02 19:47:35.941656 [ 716 ] {} <Debug> DatabaseAtomic (system): Found 0 non used tables in detached tables.
2025.11.02 19:47:35.945918 [ 1 ] {} <Debug> SystemLogQueue (system.query_thread_log): Requested flush up to offset 0
2025.11.02 19:47:35.946042 [ 1 ] {} <Debug> SystemLogQueue (system.metric_log): Requested flush up to offset 2
2025.11.02 19:47:35.947427 [ 718 ] {} <Debug> system.metric_log (a8ab505c-4af2-4b94-8afa-6a4334520273): Loading data parts
2025.11.02 19:47:35.947808 [ 718 ] {} <Debug> system.metric_log (a8ab505c-4af2-4b94-8afa-6a4334520273): There are no data parts
2025.11.02 19:47:35.950596 [ 718 ] {} <Debug> DatabaseAtomic (system): There are 0 detached tables. Start searching non used tables.
2025.11.02 19:47:35.950682 [ 718 ] {} <Debug> DatabaseAtomic (system): Found 0 non used tables in detached tables.
2025.11.02 19:47:36.514535 [ 1 ] {} <Debug> Context: Shutting down merges executor
2025.11.02 19:47:36.514962 [ 1 ] {} <Debug> Context: Shutting down fetches executor
2025.11.02 19:47:36.518073 [ 1 ] {} <Debug> Context: Shutting down moves executor
2025.11.02 19:47:36.518384 [ 1 ] {} <Debug> Context: Shutting down common executor
2025.11.02 19:47:36.520463 [ 1 ] {} <Information> Context: Shutdown disk default
2025.11.02 19:47:36.520607 [ 1 ] {} <Information> ZooKeeperClient: Finalizing session 72057599028297728. finalization_started: false, queue_finished: false, reason: 'Destructor called'
2025.11.02 19:47:36.529882 [ 1 ] {} <Debug> Application: Shut down storages.
2025.11.02 19:47:36.530059 [ 1 ] {} <Debug> Application: Waiting for current connections to servers for tables to finish.
2025.11.02 19:47:36.530238 [ 1 ] {} <Information> Application: Closed all listening sockets.
2025.11.02 19:47:36.530295 [ 1 ] {} <Information> Application: Closed connections to servers for tables.
2025.11.02 19:47:36.532073 [ 1 ] {} <Debug> Application: Destroyed global context.
2025.11.02 19:47:36.532311 [ 1 ] {} <Information> Application: Waiting for background threads
2025.11.02 19:47:36.556756 [ 1 ] {} <Information> Application: Background threads finished in 24 ms
2025.11.02 19:47:36.557687 [ 1 ] {} <Information> Application: shutting down
2025.11.02 19:47:36.557819 [ 1 ] {} <Debug> Application: Uninitializing subsystem: Logging Subsystem
2025.11.02 19:47:36.558014 [ 78 ] {} <Information> BaseDaemon: Stop SignalListener thread
2025.11.02 19:47:44.163141 [ 1 ] {} <Information> SentryWriter: Sending crash reports is disabled
2025.11.02 19:47:44.192081 [ 1 ] {} <Information> Application: Starting ClickHouse 25.3.7.194 (revision: 54502, git hash: 36637934778b7d39b37f378d258359dd6ffdd110, build id: E09B0ADBF9AF0530703B179DBA02705D5DF508C0), PID 1
2025.11.02 19:47:44.192251 [ 1 ] {} <Information> Application: starting up
2025.11.02 19:47:44.192406 [ 1 ] {} <Information> Application: OS name: Linux, version: 6.10.14-linuxkit, architecture: aarch64
2025.11.02 19:47:44.192484 [ 1 ] {} <Information> Jemalloc: Value for background_thread set to true (from true)
2025.11.02 19:47:44.193913 [ 1 ] {} <Information> Application: Available RAM: 7.65 GiB; logical cores: 14; used cores: 14.
2025.11.02 19:47:44.194483 [ 1 ] {} <Information> CgroupsReader: Will create cgroup reader from '/sys/fs/cgroup/' (cgroups version: v2)
2025.11.02 19:47:44.196280 [ 1 ] {} <Warning> Application: Integrity check of the executable skipped because the reference checksum could not be read.
2025.11.02 19:47:44.196389 [ 1 ] {} <Information> Application: It looks like the process has no CAP_IPC_LOCK capability, binary mlock will be disabled. It could happen due to incorrect ClickHouse package installation. You could resolve the problem manually with 'sudo setcap cap_ipc_lock=+ep /usr/bin/clickhouse'. Note that it will not work on 'nosuid' mounted filesystems.
2025.11.02 19:47:44.196436 [ 1 ] {} <Information> MemoryWorker: Starting background memory thread with period of 50ms, using Cgroups as source
2025.11.02 19:47:44.196505 [ 1 ] {} <Information> BackgroundSchedulePool/BgSchPool: Create BackgroundSchedulePool with 512 threads
2025.11.02 19:47:44.215686 [ 1 ] {} <Debug> Application: rlimit on number of file descriptors is 1048576
2025.11.02 19:47:44.215854 [ 1 ] {} <Debug> Application: rlimit on number of threads is 18446744073709551615
2025.11.02 19:47:44.215913 [ 1 ] {} <Debug> Application: Initializing DateLUT.
2025.11.02 19:47:44.215996 [ 1 ] {} <Debug> Context: Setting up /var/lib/clickhouse/tmp/ to store temporary data in it
2025.11.02 19:47:44.216704 [ 1 ] {} <Debug> Application: Initializing interserver credentials.
2025.11.02 19:47:44.216817 [ 1 ] {} <Information> Application: Lowered uncompressed cache size to 3.83 GiB because the system has limited RAM
2025.11.02 19:47:44.216953 [ 1 ] {} <Information> Application: Lowered mark cache size to 3.83 GiB because the system has limited RAM
2025.11.02 19:47:44.217106 [ 1 ] {} <Information> Application: Lowered primary index cache size to 3.83 GiB because the system has limited RAM
2025.11.02 19:47:44.217241 [ 1 ] {} <Information> Application: Lowered index mark cache size to 3.83 GiB because the system has limited RAM
2025.11.02 19:47:44.217338 [ 1 ] {} <Debug> FileCacheFactory: Will load 0 caches from default cache config
2025.11.02 19:47:44.217647 [ 1 ] {} <Debug> ConfigReloader: Loading config '/etc/clickhouse-server/config.xml'
2025.11.02 19:47:44.217726 [ 1 ] {} <Debug> ConfigProcessor: Processing configuration file '/etc/clickhouse-server/config.xml'.
2025.11.02 19:47:44.218795 [ 1 ] {} <Debug> ConfigProcessor: Merging configuration file '/etc/clickhouse-server/config.d/docker_related_config.xml'.
2025.11.02 19:47:44.219203 [ 1 ] {} <Debug> ConfigProcessor: Merging configuration file '/etc/clickhouse-server/config.d/interserver_http_host.xml'.
2025.11.02 19:47:44.219913 [ 1 ] {} <Debug> ConfigProcessor: Merging configuration file '/etc/clickhouse-server/config.d/macros.xml'.
2025.11.02 19:47:44.220329 [ 1 ] {} <Debug> ConfigProcessor: Merging configuration file '/etc/clickhouse-server/config.d/remote_servers.xml'.
2025.11.02 19:47:44.221070 [ 1 ] {} <Debug> ConfigProcessor: Merging configuration file '/etc/clickhouse-server/config.d/zookeeper.xml'.
2025.11.02 19:47:44.221491 [ 1 ] {} <Debug> ConfigProcessor: Saved preprocessed configuration to '/var/lib/clickhouse/preprocessed_configs/config.xml'.
2025.11.02 19:47:44.222468 [ 1 ] {} <Debug> ConfigReloader: Loaded config '/etc/clickhouse-server/config.xml', performing update on configuration
2025.11.02 19:47:44.223077 [ 1 ] {} <Information> Application: Changed setting 'max_server_memory_usage' to 6.89 GiB (7.65 GiB available memory * 0.90 max_server_memory_usage_to_ram_ratio)
2025.11.02 19:47:44.223604 [ 1 ] {} <Information> Application: Setting merges_mutations_memory_usage_soft_limit was set to 3.83 GiB (7.65 GiB available * 0.50 merges_mutations_memory_usage_to_ram_ratio)
2025.11.02 19:47:44.223658 [ 1 ] {} <Information> Application: Merges and mutations memory limit is set to 3.83 GiB
2025.11.02 19:47:44.224985 [ 1 ] {} <Information> Application: Setting max_remote_read_network_bandwidth_for_server was set to 0
2025.11.02 19:47:44.225029 [ 1 ] {} <Information> Application: Setting max_remote_write_network_bandwidth_for_server was set to 0
2025.11.02 19:47:44.225072 [ 1 ] {} <Information> Application: Setting max_local_read_bandwidth_for_server was set to 0
2025.11.02 19:47:44.225101 [ 1 ] {} <Information> Application: Setting max_local_write_bandwidth_for_server was set to 0
2025.11.02 19:47:44.225178 [ 1 ] {} <Information> Application: ConcurrencyControl limit is set to UNLIMITED CPU slots with 'round_robin' scheduler
2025.11.02 19:47:44.225214 [ 1 ] {} <Information> BackgroundSchedulePool/BgBufSchPool: Create BackgroundSchedulePool with 16 threads
2025.11.02 19:47:44.226555 [ 1 ] {} <Information> BackgroundSchedulePool/BgMBSchPool: Create BackgroundSchedulePool with 16 threads
2025.11.02 19:47:44.227086 [ 1 ] {} <Information> BackgroundSchedulePool/BgDistSchPool: Create BackgroundSchedulePool with 16 threads
2025.11.02 19:47:44.228673 [ 1 ] {} <Debug> ConfigReloader: Loaded config '/etc/clickhouse-server/config.xml', performed update on configuration
2025.11.02 19:47:44.228975 [ 1 ] {} <Warning> Application: Listen [::]:9009 failed: Poco::Exception. Code: 1000, e.code() = 0, DNS error: EAI: Address family for hostname not supported (version 25.3.7.194 (official build)). If it is an IPv6 or IPv4 address and your host has disabled IPv6 or IPv4, then consider to specify not disabled IPv4 or IPv6 address to listen in <listen_host> element of configuration file. Example for disabled IPv6: <listen_host>0.0.0.0</listen_host> . Example for disabled IPv4: <listen_host>::</listen_host>
2025.11.02 19:47:44.229854 [ 1 ] {} <Information> Application: Listening for replica communication (interserver): http://0.0.0.0:9009
2025.11.02 19:47:44.229994 [ 1 ] {} <Warning> Access(local_directory): File /var/lib/clickhouse/access/users.list doesn't exist
2025.11.02 19:47:44.230719 [ 1 ] {} <Warning> Access(local_directory): Recovering lists in directory /var/lib/clickhouse/access/
2025.11.02 19:47:44.231091 [ 1 ] {} <Debug> Access(user directories): Added local_directory access storage 'local_directory', path: /var/lib/clickhouse/access/
2025.11.02 19:47:44.231909 [ 1 ] {} <Debug> ConfigReloader: Loading config '/etc/clickhouse-server/users.xml'
2025.11.02 19:47:44.232476 [ 1 ] {} <Debug> ConfigProcessor: Processing configuration file '/etc/clickhouse-server/users.xml'.
2025.11.02 19:47:44.232648 [ 1 ] {} <Debug> ConfigProcessor: Merging configuration file '/etc/clickhouse-server/users.d/users.xml'.
2025.11.02 19:47:44.234938 [ 1 ] {} <Debug> ConfigProcessor: Saved preprocessed configuration to '/var/lib/clickhouse/preprocessed_configs/users.xml'.
2025.11.02 19:47:44.235006 [ 1 ] {} <Debug> ConfigReloader: Loaded config '/etc/clickhouse-server/users.xml', performing update on configuration
2025.11.02 19:47:44.237169 [ 1 ] {} <Debug> ConfigReloader: Loaded config '/etc/clickhouse-server/users.xml', performed update on configuration
2025.11.02 19:47:44.237412 [ 1 ] {} <Debug> Access(user directories): Added users_xml access storage 'users_xml', path: /etc/clickhouse-server/users.xml
2025.11.02 19:47:44.237575 [ 1 ] {} <Information> CgroupsMemoryUsageObserver: Started cgroup current memory usage observer thread
2025.11.02 19:47:44.237646 [ 651 ] {} <Information> CgroupsMemoryUsageObserver: Memory amount initially available to the process is 7.65 GiB
2025.11.02 19:47:44.238649 [ 1 ] {} <Information> Context: Initialized background executor for merges and mutations with num_threads=16, num_tasks=32, scheduling_policy=round_robin
2025.11.02 19:47:44.239084 [ 1 ] {} <Information> Context: Initialized background executor for move operations with num_threads=8, num_tasks=8
2025.11.02 19:47:44.240838 [ 1 ] {} <Information> Context: Initialized background executor for fetches with num_threads=16, num_tasks=16
2025.11.02 19:47:44.242033 [ 1 ] {} <Information> Context: Initialized background executor for common operations (e.g. clearing old parts) with num_threads=8, num_tasks=8
2025.11.02 19:47:44.244060 [ 1 ] {} <Warning> Context: Linux transparent hugepages are set to "always". Check /sys/kernel/mm/transparent_hugepage/enabled
2025.11.02 19:47:44.244838 [ 1 ] {} <Warning> Context: Delay accounting is not enabled, OSIOWaitMicroseconds will not be gathered. You can enable it using `echo 1 > /proc/sys/kernel/task_delayacct` or by using sysctl.
2025.11.02 19:47:44.245351 [ 1 ] {} <Information> DNSCacheUpdater: Update period 15 seconds
2025.11.02 19:47:44.246020 [ 1 ] {} <Information> Application: Loading metadata from /var/lib/clickhouse/
2025.11.02 19:47:44.246031 [ 106 ] {} <Debug> DNSResolver: Updating DNS cache
2025.11.02 19:47:44.246220 [ 1 ] {} <Information> Context: Database disk name: default
2025.11.02 19:47:44.246624 [ 1 ] {} <Information> Context: Database disk name: default, path: /var/lib/clickhouse/
2025.11.02 19:47:44.246936 [ 1 ] {} <Debug> loadSystemDatabase: metadata_file_path metadata/system.sql, existsFile false
2025.11.02 19:47:44.247250 [ 84 ] {} <Information> MemoryTracker: Correcting the value of global memory tracker from 16.35 MiB to 432.84 MiB
2025.11.02 19:47:44.247374 [ 106 ] {} <Debug> DNSResolver: Updated DNS cache
2025.11.02 19:47:44.248528 [ 1 ] {} <Debug> loadSystemDatabase: metadata_file_path metadata/information_schema.sql, existsFile false
2025.11.02 19:47:44.250937 [ 1 ] {} <Debug> loadSystemDatabase: metadata_file_path metadata/INFORMATION_SCHEMA.sql, existsFile false
2025.11.02 19:47:44.252346 [ 1 ] {} <Information> DatabaseAtomic (system): Metadata processed, database system has 0 tables and 0 dictionaries in total.
2025.11.02 19:47:44.252519 [ 1 ] {} <Information> TablesLoader: Parsed metadata of 0 tables in 1 databases in 0.000185833 sec
2025.11.02 19:47:44.252627 [ 1 ] {} <Debug> AsyncLoader: Prioritize load job 'startup Atomic database system': BackgrndStartup -> ForegroundLoad
2025.11.02 19:47:44.252763 [ 1 ] {} <Debug> AsyncLoader: Prioritize load job 'startup Ordinary database system': BackgrndStartup -> ForegroundLoad
2025.11.02 19:47:44.252801 [ 1 ] {} <Debug> AsyncLoader: Schedule load job 'startup Ordinary database system' into ForegroundLoad
2025.11.02 19:47:44.252875 [ 1 ] {} <Debug> AsyncLoader: Schedule load job 'startup Atomic database system' into ForegroundLoad
2025.11.02 19:47:44.253972 [ 1 ] {} <Debug> AsyncLoader: Change current priority: none -> 0
2025.11.02 19:47:44.254097 [ 1 ] {} <Debug> AsyncLoader: Spawn loader worker #1 in ForegroundLoad
2025.11.02 19:47:44.254452 [ 1 ] {} <Debug> AsyncLoader: Wait load job 'startup Atomic database system' in ForegroundLoad
2025.11.02 19:47:44.254523 [ 716 ] {} <Debug> AsyncLoader: Execute load job 'startup Ordinary database system' in ForegroundLoad
2025.11.02 19:47:44.255008 [ 716 ] {} <Debug> AsyncLoader: Finish load job 'startup Ordinary database system' with status OK
2025.11.02 19:47:44.255176 [ 716 ] {} <Debug> AsyncLoader: Spawn loader worker #2 in ForegroundLoad
2025.11.02 19:47:44.255503 [ 716 ] {} <Debug> AsyncLoader: Execute load job 'startup Atomic database system' in ForegroundLoad
2025.11.02 19:47:44.255728 [ 717 ] {} <Debug> AsyncLoader: Stop worker in ForegroundLoad
2025.11.02 19:47:44.256027 [ 716 ] {} <Debug> AsyncLoader: Finish load job 'startup Atomic database system' with status OK
2025.11.02 19:47:44.256246 [ 716 ] {} <Debug> AsyncLoader: Stop worker in ForegroundLoad
2025.11.02 19:47:44.256357 [ 716 ] {} <Debug> AsyncLoader: Change current priority: 0 -> none
2025.11.02 19:47:44.256371 [ 1 ] {} <Debug> SystemLog: Creating system.query_log from query_log
2025.11.02 19:47:44.262052 [ 1 ] {} <Debug> SystemLog: Creating system.query_thread_log from query_thread_log
2025.11.02 19:47:44.262332 [ 1 ] {} <Debug> SystemLog: Not creating system.part_log since corresponding section 'part_log' is missing from config
2025.11.02 19:47:44.262422 [ 1 ] {} <Debug> SystemLog: Not creating system.trace_log since corresponding section 'trace_log' is missing from config
2025.11.02 19:47:44.262458 [ 1 ] {} <Debug> SystemLog: Not creating system.crash_log since corresponding section 'crash_log' is missing from config
2025.11.02 19:47:44.262582 [ 1 ] {} <Debug> SystemLog: Not creating system.text_log since corresponding section 'text_log' is missing from config
2025.11.02 19:47:44.262623 [ 1 ] {} <Debug> SystemLog: Creating system.metric_log from metric_log
2025.11.02 19:47:44.265406 [ 1 ] {} <Debug> SystemLog: Not creating system.latency_log since corresponding section 'latency_log' is missing from config
2025.11.02 19:47:44.265458 [ 1 ] {} <Debug> SystemLog: Not creating system.error_log since corresponding section 'error_log' is missing from config
2025.11.02 19:47:44.265502 [ 1 ] {} <Debug> SystemLog: Not creating system.filesystem_cache_log since corresponding section 'filesystem_cache_log' is missing from config
2025.11.02 19:47:44.265549 [ 1 ] {} <Debug> SystemLog: Not creating system.filesystem_read_prefetches_log since corresponding section 'filesystem_read_prefetches_log' is missing from config
2025.11.02 19:47:44.265586 [ 1 ] {} <Debug> SystemLog: Not creating system.s3queue_log since corresponding section 's3queue_log' is missing from config
2025.11.02 19:47:44.265636 [ 1 ] {} <Debug> SystemLog: Not creating system.azure_queue_log since corresponding section 'azure_queue_log' is missing from config
2025.11.02 19:47:44.265673 [ 1 ] {} <Debug> SystemLog: Not creating system.asynchronous_metric_log since corresponding section 'asynchronous_metric_log' is missing from config
2025.11.02 19:47:44.265709 [ 1 ] {} <Debug> SystemLog: Not creating system.opentelemetry_span_log since corresponding section 'opentelemetry_span_log' is missing from config
2025.11.02 19:47:44.265737 [ 1 ] {} <Debug> SystemLog: Not creating system.query_views_log since corresponding section 'query_views_log' is missing from config
2025.11.02 19:47:44.265759 [ 1 ] {} <Debug> SystemLog: Not creating system.zookeeper_log since corresponding section 'zookeeper_log' is missing from config
2025.11.02 19:47:44.265849 [ 1 ] {} <Debug> SystemLog: Not creating system.session_log since corresponding section 'session_log' is missing from config
2025.11.02 19:47:44.265919 [ 1 ] {} <Debug> SystemLog: Not creating system.transactions_info_log since corresponding section 'transactions_info_log' is missing from config
2025.11.02 19:47:44.265987 [ 1 ] {} <Debug> SystemLog: Not creating system.processors_profile_log since corresponding section 'processors_profile_log' is missing from config
2025.11.02 19:47:44.266495 [ 1 ] {} <Debug> SystemLog: Not creating system.asynchronous_insert_log since corresponding section 'asynchronous_insert_log' is missing from config
2025.11.02 19:47:44.266557 [ 1 ] {} <Debug> SystemLog: Not creating system.backup_log since corresponding section 'backup_log' is missing from config
2025.11.02 19:47:44.266590 [ 1 ] {} <Debug> SystemLog: Not creating system.blob_storage_log since corresponding section 'blob_storage_log' is missing from config
2025.11.02 19:47:44.266639 [ 1 ] {} <Debug> SystemLog: Not creating system.query_metric_log since corresponding section 'query_metric_log' is missing from config
2025.11.02 19:47:44.266905 [ 1 ] {} <Debug> DatabaseAtomic (system): There are 0 detached tables. Start searching non used tables.
2025.11.02 19:47:44.267093 [ 1 ] {} <Debug> DatabaseAtomic (system): Found 0 non used tables in detached tables.
2025.11.02 19:47:44.267741 [ 1 ] {} <Debug> DatabaseAtomic (system): There are 0 detached tables. Start searching non used tables.
2025.11.02 19:47:44.267774 [ 1 ] {} <Debug> DatabaseAtomic (system): Found 0 non used tables in detached tables.
2025.11.02 19:47:44.267828 [ 1 ] {} <Debug> DatabaseAtomic (system): There are 0 detached tables. Start searching non used tables.
2025.11.02 19:47:44.267870 [ 1 ] {} <Debug> DatabaseAtomic (system): Found 0 non used tables in detached tables.
2025.11.02 19:47:44.267985 [ 1 ] {} <Debug> DatabaseAtomic (system): There are 0 detached tables. Start searching non used tables.
2025.11.02 19:47:44.268004 [ 1 ] {} <Debug> DatabaseAtomic (system): Found 0 non used tables in detached tables.
2025.11.02 19:47:44.268030 [ 1 ] {} <Debug> DatabaseAtomic (system): There are 0 detached tables. Start searching non used tables.
2025.11.02 19:47:44.268051 [ 1 ] {} <Debug> DatabaseAtomic (system): Found 0 non used tables in detached tables.
2025.11.02 19:47:44.268100 [ 1 ] {} <Debug> DatabaseAtomic (system): There are 0 detached tables. Start searching non used tables.
2025.11.02 19:47:44.268140 [ 1 ] {} <Debug> DatabaseAtomic (system): Found 0 non used tables in detached tables.
2025.11.02 19:47:44.268220 [ 1 ] {} <Debug> DatabaseAtomic (system): There are 0 detached tables. Start searching non used tables.
2025.11.02 19:47:44.268242 [ 1 ] {} <Debug> DatabaseAtomic (system): Found 0 non used tables in detached tables.
2025.11.02 19:47:44.268315 [ 1 ] {} <Debug> DatabaseAtomic (system): There are 0 detached tables. Start searching non used tables.
2025.11.02 19:47:44.268332 [ 1 ] {} <Debug> DatabaseAtomic (system): Found 0 non used tables in detached tables.
2025.11.02 19:47:44.268578 [ 1 ] {} <Debug> DatabaseAtomic (system): There are 0 detached tables. Start searching non used tables.
2025.11.02 19:47:44.268600 [ 1 ] {} <Debug> DatabaseAtomic (system): Found 0 non used tables in detached tables.
2025.11.02 19:47:44.268646 [ 1 ] {} <Debug> DatabaseAtomic (system): There are 0 detached tables. Start searching non used tables.
2025.11.02 19:47:44.268742 [ 1 ] {} <Debug> DatabaseAtomic (system): Found 0 non used tables in detached tables.
2025.11.02 19:47:44.268845 [ 1 ] {} <Debug> DatabaseAtomic (system): There are 0 detached tables. Start searching non used tables.
2025.11.02 19:47:44.268936 [ 1 ] {} <Debug> DatabaseAtomic (system): Found 0 non used tables in detached tables.
2025.11.02 19:47:44.268979 [ 1 ] {} <Debug> DatabaseAtomic (system): There are 0 detached tables. Start searching non used tables.
2025.11.02 19:47:44.268998 [ 1 ] {} <Debug> DatabaseAtomic (system): Found 0 non used tables in detached tables.
2025.11.02 19:47:44.269145 [ 1 ] {} <Debug> DatabaseAtomic (system): There are 0 detached tables. Start searching non used tables.
2025.11.02 19:47:44.269174 [ 1 ] {} <Debug> DatabaseAtomic (system): Found 0 non used tables in detached tables.
2025.11.02 19:47:44.269231 [ 1 ] {} <Debug> DatabaseAtomic (system): There are 0 detached tables. Start searching non used tables.
2025.11.02 19:47:44.269256 [ 1 ] {} <Debug> DatabaseAtomic (system): Found 0 non used tables in detached tables.
2025.11.02 19:47:44.269309 [ 1 ] {} <Debug> DatabaseAtomic (system): There are 0 detached tables. Start searching non used tables.
2025.11.02 19:47:44.269331 [ 1 ] {} <Debug> DatabaseAtomic (system): Found 0 non used tables in detached tables.
2025.11.02 19:47:44.269403 [ 1 ] {} <Debug> DatabaseAtomic (system): There are 0 detached tables. Start searching non used tables.
2025.11.02 19:47:44.269429 [ 1 ] {} <Debug> DatabaseAtomic (system): Found 0 non used tables in detached tables.
2025.11.02 19:47:44.269484 [ 1 ] {} <Debug> DatabaseAtomic (system): There are 0 detached tables. Start searching non used tables.
2025.11.02 19:47:44.269513 [ 1 ] {} <Debug> DatabaseAtomic (system): Found 0 non used tables in detached tables.
2025.11.02 19:47:44.269599 [ 1 ] {} <Debug> DatabaseAtomic (system): There are 0 detached tables. Start searching non used tables.
2025.11.02 19:47:44.269650 [ 1 ] {} <Debug> DatabaseAtomic (system): Found 0 non used tables in detached tables.
2025.11.02 19:47:44.269750 [ 1 ] {} <Debug> DatabaseAtomic (system): There are 0 detached tables. Start searching non used tables.
2025.11.02 19:47:44.269770 [ 1 ] {} <Debug> DatabaseAtomic (system): Found 0 non used tables in detached tables.
2025.11.02 19:47:44.269854 [ 1 ] {} <Debug> DatabaseAtomic (system): There are 0 detached tables. Start searching non used tables.
2025.11.02 19:47:44.269903 [ 1 ] {} <Debug> DatabaseAtomic (system): Found 0 non used tables in detached tables.
2025.11.02 19:47:44.270510 [ 1 ] {} <Debug> DatabaseAtomic (system): There are 0 detached tables. Start searching non used tables.
2025.11.02 19:47:44.270543 [ 1 ] {} <Debug> DatabaseAtomic (system): Found 0 non used tables in detached tables.
2025.11.02 19:47:44.270602 [ 1 ] {} <Debug> DatabaseAtomic (system): There are 0 detached tables. Start searching non used tables.
2025.11.02 19:47:44.270684 [ 1 ] {} <Debug> DatabaseAtomic (system): Found 0 non used tables in detached tables.
2025.11.02 19:47:44.270730 [ 1 ] {} <Debug> DatabaseAtomic (system): There are 0 detached tables. Start searching non used tables.
2025.11.02 19:47:44.270970 [ 1 ] {} <Debug> DatabaseAtomic (system): Found 0 non used tables in detached tables.
2025.11.02 19:47:44.271023 [ 1 ] {} <Debug> DatabaseAtomic (system): There are 0 detached tables. Start searching non used tables.
2025.11.02 19:47:44.271044 [ 1 ] {} <Debug> DatabaseAtomic (system): Found 0 non used tables in detached tables.
2025.11.02 19:47:44.271099 [ 1 ] {} <Debug> DatabaseAtomic (system): There are 0 detached tables. Start searching non used tables.
2025.11.02 19:47:44.271121 [ 1 ] {} <Debug> DatabaseAtomic (system): Found 0 non used tables in detached tables.
2025.11.02 19:47:44.271199 [ 1 ] {} <Debug> DatabaseAtomic (system): There are 0 detached tables. Start searching non used tables.
2025.11.02 19:47:44.271271 [ 1 ] {} <Debug> DatabaseAtomic (system): Found 0 non used tables in detached tables.
2025.11.02 19:47:44.271305 [ 1 ] {} <Debug> DatabaseAtomic (system): There are 0 detached tables. Start searching non used tables.
2025.11.02 19:47:44.271571 [ 1 ] {} <Debug> DatabaseAtomic (system): Found 0 non used tables in detached tables.
2025.11.02 19:47:44.271730 [ 1 ] {} <Debug> DatabaseAtomic (system): There are 0 detached tables. Start searching non used tables.
2025.11.02 19:47:44.271751 [ 1 ] {} <Debug> DatabaseAtomic (system): Found 0 non used tables in detached tables.
2025.11.02 19:47:44.271865 [ 1 ] {} <Debug> DatabaseAtomic (system): There are 0 detached tables. Start searching non used tables.
2025.11.02 19:47:44.271894 [ 1 ] {} <Debug> DatabaseAtomic (system): Found 0 non used tables in detached tables.
2025.11.02 19:47:44.271978 [ 1 ] {} <Debug> DatabaseAtomic (system): There are 0 detached tables. Start searching non used tables.
2025.11.02 19:47:44.272051 [ 1 ] {} <Debug> DatabaseAtomic (system): Found 0 non used tables in detached tables.
2025.11.02 19:47:44.272165 [ 1 ] {} <Debug> DatabaseAtomic (system): There are 0 detached tables. Start searching non used tables.
2025.11.02 19:47:44.272190 [ 1 ] {} <Debug> DatabaseAtomic (system): Found 0 non used tables in detached tables.
2025.11.02 19:47:44.272227 [ 1 ] {} <Debug> DatabaseAtomic (system): There are 0 detached tables. Start searching non used tables.
2025.11.02 19:47:44.272298 [ 1 ] {} <Debug> DatabaseAtomic (system): Found 0 non used tables in detached tables.
2025.11.02 19:47:44.272435 [ 1 ] {} <Debug> DatabaseAtomic (system): There are 0 detached tables. Start searching non used tables.
2025.11.02 19:47:44.272453 [ 1 ] {} <Debug> DatabaseAtomic (system): Found 0 non used tables in detached tables.
2025.11.02 19:47:44.272487 [ 1 ] {} <Debug> DatabaseAtomic (system): There are 0 detached tables. Start searching non used tables.
2025.11.02 19:47:44.272552 [ 1 ] {} <Debug> DatabaseAtomic (system): Found 0 non used tables in detached tables.
2025.11.02 19:47:44.272598 [ 1 ] {} <Debug> DatabaseAtomic (system): There are 0 detached tables. Start searching non used tables.
2025.11.02 19:47:44.272764 [ 1 ] {} <Debug> DatabaseAtomic (system): Found 0 non used tables in detached tables.
2025.11.02 19:47:44.272818 [ 1 ] {} <Debug> DatabaseAtomic (system): There are 0 detached tables. Start searching non used tables.
2025.11.02 19:47:44.272931 [ 1 ] {} <Debug> DatabaseAtomic (system): Found 0 non used tables in detached tables.
2025.11.02 19:47:44.273032 [ 1 ] {} <Debug> DatabaseAtomic (system): There are 0 detached tables. Start searching non used tables.
2025.11.02 19:47:44.273233 [ 1 ] {} <Debug> DatabaseAtomic (system): Found 0 non used tables in detached tables.
2025.11.02 19:47:44.273335 [ 1 ] {} <Debug> DatabaseAtomic (system): There are 0 detached tables. Start searching non used tables.
2025.11.02 19:47:44.273367 [ 1 ] {} <Debug> DatabaseAtomic (system): Found 0 non used tables in detached tables.
2025.11.02 19:47:44.273428 [ 1 ] {} <Debug> DatabaseAtomic (system): There are 0 detached tables. Start searching non used tables.
2025.11.02 19:47:44.273471 [ 1 ] {} <Debug> DatabaseAtomic (system): Found 0 non used tables in detached tables.
2025.11.02 19:47:44.273699 [ 1 ] {} <Debug> DatabaseAtomic (system): There are 0 detached tables. Start searching non used tables.
2025.11.02 19:47:44.273757 [ 1 ] {} <Debug> DatabaseAtomic (system): Found 0 non used tables in detached tables.
2025.11.02 19:47:44.273841 [ 1 ] {} <Debug> DatabaseAtomic (system): There are 0 detached tables. Start searching non used tables.
2025.11.02 19:47:44.273911 [ 1 ] {} <Debug> DatabaseAtomic (system): Found 0 non used tables in detached tables.
2025.11.02 19:47:44.274010 [ 1 ] {} <Debug> DatabaseAtomic (system): There are 0 detached tables. Start searching non used tables.
2025.11.02 19:47:44.274069 [ 1 ] {} <Debug> DatabaseAtomic (system): Found 0 non used tables in detached tables.
2025.11.02 19:47:44.274197 [ 1 ] {} <Debug> DatabaseAtomic (system): There are 0 detached tables. Start searching non used tables.
2025.11.02 19:47:44.274348 [ 1 ] {} <Debug> DatabaseAtomic (system): Found 0 non used tables in detached tables.
2025.11.02 19:47:44.275023 [ 1 ] {} <Debug> DatabaseAtomic (system): There are 0 detached tables. Start searching non used tables.
2025.11.02 19:47:44.275082 [ 1 ] {} <Debug> DatabaseAtomic (system): Found 0 non used tables in detached tables.
2025.11.02 19:47:44.275188 [ 1 ] {} <Debug> DatabaseAtomic (system): There are 0 detached tables. Start searching non used tables.
2025.11.02 19:47:44.275216 [ 1 ] {} <Debug> DatabaseAtomic (system): Found 0 non used tables in detached tables.
2025.11.02 19:47:44.275341 [ 1 ] {} <Debug> DatabaseAtomic (system): There are 0 detached tables. Start searching non used tables.
2025.11.02 19:47:44.275478 [ 1 ] {} <Debug> DatabaseAtomic (system): Found 0 non used tables in detached tables.
2025.11.02 19:47:44.275548 [ 1 ] {} <Debug> DatabaseAtomic (system): There are 0 detached tables. Start searching non used tables.
2025.11.02 19:47:44.275731 [ 1 ] {} <Debug> DatabaseAtomic (system): Found 0 non used tables in detached tables.
2025.11.02 19:47:44.276025 [ 1 ] {} <Debug> DatabaseAtomic (system): There are 0 detached tables. Start searching non used tables.
2025.11.02 19:47:44.276079 [ 1 ] {} <Debug> DatabaseAtomic (system): Found 0 non used tables in detached tables.
2025.11.02 19:47:44.276223 [ 1 ] {} <Debug> DatabaseAtomic (system): There are 0 detached tables. Start searching non used tables.
2025.11.02 19:47:44.276279 [ 1 ] {} <Debug> DatabaseAtomic (system): Found 0 non used tables in detached tables.
2025.11.02 19:47:44.276438 [ 1 ] {} <Debug> DatabaseAtomic (system): There are 0 detached tables. Start searching non used tables.
2025.11.02 19:47:44.276514 [ 1 ] {} <Debug> DatabaseAtomic (system): Found 0 non used tables in detached tables.
2025.11.02 19:47:44.276775 [ 1 ] {} <Debug> DatabaseAtomic (system): There are 0 detached tables. Start searching non used tables.
2025.11.02 19:47:44.276816 [ 1 ] {} <Debug> DatabaseAtomic (system): Found 0 non used tables in detached tables.
2025.11.02 19:47:44.276942 [ 1 ] {} <Debug> DatabaseAtomic (system): There are 0 detached tables. Start searching non used tables.
2025.11.02 19:47:44.277028 [ 1 ] {} <Debug> DatabaseAtomic (system): Found 0 non used tables in detached tables.
2025.11.02 19:47:44.277173 [ 1 ] {} <Debug> DatabaseAtomic (system): There are 0 detached tables. Start searching non used tables.
2025.11.02 19:47:44.277272 [ 1 ] {} <Debug> DatabaseAtomic (system): Found 0 non used tables in detached tables.
2025.11.02 19:47:44.277381 [ 1 ] {} <Debug> DatabaseAtomic (system): There are 0 detached tables. Start searching non used tables.
2025.11.02 19:47:44.277417 [ 1 ] {} <Debug> DatabaseAtomic (system): Found 0 non used tables in detached tables.
2025.11.02 19:47:44.277531 [ 1 ] {} <Debug> DatabaseAtomic (system): There are 0 detached tables. Start searching non used tables.
2025.11.02 19:47:44.277583 [ 1 ] {} <Debug> DatabaseAtomic (system): Found 0 non used tables in detached tables.
2025.11.02 19:47:44.277665 [ 1 ] {} <Debug> DatabaseAtomic (system): There are 0 detached tables. Start searching non used tables.
2025.11.02 19:47:44.277714 [ 1 ] {} <Debug> DatabaseAtomic (system): Found 0 non used tables in detached tables.
2025.11.02 19:47:44.277777 [ 1 ] {} <Debug> DatabaseAtomic (system): There are 0 detached tables. Start searching non used tables.
2025.11.02 19:47:44.277807 [ 1 ] {} <Debug> DatabaseAtomic (system): Found 0 non used tables in detached tables.
2025.11.02 19:47:44.278006 [ 1 ] {} <Debug> DatabaseAtomic (system): There are 0 detached tables. Start searching non used tables.
2025.11.02 19:47:44.278079 [ 1 ] {} <Debug> DatabaseAtomic (system): Found 0 non used tables in detached tables.
2025.11.02 19:47:44.278364 [ 1 ] {} <Debug> DatabaseAtomic (system): There are 0 detached tables. Start searching non used tables.
2025.11.02 19:47:44.278452 [ 1 ] {} <Debug> DatabaseAtomic (system): Found 0 non used tables in detached tables.
2025.11.02 19:47:44.278631 [ 1 ] {} <Debug> DatabaseAtomic (system): There are 0 detached tables. Start searching non used tables.
2025.11.02 19:47:44.278702 [ 1 ] {} <Debug> DatabaseAtomic (system): Found 0 non used tables in detached tables.
2025.11.02 19:47:44.278992 [ 1 ] {} <Debug> DatabaseAtomic (system): There are 0 detached tables. Start searching non used tables.
2025.11.02 19:47:44.279018 [ 1 ] {} <Debug> DatabaseAtomic (system): Found 0 non used tables in detached tables.
2025.11.02 19:47:44.279148 [ 1 ] {} <Debug> DatabaseAtomic (system): There are 0 detached tables. Start searching non used tables.
2025.11.02 19:47:44.279225 [ 1 ] {} <Debug> DatabaseAtomic (system): Found 0 non used tables in detached tables.
2025.11.02 19:47:44.279360 [ 1 ] {} <Debug> DatabaseAtomic (system): There are 0 detached tables. Start searching non used tables.
2025.11.02 19:47:44.279585 [ 1 ] {} <Debug> DatabaseAtomic (system): Found 0 non used tables in detached tables.
2025.11.02 19:47:44.279718 [ 1 ] {} <Debug> DatabaseAtomic (system): There are 0 detached tables. Start searching non used tables.
2025.11.02 19:47:44.279789 [ 1 ] {} <Debug> DatabaseAtomic (system): Found 0 non used tables in detached tables.
2025.11.02 19:47:44.279956 [ 1 ] {} <Debug> DatabaseAtomic (system): There are 0 detached tables. Start searching non used tables.
2025.11.02 19:47:44.280013 [ 1 ] {} <Debug> DatabaseAtomic (system): Found 0 non used tables in detached tables.
2025.11.02 19:47:44.280087 [ 1 ] {} <Debug> DatabaseAtomic (system): There are 0 detached tables. Start searching non used tables.
2025.11.02 19:47:44.280148 [ 1 ] {} <Debug> DatabaseAtomic (system): Found 0 non used tables in detached tables.
2025.11.02 19:47:44.280285 [ 1 ] {} <Debug> DatabaseAtomic (system): There are 0 detached tables. Start searching non used tables.
2025.11.02 19:47:44.280374 [ 1 ] {} <Debug> DatabaseAtomic (system): Found 0 non used tables in detached tables.
2025.11.02 19:47:44.280463 [ 1 ] {} <Debug> DatabaseAtomic (system): There are 0 detached tables. Start searching non used tables.
2025.11.02 19:47:44.280621 [ 1 ] {} <Debug> DatabaseAtomic (system): Found 0 non used tables in detached tables.
2025.11.02 19:47:44.280699 [ 1 ] {} <Debug> DatabaseAtomic (system): There are 0 detached tables. Start searching non used tables.
2025.11.02 19:47:44.280795 [ 1 ] {} <Debug> DatabaseAtomic (system): Found 0 non used tables in detached tables.
2025.11.02 19:47:44.280909 [ 1 ] {} <Debug> DatabaseAtomic (system): There are 0 detached tables. Start searching non used tables.
2025.11.02 19:47:44.281005 [ 1 ] {} <Debug> DatabaseAtomic (system): Found 0 non used tables in detached tables.
2025.11.02 19:47:44.281167 [ 1 ] {} <Debug> DatabaseAtomic (system): There are 0 detached tables. Start searching non used tables.
2025.11.02 19:47:44.281218 [ 1 ] {} <Debug> DatabaseAtomic (system): Found 0 non used tables in detached tables.
2025.11.02 19:47:44.281423 [ 1 ] {} <Debug> DatabaseAtomic (system): There are 0 detached tables. Start searching non used tables.
2025.11.02 19:47:44.281477 [ 1 ] {} <Debug> DatabaseAtomic (system): Found 0 non used tables in detached tables.
2025.11.02 19:47:44.281580 [ 1 ] {} <Debug> DatabaseAtomic (system): There are 0 detached tables. Start searching non used tables.
2025.11.02 19:47:44.281655 [ 1 ] {} <Debug> DatabaseAtomic (system): Found 0 non used tables in detached tables.
2025.11.02 19:47:44.281783 [ 1 ] {} <Debug> DatabaseAtomic (system): There are 0 detached tables. Start searching non used tables.
2025.11.02 19:47:44.281853 [ 1 ] {} <Debug> DatabaseAtomic (system): Found 0 non used tables in detached tables.
2025.11.02 19:47:44.281931 [ 1 ] {} <Debug> DatabaseAtomic (system): There are 0 detached tables. Start searching non used tables.
2025.11.02 19:47:44.282041 [ 1 ] {} <Debug> DatabaseAtomic (system): Found 0 non used tables in detached tables.
2025.11.02 19:47:44.282141 [ 1 ] {} <Debug> DatabaseAtomic (system): There are 0 detached tables. Start searching non used tables.
2025.11.02 19:47:44.282201 [ 1 ] {} <Debug> DatabaseAtomic (system): Found 0 non used tables in detached tables.
2025.11.02 19:47:44.282306 [ 1 ] {} <Debug> DatabaseAtomic (system): There are 0 detached tables. Start searching non used tables.
2025.11.02 19:47:44.282419 [ 1 ] {} <Debug> DatabaseAtomic (system): Found 0 non used tables in detached tables.
2025.11.02 19:47:44.282481 [ 1 ] {} <Debug> DatabaseAtomic (system): There are 0 detached tables. Start searching non used tables.
2025.11.02 19:47:44.282584 [ 1 ] {} <Debug> DatabaseAtomic (system): Found 0 non used tables in detached tables.
2025.11.02 19:47:44.282634 [ 1 ] {} <Debug> DatabaseAtomic (system): There are 0 detached tables. Start searching non used tables.
2025.11.02 19:47:44.282665 [ 1 ] {} <Debug> DatabaseAtomic (system): Found 0 non used tables in detached tables.
2025.11.02 19:47:44.282882 [ 1 ] {} <Debug> DatabaseAtomic (system): There are 0 detached tables. Start searching non used tables.
2025.11.02 19:47:44.282959 [ 1 ] {} <Debug> DatabaseAtomic (system): Found 0 non used tables in detached tables.
2025.11.02 19:47:44.283052 [ 1 ] {} <Debug> DatabaseAtomic (system): There are 0 detached tables. Start searching non used tables.
2025.11.02 19:47:44.283157 [ 1 ] {} <Debug> DatabaseAtomic (system): Found 0 non used tables in detached tables.
2025.11.02 19:47:44.283270 [ 1 ] {} <Debug> DatabaseAtomic (system): There are 0 detached tables. Start searching non used tables.
2025.11.02 19:47:44.283384 [ 1 ] {} <Debug> DatabaseAtomic (system): Found 0 non used tables in detached tables.
2025.11.02 19:47:44.283507 [ 1 ] {} <Debug> DatabaseAtomic (system): There are 0 detached tables. Start searching non used tables.
2025.11.02 19:47:44.283614 [ 1 ] {} <Debug> DatabaseAtomic (system): Found 0 non used tables in detached tables.
2025.11.02 19:47:44.283749 [ 1 ] {} <Debug> DatabaseAtomic (system): There are 0 detached tables. Start searching non used tables.
2025.11.02 19:47:44.283789 [ 1 ] {} <Debug> DatabaseAtomic (system): Found 0 non used tables in detached tables.
2025.11.02 19:47:44.283867 [ 1 ] {} <Debug> DatabaseAtomic (system): There are 0 detached tables. Start searching non used tables.
2025.11.02 19:47:44.284017 [ 1 ] {} <Debug> DatabaseAtomic (system): Found 0 non used tables in detached tables.
2025.11.02 19:47:44.284107 [ 1 ] {} <Debug> DatabaseAtomic (system): There are 0 detached tables. Start searching non used tables.
2025.11.02 19:47:44.284189 [ 1 ] {} <Debug> DatabaseAtomic (system): Found 0 non used tables in detached tables.
2025.11.02 19:47:44.284322 [ 1 ] {} <Debug> DatabaseAtomic (system): There are 0 detached tables. Start searching non used tables.
2025.11.02 19:47:44.284375 [ 1 ] {} <Debug> DatabaseAtomic (system): Found 0 non used tables in detached tables.
2025.11.02 19:47:44.284485 [ 1 ] {} <Debug> DatabaseAtomic (system): There are 0 detached tables. Start searching non used tables.
2025.11.02 19:47:44.284611 [ 1 ] {} <Debug> DatabaseAtomic (system): Found 0 non used tables in detached tables.
2025.11.02 19:47:44.284730 [ 1 ] {} <Debug> DatabaseAtomic (system): There are 0 detached tables. Start searching non used tables.
2025.11.02 19:47:44.284912 [ 1 ] {} <Debug> DatabaseAtomic (system): Found 0 non used tables in detached tables.
2025.11.02 19:47:44.285170 [ 1 ] {} <Debug> DatabaseAtomic (system): There are 0 detached tables. Start searching non used tables.
2025.11.02 19:47:44.285265 [ 1 ] {} <Debug> DatabaseAtomic (system): Found 0 non used tables in detached tables.
2025.11.02 19:47:44.285348 [ 1 ] {} <Debug> DatabaseAtomic (system): There are 0 detached tables. Start searching non used tables.
2025.11.02 19:47:44.285470 [ 1 ] {} <Debug> DatabaseAtomic (system): Found 0 non used tables in detached tables.
2025.11.02 19:47:44.285535 [ 1 ] {} <Debug> DatabaseAtomic (system): There are 0 detached tables. Start searching non used tables.
2025.11.02 19:47:44.285593 [ 1 ] {} <Debug> DatabaseAtomic (system): Found 0 non used tables in detached tables.
2025.11.02 19:47:44.285641 [ 1 ] {} <Debug> DatabaseAtomic (system): There are 0 detached tables. Start searching non used tables.
2025.11.02 19:47:44.285695 [ 1 ] {} <Debug> DatabaseAtomic (system): Found 0 non used tables in detached tables.
2025.11.02 19:47:44.285780 [ 1 ] {} <Debug> DatabaseAtomic (system): There are 0 detached tables. Start searching non used tables.
2025.11.02 19:47:44.285856 [ 1 ] {} <Debug> DatabaseAtomic (system): Found 0 non used tables in detached tables.
2025.11.02 19:47:44.286064 [ 1 ] {} <Debug> DatabaseAtomic (system): There are 0 detached tables. Start searching non used tables.
2025.11.02 19:47:44.286133 [ 1 ] {} <Debug> DatabaseAtomic (system): Found 0 non used tables in detached tables.
2025.11.02 19:47:44.286183 [ 1 ] {} <Debug> DatabaseAtomic (system): There are 0 detached tables. Start searching non used tables.
2025.11.02 19:47:44.286226 [ 1 ] {} <Debug> DatabaseAtomic (system): Found 0 non used tables in detached tables.
2025.11.02 19:47:44.286367 [ 1 ] {} <Debug> DatabaseAtomic (system): There are 0 detached tables. Start searching non used tables.
2025.11.02 19:47:44.286438 [ 1 ] {} <Debug> DatabaseAtomic (system): Found 0 non used tables in detached tables.
2025.11.02 19:47:44.286487 [ 1 ] {} <Debug> DatabaseAtomic (system): There are 0 detached tables. Start searching non used tables.
2025.11.02 19:47:44.286538 [ 1 ] {} <Debug> DatabaseAtomic (system): Found 0 non used tables in detached tables.
2025.11.02 19:47:44.286577 [ 1 ] {} <Debug> DatabaseAtomic (system): There are 0 detached tables. Start searching non used tables.
2025.11.02 19:47:44.286613 [ 1 ] {} <Debug> DatabaseAtomic (system): Found 0 non used tables in detached tables.
2025.11.02 19:47:44.286650 [ 1 ] {} <Debug> DatabaseAtomic (system): There are 0 detached tables. Start searching non used tables.
2025.11.02 19:47:44.286696 [ 1 ] {} <Debug> DatabaseAtomic (system): Found 0 non used tables in detached tables.
2025.11.02 19:47:44.286739 [ 1 ] {} <Debug> DatabaseAtomic (system): There are 0 detached tables. Start searching non used tables.
2025.11.02 19:47:44.286775 [ 1 ] {} <Debug> DatabaseAtomic (system): Found 0 non used tables in detached tables.
2025.11.02 19:47:44.286819 [ 1 ] {} <Debug> DatabaseAtomic (system): There are 0 detached tables. Start searching non used tables.
2025.11.02 19:47:44.286870 [ 1 ] {} <Debug> DatabaseAtomic (system): Found 0 non used tables in detached tables.
2025.11.02 19:47:44.286925 [ 1 ] {} <Debug> DatabaseAtomic (system): There are 0 detached tables. Start searching non used tables.
2025.11.02 19:47:44.286962 [ 1 ] {} <Debug> DatabaseAtomic (system): Found 0 non used tables in detached tables.
2025.11.02 19:47:44.293135 [ 1 ] {} <Information> DatabaseCatalog: Found 0 partially dropped tables. Will load them and retry removal.
2025.11.02 19:47:44.294020 [ 1 ] {} <Information> DatabaseAtomic (default): Metadata processed, database default has 0 tables and 0 dictionaries in total.
2025.11.02 19:47:44.294186 [ 1 ] {} <Information> TablesLoader: Parsed metadata of 0 tables in 1 databases in 0.00017025 sec
2025.11.02 19:47:44.294333 [ 1 ] {} <Information> loadMetadata: Start asynchronous loading of databases
2025.11.02 19:47:44.294376 [ 1 ] {} <Debug> AsyncLoader: Schedule load job 'startup Ordinary database default' into BackgrndStartup
2025.11.02 19:47:44.294399 [ 1 ] {} <Debug> AsyncLoader: Schedule load job 'startup Atomic database default' into BackgrndStartup
2025.11.02 19:47:44.294419 [ 1 ] {} <Debug> AsyncLoader: Change current priority: none -> 2
2025.11.02 19:47:44.294440 [ 1 ] {} <Debug> AsyncLoader: Spawn loader worker #1 in BackgrndStartup
2025.11.02 19:47:44.294540 [ 1 ] {} <Information> UserDefinedSQLObjectsLoaderFromDisk: Loading user defined objects from /var/lib/clickhouse/user_defined/
2025.11.02 19:47:44.294595 [ 1 ] {} <Debug> UserDefinedSQLObjectsLoaderFromDisk: The directory for user defined objects (/var/lib/clickhouse/user_defined/) does not exist: nothing to load
2025.11.02 19:47:44.294552 [ 719 ] {} <Debug> AsyncLoader: Execute load job 'startup Ordinary database default' in BackgrndStartup
2025.11.02 19:47:44.294669 [ 1 ] {} <Information> WorkloadEntityDiskStorage: Loading workload entities from /var/lib/clickhouse/workload/
2025.11.02 19:47:44.294730 [ 1 ] {} <Debug> WorkloadEntityDiskStorage: The directory for workload entities (/var/lib/clickhouse/workload/) does not exist: nothing to load
2025.11.02 19:47:44.294697 [ 719 ] {} <Debug> AsyncLoader: Finish load job 'startup Ordinary database default' with status OK
2025.11.02 19:47:44.294906 [ 719 ] {} <Debug> AsyncLoader: Spawn loader worker #2 in BackgrndStartup
2025.11.02 19:47:44.295019 [ 719 ] {} <Debug> AsyncLoader: Execute load job 'startup Atomic database default' in BackgrndStartup
2025.11.02 19:47:44.295108 [ 719 ] {} <Debug> AsyncLoader: Finish load job 'startup Atomic database default' with status OK
2025.11.02 19:47:44.295241 [ 719 ] {} <Debug> AsyncLoader: Stop worker in BackgrndStartup
2025.11.02 19:47:44.295288 [ 721 ] {} <Debug> AsyncLoader: Stop worker in BackgrndStartup
2025.11.02 19:47:44.295334 [ 721 ] {} <Debug> AsyncLoader: Change current priority: 2 -> none
2025.11.02 19:47:44.305133 [ 1 ] {} <Information> ZooKeeperClient: Connected to ZooKeeper at 172.19.0.2:2181 with session_id 72057599666814977
2025.11.02 19:47:44.308389 [ 1 ] {} <Information> ZooKeeperClient: Keeper feature flag FILTERED_LIST: disabled
2025.11.02 19:47:44.308539 [ 1 ] {} <Information> ZooKeeperClient: Keeper feature flag MULTI_READ: disabled
2025.11.02 19:47:44.308606 [ 1 ] {} <Information> ZooKeeperClient: Keeper feature flag CHECK_NOT_EXISTS: disabled
2025.11.02 19:47:44.308789 [ 1 ] {} <Information> ZooKeeperClient: Keeper feature flag CREATE_IF_NOT_EXISTS: disabled
2025.11.02 19:47:44.308956 [ 1 ] {} <Information> ZooKeeperClient: Keeper feature flag REMOVE_RECURSIVE: disabled
2025.11.02 19:47:44.322806 [ 1 ] {} <Debug> Application: Loaded metadata.
2025.11.02 19:47:44.322881 [ 1 ] {} <Information> Application: Tasks stats provider: procfs
2025.11.02 19:47:44.322923 [ 1 ] {} <Information> Application: It looks like the process has no CAP_SYS_NICE capability, the setting 'os_thread_priority' will have no effect. It could happen due to incorrect ClickHouse package installation. You could resolve the problem manually with 'sudo setcap cap_sys_nice=+ep /usr/bin/clickhouse'. Note that it will not work on 'nosuid' mounted filesystems.
2025.11.02 19:47:44.323001 [ 1 ] {} <Debug> DatabaseAtomic (system): There are 0 detached tables. Start searching non used tables.
2025.11.02 19:47:44.323026 [ 1 ] {} <Debug> DatabaseAtomic (system): Found 0 non used tables in detached tables.
2025.11.02 19:47:44.323142 [ 1 ] {} <Warning> Application: Listen [::]:8123 failed: Poco::Exception. Code: 1000, e.code() = 0, DNS error: EAI: Address family for hostname not supported (version 25.3.7.194 (official build)). If it is an IPv6 or IPv4 address and your host has disabled IPv6 or IPv4, then consider to specify not disabled IPv4 or IPv6 address to listen in <listen_host> element of configuration file. Example for disabled IPv6: <listen_host>0.0.0.0</listen_host> . Example for disabled IPv4: <listen_host>::</listen_host>
2025.11.02 19:47:44.323306 [ 1 ] {} <Warning> Application: Listen [::]:9000 failed: Poco::Exception. Code: 1000, e.code() = 0, DNS error: EAI: Address family for hostname not supported (version 25.3.7.194 (official build)). If it is an IPv6 or IPv4 address and your host has disabled IPv6 or IPv4, then consider to specify not disabled IPv4 or IPv6 address to listen in <listen_host> element of configuration file. Example for disabled IPv6: <listen_host>0.0.0.0</listen_host> . Example for disabled IPv4: <listen_host>::</listen_host>
2025.11.02 19:47:44.323471 [ 1 ] {} <Warning> Application: Listen [::]:8001 failed: Poco::Exception. Code: 1000, e.code() = 0, DNS error: EAI: Address family for hostname not supported (version 25.3.7.194 (official build)). If it is an IPv6 or IPv4 address and your host has disabled IPv6 or IPv4, then consider to specify not disabled IPv4 or IPv6 address to listen in <listen_host> element of configuration file. Example for disabled IPv6: <listen_host>0.0.0.0</listen_host> . Example for disabled IPv4: <listen_host>::</listen_host>
2025.11.02 19:47:44.323787 [ 1 ] {} <Information> CertificateReloader: One of paths is empty. Cannot apply new configuration for certificates. Fill all paths and try again.
2025.11.02 19:47:44.323824 [ 1 ] {} <Information> CertificateReloader: One of paths is empty. Cannot apply new configuration for certificates. Fill all paths and try again.
2025.11.02 19:47:44.326029 [ 1 ] {} <Debug> AsyncLoader: Schedule load job 'startup ddl worker' into BackgrndStartup
2025.11.02 19:47:44.326088 [ 1 ] {} <Debug> AsyncLoader: Change current priority: none -> 2
2025.11.02 19:47:44.326139 [ 1 ] {} <Debug> AsyncLoader: Spawn loader worker #1 in BackgrndStartup
2025.11.02 19:47:44.326235 [ 1 ] {} <Information> Application: Listening for http://0.0.0.0:8123
2025.11.02 19:47:44.326250 [ 728 ] {} <Debug> AsyncLoader: Execute load job 'startup ddl worker' in BackgrndStartup
2025.11.02 19:47:44.326326 [ 1 ] {} <Information> Application: Listening for native protocol (tcp): 0.0.0.0:9000
2025.11.02 19:47:44.326465 [ 1 ] {} <Information> Application: Listening for Prometheus: http://0.0.0.0:8001
2025.11.02 19:47:44.326495 [ 728 ] {} <Debug> AsyncLoader: Finish load job 'startup ddl worker' with status OK
2025.11.02 19:47:44.326584 [ 728 ] {} <Debug> AsyncLoader: Stop worker in BackgrndStartup
2025.11.02 19:47:44.326648 [ 728 ] {} <Debug> AsyncLoader: Change current priority: 2 -> none
2025.11.02 19:47:44.326523 [ 733 ] {} <Debug> DDLWorker: Started DDLWorker cleanup thread
2025.11.02 19:47:44.326501 [ 1 ] {} <Information> Application: Ready for connections.
2025.11.02 19:47:44.326478 [ 727 ] {} <Debug> DDLWorker: Starting DDLWorker thread
2025.11.02 19:47:44.326974 [ 727 ] {} <Debug> DDLWorker: Initializing DDLWorker thread
2025.11.02 19:47:44.334514 [ 727 ] {} <Debug> DDLWorker: Initialized DDLWorker thread
2025.11.02 19:47:44.334600 [ 733 ] {} <Debug> DDLWorker: Cleaning queue
2025.11.02 19:47:44.337320 [ 727 ] {} <Debug> DDLWorker: Scheduling tasks
2025.11.02 19:47:44.338403 [ 727 ] {} <Debug> DDLWorker: No tasks to schedule
2025.11.02 19:47:44.338468 [ 727 ] {} <Debug> DDLWorker: Waiting for queue updates
2025.11.02 19:47:44.401797 [ 81 ] {} <Information> TCPHandler: Client has not sent any data.
2025.11.02 19:47:44.401962 [ 81 ] {} <Debug> TCPHandler: Done processing connection.
2025.11.02 19:47:44.433562 [ 81 ] {} <Information> TCPHandler: Client has not sent any data.
2025.11.02 19:47:44.433663 [ 81 ] {} <Debug> TCPHandler: Done processing connection.
2025.11.02 19:47:44.639415 [ 727 ] {} <Debug> DDLWorker: Scheduling tasks
2025.11.02 19:47:44.641679 [ 727 ] {} <Debug> DDLWorker: Will schedule 1 tasks starting from query-0000000000
2025.11.02 19:47:44.643049 [ 727 ] {} <Debug> DDLWorker: Processing task query-0000000000 (query: CREATE DATABASE IF NOT EXISTS db_w UUID 'cd93a1af-e4b3-44f1-b7cd-43a8c176f07a', backup restore: false)
2025.11.02 19:47:44.644091 [ 727 ] {} <Debug> DDLWorker: Executing query: CREATE DATABASE IF NOT EXISTS db_w UUID 'cd93a1af-e4b3-44f1-b7cd-43a8c176f07a'
2025.11.02 19:47:44.644213 [ 727 ] {af38fee8-7ffa-4d8b-b900-b287e7d3bc08} <Debug> executeQuery: (from 0.0.0.0:0, user: , initial_query_id: e4cd4806-4a78-4a28-a9da-9a1fa547bd8a) /* ddl_entry=query-0000000000 */ CREATE DATABASE IF NOT EXISTS db_w UUID 'cd93a1af-e4b3-44f1-b7cd-43a8c176f07a' (stage: Complete)
2025.11.02 19:47:44.645385 [ 727 ] {af38fee8-7ffa-4d8b-b900-b287e7d3bc08} <Information> DatabaseAtomic (db_w): Metadata processed, database db_w has 0 tables and 0 dictionaries in total.
2025.11.02 19:47:44.645431 [ 727 ] {af38fee8-7ffa-4d8b-b900-b287e7d3bc08} <Information> TablesLoader: Parsed metadata of 0 tables in 1 databases in 5.4583e-05 sec
2025.11.02 19:47:44.645484 [ 727 ] {af38fee8-7ffa-4d8b-b900-b287e7d3bc08} <Debug> AsyncLoader: Prioritize load job 'startup Atomic database db_w': BackgrndStartup -> ForegroundLoad
2025.11.02 19:47:44.645519 [ 727 ] {af38fee8-7ffa-4d8b-b900-b287e7d3bc08} <Debug> AsyncLoader: Prioritize load job 'startup Ordinary database db_w': BackgrndStartup -> ForegroundLoad
2025.11.02 19:47:44.645556 [ 727 ] {af38fee8-7ffa-4d8b-b900-b287e7d3bc08} <Debug> AsyncLoader: Schedule load job 'startup Ordinary database db_w' into ForegroundLoad
2025.11.02 19:47:44.645590 [ 727 ] {af38fee8-7ffa-4d8b-b900-b287e7d3bc08} <Debug> AsyncLoader: Schedule load job 'startup Atomic database db_w' into ForegroundLoad
2025.11.02 19:47:44.645622 [ 727 ] {af38fee8-7ffa-4d8b-b900-b287e7d3bc08} <Debug> AsyncLoader: Change current priority: none -> 0
2025.11.02 19:47:44.645664 [ 727 ] {af38fee8-7ffa-4d8b-b900-b287e7d3bc08} <Debug> AsyncLoader: Spawn loader worker #1 in ForegroundLoad
2025.11.02 19:47:44.645757 [ 727 ] {af38fee8-7ffa-4d8b-b900-b287e7d3bc08} <Debug> AsyncLoader: Wait load job 'startup Atomic database db_w' in ForegroundLoad
2025.11.02 19:47:44.645787 [ 731 ] {} <Debug> AsyncLoader: Execute load job 'startup Ordinary database db_w' in ForegroundLoad
2025.11.02 19:47:44.645953 [ 731 ] {} <Debug> AsyncLoader: Finish load job 'startup Ordinary database db_w' with status OK
2025.11.02 19:47:44.646003 [ 731 ] {} <Debug> AsyncLoader: Spawn loader worker #2 in ForegroundLoad
2025.11.02 19:47:44.646139 [ 731 ] {} <Debug> AsyncLoader: Execute load job 'startup Atomic database db_w' in ForegroundLoad
2025.11.02 19:47:44.646207 [ 731 ] {} <Debug> AsyncLoader: Finish load job 'startup Atomic database db_w' with status OK
2025.11.02 19:47:44.646249 [ 731 ] {} <Debug> AsyncLoader: Stop worker in ForegroundLoad
2025.11.02 19:47:44.646350 [ 754 ] {} <Debug> AsyncLoader: Stop worker in ForegroundLoad
2025.11.02 19:47:44.646406 [ 727 ] {af38fee8-7ffa-4d8b-b900-b287e7d3bc08} <Debug> DDLWorker: Executed query: /* ddl_entry=query-0000000000 */ CREATE DATABASE IF NOT EXISTS db_w UUID 'cd93a1af-e4b3-44f1-b7cd-43a8c176f07a'
2025.11.02 19:47:44.646406 [ 754 ] {} <Debug> AsyncLoader: Change current priority: 0 -> none
2025.11.02 19:47:44.648230 [ 727 ] {} <Debug> DDLWorker: Waiting for queue updates
2025.11.02 19:47:44.707784 [ 727 ] {} <Debug> DDLWorker: Scheduling tasks
2025.11.02 19:47:44.708343 [ 727 ] {} <Debug> DDLWorker: Will schedule 1 tasks starting from query-0000000001
2025.11.02 19:47:44.709745 [ 727 ] {} <Debug> DDLWorker: Processing task query-0000000001 (query: CREATE TABLE db_w.t_dist_local UUID 'c18ef1e7-7969-4f96-a93e-95fae1e3b43f' (`create_time` DateTime, `y` Int32 COMMENT 'shard key', `m` Int32 COMMENT 'part key', `id` Int64 COMMENT 'sort key', `value` Nullable(String)) ENGINE = MergeTree PARTITION BY m ORDER BY id SETTINGS index_granularity = 8192, backup restore: false)
2025.11.02 19:47:44.712879 [ 727 ] {} <Debug> DDLWorker: Executing query: CREATE TABLE db_w.t_dist_local UUID 'c18ef1e7-7969-4f96-a93e-95fae1e3b43f' (`create_time` DateTime, `y` Int32 COMMENT 'shard key', `m` Int32 COMMENT 'part key', `id` Int64 COMMENT 'sort key', `value` Nullable(String)) ENGINE = MergeTree PARTITION BY m ORDER BY id SETTINGS index_granularity = 8192
2025.11.02 19:47:44.713129 [ 727 ] {0f826633-7f4f-42f2-ba2f-3aec5251cd52} <Debug> executeQuery: (from 0.0.0.0:0, user: , initial_query_id: fad51b00-aee7-4bc3-a991-dc24a8f4bf77) /* ddl_entry=query-0000000001 */ CREATE TABLE db_w.t_dist_local UUID 'c18ef1e7-7969-4f96-a93e-95fae1e3b43f' (`create_time` DateTime, `y` Int32 COMMENT 'shard key', `m` Int32 COMMENT 'part key', `id` Int64 COMMENT 'sort key', `value` Nullable(String)) ENGINE = MergeTree PARTITION BY m ORDER BY id SETTINGS index_granularity = 8192 (stage: Complete)
2025.11.02 19:47:44.714173 [ 727 ] {0f826633-7f4f-42f2-ba2f-3aec5251cd52} <Debug> db_w.t_dist_local (c18ef1e7-7969-4f96-a93e-95fae1e3b43f): Loading data parts
2025.11.02 19:47:44.714333 [ 727 ] {0f826633-7f4f-42f2-ba2f-3aec5251cd52} <Debug> db_w.t_dist_local (c18ef1e7-7969-4f96-a93e-95fae1e3b43f): There are no data parts
2025.11.02 19:47:44.715055 [ 727 ] {0f826633-7f4f-42f2-ba2f-3aec5251cd52} <Debug> DatabaseAtomic (db_w): There are 0 detached tables. Start searching non used tables.
2025.11.02 19:47:44.715132 [ 727 ] {0f826633-7f4f-42f2-ba2f-3aec5251cd52} <Debug> DatabaseAtomic (db_w): Found 0 non used tables in detached tables.
2025.11.02 19:47:44.715450 [ 727 ] {0f826633-7f4f-42f2-ba2f-3aec5251cd52} <Debug> DDLWorker: Executed query: /* ddl_entry=query-0000000001 */ CREATE TABLE db_w.t_dist_local UUID 'c18ef1e7-7969-4f96-a93e-95fae1e3b43f' (`create_time` DateTime, `y` Int32 COMMENT 'shard key', `m` Int32 COMMENT 'part key', `id` Int64 COMMENT 'sort key', `value` Nullable(String)) ENGINE = MergeTree PARTITION BY m ORDER BY id SETTINGS index_granularity = 8192
2025.11.02 19:47:44.717157 [ 727 ] {} <Debug> DDLWorker: Waiting for queue updates
2025.11.02 19:47:44.771184 [ 727 ] {} <Debug> DDLWorker: Scheduling tasks
2025.11.02 19:47:44.772197 [ 727 ] {} <Debug> DDLWorker: Will schedule 1 tasks starting from query-0000000002
2025.11.02 19:47:44.773159 [ 727 ] {} <Debug> DDLWorker: Processing task query-0000000002 (query: CREATE TABLE db_w.t_dist UUID 'c33b4b0c-7c00-415c-b159-7fd1749f4053' (`create_time` DateTime, `y` Int32 COMMENT 'shard key', `m` Int32 COMMENT 'part key', `id` Int64 COMMENT 'sort key', `value` Nullable(String)) ENGINE = Distributed(single_replica, 'db_w', 't_dist_local', y), backup restore: false)
2025.11.02 19:47:44.774108 [ 727 ] {} <Debug> DDLWorker: Executing query: CREATE TABLE db_w.t_dist UUID 'c33b4b0c-7c00-415c-b159-7fd1749f4053' (`create_time` DateTime, `y` Int32 COMMENT 'shard key', `m` Int32 COMMENT 'part key', `id` Int64 COMMENT 'sort key', `value` Nullable(String)) ENGINE = Distributed(single_replica, 'db_w', 't_dist_local', y)
2025.11.02 19:47:44.774246 [ 727 ] {945d9fa3-c76e-418e-9b5a-546312d0569f} <Debug> executeQuery: (from 0.0.0.0:0, user: , initial_query_id: 89a0485e-5a1c-4e0f-864a-a095f789284f) /* ddl_entry=query-0000000002 */ CREATE TABLE db_w.t_dist UUID 'c33b4b0c-7c00-415c-b159-7fd1749f4053' (`create_time` DateTime, `y` Int32 COMMENT 'shard key', `m` Int32 COMMENT 'part key', `id` Int64 COMMENT 'sort key', `value` Nullable(String)) ENGINE = Distributed(single_replica, 'db_w', 't_dist_local', y) (stage: Complete)
2025.11.02 19:47:44.774636 [ 727 ] {945d9fa3-c76e-418e-9b5a-546312d0569f} <Debug> StorageDistributed (t_dist): Auto-increment is 0
2025.11.02 19:47:44.775618 [ 727 ] {945d9fa3-c76e-418e-9b5a-546312d0569f} <Debug> DatabaseAtomic (db_w): There are 0 detached tables. Start searching non used tables.
2025.11.02 19:47:44.775683 [ 727 ] {945d9fa3-c76e-418e-9b5a-546312d0569f} <Debug> DatabaseAtomic (db_w): Found 0 non used tables in detached tables.
2025.11.02 19:47:44.775988 [ 727 ] {945d9fa3-c76e-418e-9b5a-546312d0569f} <Debug> DDLWorker: Executed query: /* ddl_entry=query-0000000002 */ CREATE TABLE db_w.t_dist UUID 'c33b4b0c-7c00-415c-b159-7fd1749f4053' (`create_time` DateTime, `y` Int32 COMMENT 'shard key', `m` Int32 COMMENT 'part key', `id` Int64 COMMENT 'sort key', `value` Nullable(String)) ENGINE = Distributed(single_replica, 'db_w', 't_dist_local', y)
2025.11.02 19:47:44.777632 [ 727 ] {} <Debug> DDLWorker: Waiting for queue updates
2025.11.02 19:47:44.829671 [ 81 ] {} <Debug> TCPHandler: Connected ClickHouse server version 25.3.0, revision: 54476, user: default.
2025.11.02 19:47:44.829730 [ 81 ] {} <Debug> TCP-Session-821228ed-b8e1-4217-82d4-74d143125d40: Authenticating user 'default' from 172.19.0.5:59514
2025.11.02 19:47:44.829785 [ 81 ] {} <Debug> TCP-Session-821228ed-b8e1-4217-82d4-74d143125d40: 821228ed-b8e1-4217-82d4-74d143125d40 Authenticated with global context as user 94309d50-4f52-5250-31bd-74fecac179db
2025.11.02 19:47:44.829840 [ 81 ] {} <Debug> TCP-Session-821228ed-b8e1-4217-82d4-74d143125d40: Creating session context with user_id: 94309d50-4f52-5250-31bd-74fecac179db
2025.11.02 19:47:44.830990 [ 81 ] {c03cafb9-2a32-49fb-9258-be7bd19e7f21} <Debug> executeQuery: (from 172.19.0.5:59514, initial_query_id: 336e6ff5-0b0f-4b25-8fcb-d114f3672525) SELECT `__table1`.`create_time` AS `create_time`, `__table1`.`y` AS `y`, `__table1`.`m` AS `m`, `__table1`.`id` AS `id`, `__table1`.`value` AS `value` FROM `db_w`.`t_dist_local` AS `__table1` WHERE _CAST(0, 'UInt8') (stage: Complete)
2025.11.02 19:47:44.831568 [ 81 ] {c03cafb9-2a32-49fb-9258-be7bd19e7f21} <Debug> TCPHandler: Processed in 0.000820334 sec.
2025.11.02 19:47:44.871889 [ 81 ] {add0ebbf-3494-4b2e-89e4-701ffeceec2d} <Debug> executeQuery: (from 172.19.0.5:59514, initial_query_id: 4516930c-1f92-4aa5-a246-4b13e16b94aa) SELECT `__table1`.`create_time` AS `create_time`, `__table1`.`y` AS `y`, `__table1`.`m` AS `m`, `__table1`.`id` AS `id`, `__table1`.`value` AS `value` FROM `db_w`.`t_dist_local` AS `__table1` WHERE _CAST(0, 'UInt8') (stage: Complete)
2025.11.02 19:47:44.872461 [ 81 ] {add0ebbf-3494-4b2e-89e4-701ffeceec2d} <Debug> TCPHandler: Processed in 0.000744834 sec.
2025.11.02 19:47:44.900292 [ 81 ] {3214e54a-c28f-45b3-8bc3-df29fdc8e29e} <Debug> executeQuery: (from 172.19.0.5:59514, initial_query_id: 7a96fe0f-9342-4682-94f5-690fde484229) SELECT `__table1`.`create_time` AS `create_time`, `__table1`.`y` AS `y`, `__table1`.`m` AS `m`, `__table1`.`id` AS `id`, `__table1`.`value` AS `value` FROM `db_w`.`t_dist_local` AS `__table1` WHERE _CAST(0, 'UInt8') (stage: Complete)
2025.11.02 19:47:44.901023 [ 81 ] {3214e54a-c28f-45b3-8bc3-df29fdc8e29e} <Debug> TCPHandler: Processed in 0.000921583 sec.
2025.11.02 19:47:45.012825 [ 80 ] {} <Debug> HTTP-Session-30c77dd3-63f6-443c-8f35-63bcff435858: Authenticating user 'default' from 172.19.0.7:57250
2025.11.02 19:47:45.012923 [ 80 ] {} <Debug> HTTP-Session-30c77dd3-63f6-443c-8f35-63bcff435858: 30c77dd3-63f6-443c-8f35-63bcff435858 Authenticated with global context as user 94309d50-4f52-5250-31bd-74fecac179db
2025.11.02 19:47:45.012991 [ 80 ] {} <Debug> HTTP-Session-30c77dd3-63f6-443c-8f35-63bcff435858: Creating session context with user_id: 94309d50-4f52-5250-31bd-74fecac179db
2025.11.02 19:47:45.013182 [ 80 ] {723c05d1-fbd2-4afe-9b6d-c15468a78ed3} <Debug> executeQuery: (from 172.19.0.7:57250) INSERT INTO `db_w`.`t_dist` FORMAT ArrowStream  (stage: Complete)
2025.11.02 19:47:45.071410 [ 754 ] {300e430f-08ff-467c-b286-59247609c942} <Debug> AsynchronousInsertQueue: Flushed 2 rows, 62 bytes for query 'INSERT INTO db_w.t_dist (create_time, y, m, id, value) FORMAT ArrowStream'
2025.11.02 19:47:45.071537 [ 754 ] {300e430f-08ff-467c-b286-59247609c942} <Debug> MemoryTracker: Query peak memory usage: 3.39 MiB.
2025.11.02 19:47:45.071573 [ 80 ] {723c05d1-fbd2-4afe-9b6d-c15468a78ed3} <Debug> DynamicQueryHandler: Done processing query
2025.11.02 19:47:45.071672 [ 80 ] {} <Debug> HTTP-Session-30c77dd3-63f6-443c-8f35-63bcff435858: 30c77dd3-63f6-443c-8f35-63bcff435858 Logout, user_id: 94309d50-4f52-5250-31bd-74fecac179db
2025.11.02 19:47:45.071953 [ 633 ] {} <Debug> db_w.t_dist.DistributedInsertQueue.default: Sending `/var/lib/clickhouse/store/c33/c33b4b0c-7c00-415c-b159-7fd1749f4053/shard1_replica1/1.bin` to clickhouse-s1r1:9000 (1.00 rows, 31.00 B bytes)
2025.11.02 19:47:45.077384 [ 81 ] {58ebedfd-336a-4383-8f4e-5eb9a5cdb400} <Debug> executeQuery: (from 172.19.0.5:59514, initial_query_id: f3bfd483-f446-42de-84b6-639b03256e05) SELECT `__table1`.`create_time` AS `create_time`, `__table1`.`y` AS `y`, `__table1`.`m` AS `m`, `__table1`.`id` AS `id`, `__table1`.`value` AS `value` FROM `db_w`.`t_dist_local` AS `__table1` WHERE _CAST(0, 'UInt8') (stage: Complete)
2025.11.02 19:47:45.077669 [ 81 ] {58ebedfd-336a-4383-8f4e-5eb9a5cdb400} <Debug> db_w.t_dist_local (c18ef1e7-7969-4f96-a93e-95fae1e3b43f) (SelectExecutor): Selected 0/0 parts by partition key, 0 parts by primary key, 0/0 marks by primary key, 0 marks to read from 0 ranges
2025.11.02 19:47:45.078232 [ 81 ] {58ebedfd-336a-4383-8f4e-5eb9a5cdb400} <Debug> TCPHandler: Processed in 0.001005416 sec.
2025.11.02 19:47:45.102803 [ 81 ] {b32ced3d-bec4-4c57-a6e9-bc7bcd957528} <Debug> executeQuery: (from 172.19.0.5:59514, initial_query_id: 2f332bb3-142a-4dce-8423-11b78fba84cf) SELECT `__table1`.`create_time` AS `create_time`, `__table1`.`y` AS `y`, `__table1`.`m` AS `m`, `__table1`.`id` AS `id`, `__table1`.`value` AS `value` FROM `db_w`.`t_dist_local` AS `__table1` WHERE _CAST(0, 'UInt8') (stage: Complete)
2025.11.02 19:47:45.103120 [ 81 ] {b32ced3d-bec4-4c57-a6e9-bc7bcd957528} <Debug> db_w.t_dist_local (c18ef1e7-7969-4f96-a93e-95fae1e3b43f) (SelectExecutor): Selected 0/0 parts by partition key, 0 parts by primary key, 0/0 marks by primary key, 0 marks to read from 0 ranges
2025.11.02 19:47:45.103433 [ 81 ] {b32ced3d-bec4-4c57-a6e9-bc7bcd957528} <Debug> TCPHandler: Processed in 0.000784416 sec.
2025.11.02 19:47:45.135141 [ 81 ] {ed05e0b2-0104-4f58-a086-7465bcdb1f36} <Debug> executeQuery: (from 172.19.0.5:59514, initial_query_id: 7664b0f4-3ac7-4b61-a979-3651a232002d) SELECT `__table1`.`y` AS `y`, shardNum() AS `_shard_num` FROM `db_w`.`t_dist_local` AS `__table1` (stage: Complete)
2025.11.02 19:47:45.135330 [ 81 ] {ed05e0b2-0104-4f58-a086-7465bcdb1f36} <Debug> db_w.t_dist_local (c18ef1e7-7969-4f96-a93e-95fae1e3b43f) (SelectExecutor): Key condition: unknown
2025.11.02 19:47:45.135391 [ 81 ] {ed05e0b2-0104-4f58-a086-7465bcdb1f36} <Debug> db_w.t_dist_local (c18ef1e7-7969-4f96-a93e-95fae1e3b43f) (SelectExecutor): MinMax index condition: unknown
2025.11.02 19:47:45.135567 [ 81 ] {ed05e0b2-0104-4f58-a086-7465bcdb1f36} <Debug> db_w.t_dist_local (c18ef1e7-7969-4f96-a93e-95fae1e3b43f) (SelectExecutor): PK index has dropped 0/1 granules, it took 0ms across 1 threads.
2025.11.02 19:47:45.135689 [ 81 ] {ed05e0b2-0104-4f58-a086-7465bcdb1f36} <Debug> db_w.t_dist_local (c18ef1e7-7969-4f96-a93e-95fae1e3b43f) (SelectExecutor): Selected 1/1 parts by partition key, 1 parts by primary key, 1/1 marks by primary key, 1 marks to read from 1 ranges
2025.11.02 19:47:45.136111 [ 81 ] {ed05e0b2-0104-4f58-a086-7465bcdb1f36} <Debug> executeQuery: Read 1 rows, 4.00 B in 0.001 sec., 1000 rows/sec., 3.91 KiB/sec.
2025.11.02 19:47:45.136279 [ 81 ] {ed05e0b2-0104-4f58-a086-7465bcdb1f36} <Debug> TCPHandler: Processed in 0.001295084 sec.
2025.11.02 19:47:45.148827 [ 81 ] {dfd4383a-df99-465a-a588-d7a8267ac5e3} <Debug> executeQuery: (from 172.19.0.5:59514, initial_query_id: c68ce749-c47a-4d21-af04-ba11d3554459) SELECT `__table1`.`y` AS `y`, shardNum() AS `_shard_num` FROM `db_w`.`t_dist_local` AS `__table1` (stage: Complete)
2025.11.02 19:47:45.149094 [ 81 ] {dfd4383a-df99-465a-a588-d7a8267ac5e3} <Debug> db_w.t_dist_local (c18ef1e7-7969-4f96-a93e-95fae1e3b43f) (SelectExecutor): Key condition: unknown
2025.11.02 19:47:45.149161 [ 81 ] {dfd4383a-df99-465a-a588-d7a8267ac5e3} <Debug> db_w.t_dist_local (c18ef1e7-7969-4f96-a93e-95fae1e3b43f) (SelectExecutor): MinMax index condition: unknown
2025.11.02 19:47:45.149244 [ 81 ] {dfd4383a-df99-465a-a588-d7a8267ac5e3} <Debug> db_w.t_dist_local (c18ef1e7-7969-4f96-a93e-95fae1e3b43f) (SelectExecutor): PK index has dropped 0/1 granules, it took 0ms across 1 threads.
2025.11.02 19:47:45.149306 [ 81 ] {dfd4383a-df99-465a-a588-d7a8267ac5e3} <Debug> db_w.t_dist_local (c18ef1e7-7969-4f96-a93e-95fae1e3b43f) (SelectExecutor): Selected 1/1 parts by partition key, 1 parts by primary key, 1/1 marks by primary key, 1 marks to read from 1 ranges
2025.11.02 19:47:45.149649 [ 81 ] {dfd4383a-df99-465a-a588-d7a8267ac5e3} <Debug> executeQuery: Read 1 rows, 4.00 B in 0.000851 sec., 1175.0881316098707 rows/sec., 4.59 KiB/sec.
2025.11.02 19:47:45.149761 [ 81 ] {dfd4383a-df99-465a-a588-d7a8267ac5e3} <Debug> TCPHandler: Processed in 0.001082791 sec.
2025.11.02 19:47:45.161791 [ 727 ] {} <Debug> DDLWorker: Scheduling tasks
2025.11.02 19:47:45.162345 [ 727 ] {} <Debug> DDLWorker: Will schedule 1 tasks starting from query-0000000003
2025.11.02 19:47:45.163205 [ 727 ] {} <Debug> DDLWorker: Processing task query-0000000003 (query: DROP TABLE IF EXISTS db_w.t_dist, backup restore: false)
2025.11.02 19:47:45.164379 [ 727 ] {} <Debug> DDLWorker: Executing query: DROP TABLE IF EXISTS db_w.t_dist
2025.11.02 19:47:45.164477 [ 727 ] {bb4979b3-f909-4f8f-819e-dcf95443ffbb} <Debug> executeQuery: (from 0.0.0.0:0, user: , initial_query_id: 608e49a2-e6f2-41db-9d73-dd69aba9079e) /* ddl_entry=query-0000000003 */ DROP TABLE IF EXISTS db_w.t_dist (stage: Complete)
2025.11.02 19:47:45.164555 [ 727 ] {bb4979b3-f909-4f8f-819e-dcf95443ffbb} <Information> StorageDistributed (t_dist): Flushing pending INSERT blocks
2025.11.02 19:47:45.164691 [ 727 ] {bb4979b3-f909-4f8f-819e-dcf95443ffbb} <Information> StorageDistributed (t_dist): Pending INSERT blocks flushed, took 0 ms.
2025.11.02 19:47:45.164793 [ 727 ] {bb4979b3-f909-4f8f-819e-dcf95443ffbb} <Debug> StorageDistributed (t_dist): Joining background threads for async INSERT
2025.11.02 19:47:45.164871 [ 727 ] {bb4979b3-f909-4f8f-819e-dcf95443ffbb} <Debug> StorageDistributed (t_dist): Background threads for async INSERT joined
2025.11.02 19:47:45.165045 [ 727 ] {bb4979b3-f909-4f8f-819e-dcf95443ffbb} <Debug> DDLWorker: Executed query: /* ddl_entry=query-0000000003 */ DROP TABLE IF EXISTS db_w.t_dist
2025.11.02 19:47:45.166796 [ 727 ] {} <Debug> DDLWorker: Waiting for queue updates
2025.11.02 19:47:45.224808 [ 727 ] {} <Debug> DDLWorker: Scheduling tasks
2025.11.02 19:47:45.225409 [ 727 ] {} <Debug> DDLWorker: Will schedule 1 tasks starting from query-0000000004
2025.11.02 19:47:45.226551 [ 727 ] {} <Debug> DDLWorker: Processing task query-0000000004 (query: DROP TABLE IF EXISTS db_w.t_dist_local, backup restore: false)
2025.11.02 19:47:45.227551 [ 727 ] {} <Debug> DDLWorker: Executing query: DROP TABLE IF EXISTS db_w.t_dist_local
2025.11.02 19:47:45.227656 [ 727 ] {9339c8b4-938f-4f36-8136-fe56fd29e0c4} <Debug> executeQuery: (from 0.0.0.0:0, user: , initial_query_id: 36bedc74-f65b-4165-9ac1-3c1fbd0c28a2) /* ddl_entry=query-0000000004 */ DROP TABLE IF EXISTS db_w.t_dist_local (stage: Complete)
2025.11.02 19:47:45.227841 [ 727 ] {9339c8b4-938f-4f36-8136-fe56fd29e0c4} <Debug> DDLWorker: Executed query: /* ddl_entry=query-0000000004 */ DROP TABLE IF EXISTS db_w.t_dist_local
2025.11.02 19:47:45.228709 [ 727 ] {} <Debug> DDLWorker: Waiting for queue updates
2025.11.02 19:47:45.289558 [ 727 ] {} <Debug> DDLWorker: Scheduling tasks
2025.11.02 19:47:45.290080 [ 727 ] {} <Debug> DDLWorker: Will schedule 1 tasks starting from query-0000000005
2025.11.02 19:47:45.290779 [ 727 ] {} <Debug> DDLWorker: Processing task query-0000000005 (query: DROP DATABASE IF EXISTS db_w, backup restore: false)
2025.11.02 19:47:45.292108 [ 727 ] {} <Debug> DDLWorker: Executing query: DROP DATABASE IF EXISTS db_w
2025.11.02 19:47:45.292246 [ 727 ] {945fe7cc-38a3-4314-a1ba-ba01bb1d9c3e} <Debug> executeQuery: (from 0.0.0.0:0, user: , initial_query_id: b13449b8-dd41-4c1a-872c-1681677d9bbd) /* ddl_entry=query-0000000005 */ DROP DATABASE IF EXISTS db_w (stage: Complete)
2025.11.02 19:47:45.292361 [ 727 ] {945fe7cc-38a3-4314-a1ba-ba01bb1d9c3e} <Debug> DatabaseAtomic (db_w): There are 0 detached tables. Start searching non used tables.
2025.11.02 19:47:45.292437 [ 727 ] {945fe7cc-38a3-4314-a1ba-ba01bb1d9c3e} <Debug> DatabaseAtomic (db_w): Found 0 non used tables in detached tables.
2025.11.02 19:47:45.292613 [ 727 ] {945fe7cc-38a3-4314-a1ba-ba01bb1d9c3e} <Debug> DDLWorker: Executed query: /* ddl_entry=query-0000000005 */ DROP DATABASE IF EXISTS db_w
2025.11.02 19:47:45.293396 [ 727 ] {} <Debug> DDLWorker: Waiting for queue updates
2025.11.02 19:47:45.356643 [ 727 ] {} <Debug> DDLWorker: Scheduling tasks
2025.11.02 19:47:45.357151 [ 727 ] {} <Debug> DDLWorker: Will schedule 1 tasks starting from query-0000000006
2025.11.02 19:47:45.357999 [ 727 ] {} <Debug> DDLWorker: Processing task query-0000000006 (query: CREATE DATABASE IF NOT EXISTS db_agg_col UUID '15340fc0-08a2-4139-8186-3493c6187067', backup restore: false)
2025.11.02 19:47:45.359431 [ 727 ] {} <Debug> DDLWorker: Executing query: CREATE DATABASE IF NOT EXISTS db_agg_col UUID '15340fc0-08a2-4139-8186-3493c6187067'
2025.11.02 19:47:45.359565 [ 727 ] {2ee60521-a186-4516-86be-e2116cfb5898} <Debug> executeQuery: (from 0.0.0.0:0, user: , initial_query_id: 79e4b9cf-b63a-47a3-b863-1a828947a0c0) /* ddl_entry=query-0000000006 */ CREATE DATABASE IF NOT EXISTS db_agg_col UUID '15340fc0-08a2-4139-8186-3493c6187067' (stage: Complete)
2025.11.02 19:47:45.360442 [ 727 ] {2ee60521-a186-4516-86be-e2116cfb5898} <Information> DatabaseAtomic (db_agg_col): Metadata processed, database db_agg_col has 0 tables and 0 dictionaries in total.
2025.11.02 19:47:45.360495 [ 727 ] {2ee60521-a186-4516-86be-e2116cfb5898} <Information> TablesLoader: Parsed metadata of 0 tables in 1 databases in 6.8375e-05 sec
2025.11.02 19:47:45.360546 [ 727 ] {2ee60521-a186-4516-86be-e2116cfb5898} <Debug> AsyncLoader: Prioritize load job 'startup Atomic database db_agg_col': BackgrndStartup -> ForegroundLoad
2025.11.02 19:47:45.360595 [ 727 ] {2ee60521-a186-4516-86be-e2116cfb5898} <Debug> AsyncLoader: Prioritize load job 'startup Ordinary database db_agg_col': BackgrndStartup -> ForegroundLoad
2025.11.02 19:47:45.360650 [ 727 ] {2ee60521-a186-4516-86be-e2116cfb5898} <Debug> AsyncLoader: Schedule load job 'startup Ordinary database db_agg_col' into ForegroundLoad
2025.11.02 19:47:45.360693 [ 727 ] {2ee60521-a186-4516-86be-e2116cfb5898} <Debug> AsyncLoader: Schedule load job 'startup Atomic database db_agg_col' into ForegroundLoad
2025.11.02 19:47:45.360740 [ 727 ] {2ee60521-a186-4516-86be-e2116cfb5898} <Debug> AsyncLoader: Change current priority: none -> 0
2025.11.02 19:47:45.360776 [ 727 ] {2ee60521-a186-4516-86be-e2116cfb5898} <Debug> AsyncLoader: Spawn loader worker #1 in ForegroundLoad
2025.11.02 19:47:45.360925 [ 727 ] {2ee60521-a186-4516-86be-e2116cfb5898} <Debug> AsyncLoader: Wait load job 'startup Atomic database db_agg_col' in ForegroundLoad
2025.11.02 19:47:45.360932 [ 731 ] {} <Debug> AsyncLoader: Execute load job 'startup Ordinary database db_agg_col' in ForegroundLoad
2025.11.02 19:47:45.361085 [ 731 ] {} <Debug> AsyncLoader: Finish load job 'startup Ordinary database db_agg_col' with status OK
2025.11.02 19:47:45.361126 [ 731 ] {} <Debug> AsyncLoader: Spawn loader worker #2 in ForegroundLoad
2025.11.02 19:47:45.361285 [ 731 ] {} <Debug> AsyncLoader: Execute load job 'startup Atomic database db_agg_col' in ForegroundLoad
2025.11.02 19:47:45.361388 [ 731 ] {} <Debug> AsyncLoader: Finish load job 'startup Atomic database db_agg_col' with status OK
2025.11.02 19:47:45.361442 [ 731 ] {} <Debug> AsyncLoader: Stop worker in ForegroundLoad
2025.11.02 19:47:45.361515 [ 727 ] {2ee60521-a186-4516-86be-e2116cfb5898} <Debug> DDLWorker: Executed query: /* ddl_entry=query-0000000006 */ CREATE DATABASE IF NOT EXISTS db_agg_col UUID '15340fc0-08a2-4139-8186-3493c6187067'
2025.11.02 19:47:45.361571 [ 755 ] {} <Debug> AsyncLoader: Stop worker in ForegroundLoad
2025.11.02 19:47:45.361745 [ 755 ] {} <Debug> AsyncLoader: Change current priority: 0 -> none
2025.11.02 19:47:45.362767 [ 727 ] {} <Debug> DDLWorker: Waiting for queue updates
2025.11.02 19:47:45.422092 [ 727 ] {} <Debug> DDLWorker: Scheduling tasks
2025.11.02 19:47:45.422591 [ 727 ] {} <Debug> DDLWorker: Will schedule 1 tasks starting from query-0000000007
2025.11.02 19:47:45.423596 [ 727 ] {} <Debug> DDLWorker: Processing task query-0000000007 (query: CREATE TABLE db_agg_col.t_dist_local UUID '8cba62cd-75e8-471d-ae47-243ec4716c01' (`create_time` DateTime, `y` Int32 COMMENT 'shard key', `m` Int32 COMMENT 'part key', `id` Int64 COMMENT 'sort key', `value` Nullable(String)) ENGINE = MergeTree PARTITION BY m ORDER BY id SETTINGS index_granularity = 8192, backup restore: false)
2025.11.02 19:47:45.424579 [ 727 ] {} <Debug> DDLWorker: Executing query: CREATE TABLE db_agg_col.t_dist_local UUID '8cba62cd-75e8-471d-ae47-243ec4716c01' (`create_time` DateTime, `y` Int32 COMMENT 'shard key', `m` Int32 COMMENT 'part key', `id` Int64 COMMENT 'sort key', `value` Nullable(String)) ENGINE = MergeTree PARTITION BY m ORDER BY id SETTINGS index_granularity = 8192
2025.11.02 19:47:45.424714 [ 727 ] {01ef02f8-73ee-40d1-912d-853e55f4b37d} <Debug> executeQuery: (from 0.0.0.0:0, user: , initial_query_id: 35bd81fe-6c6d-4b73-bc66-f7cabe49f754) /* ddl_entry=query-0000000007 */ CREATE TABLE db_agg_col.t_dist_local UUID '8cba62cd-75e8-471d-ae47-243ec4716c01' (`create_time` DateTime, `y` Int32 COMMENT 'shard key', `m` Int32 COMMENT 'part key', `id` Int64 COMMENT 'sort key', `value` Nullable(String)) ENGINE = MergeTree PARTITION BY m ORDER BY id SETTINGS index_granularity = 8192 (stage: Complete)
2025.11.02 19:47:45.426371 [ 727 ] {01ef02f8-73ee-40d1-912d-853e55f4b37d} <Debug> db_agg_col.t_dist_local (8cba62cd-75e8-471d-ae47-243ec4716c01): Loading data parts
2025.11.02 19:47:45.426579 [ 727 ] {01ef02f8-73ee-40d1-912d-853e55f4b37d} <Debug> db_agg_col.t_dist_local (8cba62cd-75e8-471d-ae47-243ec4716c01): There are no data parts
2025.11.02 19:47:45.427572 [ 727 ] {01ef02f8-73ee-40d1-912d-853e55f4b37d} <Debug> DatabaseAtomic (db_agg_col): There are 0 detached tables. Start searching non used tables.
2025.11.02 19:47:45.427646 [ 727 ] {01ef02f8-73ee-40d1-912d-853e55f4b37d} <Debug> DatabaseAtomic (db_agg_col): Found 0 non used tables in detached tables.
2025.11.02 19:47:45.427995 [ 727 ] {01ef02f8-73ee-40d1-912d-853e55f4b37d} <Debug> DDLWorker: Executed query: /* ddl_entry=query-0000000007 */ CREATE TABLE db_agg_col.t_dist_local UUID '8cba62cd-75e8-471d-ae47-243ec4716c01' (`create_time` DateTime, `y` Int32 COMMENT 'shard key', `m` Int32 COMMENT 'part key', `id` Int64 COMMENT 'sort key', `value` Nullable(String)) ENGINE = MergeTree PARTITION BY m ORDER BY id SETTINGS index_granularity = 8192
2025.11.02 19:47:45.429788 [ 727 ] {} <Debug> DDLWorker: Waiting for queue updates
2025.11.02 19:47:45.482327 [ 727 ] {} <Debug> DDLWorker: Scheduling tasks
2025.11.02 19:47:45.482936 [ 727 ] {} <Debug> DDLWorker: Will schedule 1 tasks starting from query-0000000008
2025.11.02 19:47:45.483813 [ 727 ] {} <Debug> DDLWorker: Processing task query-0000000008 (query: CREATE TABLE db_agg_col.t_dist UUID 'caad669f-2126-4cb9-a95e-a37a92e767fa' (`create_time` DateTime, `y` Int32 COMMENT 'shard key', `m` Int32 COMMENT 'part key', `id` Int64 COMMENT 'sort key', `value` Nullable(String)) ENGINE = Distributed(single_replica, 'db_agg_col', 't_dist_local', y), backup restore: false)
2025.11.02 19:47:45.484933 [ 727 ] {} <Debug> DDLWorker: Executing query: CREATE TABLE db_agg_col.t_dist UUID 'caad669f-2126-4cb9-a95e-a37a92e767fa' (`create_time` DateTime, `y` Int32 COMMENT 'shard key', `m` Int32 COMMENT 'part key', `id` Int64 COMMENT 'sort key', `value` Nullable(String)) ENGINE = Distributed(single_replica, 'db_agg_col', 't_dist_local', y)
2025.11.02 19:47:45.485063 [ 727 ] {eca4da76-c3f0-40d1-93ab-8b34d6416687} <Debug> executeQuery: (from 0.0.0.0:0, user: , initial_query_id: 44e203a4-a5dc-46af-aa0c-9de1d25a4996) /* ddl_entry=query-0000000008 */ CREATE TABLE db_agg_col.t_dist UUID 'caad669f-2126-4cb9-a95e-a37a92e767fa' (`create_time` DateTime, `y` Int32 COMMENT 'shard key', `m` Int32 COMMENT 'part key', `id` Int64 COMMENT 'sort key', `value` Nullable(String)) ENGINE = Distributed(single_replica, 'db_agg_col', 't_dist_local', y) (stage: Complete)
2025.11.02 19:47:45.485412 [ 727 ] {eca4da76-c3f0-40d1-93ab-8b34d6416687} <Debug> StorageDistributed (t_dist): Auto-increment is 0
2025.11.02 19:47:45.486348 [ 727 ] {eca4da76-c3f0-40d1-93ab-8b34d6416687} <Debug> DatabaseAtomic (db_agg_col): There are 0 detached tables. Start searching non used tables.
2025.11.02 19:47:45.486396 [ 727 ] {eca4da76-c3f0-40d1-93ab-8b34d6416687} <Debug> DatabaseAtomic (db_agg_col): Found 0 non used tables in detached tables.
2025.11.02 19:47:45.486602 [ 727 ] {eca4da76-c3f0-40d1-93ab-8b34d6416687} <Debug> DDLWorker: Executed query: /* ddl_entry=query-0000000008 */ CREATE TABLE db_agg_col.t_dist UUID 'caad669f-2126-4cb9-a95e-a37a92e767fa' (`create_time` DateTime, `y` Int32 COMMENT 'shard key', `m` Int32 COMMENT 'part key', `id` Int64 COMMENT 'sort key', `value` Nullable(String)) ENGINE = Distributed(single_replica, 'db_agg_col', 't_dist_local', y)
2025.11.02 19:47:45.487899 [ 727 ] {} <Debug> DDLWorker: Waiting for queue updates
2025.11.02 19:47:45.540740 [ 81 ] {e7f1b6dd-e639-41ba-9e16-bd9169d27d26} <Debug> executeQuery: (from 172.19.0.5:59514, initial_query_id: 415e4d68-6d89-4c0d-9c19-f97d0baf6ede) SELECT `__table1`.`create_time` AS `create_time`, `__table1`.`y` AS `y`, `__table1`.`m` AS `m`, `__table1`.`id` AS `id`, `__table1`.`value` AS `value` FROM `db_agg_col`.`t_dist_local` AS `__table1` WHERE _CAST(0, 'UInt8') (stage: Complete)
2025.11.02 19:47:45.541476 [ 81 ] {e7f1b6dd-e639-41ba-9e16-bd9169d27d26} <Debug> TCPHandler: Processed in 0.000901167 sec.
2025.11.02 19:47:45.548419 [ 81 ] {14f80b0c-dc77-4ba2-8a55-04cd296a8c46} <Debug> executeQuery: (from 172.19.0.5:59514, initial_query_id: 65f846bb-3004-41b2-8810-f8cf9c9f86a0) SELECT `__table1`.`create_time` AS `create_time`, `__table1`.`y` AS `y`, `__table1`.`m` AS `m`, `__table1`.`id` AS `id`, `__table1`.`value` AS `value` FROM `db_agg_col`.`t_dist_local` AS `__table1` WHERE _CAST(0, 'UInt8') (stage: Complete)
2025.11.02 19:47:45.548929 [ 81 ] {14f80b0c-dc77-4ba2-8a55-04cd296a8c46} <Debug> TCPHandler: Processed in 0.000681875 sec.
2025.11.02 19:47:45.568063 [ 81 ] {19340772-15cd-4547-8ab6-a648bdbbf91c} <Debug> executeQuery: (from 172.19.0.5:59514, initial_query_id: 345853ab-9cbf-414d-b689-12b0d4223cf6) SELECT `__table1`.`create_time` AS `create_time`, `__table1`.`y` AS `y`, `__table1`.`m` AS `m`, `__table1`.`id` AS `id`, `__table1`.`value` AS `value` FROM `db_agg_col`.`t_dist_local` AS `__table1` WHERE _CAST(0, 'UInt8') (stage: Complete)
2025.11.02 19:47:45.568562 [ 81 ] {19340772-15cd-4547-8ab6-a648bdbbf91c} <Debug> TCPHandler: Processed in 0.000677625 sec.
2025.11.02 19:47:45.711341 [ 82 ] {} <Debug> TCPHandler: Connected ClickHouse server version 25.3.0, revision: 54476, user: default.
2025.11.02 19:47:45.711467 [ 82 ] {} <Debug> TCP-Session-479a8e97-6259-45f8-b13b-6160dfd68bae: Authenticating user 'default' from 172.19.0.6:37034
2025.11.02 19:47:45.711566 [ 82 ] {} <Debug> TCP-Session-479a8e97-6259-45f8-b13b-6160dfd68bae: 479a8e97-6259-45f8-b13b-6160dfd68bae Authenticated with global context as user 94309d50-4f52-5250-31bd-74fecac179db
2025.11.02 19:47:45.711633 [ 82 ] {} <Debug> TCP-Session-479a8e97-6259-45f8-b13b-6160dfd68bae: Creating session context with user_id: 94309d50-4f52-5250-31bd-74fecac179db
2025.11.02 19:47:45.712315 [ 82 ] {e9dd5f39-626d-418e-a197-e65447fff6f7} <Debug> executeQuery: (from 172.19.0.6:37034, initial_query_id: 6e9754af-1c99-48b2-b4f1-e070d959a570) INSERT INTO db_agg_col.t_dist_local (create_time, y, m, id, value) VALUES (stage: Complete)
2025.11.02 19:47:45.713214 [ 82 ] {e9dd5f39-626d-418e-a197-e65447fff6f7} <Debug> executeQuery: Read 1 rows, 31.00 B in 0.000963 sec., 1038.4215991692627 rows/sec., 31.44 KiB/sec.
2025.11.02 19:47:45.713367 [ 82 ] {e9dd5f39-626d-418e-a197-e65447fff6f7} <Debug> MemoryTracker: Query peak memory usage: 4.29 MiB.
2025.11.02 19:47:45.713456 [ 82 ] {e9dd5f39-626d-418e-a197-e65447fff6f7} <Debug> TCPHandler: Processed in 0.001346208 sec.
2025.11.02 19:47:45.718226 [ 81 ] {f5e58e5e-1c5b-42df-aa1f-400c2959fbdf} <Debug> executeQuery: (from 172.19.0.5:59514, initial_query_id: bf76d4bf-67ef-4c61-a6bd-d5f0a83aafee) SELECT `__table1`.`create_time` AS `create_time`, `__table1`.`y` AS `y`, `__table1`.`m` AS `m`, `__table1`.`id` AS `id`, `__table1`.`value` AS `value` FROM `db_agg_col`.`t_dist_local` AS `__table1` WHERE _CAST(0, 'UInt8') (stage: Complete)
2025.11.02 19:47:45.718555 [ 81 ] {f5e58e5e-1c5b-42df-aa1f-400c2959fbdf} <Debug> db_agg_col.t_dist_local (8cba62cd-75e8-471d-ae47-243ec4716c01) (SelectExecutor): Selected 0/0 parts by partition key, 0 parts by primary key, 0/0 marks by primary key, 0 marks to read from 0 ranges
2025.11.02 19:47:45.718915 [ 81 ] {f5e58e5e-1c5b-42df-aa1f-400c2959fbdf} <Debug> TCPHandler: Processed in 0.000855584 sec.
2025.11.02 19:47:45.738802 [ 81 ] {014df126-53a9-4c10-8051-7038f49eb530} <Debug> executeQuery: (from 172.19.0.5:59514, initial_query_id: 9be6ff0f-61b7-492c-a082-1070fd8ae4b3) SELECT count() AS `COUNT()` FROM `db_agg_col`.`t_dist_local` AS `__table1` WHERE _CAST(0, 'UInt8') (stage: WithMergeableState)
2025.11.02 19:47:45.739113 [ 81 ] {014df126-53a9-4c10-8051-7038f49eb530} <Debug> db_agg_col.t_dist_local (8cba62cd-75e8-471d-ae47-243ec4716c01) (SelectExecutor): Selected 0/0 parts by partition key, 0 parts by primary key, 0/0 marks by primary key, 0 marks to read from 0 ranges
2025.11.02 19:47:45.739579 [ 81 ] {014df126-53a9-4c10-8051-7038f49eb530} <Debug> TCPHandler: Processed in 0.000920708 sec.
2025.11.02 19:47:45.755570 [ 80 ] {} <Debug> HTTP-Session-04cbcef0-8f87-461c-abd4-354345be06d1: Authenticating user 'default' from 172.19.0.7:57258
2025.11.02 19:47:45.755645 [ 80 ] {} <Debug> HTTP-Session-04cbcef0-8f87-461c-abd4-354345be06d1: 04cbcef0-8f87-461c-abd4-354345be06d1 Authenticated with global context as user 94309d50-4f52-5250-31bd-74fecac179db
2025.11.02 19:47:45.755693 [ 80 ] {} <Debug> HTTP-Session-04cbcef0-8f87-461c-abd4-354345be06d1: Creating session context with user_id: 94309d50-4f52-5250-31bd-74fecac179db
2025.11.02 19:47:45.755879 [ 80 ] {dbe0bceb-e91b-45c5-83a5-4aaffaa6e28c} <Debug> executeQuery: (from 172.19.0.7:57258) SELECT partition, -- String
 partition_id, -- String
 sum(rows) AS row_count, -- UInt64
 sum(bytes_on_disk) AS size_in_bytes -- UInt64
 FROM `system`.`parts` WHERE `database`='db_agg_col' AND `table`='t_dist_local' AND `active`=1 GROUP BY `partition`, `partition_id` ORDER BY `partition` ASC, partition_id ASC  (stage: Complete)
2025.11.02 19:47:45.757356 [ 80 ] {dbe0bceb-e91b-45c5-83a5-4aaffaa6e28c} <Debug> executeQuery: Read 1 rows, 77.00 B in 0.001552 sec., 644.3298969072165 rows/sec., 48.45 KiB/sec.
2025.11.02 19:47:45.757728 [ 80 ] {dbe0bceb-e91b-45c5-83a5-4aaffaa6e28c} <Debug> DynamicQueryHandler: Done processing query
2025.11.02 19:47:45.757873 [ 80 ] {dbe0bceb-e91b-45c5-83a5-4aaffaa6e28c} <Debug> MemoryTracker: Query peak memory usage: 4.02 MiB.
2025.11.02 19:47:45.757967 [ 80 ] {} <Debug> HTTP-Session-04cbcef0-8f87-461c-abd4-354345be06d1: 04cbcef0-8f87-461c-abd4-354345be06d1 Logout, user_id: 94309d50-4f52-5250-31bd-74fecac179db
2025.11.02 19:47:45.765355 [ 81 ] {39636e6a-5174-4a19-a5cc-71d27eec78f1} <Debug> executeQuery: (from 172.19.0.5:59514, initial_query_id: 82c2cc3d-2c5d-4bb7-8eaf-fbbec6ee3dc7) SELECT count() AS `COUNT()` FROM `db_agg_col`.`t_dist_local` AS `__table1` WHERE _CAST(0, 'UInt8') (stage: WithMergeableState)
2025.11.02 19:47:45.765773 [ 81 ] {39636e6a-5174-4a19-a5cc-71d27eec78f1} <Debug> db_agg_col.t_dist_local (8cba62cd-75e8-471d-ae47-243ec4716c01) (SelectExecutor): Selected 0/0 parts by partition key, 0 parts by primary key, 0/0 marks by primary key, 0 marks to read from 0 ranges
2025.11.02 19:47:45.766349 [ 81 ] {39636e6a-5174-4a19-a5cc-71d27eec78f1} <Debug> TCPHandler: Processed in 0.001144292 sec.
2025.11.02 19:47:45.781055 [ 80 ] {} <Debug> HTTP-Session-7f68bc83-0cbb-46ae-a56c-eed9cfe12854: Authenticating user 'default' from 172.19.0.7:57268
2025.11.02 19:47:45.781144 [ 80 ] {} <Debug> HTTP-Session-7f68bc83-0cbb-46ae-a56c-eed9cfe12854: 7f68bc83-0cbb-46ae-a56c-eed9cfe12854 Authenticated with global context as user 94309d50-4f52-5250-31bd-74fecac179db
2025.11.02 19:47:45.781201 [ 80 ] {} <Debug> HTTP-Session-7f68bc83-0cbb-46ae-a56c-eed9cfe12854: Creating session context with user_id: 94309d50-4f52-5250-31bd-74fecac179db
2025.11.02 19:47:45.781405 [ 80 ] {65908e0d-b407-45ec-ae4a-b9a98d8e45b2} <Debug> executeQuery: (from 172.19.0.7:57268) SELECT partition, -- String
 partition_id, -- String
 sum(rows) AS row_count, -- UInt64
 sum(bytes_on_disk) AS size_in_bytes -- UInt64
 FROM `system`.`parts` WHERE `database`='db_agg_col' AND `table`='t_dist_local' AND `active`=1 GROUP BY `partition`, `partition_id` ORDER BY `partition` ASC, partition_id ASC  (stage: Complete)
2025.11.02 19:47:45.783177 [ 80 ] {65908e0d-b407-45ec-ae4a-b9a98d8e45b2} <Debug> executeQuery: Read 1 rows, 77.00 B in 0.001851 sec., 540.2485143165857 rows/sec., 40.62 KiB/sec.
2025.11.02 19:47:45.783499 [ 80 ] {65908e0d-b407-45ec-ae4a-b9a98d8e45b2} <Debug> DynamicQueryHandler: Done processing query
2025.11.02 19:47:45.783567 [ 80 ] {65908e0d-b407-45ec-ae4a-b9a98d8e45b2} <Debug> MemoryTracker: Query peak memory usage: 4.01 MiB.
2025.11.02 19:47:45.783630 [ 80 ] {} <Debug> HTTP-Session-7f68bc83-0cbb-46ae-a56c-eed9cfe12854: 7f68bc83-0cbb-46ae-a56c-eed9cfe12854 Logout, user_id: 94309d50-4f52-5250-31bd-74fecac179db
2025.11.02 19:47:45.807718 [ 80 ] {} <Debug> HTTP-Session-c95117b3-32ac-4919-9c5e-93aaac495dc7: Authenticating user 'default' from 172.19.0.7:57282
2025.11.02 19:47:45.807785 [ 80 ] {} <Debug> HTTP-Session-c95117b3-32ac-4919-9c5e-93aaac495dc7: c95117b3-32ac-4919-9c5e-93aaac495dc7 Authenticated with global context as user 94309d50-4f52-5250-31bd-74fecac179db
2025.11.02 19:47:45.807817 [ 80 ] {} <Debug> HTTP-Session-c95117b3-32ac-4919-9c5e-93aaac495dc7: Creating session context with user_id: 94309d50-4f52-5250-31bd-74fecac179db
2025.11.02 19:47:45.807991 [ 80 ] {d381adc9-4c77-4287-acc4-7030a2f26d9f} <Debug> executeQuery: (from 172.19.0.7:57282) SELECT COUNT(*) FROM `db_agg_col`.`t_dist_local` WHERE (_partition_id = '3') AND ((1=1) AND (1=1))  (stage: Complete)
2025.11.02 19:47:45.809534 [ 80 ] {d381adc9-4c77-4287-acc4-7030a2f26d9f} <Debug> executeQuery: Read 1 rows, 44.00 B in 0.001599 sec., 625.3908692933084 rows/sec., 26.87 KiB/sec.
2025.11.02 19:47:45.809852 [ 80 ] {d381adc9-4c77-4287-acc4-7030a2f26d9f} <Debug> DynamicQueryHandler: Done processing query
2025.11.02 19:47:45.810016 [ 80 ] {d381adc9-4c77-4287-acc4-7030a2f26d9f} <Debug> MemoryTracker: Query peak memory usage: 4.03 MiB.
2025.11.02 19:47:45.810117 [ 80 ] {} <Debug> HTTP-Session-c95117b3-32ac-4919-9c5e-93aaac495dc7: c95117b3-32ac-4919-9c5e-93aaac495dc7 Logout, user_id: 94309d50-4f52-5250-31bd-74fecac179db
2025.11.02 19:47:45.856933 [ 80 ] {} <Debug> HTTP-Session-f9a89a54-8c1d-4729-a6a4-24d5b79413ac: Authenticating user 'default' from 172.19.0.7:57284
2025.11.02 19:47:45.857214 [ 80 ] {} <Debug> HTTP-Session-f9a89a54-8c1d-4729-a6a4-24d5b79413ac: f9a89a54-8c1d-4729-a6a4-24d5b79413ac Authenticated with global context as user 94309d50-4f52-5250-31bd-74fecac179db
2025.11.02 19:47:45.857277 [ 80 ] {} <Debug> HTTP-Session-f9a89a54-8c1d-4729-a6a4-24d5b79413ac: Creating session context with user_id: 94309d50-4f52-5250-31bd-74fecac179db
2025.11.02 19:47:45.857444 [ 80 ] {b0099ead-2615-4918-9e50-adf80d1bfb12} <Debug> executeQuery: (from 172.19.0.7:57284) SELECT COUNT(*) FROM `db_agg_col`.`t_dist_local` WHERE (_partition_id = '3') AND ((1=1) AND (1=1))  (stage: Complete)
2025.11.02 19:47:45.863622 [ 80 ] {b0099ead-2615-4918-9e50-adf80d1bfb12} <Debug> executeQuery: Read 1 rows, 44.00 B in 0.006229 sec., 160.53941242575053 rows/sec., 6.90 KiB/sec.
2025.11.02 19:47:45.864104 [ 80 ] {b0099ead-2615-4918-9e50-adf80d1bfb12} <Debug> DynamicQueryHandler: Done processing query
2025.11.02 19:47:45.864165 [ 80 ] {b0099ead-2615-4918-9e50-adf80d1bfb12} <Debug> MemoryTracker: Query peak memory usage: 4.03 MiB.
2025.11.02 19:47:45.864239 [ 80 ] {} <Debug> HTTP-Session-f9a89a54-8c1d-4729-a6a4-24d5b79413ac: f9a89a54-8c1d-4729-a6a4-24d5b79413ac Logout, user_id: 94309d50-4f52-5250-31bd-74fecac179db
2025.11.02 19:47:45.886874 [ 81 ] {74b50e3f-9da7-4e1b-b18a-6cb471c1b059} <Debug> executeQuery: (from 172.19.0.5:59514, initial_query_id: 34170a95-d944-4011-81d0-f326af5866c3) SELECT `__table1`.`create_time` AS `create_time`, `__table1`.`y` AS `y`, `__table1`.`m` AS `m`, `__table1`.`id` AS `id`, `__table1`.`value` AS `value` FROM `db_agg_col`.`t_dist_local` AS `__table1` WHERE _CAST(0, 'UInt8') (stage: Complete)
2025.11.02 19:47:45.887168 [ 81 ] {74b50e3f-9da7-4e1b-b18a-6cb471c1b059} <Debug> db_agg_col.t_dist_local (8cba62cd-75e8-471d-ae47-243ec4716c01) (SelectExecutor): Selected 0/0 parts by partition key, 0 parts by primary key, 0/0 marks by primary key, 0 marks to read from 0 ranges
2025.11.02 19:47:45.887551 [ 81 ] {74b50e3f-9da7-4e1b-b18a-6cb471c1b059} <Debug> TCPHandler: Processed in 0.000880125 sec.
2025.11.02 19:47:45.906098 [ 81 ] {77a9f32a-2d66-46f2-b09c-e712342eb8bc} <Debug> executeQuery: (from 172.19.0.5:59514, initial_query_id: 1fb833ee-9cb3-4eed-a97d-ce2f232dc31e) SELECT min(`__table1`.`id`) AS `MIN(id)` FROM `db_agg_col`.`t_dist_local` AS `__table1` WHERE _CAST(0, 'UInt8') (stage: WithMergeableState)
2025.11.02 19:47:45.906452 [ 81 ] {77a9f32a-2d66-46f2-b09c-e712342eb8bc} <Debug> db_agg_col.t_dist_local (8cba62cd-75e8-471d-ae47-243ec4716c01) (SelectExecutor): Selected 0/0 parts by partition key, 0 parts by primary key, 0/0 marks by primary key, 0 marks to read from 0 ranges
2025.11.02 19:47:45.906815 [ 81 ] {77a9f32a-2d66-46f2-b09c-e712342eb8bc} <Debug> TCPHandler: Processed in 0.000876834 sec.
2025.11.02 19:47:45.922437 [ 80 ] {} <Debug> HTTP-Session-7ae10e80-2896-451f-8692-860cdb82b135: Authenticating user 'default' from 172.19.0.7:57292
2025.11.02 19:47:45.922510 [ 80 ] {} <Debug> HTTP-Session-7ae10e80-2896-451f-8692-860cdb82b135: 7ae10e80-2896-451f-8692-860cdb82b135 Authenticated with global context as user 94309d50-4f52-5250-31bd-74fecac179db
2025.11.02 19:47:45.922557 [ 80 ] {} <Debug> HTTP-Session-7ae10e80-2896-451f-8692-860cdb82b135: Creating session context with user_id: 94309d50-4f52-5250-31bd-74fecac179db
2025.11.02 19:47:45.922747 [ 80 ] {9b6643d5-f907-4723-80da-0a284ceb898b} <Debug> executeQuery: (from 172.19.0.7:57292) SELECT partition, -- String
 partition_id, -- String
 sum(rows) AS row_count, -- UInt64
 sum(bytes_on_disk) AS size_in_bytes -- UInt64
 FROM `system`.`parts` WHERE `database`='db_agg_col' AND `table`='t_dist_local' AND `active`=1 GROUP BY `partition`, `partition_id` ORDER BY `partition` ASC, partition_id ASC  (stage: Complete)
2025.11.02 19:47:45.924140 [ 80 ] {9b6643d5-f907-4723-80da-0a284ceb898b} <Debug> executeQuery: Read 1 rows, 77.00 B in 0.00147 sec., 680.2721088435375 rows/sec., 51.15 KiB/sec.
2025.11.02 19:47:45.924438 [ 80 ] {9b6643d5-f907-4723-80da-0a284ceb898b} <Debug> DynamicQueryHandler: Done processing query
2025.11.02 19:47:45.924563 [ 80 ] {9b6643d5-f907-4723-80da-0a284ceb898b} <Debug> MemoryTracker: Query peak memory usage: 4.01 MiB.
2025.11.02 19:47:45.924624 [ 80 ] {} <Debug> HTTP-Session-7ae10e80-2896-451f-8692-860cdb82b135: 7ae10e80-2896-451f-8692-860cdb82b135 Logout, user_id: 94309d50-4f52-5250-31bd-74fecac179db
2025.11.02 19:47:45.932155 [ 81 ] {d552121c-ce4c-4654-b134-249061342ea2} <Debug> executeQuery: (from 172.19.0.5:59514, initial_query_id: b8ff2e61-bb41-4887-af91-561221e0a0b4) SELECT min(`__table1`.`id`) AS `MIN(id)` FROM `db_agg_col`.`t_dist_local` AS `__table1` WHERE _CAST(0, 'UInt8') (stage: WithMergeableState)
2025.11.02 19:47:45.932531 [ 81 ] {d552121c-ce4c-4654-b134-249061342ea2} <Debug> db_agg_col.t_dist_local (8cba62cd-75e8-471d-ae47-243ec4716c01) (SelectExecutor): Selected 0/0 parts by partition key, 0 parts by primary key, 0/0 marks by primary key, 0 marks to read from 0 ranges
2025.11.02 19:47:45.933020 [ 81 ] {d552121c-ce4c-4654-b134-249061342ea2} <Debug> TCPHandler: Processed in 0.001037125 sec.
2025.11.02 19:47:45.968469 [ 80 ] {} <Debug> HTTP-Session-515a12a0-c473-4ef3-bc3e-90f9dafbe6f4: Authenticating user 'default' from 172.19.0.7:57296
2025.11.02 19:47:45.968559 [ 80 ] {} <Debug> HTTP-Session-515a12a0-c473-4ef3-bc3e-90f9dafbe6f4: 515a12a0-c473-4ef3-bc3e-90f9dafbe6f4 Authenticated with global context as user 94309d50-4f52-5250-31bd-74fecac179db
2025.11.02 19:47:45.968627 [ 80 ] {} <Debug> HTTP-Session-515a12a0-c473-4ef3-bc3e-90f9dafbe6f4: Creating session context with user_id: 94309d50-4f52-5250-31bd-74fecac179db
2025.11.02 19:47:45.968885 [ 80 ] {fdf951d7-b017-45ed-9636-1c9352f6fd72} <Debug> executeQuery: (from 172.19.0.7:57296) SELECT partition, -- String
 partition_id, -- String
 sum(rows) AS row_count, -- UInt64
 sum(bytes_on_disk) AS size_in_bytes -- UInt64
 FROM `system`.`parts` WHERE `database`='db_agg_col' AND `table`='t_dist_local' AND `active`=1 GROUP BY `partition`, `partition_id` ORDER BY `partition` ASC, partition_id ASC  (stage: Complete)
2025.11.02 19:47:45.976513 [ 80 ] {fdf951d7-b017-45ed-9636-1c9352f6fd72} <Debug> executeQuery: Read 1 rows, 77.00 B in 0.007733 sec., 129.315918789603 rows/sec., 9.72 KiB/sec.
2025.11.02 19:47:45.977024 [ 80 ] {fdf951d7-b017-45ed-9636-1c9352f6fd72} <Debug> DynamicQueryHandler: Done processing query
2025.11.02 19:47:45.977109 [ 80 ] {fdf951d7-b017-45ed-9636-1c9352f6fd72} <Debug> MemoryTracker: Query peak memory usage: 4.01 MiB.
2025.11.02 19:47:45.977184 [ 80 ] {} <Debug> HTTP-Session-515a12a0-c473-4ef3-bc3e-90f9dafbe6f4: 515a12a0-c473-4ef3-bc3e-90f9dafbe6f4 Logout, user_id: 94309d50-4f52-5250-31bd-74fecac179db
2025.11.02 19:47:45.998358 [ 80 ] {} <Debug> HTTP-Session-53419313-299d-44f1-b708-f24b664d47d0: Authenticating user 'default' from 172.19.0.7:57298
2025.11.02 19:47:45.998432 [ 80 ] {} <Debug> HTTP-Session-53419313-299d-44f1-b708-f24b664d47d0: 53419313-299d-44f1-b708-f24b664d47d0 Authenticated with global context as user 94309d50-4f52-5250-31bd-74fecac179db
2025.11.02 19:47:45.998467 [ 80 ] {} <Debug> HTTP-Session-53419313-299d-44f1-b708-f24b664d47d0: Creating session context with user_id: 94309d50-4f52-5250-31bd-74fecac179db
2025.11.02 19:47:45.998633 [ 80 ] {4f479676-8edf-4a72-96ca-045816968c46} <Debug> executeQuery: (from 172.19.0.7:57298) SELECT MIN(`id`) FROM `db_agg_col`.`t_dist_local` WHERE (_partition_id = '3') AND ((1=1) AND (1=1))  (stage: Complete)
2025.11.02 19:47:45.999986 [ 80 ] {4f479676-8edf-4a72-96ca-045816968c46} <Debug> executeQuery: Read 1 rows, 60.00 B in 0.001409 sec., 709.7232079488999 rows/sec., 41.59 KiB/sec.
2025.11.02 19:47:46.000363 [ 80 ] {4f479676-8edf-4a72-96ca-045816968c46} <Debug> DynamicQueryHandler: Done processing query
2025.11.02 19:47:46.000476 [ 80 ] {4f479676-8edf-4a72-96ca-045816968c46} <Debug> MemoryTracker: Query peak memory usage: 4.03 MiB.
2025.11.02 19:47:46.000513 [ 80 ] {} <Debug> HTTP-Session-53419313-299d-44f1-b708-f24b664d47d0: 53419313-299d-44f1-b708-f24b664d47d0 Logout, user_id: 94309d50-4f52-5250-31bd-74fecac179db
2025.11.02 19:47:46.040596 [ 80 ] {} <Debug> HTTP-Session-36e4e8a1-0305-4aa2-b36f-7ad81609696f: Authenticating user 'default' from 172.19.0.7:57302
2025.11.02 19:47:46.040700 [ 80 ] {} <Debug> HTTP-Session-36e4e8a1-0305-4aa2-b36f-7ad81609696f: 36e4e8a1-0305-4aa2-b36f-7ad81609696f Authenticated with global context as user 94309d50-4f52-5250-31bd-74fecac179db
2025.11.02 19:47:46.040754 [ 80 ] {} <Debug> HTTP-Session-36e4e8a1-0305-4aa2-b36f-7ad81609696f: Creating session context with user_id: 94309d50-4f52-5250-31bd-74fecac179db
2025.11.02 19:47:46.041016 [ 80 ] {bcb65f64-8c73-4507-832e-baa7c2d6888d} <Debug> executeQuery: (from 172.19.0.7:57302) SELECT MIN(`id`) FROM `db_agg_col`.`t_dist_local` WHERE (_partition_id = '3') AND ((1=1) AND (1=1))  (stage: Complete)
2025.11.02 19:47:46.048093 [ 80 ] {bcb65f64-8c73-4507-832e-baa7c2d6888d} <Debug> executeQuery: Read 1 rows, 60.00 B in 0.00716 sec., 139.66480446927375 rows/sec., 8.18 KiB/sec.
2025.11.02 19:47:46.048538 [ 80 ] {bcb65f64-8c73-4507-832e-baa7c2d6888d} <Debug> DynamicQueryHandler: Done processing query
2025.11.02 19:47:46.048598 [ 80 ] {bcb65f64-8c73-4507-832e-baa7c2d6888d} <Debug> MemoryTracker: Query peak memory usage: 4.03 MiB.
2025.11.02 19:47:46.048731 [ 80 ] {} <Debug> HTTP-Session-36e4e8a1-0305-4aa2-b36f-7ad81609696f: 36e4e8a1-0305-4aa2-b36f-7ad81609696f Logout, user_id: 94309d50-4f52-5250-31bd-74fecac179db
2025.11.02 19:47:46.069582 [ 81 ] {ee3ec942-b0f9-4bad-8478-095a6d05708a} <Debug> executeQuery: (from 172.19.0.5:59514, initial_query_id: 39dfcdfc-0715-477d-9192-02af4cb0e7c3) SELECT `__table1`.`create_time` AS `create_time`, `__table1`.`y` AS `y`, `__table1`.`m` AS `m`, `__table1`.`id` AS `id`, `__table1`.`value` AS `value` FROM `db_agg_col`.`t_dist_local` AS `__table1` WHERE _CAST(0, 'UInt8') (stage: Complete)
2025.11.02 19:47:46.069925 [ 81 ] {ee3ec942-b0f9-4bad-8478-095a6d05708a} <Debug> db_agg_col.t_dist_local (8cba62cd-75e8-471d-ae47-243ec4716c01) (SelectExecutor): Selected 0/0 parts by partition key, 0 parts by primary key, 0/0 marks by primary key, 0 marks to read from 0 ranges
2025.11.02 19:47:46.070282 [ 81 ] {ee3ec942-b0f9-4bad-8478-095a6d05708a} <Debug> TCPHandler: Processed in 0.000913458 sec.
2025.11.02 19:47:46.088345 [ 81 ] {876c1b42-2c83-4543-8c11-bd886212c0f5} <Debug> executeQuery: (from 172.19.0.5:59514, initial_query_id: e8bd209c-dd2a-4f75-bbbf-f514ee0cb6b1) SELECT max(`__table1`.`id`) AS `MAX(id)` FROM `db_agg_col`.`t_dist_local` AS `__table1` WHERE _CAST(0, 'UInt8') (stage: WithMergeableState)
2025.11.02 19:47:46.088663 [ 81 ] {876c1b42-2c83-4543-8c11-bd886212c0f5} <Debug> db_agg_col.t_dist_local (8cba62cd-75e8-471d-ae47-243ec4716c01) (SelectExecutor): Selected 0/0 parts by partition key, 0 parts by primary key, 0/0 marks by primary key, 0 marks to read from 0 ranges
2025.11.02 19:47:46.089030 [ 81 ] {876c1b42-2c83-4543-8c11-bd886212c0f5} <Debug> TCPHandler: Processed in 0.000842625 sec.
2025.11.02 19:47:46.104632 [ 80 ] {} <Debug> HTTP-Session-35ce3c77-da7b-4d79-bba7-f9efa286a547: Authenticating user 'default' from 172.19.0.7:57312
2025.11.02 19:47:46.104706 [ 80 ] {} <Debug> HTTP-Session-35ce3c77-da7b-4d79-bba7-f9efa286a547: 35ce3c77-da7b-4d79-bba7-f9efa286a547 Authenticated with global context as user 94309d50-4f52-5250-31bd-74fecac179db
2025.11.02 19:47:46.104758 [ 80 ] {} <Debug> HTTP-Session-35ce3c77-da7b-4d79-bba7-f9efa286a547: Creating session context with user_id: 94309d50-4f52-5250-31bd-74fecac179db
2025.11.02 19:47:46.104970 [ 80 ] {6c5ed318-0b53-4f33-8698-56f45d5f8e5f} <Debug> executeQuery: (from 172.19.0.7:57312) SELECT partition, -- String
 partition_id, -- String
 sum(rows) AS row_count, -- UInt64
 sum(bytes_on_disk) AS size_in_bytes -- UInt64
 FROM `system`.`parts` WHERE `database`='db_agg_col' AND `table`='t_dist_local' AND `active`=1 GROUP BY `partition`, `partition_id` ORDER BY `partition` ASC, partition_id ASC  (stage: Complete)
2025.11.02 19:47:46.106397 [ 80 ] {6c5ed318-0b53-4f33-8698-56f45d5f8e5f} <Debug> executeQuery: Read 1 rows, 77.00 B in 0.001516 sec., 659.6306068601583 rows/sec., 49.60 KiB/sec.
2025.11.02 19:47:46.106779 [ 80 ] {6c5ed318-0b53-4f33-8698-56f45d5f8e5f} <Debug> DynamicQueryHandler: Done processing query
2025.11.02 19:47:46.106840 [ 80 ] {6c5ed318-0b53-4f33-8698-56f45d5f8e5f} <Debug> MemoryTracker: Query peak memory usage: 4.02 MiB.
2025.11.02 19:47:46.106954 [ 80 ] {} <Debug> HTTP-Session-35ce3c77-da7b-4d79-bba7-f9efa286a547: 35ce3c77-da7b-4d79-bba7-f9efa286a547 Logout, user_id: 94309d50-4f52-5250-31bd-74fecac179db
2025.11.02 19:47:46.114187 [ 81 ] {ccd4f61e-8979-4599-9a15-d60ca1c7e4e5} <Debug> executeQuery: (from 172.19.0.5:59514, initial_query_id: 7f640fce-d805-490c-ba86-5bf39fbf1d90) SELECT max(`__table1`.`id`) AS `MAX(id)` FROM `db_agg_col`.`t_dist_local` AS `__table1` WHERE _CAST(0, 'UInt8') (stage: WithMergeableState)
2025.11.02 19:47:46.114535 [ 81 ] {ccd4f61e-8979-4599-9a15-d60ca1c7e4e5} <Debug> db_agg_col.t_dist_local (8cba62cd-75e8-471d-ae47-243ec4716c01) (SelectExecutor): Selected 0/0 parts by partition key, 0 parts by primary key, 0/0 marks by primary key, 0 marks to read from 0 ranges
2025.11.02 19:47:46.114962 [ 81 ] {ccd4f61e-8979-4599-9a15-d60ca1c7e4e5} <Debug> TCPHandler: Processed in 0.000926125 sec.
2025.11.02 19:47:46.130157 [ 80 ] {} <Debug> HTTP-Session-3add0b7d-a16b-4ef0-9eb7-005050e5a832: Authenticating user 'default' from 172.19.0.7:57328
2025.11.02 19:47:46.130231 [ 80 ] {} <Debug> HTTP-Session-3add0b7d-a16b-4ef0-9eb7-005050e5a832: 3add0b7d-a16b-4ef0-9eb7-005050e5a832 Authenticated with global context as user 94309d50-4f52-5250-31bd-74fecac179db
2025.11.02 19:47:46.130277 [ 80 ] {} <Debug> HTTP-Session-3add0b7d-a16b-4ef0-9eb7-005050e5a832: Creating session context with user_id: 94309d50-4f52-5250-31bd-74fecac179db
2025.11.02 19:47:46.130479 [ 80 ] {e0ec94f2-5d11-4bd4-822b-49c5363edd60} <Debug> executeQuery: (from 172.19.0.7:57328) SELECT partition, -- String
 partition_id, -- String
 sum(rows) AS row_count, -- UInt64
 sum(bytes_on_disk) AS size_in_bytes -- UInt64
 FROM `system`.`parts` WHERE `database`='db_agg_col' AND `table`='t_dist_local' AND `active`=1 GROUP BY `partition`, `partition_id` ORDER BY `partition` ASC, partition_id ASC  (stage: Complete)
2025.11.02 19:47:46.131855 [ 80 ] {e0ec94f2-5d11-4bd4-822b-49c5363edd60} <Debug> executeQuery: Read 1 rows, 77.00 B in 0.001449 sec., 690.1311249137336 rows/sec., 51.89 KiB/sec.
2025.11.02 19:47:46.132283 [ 80 ] {e0ec94f2-5d11-4bd4-822b-49c5363edd60} <Debug> DynamicQueryHandler: Done processing query
2025.11.02 19:47:46.132378 [ 80 ] {e0ec94f2-5d11-4bd4-822b-49c5363edd60} <Debug> MemoryTracker: Query peak memory usage: 4.01 MiB.
2025.11.02 19:47:46.132451 [ 80 ] {} <Debug> HTTP-Session-3add0b7d-a16b-4ef0-9eb7-005050e5a832: 3add0b7d-a16b-4ef0-9eb7-005050e5a832 Logout, user_id: 94309d50-4f52-5250-31bd-74fecac179db
2025.11.02 19:47:46.151327 [ 80 ] {} <Debug> HTTP-Session-d2aa33af-ffd3-42be-9692-fafbf85f0702: Authenticating user 'default' from 172.19.0.7:57330
2025.11.02 19:47:46.151411 [ 80 ] {} <Debug> HTTP-Session-d2aa33af-ffd3-42be-9692-fafbf85f0702: d2aa33af-ffd3-42be-9692-fafbf85f0702 Authenticated with global context as user 94309d50-4f52-5250-31bd-74fecac179db
2025.11.02 19:47:46.151472 [ 80 ] {} <Debug> HTTP-Session-d2aa33af-ffd3-42be-9692-fafbf85f0702: Creating session context with user_id: 94309d50-4f52-5250-31bd-74fecac179db
2025.11.02 19:47:46.151646 [ 80 ] {80f1351d-750a-4837-ae3e-2e5f5811f241} <Debug> executeQuery: (from 172.19.0.7:57330) SELECT MAX(`id`) FROM `db_agg_col`.`t_dist_local` WHERE (_partition_id = '3') AND ((1=1) AND (1=1))  (stage: Complete)
2025.11.02 19:47:46.153189 [ 80 ] {80f1351d-750a-4837-ae3e-2e5f5811f241} <Debug> executeQuery: Read 1 rows, 60.00 B in 0.001599 sec., 625.3908692933084 rows/sec., 36.64 KiB/sec.
2025.11.02 19:47:46.153557 [ 80 ] {80f1351d-750a-4837-ae3e-2e5f5811f241} <Debug> DynamicQueryHandler: Done processing query
2025.11.02 19:47:46.153616 [ 80 ] {80f1351d-750a-4837-ae3e-2e5f5811f241} <Debug> MemoryTracker: Query peak memory usage: 4.03 MiB.
2025.11.02 19:47:46.153709 [ 80 ] {} <Debug> HTTP-Session-d2aa33af-ffd3-42be-9692-fafbf85f0702: d2aa33af-ffd3-42be-9692-fafbf85f0702 Logout, user_id: 94309d50-4f52-5250-31bd-74fecac179db
2025.11.02 19:47:46.190831 [ 80 ] {} <Debug> HTTP-Session-a0f9014a-fcc4-41e4-adc9-47b30aa7a972: Authenticating user 'default' from 172.19.0.7:57332
2025.11.02 19:47:46.190898 [ 80 ] {} <Debug> HTTP-Session-a0f9014a-fcc4-41e4-adc9-47b30aa7a972: a0f9014a-fcc4-41e4-adc9-47b30aa7a972 Authenticated with global context as user 94309d50-4f52-5250-31bd-74fecac179db
2025.11.02 19:47:46.190956 [ 80 ] {} <Debug> HTTP-Session-a0f9014a-fcc4-41e4-adc9-47b30aa7a972: Creating session context with user_id: 94309d50-4f52-5250-31bd-74fecac179db
2025.11.02 19:47:46.191132 [ 80 ] {128b40d4-7f0b-40db-9079-ba64b6d4a7cb} <Debug> executeQuery: (from 172.19.0.7:57332) SELECT MAX(`id`) FROM `db_agg_col`.`t_dist_local` WHERE (_partition_id = '3') AND ((1=1) AND (1=1))  (stage: Complete)
2025.11.02 19:47:46.198325 [ 80 ] {128b40d4-7f0b-40db-9079-ba64b6d4a7cb} <Debug> executeQuery: Read 1 rows, 60.00 B in 0.00725 sec., 137.9310344827586 rows/sec., 8.08 KiB/sec.
2025.11.02 19:47:46.198740 [ 80 ] {128b40d4-7f0b-40db-9079-ba64b6d4a7cb} <Debug> DynamicQueryHandler: Done processing query
2025.11.02 19:47:46.198828 [ 80 ] {128b40d4-7f0b-40db-9079-ba64b6d4a7cb} <Debug> MemoryTracker: Query peak memory usage: 4.03 MiB.
2025.11.02 19:47:46.199115 [ 80 ] {} <Debug> HTTP-Session-a0f9014a-fcc4-41e4-adc9-47b30aa7a972: a0f9014a-fcc4-41e4-adc9-47b30aa7a972 Logout, user_id: 94309d50-4f52-5250-31bd-74fecac179db
2025.11.02 19:47:46.219825 [ 81 ] {526eec67-e9dd-4d24-8c5b-4c7f400dd321} <Debug> executeQuery: (from 172.19.0.5:59514, initial_query_id: f229919b-0da2-4486-8417-f82b9e1213d5) SELECT `__table1`.`create_time` AS `create_time`, `__table1`.`y` AS `y`, `__table1`.`m` AS `m`, `__table1`.`id` AS `id`, `__table1`.`value` AS `value` FROM `db_agg_col`.`t_dist_local` AS `__table1` WHERE _CAST(0, 'UInt8') (stage: Complete)
2025.11.02 19:47:46.220086 [ 81 ] {526eec67-e9dd-4d24-8c5b-4c7f400dd321} <Debug> db_agg_col.t_dist_local (8cba62cd-75e8-471d-ae47-243ec4716c01) (SelectExecutor): Selected 0/0 parts by partition key, 0 parts by primary key, 0/0 marks by primary key, 0 marks to read from 0 ranges
2025.11.02 19:47:46.220584 [ 81 ] {526eec67-e9dd-4d24-8c5b-4c7f400dd321} <Debug> TCPHandler: Processed in 0.00093775 sec.
2025.11.02 19:47:46.251765 [ 80 ] {} <Debug> HTTP-Session-b7a9b584-d082-46ef-8423-c2e987642a82: Authenticating user 'default' from 172.19.0.7:57344
2025.11.02 19:47:46.251836 [ 80 ] {} <Debug> HTTP-Session-b7a9b584-d082-46ef-8423-c2e987642a82: b7a9b584-d082-46ef-8423-c2e987642a82 Authenticated with global context as user 94309d50-4f52-5250-31bd-74fecac179db
2025.11.02 19:47:46.251903 [ 80 ] {} <Debug> HTTP-Session-b7a9b584-d082-46ef-8423-c2e987642a82: Creating session context with user_id: 94309d50-4f52-5250-31bd-74fecac179db
2025.11.02 19:47:46.252179 [ 80 ] {7b9291f9-611e-402c-8bb9-892682ab849f} <Debug> executeQuery: (from 172.19.0.7:57344) SELECT partition, -- String
 partition_id, -- String
 sum(rows) AS row_count, -- UInt64
 sum(bytes_on_disk) AS size_in_bytes -- UInt64
 FROM `system`.`parts` WHERE `database`='db_agg_col' AND `table`='t_dist_local' AND `active`=1 GROUP BY `partition`, `partition_id` ORDER BY `partition` ASC, partition_id ASC  (stage: Complete)
2025.11.02 19:47:46.253636 [ 80 ] {7b9291f9-611e-402c-8bb9-892682ab849f} <Debug> executeQuery: Read 1 rows, 77.00 B in 0.001532 sec., 652.7415143603133 rows/sec., 49.08 KiB/sec.
2025.11.02 19:47:46.254042 [ 80 ] {7b9291f9-611e-402c-8bb9-892682ab849f} <Debug> DynamicQueryHandler: Done processing query
2025.11.02 19:47:46.254094 [ 80 ] {7b9291f9-611e-402c-8bb9-892682ab849f} <Debug> MemoryTracker: Query peak memory usage: 4.02 MiB.
2025.11.02 19:47:46.254161 [ 80 ] {} <Debug> HTTP-Session-b7a9b584-d082-46ef-8423-c2e987642a82: b7a9b584-d082-46ef-8423-c2e987642a82 Logout, user_id: 94309d50-4f52-5250-31bd-74fecac179db
2025.11.02 19:47:46.274495 [ 80 ] {} <Debug> HTTP-Session-d2e97df1-3dec-4769-80d9-eed08cc916f4: Authenticating user 'default' from 172.19.0.7:57360
2025.11.02 19:47:46.274565 [ 80 ] {} <Debug> HTTP-Session-d2e97df1-3dec-4769-80d9-eed08cc916f4: d2e97df1-3dec-4769-80d9-eed08cc916f4 Authenticated with global context as user 94309d50-4f52-5250-31bd-74fecac179db
2025.11.02 19:47:46.274659 [ 80 ] {} <Debug> HTTP-Session-d2e97df1-3dec-4769-80d9-eed08cc916f4: Creating session context with user_id: 94309d50-4f52-5250-31bd-74fecac179db
2025.11.02 19:47:46.274853 [ 80 ] {25dadc13-01be-4b63-a9ec-1c8e2bd507a7} <Debug> executeQuery: (from 172.19.0.7:57360) SELECT partition, -- String
 partition_id, -- String
 sum(rows) AS row_count, -- UInt64
 sum(bytes_on_disk) AS size_in_bytes -- UInt64
 FROM `system`.`parts` WHERE `database`='db_agg_col' AND `table`='t_dist_local' AND `active`=1 GROUP BY `partition`, `partition_id` ORDER BY `partition` ASC, partition_id ASC  (stage: Complete)
2025.11.02 19:47:46.276410 [ 80 ] {25dadc13-01be-4b63-a9ec-1c8e2bd507a7} <Debug> executeQuery: Read 1 rows, 77.00 B in 0.001629 sec., 613.8735420503376 rows/sec., 46.16 KiB/sec.
2025.11.02 19:47:46.276783 [ 80 ] {25dadc13-01be-4b63-a9ec-1c8e2bd507a7} <Debug> DynamicQueryHandler: Done processing query
2025.11.02 19:47:46.276842 [ 80 ] {25dadc13-01be-4b63-a9ec-1c8e2bd507a7} <Debug> MemoryTracker: Query peak memory usage: 4.02 MiB.
2025.11.02 19:47:46.276917 [ 80 ] {} <Debug> HTTP-Session-d2e97df1-3dec-4769-80d9-eed08cc916f4: d2e97df1-3dec-4769-80d9-eed08cc916f4 Logout, user_id: 94309d50-4f52-5250-31bd-74fecac179db
2025.11.02 19:47:46.299496 [ 80 ] {} <Debug> HTTP-Session-eef1aa82-d1f5-4d45-9f8b-e3eafd0fb593: Authenticating user 'default' from 172.19.0.7:57372
2025.11.02 19:47:46.299566 [ 80 ] {} <Debug> HTTP-Session-eef1aa82-d1f5-4d45-9f8b-e3eafd0fb593: eef1aa82-d1f5-4d45-9f8b-e3eafd0fb593 Authenticated with global context as user 94309d50-4f52-5250-31bd-74fecac179db
2025.11.02 19:47:46.299619 [ 80 ] {} <Debug> HTTP-Session-eef1aa82-d1f5-4d45-9f8b-e3eafd0fb593: Creating session context with user_id: 94309d50-4f52-5250-31bd-74fecac179db
2025.11.02 19:47:46.299787 [ 80 ] {54aff408-4870-459f-a1ef-264e58b34591} <Debug> executeQuery: (from 172.19.0.7:57372) SELECT `m`, `id` FROM `db_agg_col`.`t_dist_local` WHERE (_partition_id = '3') AND ((1=1) AND (1=1))  (stage: Complete)
2025.11.02 19:47:46.300149 [ 80 ] {54aff408-4870-459f-a1ef-264e58b34591} <Debug> db_agg_col.t_dist_local (8cba62cd-75e8-471d-ae47-243ec4716c01) (SelectExecutor): Key condition: unknown, true, and
2025.11.02 19:47:46.300206 [ 80 ] {54aff408-4870-459f-a1ef-264e58b34591} <Debug> db_agg_col.t_dist_local (8cba62cd-75e8-471d-ae47-243ec4716c01) (SelectExecutor): MinMax index condition: unknown, true, and
2025.11.02 19:47:46.300252 [ 80 ] {54aff408-4870-459f-a1ef-264e58b34591} <Debug> db_agg_col.t_dist_local (8cba62cd-75e8-471d-ae47-243ec4716c01) (SelectExecutor): PK index has dropped 0/1 granules, it took 0ms across 1 threads.
2025.11.02 19:47:46.300285 [ 80 ] {54aff408-4870-459f-a1ef-264e58b34591} <Debug> db_agg_col.t_dist_local (8cba62cd-75e8-471d-ae47-243ec4716c01) (SelectExecutor): Selected 1/1 parts by partition key, 1 parts by primary key, 1/1 marks by primary key, 1 marks to read from 1 ranges
2025.11.02 19:47:46.300960 [ 80 ] {54aff408-4870-459f-a1ef-264e58b34591} <Debug> executeQuery: Read 1 rows, 12.00 B in 0.001226 sec., 815.6606851549755 rows/sec., 9.56 KiB/sec.
2025.11.02 19:47:46.301281 [ 80 ] {54aff408-4870-459f-a1ef-264e58b34591} <Debug> DynamicQueryHandler: Done processing query
2025.11.02 19:47:46.301346 [ 80 ] {54aff408-4870-459f-a1ef-264e58b34591} <Debug> MemoryTracker: Query peak memory usage: 4.00 MiB.
2025.11.02 19:47:46.301462 [ 80 ] {} <Debug> HTTP-Session-eef1aa82-d1f5-4d45-9f8b-e3eafd0fb593: eef1aa82-d1f5-4d45-9f8b-e3eafd0fb593 Logout, user_id: 94309d50-4f52-5250-31bd-74fecac179db
2025.11.02 19:47:46.369030 [ 80 ] {} <Debug> HTTP-Session-ac9d5252-cb52-4457-9b0a-31339519a025: Authenticating user 'default' from 172.19.0.7:57376
2025.11.02 19:47:46.369213 [ 80 ] {} <Debug> HTTP-Session-ac9d5252-cb52-4457-9b0a-31339519a025: ac9d5252-cb52-4457-9b0a-31339519a025 Authenticated with global context as user 94309d50-4f52-5250-31bd-74fecac179db
2025.11.02 19:47:46.369277 [ 80 ] {} <Debug> HTTP-Session-ac9d5252-cb52-4457-9b0a-31339519a025: Creating session context with user_id: 94309d50-4f52-5250-31bd-74fecac179db
2025.11.02 19:47:46.369568 [ 80 ] {335502a1-c5d4-4b70-92cd-0edb4ca839fc} <Debug> executeQuery: (from 172.19.0.7:57376) SELECT `m`, `id` FROM `db_agg_col`.`t_dist_local` WHERE (_partition_id = '3') AND ((1=1) AND (1=1))  (stage: Complete)
2025.11.02 19:47:46.370050 [ 80 ] {335502a1-c5d4-4b70-92cd-0edb4ca839fc} <Debug> db_agg_col.t_dist_local (8cba62cd-75e8-471d-ae47-243ec4716c01) (SelectExecutor): Key condition: unknown, true, and
2025.11.02 19:47:46.370137 [ 80 ] {335502a1-c5d4-4b70-92cd-0edb4ca839fc} <Debug> db_agg_col.t_dist_local (8cba62cd-75e8-471d-ae47-243ec4716c01) (SelectExecutor): MinMax index condition: unknown, true, and
2025.11.02 19:47:46.370208 [ 80 ] {335502a1-c5d4-4b70-92cd-0edb4ca839fc} <Debug> db_agg_col.t_dist_local (8cba62cd-75e8-471d-ae47-243ec4716c01) (SelectExecutor): PK index has dropped 0/1 granules, it took 0ms across 1 threads.
2025.11.02 19:47:46.370274 [ 80 ] {335502a1-c5d4-4b70-92cd-0edb4ca839fc} <Debug> db_agg_col.t_dist_local (8cba62cd-75e8-471d-ae47-243ec4716c01) (SelectExecutor): Selected 1/1 parts by partition key, 1 parts by primary key, 1/1 marks by primary key, 1 marks to read from 1 ranges
2025.11.02 19:47:46.370919 [ 80 ] {335502a1-c5d4-4b70-92cd-0edb4ca839fc} <Debug> executeQuery: Read 1 rows, 12.00 B in 0.001398 sec., 715.307582260372 rows/sec., 8.38 KiB/sec.
2025.11.02 19:47:46.371294 [ 80 ] {335502a1-c5d4-4b70-92cd-0edb4ca839fc} <Debug> DynamicQueryHandler: Done processing query
2025.11.02 19:47:46.371409 [ 80 ] {335502a1-c5d4-4b70-92cd-0edb4ca839fc} <Debug> MemoryTracker: Query peak memory usage: 4.00 MiB.
2025.11.02 19:47:46.371539 [ 80 ] {} <Debug> HTTP-Session-ac9d5252-cb52-4457-9b0a-31339519a025: ac9d5252-cb52-4457-9b0a-31339519a025 Logout, user_id: 94309d50-4f52-5250-31bd-74fecac179db
2025.11.02 19:47:46.409525 [ 81 ] {d936a1ef-f07a-4791-a776-d684fc90781b} <Debug> executeQuery: (from 172.19.0.5:59514, initial_query_id: 53e35ef0-eb4e-4fe9-b5ee-1c6b9762c5e7) SELECT `__table1`.`create_time` AS `create_time`, `__table1`.`y` AS `y`, `__table1`.`m` AS `m`, `__table1`.`id` AS `id`, `__table1`.`value` AS `value` FROM `db_agg_col`.`t_dist_local` AS `__table1` WHERE _CAST(0, 'UInt8') (stage: Complete)
2025.11.02 19:47:46.409980 [ 81 ] {d936a1ef-f07a-4791-a776-d684fc90781b} <Debug> db_agg_col.t_dist_local (8cba62cd-75e8-471d-ae47-243ec4716c01) (SelectExecutor): Selected 0/0 parts by partition key, 0 parts by primary key, 0/0 marks by primary key, 0 marks to read from 0 ranges
2025.11.02 19:47:46.410407 [ 81 ] {d936a1ef-f07a-4791-a776-d684fc90781b} <Debug> TCPHandler: Processed in 0.001105167 sec.
2025.11.02 19:47:46.451264 [ 80 ] {} <Debug> HTTP-Session-497740eb-2fc4-48b4-820a-8d398df65e8d: Authenticating user 'default' from 172.19.0.7:57382
2025.11.02 19:47:46.451389 [ 80 ] {} <Debug> HTTP-Session-497740eb-2fc4-48b4-820a-8d398df65e8d: 497740eb-2fc4-48b4-820a-8d398df65e8d Authenticated with global context as user 94309d50-4f52-5250-31bd-74fecac179db
2025.11.02 19:47:46.451436 [ 80 ] {} <Debug> HTTP-Session-497740eb-2fc4-48b4-820a-8d398df65e8d: Creating session context with user_id: 94309d50-4f52-5250-31bd-74fecac179db
2025.11.02 19:47:46.451655 [ 80 ] {0802c4cc-9a62-467e-ac50-4ba0852efa98} <Debug> executeQuery: (from 172.19.0.7:57382) SELECT partition, -- String
 partition_id, -- String
 sum(rows) AS row_count, -- UInt64
 sum(bytes_on_disk) AS size_in_bytes -- UInt64
 FROM `system`.`parts` WHERE `database`='db_agg_col' AND `table`='t_dist_local' AND `active`=1 GROUP BY `partition`, `partition_id` ORDER BY `partition` ASC, partition_id ASC  (stage: Complete)
2025.11.02 19:47:46.455217 [ 80 ] {0802c4cc-9a62-467e-ac50-4ba0852efa98} <Debug> executeQuery: Read 1 rows, 77.00 B in 0.003642 sec., 274.57440966501923 rows/sec., 20.65 KiB/sec.
2025.11.02 19:47:46.456305 [ 80 ] {0802c4cc-9a62-467e-ac50-4ba0852efa98} <Debug> DynamicQueryHandler: Done processing query
2025.11.02 19:47:46.456502 [ 80 ] {0802c4cc-9a62-467e-ac50-4ba0852efa98} <Debug> MemoryTracker: Query peak memory usage: 4.02 MiB.
2025.11.02 19:47:46.456809 [ 80 ] {} <Debug> HTTP-Session-497740eb-2fc4-48b4-820a-8d398df65e8d: 497740eb-2fc4-48b4-820a-8d398df65e8d Logout, user_id: 94309d50-4f52-5250-31bd-74fecac179db
2025.11.02 19:47:46.481935 [ 80 ] {} <Debug> HTTP-Session-9c76867c-30d8-4266-a484-d1e3382bdeda: Authenticating user 'default' from 172.19.0.7:57392
2025.11.02 19:47:46.482048 [ 80 ] {} <Debug> HTTP-Session-9c76867c-30d8-4266-a484-d1e3382bdeda: 9c76867c-30d8-4266-a484-d1e3382bdeda Authenticated with global context as user 94309d50-4f52-5250-31bd-74fecac179db
2025.11.02 19:47:46.482109 [ 80 ] {} <Debug> HTTP-Session-9c76867c-30d8-4266-a484-d1e3382bdeda: Creating session context with user_id: 94309d50-4f52-5250-31bd-74fecac179db
2025.11.02 19:47:46.482324 [ 80 ] {ed6e0d70-ac30-4576-8583-ef99b3c1b816} <Debug> executeQuery: (from 172.19.0.7:57392) SELECT partition, -- String
 partition_id, -- String
 sum(rows) AS row_count, -- UInt64
 sum(bytes_on_disk) AS size_in_bytes -- UInt64
 FROM `system`.`parts` WHERE `database`='db_agg_col' AND `table`='t_dist_local' AND `active`=1 GROUP BY `partition`, `partition_id` ORDER BY `partition` ASC, partition_id ASC  (stage: Complete)
2025.11.02 19:47:46.483872 [ 80 ] {ed6e0d70-ac30-4576-8583-ef99b3c1b816} <Debug> executeQuery: Read 1 rows, 77.00 B in 0.001622 sec., 616.5228113440197 rows/sec., 46.36 KiB/sec.
2025.11.02 19:47:46.484212 [ 80 ] {ed6e0d70-ac30-4576-8583-ef99b3c1b816} <Debug> DynamicQueryHandler: Done processing query
2025.11.02 19:47:46.484284 [ 80 ] {ed6e0d70-ac30-4576-8583-ef99b3c1b816} <Debug> MemoryTracker: Query peak memory usage: 4.02 MiB.
2025.11.02 19:47:46.484361 [ 80 ] {} <Debug> HTTP-Session-9c76867c-30d8-4266-a484-d1e3382bdeda: 9c76867c-30d8-4266-a484-d1e3382bdeda Logout, user_id: 94309d50-4f52-5250-31bd-74fecac179db
2025.11.02 19:47:46.501377 [ 80 ] {} <Debug> HTTP-Session-00c3bf3b-cf0c-4e85-9582-626106e49963: Authenticating user 'default' from 172.19.0.7:57400
2025.11.02 19:47:46.501456 [ 80 ] {} <Debug> HTTP-Session-00c3bf3b-cf0c-4e85-9582-626106e49963: 00c3bf3b-cf0c-4e85-9582-626106e49963 Authenticated with global context as user 94309d50-4f52-5250-31bd-74fecac179db
2025.11.02 19:47:46.501498 [ 80 ] {} <Debug> HTTP-Session-00c3bf3b-cf0c-4e85-9582-626106e49963: Creating session context with user_id: 94309d50-4f52-5250-31bd-74fecac179db
2025.11.02 19:47:46.501677 [ 80 ] {85b89656-0a5c-40dc-acb9-43a2535c77d1} <Debug> executeQuery: (from 172.19.0.7:57400) SELECT `m`, `id` FROM `db_agg_col`.`t_dist_local` WHERE (_partition_id = '3') AND ((1=1) AND (1=1))  (stage: Complete)
2025.11.02 19:47:46.502075 [ 80 ] {85b89656-0a5c-40dc-acb9-43a2535c77d1} <Debug> db_agg_col.t_dist_local (8cba62cd-75e8-471d-ae47-243ec4716c01) (SelectExecutor): Key condition: unknown, true, and
2025.11.02 19:47:46.502122 [ 80 ] {85b89656-0a5c-40dc-acb9-43a2535c77d1} <Debug> db_agg_col.t_dist_local (8cba62cd-75e8-471d-ae47-243ec4716c01) (SelectExecutor): MinMax index condition: unknown, true, and
2025.11.02 19:47:46.502164 [ 80 ] {85b89656-0a5c-40dc-acb9-43a2535c77d1} <Debug> db_agg_col.t_dist_local (8cba62cd-75e8-471d-ae47-243ec4716c01) (SelectExecutor): PK index has dropped 0/1 granules, it took 0ms across 1 threads.
2025.11.02 19:47:46.502196 [ 80 ] {85b89656-0a5c-40dc-acb9-43a2535c77d1} <Debug> db_agg_col.t_dist_local (8cba62cd-75e8-471d-ae47-243ec4716c01) (SelectExecutor): Selected 1/1 parts by partition key, 1 parts by primary key, 1/1 marks by primary key, 1 marks to read from 1 ranges
2025.11.02 19:47:46.502670 [ 80 ] {85b89656-0a5c-40dc-acb9-43a2535c77d1} <Debug> executeQuery: Read 1 rows, 12.00 B in 0.001046 sec., 956.0229445506692 rows/sec., 11.20 KiB/sec.
2025.11.02 19:47:46.503104 [ 80 ] {85b89656-0a5c-40dc-acb9-43a2535c77d1} <Debug> DynamicQueryHandler: Done processing query
2025.11.02 19:47:46.503238 [ 80 ] {85b89656-0a5c-40dc-acb9-43a2535c77d1} <Debug> MemoryTracker: Query peak memory usage: 4.00 MiB.
2025.11.02 19:47:46.503353 [ 80 ] {} <Debug> HTTP-Session-00c3bf3b-cf0c-4e85-9582-626106e49963: 00c3bf3b-cf0c-4e85-9582-626106e49963 Logout, user_id: 94309d50-4f52-5250-31bd-74fecac179db
2025.11.02 19:47:46.559182 [ 80 ] {} <Debug> HTTP-Session-ac21c487-0724-4db5-b64f-4b35d26a643b: Authenticating user 'default' from 172.19.0.7:57406
2025.11.02 19:47:46.559439 [ 80 ] {} <Debug> HTTP-Session-ac21c487-0724-4db5-b64f-4b35d26a643b: ac21c487-0724-4db5-b64f-4b35d26a643b Authenticated with global context as user 94309d50-4f52-5250-31bd-74fecac179db
2025.11.02 19:47:46.559573 [ 80 ] {} <Debug> HTTP-Session-ac21c487-0724-4db5-b64f-4b35d26a643b: Creating session context with user_id: 94309d50-4f52-5250-31bd-74fecac179db
2025.11.02 19:47:46.559753 [ 80 ] {c820bb6b-e713-4e37-89e6-6db691ce6f29} <Debug> executeQuery: (from 172.19.0.7:57406) SELECT `m`, `id` FROM `db_agg_col`.`t_dist_local` WHERE (_partition_id = '3') AND ((1=1) AND (1=1))  (stage: Complete)
2025.11.02 19:47:46.560315 [ 80 ] {c820bb6b-e713-4e37-89e6-6db691ce6f29} <Debug> db_agg_col.t_dist_local (8cba62cd-75e8-471d-ae47-243ec4716c01) (SelectExecutor): Key condition: unknown, true, and
2025.11.02 19:47:46.560433 [ 80 ] {c820bb6b-e713-4e37-89e6-6db691ce6f29} <Debug> db_agg_col.t_dist_local (8cba62cd-75e8-471d-ae47-243ec4716c01) (SelectExecutor): MinMax index condition: unknown, true, and
2025.11.02 19:47:46.560528 [ 80 ] {c820bb6b-e713-4e37-89e6-6db691ce6f29} <Debug> db_agg_col.t_dist_local (8cba62cd-75e8-471d-ae47-243ec4716c01) (SelectExecutor): PK index has dropped 0/1 granules, it took 0ms across 1 threads.
2025.11.02 19:47:46.560658 [ 80 ] {c820bb6b-e713-4e37-89e6-6db691ce6f29} <Debug> db_agg_col.t_dist_local (8cba62cd-75e8-471d-ae47-243ec4716c01) (SelectExecutor): Selected 1/1 parts by partition key, 1 parts by primary key, 1/1 marks by primary key, 1 marks to read from 1 ranges
2025.11.02 19:47:46.561519 [ 80 ] {c820bb6b-e713-4e37-89e6-6db691ce6f29} <Debug> executeQuery: Read 1 rows, 12.00 B in 0.001809 sec., 552.791597567717 rows/sec., 6.48 KiB/sec.
2025.11.02 19:47:46.561968 [ 80 ] {c820bb6b-e713-4e37-89e6-6db691ce6f29} <Debug> DynamicQueryHandler: Done processing query
2025.11.02 19:47:46.562106 [ 80 ] {c820bb6b-e713-4e37-89e6-6db691ce6f29} <Debug> MemoryTracker: Query peak memory usage: 4.00 MiB.
2025.11.02 19:47:46.562246 [ 80 ] {} <Debug> HTTP-Session-ac21c487-0724-4db5-b64f-4b35d26a643b: ac21c487-0724-4db5-b64f-4b35d26a643b Logout, user_id: 94309d50-4f52-5250-31bd-74fecac179db
2025.11.02 19:47:46.600405 [ 727 ] {} <Debug> DDLWorker: Scheduling tasks
2025.11.02 19:47:46.600918 [ 727 ] {} <Debug> DDLWorker: Will schedule 1 tasks starting from query-0000000009
2025.11.02 19:47:46.601798 [ 727 ] {} <Debug> DDLWorker: Processing task query-0000000009 (query: DROP TABLE IF EXISTS db_agg_col.t_dist, backup restore: false)
2025.11.02 19:47:46.602713 [ 727 ] {} <Debug> DDLWorker: Executing query: DROP TABLE IF EXISTS db_agg_col.t_dist
2025.11.02 19:47:46.602909 [ 727 ] {90ff0dee-cb90-42f6-8cc4-642d115ecdd5} <Debug> executeQuery: (from 0.0.0.0:0, user: , initial_query_id: 7f360487-f5e5-4c96-a274-4c6ba718caf3) /* ddl_entry=query-0000000009 */ DROP TABLE IF EXISTS db_agg_col.t_dist (stage: Complete)
2025.11.02 19:47:46.603143 [ 727 ] {90ff0dee-cb90-42f6-8cc4-642d115ecdd5} <Information> StorageDistributed (t_dist): Flushing pending INSERT blocks
2025.11.02 19:47:46.603223 [ 727 ] {90ff0dee-cb90-42f6-8cc4-642d115ecdd5} <Information> StorageDistributed (t_dist): Pending INSERT blocks flushed, took 0 ms.
2025.11.02 19:47:46.603283 [ 727 ] {90ff0dee-cb90-42f6-8cc4-642d115ecdd5} <Debug> StorageDistributed (t_dist): Joining background threads for async INSERT
2025.11.02 19:47:46.603358 [ 727 ] {90ff0dee-cb90-42f6-8cc4-642d115ecdd5} <Debug> StorageDistributed (t_dist): Background threads for async INSERT joined
2025.11.02 19:47:46.603604 [ 727 ] {90ff0dee-cb90-42f6-8cc4-642d115ecdd5} <Debug> DDLWorker: Executed query: /* ddl_entry=query-0000000009 */ DROP TABLE IF EXISTS db_agg_col.t_dist
2025.11.02 19:47:46.604442 [ 727 ] {} <Debug> DDLWorker: Waiting for queue updates
2025.11.02 19:47:46.664035 [ 727 ] {} <Debug> DDLWorker: Scheduling tasks
2025.11.02 19:47:46.665221 [ 727 ] {} <Debug> DDLWorker: Will schedule 1 tasks starting from query-0000000010
2025.11.02 19:47:46.666014 [ 727 ] {} <Debug> DDLWorker: Processing task query-0000000010 (query: DROP TABLE IF EXISTS db_agg_col.t_dist_local, backup restore: false)
2025.11.02 19:47:46.667158 [ 727 ] {} <Debug> DDLWorker: Executing query: DROP TABLE IF EXISTS db_agg_col.t_dist_local
2025.11.02 19:47:46.667273 [ 727 ] {15251c92-4905-4a76-b6c4-f898a6d2fb35} <Debug> executeQuery: (from 0.0.0.0:0, user: , initial_query_id: cfcb94e6-8b80-4a06-a1df-19c6236f44df) /* ddl_entry=query-0000000010 */ DROP TABLE IF EXISTS db_agg_col.t_dist_local (stage: Complete)
2025.11.02 19:47:46.667460 [ 727 ] {15251c92-4905-4a76-b6c4-f898a6d2fb35} <Debug> DDLWorker: Executed query: /* ddl_entry=query-0000000010 */ DROP TABLE IF EXISTS db_agg_col.t_dist_local
2025.11.02 19:47:46.668236 [ 727 ] {} <Debug> DDLWorker: Waiting for queue updates
2025.11.02 19:47:46.728689 [ 727 ] {} <Debug> DDLWorker: Scheduling tasks
2025.11.02 19:47:46.729192 [ 727 ] {} <Debug> DDLWorker: Will schedule 1 tasks starting from query-0000000011
2025.11.02 19:47:46.730134 [ 727 ] {} <Debug> DDLWorker: Processing task query-0000000011 (query: DROP DATABASE IF EXISTS db_agg_col, backup restore: false)
2025.11.02 19:47:46.730723 [ 727 ] {} <Debug> DDLWorker: Executing query: DROP DATABASE IF EXISTS db_agg_col
2025.11.02 19:47:46.730823 [ 727 ] {e022155b-bcce-4e46-8593-5d1cb1b03195} <Debug> executeQuery: (from 0.0.0.0:0, user: , initial_query_id: bd063579-d066-4c1b-a4b1-1e1f10129e53) /* ddl_entry=query-0000000011 */ DROP DATABASE IF EXISTS db_agg_col (stage: Complete)
2025.11.02 19:47:46.730879 [ 727 ] {e022155b-bcce-4e46-8593-5d1cb1b03195} <Debug> DatabaseAtomic (db_agg_col): There are 0 detached tables. Start searching non used tables.
2025.11.02 19:47:46.730944 [ 727 ] {e022155b-bcce-4e46-8593-5d1cb1b03195} <Debug> DatabaseAtomic (db_agg_col): Found 0 non used tables in detached tables.
2025.11.02 19:47:46.731269 [ 727 ] {e022155b-bcce-4e46-8593-5d1cb1b03195} <Debug> DDLWorker: Executed query: /* ddl_entry=query-0000000011 */ DROP DATABASE IF EXISTS db_agg_col
2025.11.02 19:47:46.732434 [ 727 ] {} <Debug> DDLWorker: Waiting for queue updates
2025.11.02 19:47:46.793894 [ 727 ] {} <Debug> DDLWorker: Scheduling tasks
2025.11.02 19:47:46.794355 [ 727 ] {} <Debug> DDLWorker: Will schedule 1 tasks starting from query-0000000012
2025.11.02 19:47:46.795462 [ 727 ] {} <Debug> DDLWorker: Processing task query-0000000012 (query: CREATE DATABASE IF NOT EXISTS runtime_db UUID 'f432f52e-3f96-4e89-bb2e-6fb59c9b768b', backup restore: false)
2025.11.02 19:47:46.796207 [ 727 ] {} <Debug> DDLWorker: Executing query: CREATE DATABASE IF NOT EXISTS runtime_db UUID 'f432f52e-3f96-4e89-bb2e-6fb59c9b768b'
2025.11.02 19:47:46.796327 [ 727 ] {1307a492-920d-4f9d-859a-401e4471bbeb} <Debug> executeQuery: (from 0.0.0.0:0, user: , initial_query_id: 000fefd6-c6e8-405f-b8c6-2582f8d3c99b) /* ddl_entry=query-0000000012 */ CREATE DATABASE IF NOT EXISTS runtime_db UUID 'f432f52e-3f96-4e89-bb2e-6fb59c9b768b' (stage: Complete)
2025.11.02 19:47:46.797353 [ 727 ] {1307a492-920d-4f9d-859a-401e4471bbeb} <Information> DatabaseAtomic (runtime_db): Metadata processed, database runtime_db has 0 tables and 0 dictionaries in total.
2025.11.02 19:47:46.797424 [ 727 ] {1307a492-920d-4f9d-859a-401e4471bbeb} <Information> TablesLoader: Parsed metadata of 0 tables in 1 databases in 7.7625e-05 sec
2025.11.02 19:47:46.797501 [ 727 ] {1307a492-920d-4f9d-859a-401e4471bbeb} <Debug> AsyncLoader: Prioritize load job 'startup Atomic database runtime_db': BackgrndStartup -> ForegroundLoad
2025.11.02 19:47:46.797582 [ 727 ] {1307a492-920d-4f9d-859a-401e4471bbeb} <Debug> AsyncLoader: Prioritize load job 'startup Ordinary database runtime_db': BackgrndStartup -> ForegroundLoad
2025.11.02 19:47:46.797635 [ 727 ] {1307a492-920d-4f9d-859a-401e4471bbeb} <Debug> AsyncLoader: Schedule load job 'startup Ordinary database runtime_db' into ForegroundLoad
2025.11.02 19:47:46.797718 [ 727 ] {1307a492-920d-4f9d-859a-401e4471bbeb} <Debug> AsyncLoader: Schedule load job 'startup Atomic database runtime_db' into ForegroundLoad
2025.11.02 19:47:46.797785 [ 727 ] {1307a492-920d-4f9d-859a-401e4471bbeb} <Debug> AsyncLoader: Change current priority: none -> 0
2025.11.02 19:47:46.797874 [ 727 ] {1307a492-920d-4f9d-859a-401e4471bbeb} <Debug> AsyncLoader: Spawn loader worker #1 in ForegroundLoad
2025.11.02 19:47:46.797988 [ 727 ] {1307a492-920d-4f9d-859a-401e4471bbeb} <Debug> AsyncLoader: Wait load job 'startup Atomic database runtime_db' in ForegroundLoad
2025.11.02 19:47:46.797994 [ 761 ] {} <Debug> AsyncLoader: Execute load job 'startup Ordinary database runtime_db' in ForegroundLoad
2025.11.02 19:47:46.798131 [ 761 ] {} <Debug> AsyncLoader: Finish load job 'startup Ordinary database runtime_db' with status OK
2025.11.02 19:47:46.798160 [ 761 ] {} <Debug> AsyncLoader: Spawn loader worker #2 in ForegroundLoad
2025.11.02 19:47:46.798205 [ 761 ] {} <Debug> AsyncLoader: Execute load job 'startup Atomic database runtime_db' in ForegroundLoad
2025.11.02 19:47:46.798281 [ 761 ] {} <Debug> AsyncLoader: Finish load job 'startup Atomic database runtime_db' with status OK
2025.11.02 19:47:46.798321 [ 761 ] {} <Debug> AsyncLoader: Stop worker in ForegroundLoad
2025.11.02 19:47:46.798373 [ 768 ] {} <Debug> AsyncLoader: Stop worker in ForegroundLoad
2025.11.02 19:47:46.798453 [ 768 ] {} <Debug> AsyncLoader: Change current priority: 0 -> none
2025.11.02 19:47:46.798378 [ 727 ] {1307a492-920d-4f9d-859a-401e4471bbeb} <Debug> DDLWorker: Executed query: /* ddl_entry=query-0000000012 */ CREATE DATABASE IF NOT EXISTS runtime_db UUID 'f432f52e-3f96-4e89-bb2e-6fb59c9b768b'
2025.11.02 19:47:46.799902 [ 727 ] {} <Debug> DDLWorker: Waiting for queue updates
2025.11.02 19:47:46.857953 [ 727 ] {} <Debug> DDLWorker: Scheduling tasks
2025.11.02 19:47:46.858344 [ 727 ] {} <Debug> DDLWorker: Will schedule 1 tasks starting from query-0000000013
2025.11.02 19:47:46.859339 [ 727 ] {} <Debug> DDLWorker: Processing task query-0000000013 (query: CREATE TABLE runtime_db.runtime_tbl_local UUID '8dc211c3-34d4-4455-8272-2ead0556e752' (`create_time` DateTime, `y` Int32 COMMENT 'shard key', `m` Int32 COMMENT 'part key', `id` Int64 COMMENT 'sort key', `value` Nullable(String)) ENGINE = MergeTree PARTITION BY m ORDER BY id SETTINGS index_granularity = 8192, backup restore: false)
2025.11.02 19:47:46.860020 [ 727 ] {} <Debug> DDLWorker: Executing query: CREATE TABLE runtime_db.runtime_tbl_local UUID '8dc211c3-34d4-4455-8272-2ead0556e752' (`create_time` DateTime, `y` Int32 COMMENT 'shard key', `m` Int32 COMMENT 'part key', `id` Int64 COMMENT 'sort key', `value` Nullable(String)) ENGINE = MergeTree PARTITION BY m ORDER BY id SETTINGS index_granularity = 8192
2025.11.02 19:47:46.860209 [ 727 ] {4abd0015-b4cd-4955-8404-b21d6f235473} <Debug> executeQuery: (from 0.0.0.0:0, user: , initial_query_id: b9c7e80f-2dc0-4eb9-8390-158c2abeed50) /* ddl_entry=query-0000000013 */ CREATE TABLE runtime_db.runtime_tbl_local UUID '8dc211c3-34d4-4455-8272-2ead0556e752' (`create_time` DateTime, `y` Int32 COMMENT 'shard key', `m` Int32 COMMENT 'part key', `id` Int64 COMMENT 'sort key', `value` Nullable(String)) ENGINE = MergeTree PARTITION BY m ORDER BY id SETTINGS index_granularity = 8192 (stage: Complete)
2025.11.02 19:47:46.861520 [ 727 ] {4abd0015-b4cd-4955-8404-b21d6f235473} <Debug> runtime_db.runtime_tbl_local (8dc211c3-34d4-4455-8272-2ead0556e752): Loading data parts
2025.11.02 19:47:46.861853 [ 727 ] {4abd0015-b4cd-4955-8404-b21d6f235473} <Debug> runtime_db.runtime_tbl_local (8dc211c3-34d4-4455-8272-2ead0556e752): There are no data parts
2025.11.02 19:47:46.862736 [ 727 ] {4abd0015-b4cd-4955-8404-b21d6f235473} <Debug> DatabaseAtomic (runtime_db): There are 0 detached tables. Start searching non used tables.
2025.11.02 19:47:46.862818 [ 727 ] {4abd0015-b4cd-4955-8404-b21d6f235473} <Debug> DatabaseAtomic (runtime_db): Found 0 non used tables in detached tables.
2025.11.02 19:47:46.863076 [ 727 ] {4abd0015-b4cd-4955-8404-b21d6f235473} <Debug> DDLWorker: Executed query: /* ddl_entry=query-0000000013 */ CREATE TABLE runtime_db.runtime_tbl_local UUID '8dc211c3-34d4-4455-8272-2ead0556e752' (`create_time` DateTime, `y` Int32 COMMENT 'shard key', `m` Int32 COMMENT 'part key', `id` Int64 COMMENT 'sort key', `value` Nullable(String)) ENGINE = MergeTree PARTITION BY m ORDER BY id SETTINGS index_granularity = 8192
2025.11.02 19:47:46.864115 [ 727 ] {} <Debug> DDLWorker: Waiting for queue updates
2025.11.02 19:47:46.917541 [ 727 ] {} <Debug> DDLWorker: Scheduling tasks
2025.11.02 19:47:46.918044 [ 727 ] {} <Debug> DDLWorker: Will schedule 1 tasks starting from query-0000000014
2025.11.02 19:47:46.918765 [ 727 ] {} <Debug> DDLWorker: Processing task query-0000000014 (query: CREATE TABLE runtime_db.runtime_tbl UUID 'b45fdf3f-2bbe-4b49-ada2-e884e8915115' (`create_time` DateTime, `y` Int32 COMMENT 'shard key', `m` Int32 COMMENT 'part key', `id` Int64 COMMENT 'sort key', `value` Nullable(String)) ENGINE = Distributed(single_replica, 'runtime_db', 'runtime_tbl_local', y), backup restore: false)
2025.11.02 19:47:46.919552 [ 727 ] {} <Debug> DDLWorker: Executing query: CREATE TABLE runtime_db.runtime_tbl UUID 'b45fdf3f-2bbe-4b49-ada2-e884e8915115' (`create_time` DateTime, `y` Int32 COMMENT 'shard key', `m` Int32 COMMENT 'part key', `id` Int64 COMMENT 'sort key', `value` Nullable(String)) ENGINE = Distributed(single_replica, 'runtime_db', 'runtime_tbl_local', y)
2025.11.02 19:47:46.919696 [ 727 ] {ba862ce3-b6eb-4f24-a76d-533e7b09a523} <Debug> executeQuery: (from 0.0.0.0:0, user: , initial_query_id: 66ab419b-fb90-4ee1-b0f9-657432cd7ecb) /* ddl_entry=query-0000000014 */ CREATE TABLE runtime_db.runtime_tbl UUID 'b45fdf3f-2bbe-4b49-ada2-e884e8915115' (`create_time` DateTime, `y` Int32 COMMENT 'shard key', `m` Int32 COMMENT 'part key', `id` Int64 COMMENT 'sort key', `value` Nullable(String)) ENGINE = Distributed(single_replica, 'runtime_db', 'runtime_tbl_local', y) (stage: Complete)
2025.11.02 19:47:46.920086 [ 727 ] {ba862ce3-b6eb-4f24-a76d-533e7b09a523} <Debug> StorageDistributed (runtime_tbl): Auto-increment is 0
2025.11.02 19:47:46.922121 [ 727 ] {ba862ce3-b6eb-4f24-a76d-533e7b09a523} <Debug> DatabaseAtomic (runtime_db): There are 0 detached tables. Start searching non used tables.
2025.11.02 19:47:46.922174 [ 727 ] {ba862ce3-b6eb-4f24-a76d-533e7b09a523} <Debug> DatabaseAtomic (runtime_db): Found 0 non used tables in detached tables.
2025.11.02 19:47:46.922335 [ 727 ] {ba862ce3-b6eb-4f24-a76d-533e7b09a523} <Debug> DDLWorker: Executed query: /* ddl_entry=query-0000000014 */ CREATE TABLE runtime_db.runtime_tbl UUID 'b45fdf3f-2bbe-4b49-ada2-e884e8915115' (`create_time` DateTime, `y` Int32 COMMENT 'shard key', `m` Int32 COMMENT 'part key', `id` Int64 COMMENT 'sort key', `value` Nullable(String)) ENGINE = Distributed(single_replica, 'runtime_db', 'runtime_tbl_local', y)
2025.11.02 19:47:46.923369 [ 727 ] {} <Debug> DDLWorker: Waiting for queue updates
2025.11.02 19:47:46.975002 [ 81 ] {186bd571-3b0f-448b-9a7d-4cb8f4804e8d} <Debug> executeQuery: (from 172.19.0.5:59514, initial_query_id: 50246757-a7b9-4b01-af0d-fa3691e087aa) SELECT `__table1`.`create_time` AS `create_time`, `__table1`.`y` AS `y`, `__table1`.`m` AS `m`, `__table1`.`id` AS `id`, `__table1`.`value` AS `value` FROM `runtime_db`.`runtime_tbl_local` AS `__table1` WHERE _CAST(0, 'UInt8') (stage: Complete)
2025.11.02 19:47:46.975611 [ 81 ] {186bd571-3b0f-448b-9a7d-4cb8f4804e8d} <Debug> TCPHandler: Processed in 0.000776041 sec.
2025.11.02 19:47:46.982231 [ 81 ] {bebebd68-61d2-44f2-9de4-330a18674484} <Debug> executeQuery: (from 172.19.0.5:59514, initial_query_id: 24f275e3-749b-41cc-b884-8f4e0eb14490) SELECT `__table1`.`create_time` AS `create_time`, `__table1`.`y` AS `y`, `__table1`.`m` AS `m`, `__table1`.`id` AS `id`, `__table1`.`value` AS `value` FROM `runtime_db`.`runtime_tbl_local` AS `__table1` WHERE _CAST(0, 'UInt8') (stage: Complete)
2025.11.02 19:47:46.982724 [ 81 ] {bebebd68-61d2-44f2-9de4-330a18674484} <Debug> TCPHandler: Processed in 0.000640375 sec.
2025.11.02 19:47:47.003793 [ 81 ] {c2023f86-04b7-4b22-ba29-9a2d1026f508} <Debug> executeQuery: (from 172.19.0.5:59514, initial_query_id: 854fca88-fe3c-450b-b9f1-31001c7ff9f8) SELECT `__table1`.`create_time` AS `create_time`, `__table1`.`y` AS `y`, `__table1`.`m` AS `m`, `__table1`.`id` AS `id`, `__table1`.`value` AS `value` FROM `runtime_db`.`runtime_tbl_local` AS `__table1` WHERE _CAST(0, 'UInt8') (stage: Complete)
2025.11.02 19:47:47.004640 [ 81 ] {c2023f86-04b7-4b22-ba29-9a2d1026f508} <Debug> TCPHandler: Processed in 0.001024333 sec.
2025.11.02 19:47:47.103015 [ 80 ] {} <Debug> HTTP-Session-aec9a194-0a43-4343-ab4c-725dc85cc10f: Authenticating user 'default' from 172.19.0.7:57408
2025.11.02 19:47:47.103101 [ 80 ] {} <Debug> HTTP-Session-aec9a194-0a43-4343-ab4c-725dc85cc10f: aec9a194-0a43-4343-ab4c-725dc85cc10f Authenticated with global context as user 94309d50-4f52-5250-31bd-74fecac179db
2025.11.02 19:47:47.103158 [ 80 ] {} <Debug> HTTP-Session-aec9a194-0a43-4343-ab4c-725dc85cc10f: Creating session context with user_id: 94309d50-4f52-5250-31bd-74fecac179db
2025.11.02 19:47:47.103314 [ 80 ] {8086ab6d-0b11-470c-8621-26ea7bfd6b29} <Debug> executeQuery: (from 172.19.0.7:57408) INSERT INTO `runtime_db`.`runtime_tbl` FORMAT ArrowStream  (stage: Complete)
2025.11.02 19:47:47.156641 [ 634 ] {} <Debug> runtime_db.runtime_tbl.DistributedInsertQueue.default: Sending `/var/lib/clickhouse/store/b45/b45fdf3f-2bbe-4b49-ada2-e884e8915115/shard1_replica1/1.bin` to clickhouse-s1r1:9000 (1.00 rows, 31.00 B bytes)
2025.11.02 19:47:47.157260 [ 728 ] {db660c7c-ca92-4afc-b7ec-88b78263fa22} <Debug> AsynchronousInsertQueue: Flushed 2 rows, 62 bytes for query 'INSERT INTO runtime_db.runtime_tbl (create_time, y, m, id, value) FORMAT ArrowStream'
2025.11.02 19:47:47.157382 [ 728 ] {db660c7c-ca92-4afc-b7ec-88b78263fa22} <Debug> MemoryTracker: Query peak memory usage: 3.38 MiB.
2025.11.02 19:47:47.157431 [ 80 ] {8086ab6d-0b11-470c-8621-26ea7bfd6b29} <Debug> DynamicQueryHandler: Done processing query
2025.11.02 19:47:47.157569 [ 80 ] {} <Debug> HTTP-Session-aec9a194-0a43-4343-ab4c-725dc85cc10f: aec9a194-0a43-4343-ab4c-725dc85cc10f Logout, user_id: 94309d50-4f52-5250-31bd-74fecac179db
2025.11.02 19:47:47.169983 [ 81 ] {42e029df-4e15-440a-a153-b707ac539894} <Debug> executeQuery: (from 172.19.0.5:59514, initial_query_id: 572e0d13-ec83-4ceb-be35-cd189513fa7a) SELECT `__table1`.`create_time` AS `create_time`, `__table1`.`y` AS `y`, `__table1`.`m` AS `m`, `__table1`.`id` AS `id`, `__table1`.`value` AS `value` FROM `runtime_db`.`runtime_tbl_local` AS `__table1` WHERE _CAST(0, 'UInt8') (stage: Complete)
2025.11.02 19:47:47.170272 [ 81 ] {42e029df-4e15-440a-a153-b707ac539894} <Debug> runtime_db.runtime_tbl_local (8dc211c3-34d4-4455-8272-2ead0556e752) (SelectExecutor): Selected 0/0 parts by partition key, 0 parts by primary key, 0/0 marks by primary key, 0 marks to read from 0 ranges
2025.11.02 19:47:47.170670 [ 81 ] {42e029df-4e15-440a-a153-b707ac539894} <Debug> TCPHandler: Processed in 0.000879292 sec.
2025.11.02 19:47:47.214149 [ 80 ] {} <Debug> HTTP-Session-0e872add-89ca-40eb-b0e0-ca98925cd5b4: Authenticating user 'default' from 172.19.0.7:57420
2025.11.02 19:47:47.214229 [ 80 ] {} <Debug> HTTP-Session-0e872add-89ca-40eb-b0e0-ca98925cd5b4: 0e872add-89ca-40eb-b0e0-ca98925cd5b4 Authenticated with global context as user 94309d50-4f52-5250-31bd-74fecac179db
2025.11.02 19:47:47.214284 [ 80 ] {} <Debug> HTTP-Session-0e872add-89ca-40eb-b0e0-ca98925cd5b4: Creating session context with user_id: 94309d50-4f52-5250-31bd-74fecac179db
2025.11.02 19:47:47.214482 [ 80 ] {cfb962a0-a134-4063-8de5-154a307bc08a} <Debug> executeQuery: (from 172.19.0.7:57420) SELECT partition, -- String
 partition_id, -- String
 sum(rows) AS row_count, -- UInt64
 sum(bytes_on_disk) AS size_in_bytes -- UInt64
 FROM `system`.`parts` WHERE `database`='runtime_db' AND `table`='runtime_tbl_local' AND `active`=1 GROUP BY `partition`, `partition_id` ORDER BY `partition` ASC, partition_id ASC  (stage: Complete)
2025.11.02 19:47:47.216600 [ 80 ] {cfb962a0-a134-4063-8de5-154a307bc08a} <Debug> executeQuery: Read 1 rows, 82.00 B in 0.002185 sec., 457.6659038901602 rows/sec., 36.65 KiB/sec.
2025.11.02 19:47:47.217173 [ 80 ] {cfb962a0-a134-4063-8de5-154a307bc08a} <Debug> DynamicQueryHandler: Done processing query
2025.11.02 19:47:47.217274 [ 80 ] {cfb962a0-a134-4063-8de5-154a307bc08a} <Debug> MemoryTracker: Query peak memory usage: 4.02 MiB.
2025.11.02 19:47:47.217490 [ 80 ] {} <Debug> HTTP-Session-0e872add-89ca-40eb-b0e0-ca98925cd5b4: 0e872add-89ca-40eb-b0e0-ca98925cd5b4 Logout, user_id: 94309d50-4f52-5250-31bd-74fecac179db
2025.11.02 19:47:47.234678 [ 80 ] {} <Debug> HTTP-Session-b72aff9c-c698-4b89-8cc5-96472423e333: Authenticating user 'default' from 172.19.0.7:57428
2025.11.02 19:47:47.234759 [ 80 ] {} <Debug> HTTP-Session-b72aff9c-c698-4b89-8cc5-96472423e333: b72aff9c-c698-4b89-8cc5-96472423e333 Authenticated with global context as user 94309d50-4f52-5250-31bd-74fecac179db
2025.11.02 19:47:47.234815 [ 80 ] {} <Debug> HTTP-Session-b72aff9c-c698-4b89-8cc5-96472423e333: Creating session context with user_id: 94309d50-4f52-5250-31bd-74fecac179db
2025.11.02 19:47:47.235017 [ 80 ] {cf1e609f-aea2-467b-91d4-a1cbcadbc35d} <Debug> executeQuery: (from 172.19.0.7:57428) SELECT partition, -- String
 partition_id, -- String
 sum(rows) AS row_count, -- UInt64
 sum(bytes_on_disk) AS size_in_bytes -- UInt64
 FROM `system`.`parts` WHERE `database`='runtime_db' AND `table`='runtime_tbl_local' AND `active`=1 GROUP BY `partition`, `partition_id` ORDER BY `partition` ASC, partition_id ASC  (stage: Complete)
2025.11.02 19:47:47.236711 [ 80 ] {cf1e609f-aea2-467b-91d4-a1cbcadbc35d} <Debug> executeQuery: Read 1 rows, 82.00 B in 0.001772 sec., 564.3340857787811 rows/sec., 45.19 KiB/sec.
2025.11.02 19:47:47.237128 [ 80 ] {cf1e609f-aea2-467b-91d4-a1cbcadbc35d} <Debug> DynamicQueryHandler: Done processing query
2025.11.02 19:47:47.237214 [ 80 ] {cf1e609f-aea2-467b-91d4-a1cbcadbc35d} <Debug> MemoryTracker: Query peak memory usage: 4.02 MiB.
2025.11.02 19:47:47.237322 [ 80 ] {} <Debug> HTTP-Session-b72aff9c-c698-4b89-8cc5-96472423e333: b72aff9c-c698-4b89-8cc5-96472423e333 Logout, user_id: 94309d50-4f52-5250-31bd-74fecac179db
2025.11.02 19:47:47.274041 [ 80 ] {} <Debug> HTTP-Session-84cb440a-d41b-4620-8247-24e7c0ee3d30: Authenticating user 'default' from 172.19.0.7:57438
2025.11.02 19:47:47.274143 [ 80 ] {} <Debug> HTTP-Session-84cb440a-d41b-4620-8247-24e7c0ee3d30: 84cb440a-d41b-4620-8247-24e7c0ee3d30 Authenticated with global context as user 94309d50-4f52-5250-31bd-74fecac179db
2025.11.02 19:47:47.274208 [ 80 ] {} <Debug> HTTP-Session-84cb440a-d41b-4620-8247-24e7c0ee3d30: Creating session context with user_id: 94309d50-4f52-5250-31bd-74fecac179db
2025.11.02 19:47:47.274426 [ 80 ] {a863ea83-af71-4e1d-ae79-5b940697fa91} <Debug> executeQuery: (from 172.19.0.7:57438) SELECT partition, -- String
 partition_id, -- String
 sum(rows) AS row_count, -- UInt64
 sum(bytes_on_disk) AS size_in_bytes -- UInt64
 FROM `system`.`parts` WHERE `database`='runtime_db' AND `table`='runtime_tbl_local' AND `active`=1 GROUP BY `partition`, `partition_id` ORDER BY `partition` ASC, partition_id ASC  (stage: Complete)
2025.11.02 19:47:47.276164 [ 80 ] {a863ea83-af71-4e1d-ae79-5b940697fa91} <Debug> executeQuery: Read 1 rows, 82.00 B in 0.001813 sec., 551.5719801434087 rows/sec., 44.17 KiB/sec.
2025.11.02 19:47:47.276545 [ 80 ] {a863ea83-af71-4e1d-ae79-5b940697fa91} <Debug> DynamicQueryHandler: Done processing query
2025.11.02 19:47:47.276645 [ 80 ] {a863ea83-af71-4e1d-ae79-5b940697fa91} <Debug> MemoryTracker: Query peak memory usage: 4.01 MiB.
2025.11.02 19:47:47.276763 [ 80 ] {} <Debug> HTTP-Session-84cb440a-d41b-4620-8247-24e7c0ee3d30: 84cb440a-d41b-4620-8247-24e7c0ee3d30 Logout, user_id: 94309d50-4f52-5250-31bd-74fecac179db
2025.11.02 19:47:47.293690 [ 80 ] {} <Debug> HTTP-Session-c5dcd545-03a8-4b57-b9f9-5ff988448420: Authenticating user 'default' from 172.19.0.7:57440
2025.11.02 19:47:47.293774 [ 80 ] {} <Debug> HTTP-Session-c5dcd545-03a8-4b57-b9f9-5ff988448420: c5dcd545-03a8-4b57-b9f9-5ff988448420 Authenticated with global context as user 94309d50-4f52-5250-31bd-74fecac179db
2025.11.02 19:47:47.293830 [ 80 ] {} <Debug> HTTP-Session-c5dcd545-03a8-4b57-b9f9-5ff988448420: Creating session context with user_id: 94309d50-4f52-5250-31bd-74fecac179db
2025.11.02 19:47:47.294043 [ 80 ] {9196eb30-6a05-4575-bd1b-5ad180d2d3a9} <Debug> executeQuery: (from 172.19.0.7:57440) SELECT partition, -- String
 partition_id, -- String
 sum(rows) AS row_count, -- UInt64
 sum(bytes_on_disk) AS size_in_bytes -- UInt64
 FROM `system`.`parts` WHERE `database`='runtime_db' AND `table`='runtime_tbl_local' AND `active`=1 GROUP BY `partition`, `partition_id` ORDER BY `partition` ASC, partition_id ASC  (stage: Complete)
2025.11.02 19:47:47.295814 [ 80 ] {9196eb30-6a05-4575-bd1b-5ad180d2d3a9} <Debug> executeQuery: Read 1 rows, 82.00 B in 0.001846 sec., 541.7118093174431 rows/sec., 43.38 KiB/sec.
2025.11.02 19:47:47.296256 [ 80 ] {9196eb30-6a05-4575-bd1b-5ad180d2d3a9} <Debug> DynamicQueryHandler: Done processing query
2025.11.02 19:47:47.296320 [ 80 ] {9196eb30-6a05-4575-bd1b-5ad180d2d3a9} <Debug> MemoryTracker: Query peak memory usage: 4.02 MiB.
2025.11.02 19:47:47.296411 [ 80 ] {} <Debug> HTTP-Session-c5dcd545-03a8-4b57-b9f9-5ff988448420: c5dcd545-03a8-4b57-b9f9-5ff988448420 Logout, user_id: 94309d50-4f52-5250-31bd-74fecac179db
2025.11.02 19:47:47.316195 [ 80 ] {} <Debug> HTTP-Session-1b38050f-4bb6-43fe-9137-341b6663a43f: Authenticating user 'default' from 172.19.0.7:57446
2025.11.02 19:47:47.316292 [ 80 ] {} <Debug> HTTP-Session-1b38050f-4bb6-43fe-9137-341b6663a43f: 1b38050f-4bb6-43fe-9137-341b6663a43f Authenticated with global context as user 94309d50-4f52-5250-31bd-74fecac179db
2025.11.02 19:47:47.316331 [ 80 ] {} <Debug> HTTP-Session-1b38050f-4bb6-43fe-9137-341b6663a43f: Creating session context with user_id: 94309d50-4f52-5250-31bd-74fecac179db
2025.11.02 19:47:47.316526 [ 80 ] {414fbf89-5a25-4fab-bd4e-f52bd766a1c7} <Debug> executeQuery: (from 172.19.0.7:57446) SELECT `id` FROM `runtime_db`.`runtime_tbl_local` WHERE (_partition_id = '3') AND ((1=1) AND (1=1))  (stage: Complete)
2025.11.02 19:47:47.316937 [ 80 ] {414fbf89-5a25-4fab-bd4e-f52bd766a1c7} <Debug> runtime_db.runtime_tbl_local (8dc211c3-34d4-4455-8272-2ead0556e752) (SelectExecutor): Key condition: unknown, true, and
2025.11.02 19:47:47.316997 [ 80 ] {414fbf89-5a25-4fab-bd4e-f52bd766a1c7} <Debug> runtime_db.runtime_tbl_local (8dc211c3-34d4-4455-8272-2ead0556e752) (SelectExecutor): MinMax index condition: unknown, true, and
2025.11.02 19:47:47.317055 [ 80 ] {414fbf89-5a25-4fab-bd4e-f52bd766a1c7} <Debug> runtime_db.runtime_tbl_local (8dc211c3-34d4-4455-8272-2ead0556e752) (SelectExecutor): PK index has dropped 0/1 granules, it took 0ms across 1 threads.
2025.11.02 19:47:47.317152 [ 80 ] {414fbf89-5a25-4fab-bd4e-f52bd766a1c7} <Debug> runtime_db.runtime_tbl_local (8dc211c3-34d4-4455-8272-2ead0556e752) (SelectExecutor): Selected 1/1 parts by partition key, 1 parts by primary key, 1/1 marks by primary key, 1 marks to read from 1 ranges
2025.11.02 19:47:47.317657 [ 80 ] {414fbf89-5a25-4fab-bd4e-f52bd766a1c7} <Debug> executeQuery: Read 1 rows, 8.00 B in 0.001185 sec., 843.8818565400843 rows/sec., 6.59 KiB/sec.
2025.11.02 19:47:47.318011 [ 80 ] {414fbf89-5a25-4fab-bd4e-f52bd766a1c7} <Debug> DynamicQueryHandler: Done processing query
2025.11.02 19:47:47.318073 [ 80 ] {414fbf89-5a25-4fab-bd4e-f52bd766a1c7} <Debug> MemoryTracker: Query peak memory usage: 4.00 MiB.
2025.11.02 19:47:47.318209 [ 80 ] {} <Debug> HTTP-Session-1b38050f-4bb6-43fe-9137-341b6663a43f: 1b38050f-4bb6-43fe-9137-341b6663a43f Logout, user_id: 94309d50-4f52-5250-31bd-74fecac179db
2025.11.02 19:47:47.343179 [ 80 ] {} <Debug> HTTP-Session-276e5db5-1608-4790-9f7b-2d81d574a02f: Authenticating user 'default' from 172.19.0.7:57450
2025.11.02 19:47:47.343387 [ 80 ] {} <Debug> HTTP-Session-276e5db5-1608-4790-9f7b-2d81d574a02f: 276e5db5-1608-4790-9f7b-2d81d574a02f Authenticated with global context as user 94309d50-4f52-5250-31bd-74fecac179db
2025.11.02 19:47:47.343500 [ 80 ] {} <Debug> HTTP-Session-276e5db5-1608-4790-9f7b-2d81d574a02f: Creating session context with user_id: 94309d50-4f52-5250-31bd-74fecac179db
2025.11.02 19:47:47.343911 [ 80 ] {da0c721b-eec1-4551-80af-9a3db0f0a70f} <Debug> executeQuery: (from 172.19.0.7:57450) SELECT `create_time`, `id` FROM `runtime_db`.`runtime_tbl_local` WHERE (_partition_id = '3') AND ((1=1) AND (1=1))  (stage: Complete)
2025.11.02 19:47:47.344711 [ 80 ] {da0c721b-eec1-4551-80af-9a3db0f0a70f} <Debug> runtime_db.runtime_tbl_local (8dc211c3-34d4-4455-8272-2ead0556e752) (SelectExecutor): Key condition: unknown, true, and
2025.11.02 19:47:47.344942 [ 80 ] {da0c721b-eec1-4551-80af-9a3db0f0a70f} <Debug> runtime_db.runtime_tbl_local (8dc211c3-34d4-4455-8272-2ead0556e752) (SelectExecutor): MinMax index condition: unknown, true, and
2025.11.02 19:47:47.345082 [ 80 ] {da0c721b-eec1-4551-80af-9a3db0f0a70f} <Debug> runtime_db.runtime_tbl_local (8dc211c3-34d4-4455-8272-2ead0556e752) (SelectExecutor): PK index has dropped 0/1 granules, it took 0ms across 1 threads.
2025.11.02 19:47:47.345200 [ 80 ] {da0c721b-eec1-4551-80af-9a3db0f0a70f} <Debug> runtime_db.runtime_tbl_local (8dc211c3-34d4-4455-8272-2ead0556e752) (SelectExecutor): Selected 1/1 parts by partition key, 1 parts by primary key, 1/1 marks by primary key, 1 marks to read from 1 ranges
2025.11.02 19:47:47.346313 [ 80 ] {da0c721b-eec1-4551-80af-9a3db0f0a70f} <Debug> executeQuery: Read 1 rows, 12.00 B in 0.002573 sec., 388.65137971239795 rows/sec., 4.55 KiB/sec.
2025.11.02 19:47:47.347158 [ 80 ] {da0c721b-eec1-4551-80af-9a3db0f0a70f} <Debug> DynamicQueryHandler: Done processing query
2025.11.02 19:47:47.347640 [ 80 ] {da0c721b-eec1-4551-80af-9a3db0f0a70f} <Debug> MemoryTracker: Query peak memory usage: 4.00 MiB.
2025.11.02 19:47:47.347873 [ 80 ] {} <Debug> HTTP-Session-276e5db5-1608-4790-9f7b-2d81d574a02f: 276e5db5-1608-4790-9f7b-2d81d574a02f Logout, user_id: 94309d50-4f52-5250-31bd-74fecac179db
2025.11.02 19:47:47.411207 [ 80 ] {} <Debug> HTTP-Session-7eaf2f6d-10c6-4d72-a625-a52045268b1d: Authenticating user 'default' from 172.19.0.7:57466
2025.11.02 19:47:47.411272 [ 80 ] {} <Debug> HTTP-Session-7eaf2f6d-10c6-4d72-a625-a52045268b1d: 7eaf2f6d-10c6-4d72-a625-a52045268b1d Authenticated with global context as user 94309d50-4f52-5250-31bd-74fecac179db
2025.11.02 19:47:47.411312 [ 80 ] {} <Debug> HTTP-Session-7eaf2f6d-10c6-4d72-a625-a52045268b1d: Creating session context with user_id: 94309d50-4f52-5250-31bd-74fecac179db
2025.11.02 19:47:47.411448 [ 80 ] {cda90f3a-3320-4f98-92c9-2e3f242d9839} <Debug> executeQuery: (from 172.19.0.7:57466) SELECT `id` FROM `runtime_db`.`runtime_tbl_local` WHERE (_partition_id = '3') AND ((1=1) AND (1=1))  (stage: Complete)
2025.11.02 19:47:47.411745 [ 80 ] {cda90f3a-3320-4f98-92c9-2e3f242d9839} <Debug> runtime_db.runtime_tbl_local (8dc211c3-34d4-4455-8272-2ead0556e752) (SelectExecutor): Key condition: unknown, true, and
2025.11.02 19:47:47.411785 [ 80 ] {cda90f3a-3320-4f98-92c9-2e3f242d9839} <Debug> runtime_db.runtime_tbl_local (8dc211c3-34d4-4455-8272-2ead0556e752) (SelectExecutor): MinMax index condition: unknown, true, and
2025.11.02 19:47:47.411848 [ 80 ] {cda90f3a-3320-4f98-92c9-2e3f242d9839} <Debug> runtime_db.runtime_tbl_local (8dc211c3-34d4-4455-8272-2ead0556e752) (SelectExecutor): PK index has dropped 0/1 granules, it took 0ms across 1 threads.
2025.11.02 19:47:47.411932 [ 80 ] {cda90f3a-3320-4f98-92c9-2e3f242d9839} <Debug> runtime_db.runtime_tbl_local (8dc211c3-34d4-4455-8272-2ead0556e752) (SelectExecutor): Selected 1/1 parts by partition key, 1 parts by primary key, 1/1 marks by primary key, 1 marks to read from 1 ranges
2025.11.02 19:47:47.412815 [ 80 ] {cda90f3a-3320-4f98-92c9-2e3f242d9839} <Debug> executeQuery: Read 1 rows, 8.00 B in 0.001406 sec., 711.2375533428166 rows/sec., 5.56 KiB/sec.
2025.11.02 19:47:47.413204 [ 80 ] {cda90f3a-3320-4f98-92c9-2e3f242d9839} <Debug> DynamicQueryHandler: Done processing query
2025.11.02 19:47:47.413312 [ 80 ] {cda90f3a-3320-4f98-92c9-2e3f242d9839} <Debug> MemoryTracker: Query peak memory usage: 4.00 MiB.
2025.11.02 19:47:47.413379 [ 80 ] {} <Debug> HTTP-Session-7eaf2f6d-10c6-4d72-a625-a52045268b1d: 7eaf2f6d-10c6-4d72-a625-a52045268b1d Logout, user_id: 94309d50-4f52-5250-31bd-74fecac179db
2025.11.02 19:47:47.429487 [ 80 ] {} <Debug> HTTP-Session-87205d74-860f-4011-9978-73d8be2f99ff: Authenticating user 'default' from 172.19.0.7:57476
2025.11.02 19:47:47.429689 [ 80 ] {} <Debug> HTTP-Session-87205d74-860f-4011-9978-73d8be2f99ff: 87205d74-860f-4011-9978-73d8be2f99ff Authenticated with global context as user 94309d50-4f52-5250-31bd-74fecac179db
2025.11.02 19:47:47.429835 [ 80 ] {} <Debug> HTTP-Session-87205d74-860f-4011-9978-73d8be2f99ff: Creating session context with user_id: 94309d50-4f52-5250-31bd-74fecac179db
2025.11.02 19:47:47.430231 [ 80 ] {c0c5d76a-b71a-4677-83e9-2b6d3b273a4d} <Debug> executeQuery: (from 172.19.0.7:57476) SELECT `create_time`, `id` FROM `runtime_db`.`runtime_tbl_local` WHERE (_partition_id = '3') AND ((1=1) AND (1=1))  (stage: Complete)
2025.11.02 19:47:47.430992 [ 80 ] {c0c5d76a-b71a-4677-83e9-2b6d3b273a4d} <Debug> runtime_db.runtime_tbl_local (8dc211c3-34d4-4455-8272-2ead0556e752) (SelectExecutor): Key condition: unknown, true, and
2025.11.02 19:47:47.431159 [ 80 ] {c0c5d76a-b71a-4677-83e9-2b6d3b273a4d} <Debug> runtime_db.runtime_tbl_local (8dc211c3-34d4-4455-8272-2ead0556e752) (SelectExecutor): MinMax index condition: unknown, true, and
2025.11.02 19:47:47.431293 [ 80 ] {c0c5d76a-b71a-4677-83e9-2b6d3b273a4d} <Debug> runtime_db.runtime_tbl_local (8dc211c3-34d4-4455-8272-2ead0556e752) (SelectExecutor): PK index has dropped 0/1 granules, it took 0ms across 1 threads.
2025.11.02 19:47:47.431411 [ 80 ] {c0c5d76a-b71a-4677-83e9-2b6d3b273a4d} <Debug> runtime_db.runtime_tbl_local (8dc211c3-34d4-4455-8272-2ead0556e752) (SelectExecutor): Selected 1/1 parts by partition key, 1 parts by primary key, 1/1 marks by primary key, 1 marks to read from 1 ranges
2025.11.02 19:47:47.432571 [ 80 ] {c0c5d76a-b71a-4677-83e9-2b6d3b273a4d} <Debug> executeQuery: Read 1 rows, 12.00 B in 0.002374 sec., 421.2299915754002 rows/sec., 4.94 KiB/sec.
2025.11.02 19:47:47.433239 [ 80 ] {c0c5d76a-b71a-4677-83e9-2b6d3b273a4d} <Debug> DynamicQueryHandler: Done processing query
2025.11.02 19:47:47.433388 [ 80 ] {c0c5d76a-b71a-4677-83e9-2b6d3b273a4d} <Debug> MemoryTracker: Query peak memory usage: 4.00 MiB.
2025.11.02 19:47:47.433524 [ 80 ] {} <Debug> HTTP-Session-87205d74-860f-4011-9978-73d8be2f99ff: 87205d74-860f-4011-9978-73d8be2f99ff Logout, user_id: 94309d50-4f52-5250-31bd-74fecac179db
2025.11.02 19:47:47.462869 [ 81 ] {4ab8eefa-ceef-4196-bdc6-b625e8e51fb9} <Debug> executeQuery: (from 172.19.0.5:59514, initial_query_id: 929e640a-183e-4a79-860d-ba6c637f951c) SELECT `__table1`.`create_time` AS `create_time`, `__table1`.`y` AS `y`, `__table1`.`m` AS `m`, `__table1`.`id` AS `id`, `__table1`.`value` AS `value` FROM `runtime_db`.`runtime_tbl_local` AS `__table1` WHERE _CAST(0, 'UInt8') (stage: Complete)
2025.11.02 19:47:47.463182 [ 81 ] {4ab8eefa-ceef-4196-bdc6-b625e8e51fb9} <Debug> runtime_db.runtime_tbl_local (8dc211c3-34d4-4455-8272-2ead0556e752) (SelectExecutor): Selected 0/0 parts by partition key, 0 parts by primary key, 0/0 marks by primary key, 0 marks to read from 0 ranges
2025.11.02 19:47:47.463613 [ 81 ] {4ab8eefa-ceef-4196-bdc6-b625e8e51fb9} <Debug> TCPHandler: Processed in 0.000933084 sec.
2025.11.02 19:47:47.496408 [ 80 ] {} <Debug> HTTP-Session-ca9edd8d-e004-4021-a260-de1af3e83c63: Authenticating user 'default' from 172.19.0.7:57486
2025.11.02 19:47:47.496499 [ 80 ] {} <Debug> HTTP-Session-ca9edd8d-e004-4021-a260-de1af3e83c63: ca9edd8d-e004-4021-a260-de1af3e83c63 Authenticated with global context as user 94309d50-4f52-5250-31bd-74fecac179db
2025.11.02 19:47:47.496552 [ 80 ] {} <Debug> HTTP-Session-ca9edd8d-e004-4021-a260-de1af3e83c63: Creating session context with user_id: 94309d50-4f52-5250-31bd-74fecac179db
2025.11.02 19:47:47.496773 [ 80 ] {2443be12-df3d-435f-9c97-af6dea2a3b78} <Debug> executeQuery: (from 172.19.0.7:57486) SELECT partition, -- String
 partition_id, -- String
 sum(rows) AS row_count, -- UInt64
 sum(bytes_on_disk) AS size_in_bytes -- UInt64
 FROM `system`.`parts` WHERE `database`='runtime_db' AND `table`='runtime_tbl_local' AND `active`=1 GROUP BY `partition`, `partition_id` ORDER BY `partition` ASC, partition_id ASC  (stage: Complete)
2025.11.02 19:47:47.498696 [ 80 ] {2443be12-df3d-435f-9c97-af6dea2a3b78} <Debug> executeQuery: Read 1 rows, 82.00 B in 0.002006 sec., 498.5044865403789 rows/sec., 39.92 KiB/sec.
2025.11.02 19:47:47.499166 [ 80 ] {2443be12-df3d-435f-9c97-af6dea2a3b78} <Debug> DynamicQueryHandler: Done processing query
2025.11.02 19:47:47.499345 [ 80 ] {2443be12-df3d-435f-9c97-af6dea2a3b78} <Debug> MemoryTracker: Query peak memory usage: 4.01 MiB.
2025.11.02 19:47:47.499418 [ 80 ] {} <Debug> HTTP-Session-ca9edd8d-e004-4021-a260-de1af3e83c63: ca9edd8d-e004-4021-a260-de1af3e83c63 Logout, user_id: 94309d50-4f52-5250-31bd-74fecac179db
2025.11.02 19:47:47.516470 [ 80 ] {} <Debug> HTTP-Session-88e09892-1ad3-4ad0-bed0-ddaceed6563d: Authenticating user 'default' from 172.19.0.7:57490
2025.11.02 19:47:47.516562 [ 80 ] {} <Debug> HTTP-Session-88e09892-1ad3-4ad0-bed0-ddaceed6563d: 88e09892-1ad3-4ad0-bed0-ddaceed6563d Authenticated with global context as user 94309d50-4f52-5250-31bd-74fecac179db
2025.11.02 19:47:47.516621 [ 80 ] {} <Debug> HTTP-Session-88e09892-1ad3-4ad0-bed0-ddaceed6563d: Creating session context with user_id: 94309d50-4f52-5250-31bd-74fecac179db
2025.11.02 19:47:47.516844 [ 80 ] {c5878ad5-f7f3-42cc-a35a-fb25585031ec} <Debug> executeQuery: (from 172.19.0.7:57490) SELECT partition, -- String
 partition_id, -- String
 sum(rows) AS row_count, -- UInt64
 sum(bytes_on_disk) AS size_in_bytes -- UInt64
 FROM `system`.`parts` WHERE `database`='runtime_db' AND `table`='runtime_tbl_local' AND `active`=1 GROUP BY `partition`, `partition_id` ORDER BY `partition` ASC, partition_id ASC  (stage: Complete)
2025.11.02 19:47:47.518502 [ 80 ] {c5878ad5-f7f3-42cc-a35a-fb25585031ec} <Debug> executeQuery: Read 1 rows, 82.00 B in 0.00174 sec., 574.7126436781609 rows/sec., 46.02 KiB/sec.
2025.11.02 19:47:47.518986 [ 80 ] {c5878ad5-f7f3-42cc-a35a-fb25585031ec} <Debug> DynamicQueryHandler: Done processing query
2025.11.02 19:47:47.519069 [ 80 ] {c5878ad5-f7f3-42cc-a35a-fb25585031ec} <Debug> MemoryTracker: Query peak memory usage: 4.01 MiB.
2025.11.02 19:47:47.519135 [ 80 ] {} <Debug> HTTP-Session-88e09892-1ad3-4ad0-bed0-ddaceed6563d: 88e09892-1ad3-4ad0-bed0-ddaceed6563d Logout, user_id: 94309d50-4f52-5250-31bd-74fecac179db
2025.11.02 19:47:47.545405 [ 80 ] {} <Debug> HTTP-Session-3c940bef-3337-4efd-b0ed-0d5476087704: Authenticating user 'default' from 172.19.0.7:57502
2025.11.02 19:47:47.545490 [ 80 ] {} <Debug> HTTP-Session-3c940bef-3337-4efd-b0ed-0d5476087704: 3c940bef-3337-4efd-b0ed-0d5476087704 Authenticated with global context as user 94309d50-4f52-5250-31bd-74fecac179db
2025.11.02 19:47:47.545546 [ 80 ] {} <Debug> HTTP-Session-3c940bef-3337-4efd-b0ed-0d5476087704: Creating session context with user_id: 94309d50-4f52-5250-31bd-74fecac179db
2025.11.02 19:47:47.545759 [ 80 ] {da569c71-939c-43b7-9935-8f4bfc40f3b3} <Debug> executeQuery: (from 172.19.0.7:57502) SELECT partition, -- String
 partition_id, -- String
 sum(rows) AS row_count, -- UInt64
 sum(bytes_on_disk) AS size_in_bytes -- UInt64
 FROM `system`.`parts` WHERE `database`='runtime_db' AND `table`='runtime_tbl_local' AND `active`=1 GROUP BY `partition`, `partition_id` ORDER BY `partition` ASC, partition_id ASC  (stage: Complete)
2025.11.02 19:47:47.547423 [ 80 ] {da569c71-939c-43b7-9935-8f4bfc40f3b3} <Debug> executeQuery: Read 1 rows, 82.00 B in 0.001752 sec., 570.7762557077625 rows/sec., 45.71 KiB/sec.
2025.11.02 19:47:47.547804 [ 80 ] {da569c71-939c-43b7-9935-8f4bfc40f3b3} <Debug> DynamicQueryHandler: Done processing query
2025.11.02 19:47:47.547909 [ 80 ] {da569c71-939c-43b7-9935-8f4bfc40f3b3} <Debug> MemoryTracker: Query peak memory usage: 4.02 MiB.
2025.11.02 19:47:47.548011 [ 80 ] {} <Debug> HTTP-Session-3c940bef-3337-4efd-b0ed-0d5476087704: 3c940bef-3337-4efd-b0ed-0d5476087704 Logout, user_id: 94309d50-4f52-5250-31bd-74fecac179db
2025.11.02 19:47:47.564837 [ 80 ] {} <Debug> HTTP-Session-9ff43a57-05a4-4eb9-9a8e-f012eee5b057: Authenticating user 'default' from 172.19.0.7:57512
2025.11.02 19:47:47.564931 [ 80 ] {} <Debug> HTTP-Session-9ff43a57-05a4-4eb9-9a8e-f012eee5b057: 9ff43a57-05a4-4eb9-9a8e-f012eee5b057 Authenticated with global context as user 94309d50-4f52-5250-31bd-74fecac179db
2025.11.02 19:47:47.565015 [ 80 ] {} <Debug> HTTP-Session-9ff43a57-05a4-4eb9-9a8e-f012eee5b057: Creating session context with user_id: 94309d50-4f52-5250-31bd-74fecac179db
2025.11.02 19:47:47.565325 [ 80 ] {30d95836-6139-4d33-afac-267fdfcfdffa} <Debug> executeQuery: (from 172.19.0.7:57512) SELECT partition, -- String
 partition_id, -- String
 sum(rows) AS row_count, -- UInt64
 sum(bytes_on_disk) AS size_in_bytes -- UInt64
 FROM `system`.`parts` WHERE `database`='runtime_db' AND `table`='runtime_tbl_local' AND `active`=1 GROUP BY `partition`, `partition_id` ORDER BY `partition` ASC, partition_id ASC  (stage: Complete)
2025.11.02 19:47:47.567332 [ 80 ] {30d95836-6139-4d33-afac-267fdfcfdffa} <Debug> executeQuery: Read 1 rows, 82.00 B in 0.002092 sec., 478.0114722753346 rows/sec., 38.28 KiB/sec.
2025.11.02 19:47:47.567712 [ 80 ] {30d95836-6139-4d33-afac-267fdfcfdffa} <Debug> DynamicQueryHandler: Done processing query
2025.11.02 19:47:47.567799 [ 80 ] {30d95836-6139-4d33-afac-267fdfcfdffa} <Debug> MemoryTracker: Query peak memory usage: 4.01 MiB.
2025.11.02 19:47:47.567902 [ 80 ] {} <Debug> HTTP-Session-9ff43a57-05a4-4eb9-9a8e-f012eee5b057: 9ff43a57-05a4-4eb9-9a8e-f012eee5b057 Logout, user_id: 94309d50-4f52-5250-31bd-74fecac179db
2025.11.02 19:47:47.585386 [ 80 ] {} <Debug> HTTP-Session-00327159-a79a-455c-9911-9e6438d0312e: Authenticating user 'default' from 172.19.0.7:57524
2025.11.02 19:47:47.585464 [ 80 ] {} <Debug> HTTP-Session-00327159-a79a-455c-9911-9e6438d0312e: 00327159-a79a-455c-9911-9e6438d0312e Authenticated with global context as user 94309d50-4f52-5250-31bd-74fecac179db
2025.11.02 19:47:47.585521 [ 80 ] {} <Debug> HTTP-Session-00327159-a79a-455c-9911-9e6438d0312e: Creating session context with user_id: 94309d50-4f52-5250-31bd-74fecac179db
2025.11.02 19:47:47.585707 [ 80 ] {c802222b-a73f-4cbe-b857-44445870c150} <Debug> executeQuery: (from 172.19.0.7:57524) SELECT `id` FROM `runtime_db`.`runtime_tbl_local` WHERE (_partition_id = '3') AND ((1=1) AND (1=1))  (stage: Complete)
2025.11.02 19:47:47.586122 [ 80 ] {c802222b-a73f-4cbe-b857-44445870c150} <Debug> runtime_db.runtime_tbl_local (8dc211c3-34d4-4455-8272-2ead0556e752) (SelectExecutor): Key condition: unknown, true, and
2025.11.02 19:47:47.586185 [ 80 ] {c802222b-a73f-4cbe-b857-44445870c150} <Debug> runtime_db.runtime_tbl_local (8dc211c3-34d4-4455-8272-2ead0556e752) (SelectExecutor): MinMax index condition: unknown, true, and
2025.11.02 19:47:47.586244 [ 80 ] {c802222b-a73f-4cbe-b857-44445870c150} <Debug> runtime_db.runtime_tbl_local (8dc211c3-34d4-4455-8272-2ead0556e752) (SelectExecutor): PK index has dropped 0/1 granules, it took 0ms across 1 threads.
2025.11.02 19:47:47.586316 [ 80 ] {c802222b-a73f-4cbe-b857-44445870c150} <Debug> runtime_db.runtime_tbl_local (8dc211c3-34d4-4455-8272-2ead0556e752) (SelectExecutor): Selected 1/1 parts by partition key, 1 parts by primary key, 1/1 marks by primary key, 1 marks to read from 1 ranges
2025.11.02 19:47:47.586959 [ 80 ] {c802222b-a73f-4cbe-b857-44445870c150} <Debug> executeQuery: Read 1 rows, 8.00 B in 0.001304 sec., 766.8711656441718 rows/sec., 5.99 KiB/sec.
2025.11.02 19:47:47.587232 [ 80 ] {c802222b-a73f-4cbe-b857-44445870c150} <Debug> DynamicQueryHandler: Done processing query
2025.11.02 19:47:47.587302 [ 80 ] {c802222b-a73f-4cbe-b857-44445870c150} <Debug> MemoryTracker: Query peak memory usage: 4.00 MiB.
2025.11.02 19:47:47.587399 [ 80 ] {} <Debug> HTTP-Session-00327159-a79a-455c-9911-9e6438d0312e: 00327159-a79a-455c-9911-9e6438d0312e Logout, user_id: 94309d50-4f52-5250-31bd-74fecac179db
2025.11.02 19:47:47.605819 [ 80 ] {} <Debug> HTTP-Session-16813ce0-6a35-435f-ab0a-aeef88660e06: Authenticating user 'default' from 172.19.0.7:57536
2025.11.02 19:47:47.606123 [ 80 ] {} <Debug> HTTP-Session-16813ce0-6a35-435f-ab0a-aeef88660e06: 16813ce0-6a35-435f-ab0a-aeef88660e06 Authenticated with global context as user 94309d50-4f52-5250-31bd-74fecac179db
2025.11.02 19:47:47.606276 [ 80 ] {} <Debug> HTTP-Session-16813ce0-6a35-435f-ab0a-aeef88660e06: Creating session context with user_id: 94309d50-4f52-5250-31bd-74fecac179db
2025.11.02 19:47:47.606911 [ 80 ] {b895afe0-fae5-4dd6-8eaa-006b7fdddf27} <Debug> executeQuery: (from 172.19.0.7:57536) SELECT `create_time`, `id` FROM `runtime_db`.`runtime_tbl_local` WHERE (_partition_id = '3') AND ((1=1) AND (1=1))  (stage: Complete)
2025.11.02 19:47:47.608913 [ 80 ] {b895afe0-fae5-4dd6-8eaa-006b7fdddf27} <Debug> runtime_db.runtime_tbl_local (8dc211c3-34d4-4455-8272-2ead0556e752) (SelectExecutor): Key condition: unknown, true, and
2025.11.02 19:47:47.609057 [ 80 ] {b895afe0-fae5-4dd6-8eaa-006b7fdddf27} <Debug> runtime_db.runtime_tbl_local (8dc211c3-34d4-4455-8272-2ead0556e752) (SelectExecutor): MinMax index condition: unknown, true, and
2025.11.02 19:47:47.609188 [ 80 ] {b895afe0-fae5-4dd6-8eaa-006b7fdddf27} <Debug> runtime_db.runtime_tbl_local (8dc211c3-34d4-4455-8272-2ead0556e752) (SelectExecutor): PK index has dropped 0/1 granules, it took 0ms across 1 threads.
2025.11.02 19:47:47.609291 [ 80 ] {b895afe0-fae5-4dd6-8eaa-006b7fdddf27} <Debug> runtime_db.runtime_tbl_local (8dc211c3-34d4-4455-8272-2ead0556e752) (SelectExecutor): Selected 1/1 parts by partition key, 1 parts by primary key, 1/1 marks by primary key, 1 marks to read from 1 ranges
2025.11.02 19:47:47.610191 [ 80 ] {b895afe0-fae5-4dd6-8eaa-006b7fdddf27} <Debug> executeQuery: Read 1 rows, 12.00 B in 0.003358 sec., 297.79630732578914 rows/sec., 3.49 KiB/sec.
2025.11.02 19:47:47.610848 [ 80 ] {b895afe0-fae5-4dd6-8eaa-006b7fdddf27} <Debug> DynamicQueryHandler: Done processing query
2025.11.02 19:47:47.611182 [ 80 ] {b895afe0-fae5-4dd6-8eaa-006b7fdddf27} <Debug> MemoryTracker: Query peak memory usage: 4.00 MiB.
2025.11.02 19:47:47.611425 [ 80 ] {} <Debug> HTTP-Session-16813ce0-6a35-435f-ab0a-aeef88660e06: 16813ce0-6a35-435f-ab0a-aeef88660e06 Logout, user_id: 94309d50-4f52-5250-31bd-74fecac179db
2025.11.02 19:47:47.651291 [ 80 ] {} <Debug> HTTP-Session-cb5820b3-65f0-4ca9-8894-29a83215cb75: Authenticating user 'default' from 172.19.0.7:57552
2025.11.02 19:47:47.652980 [ 80 ] {} <Debug> HTTP-Session-cb5820b3-65f0-4ca9-8894-29a83215cb75: cb5820b3-65f0-4ca9-8894-29a83215cb75 Authenticated with global context as user 94309d50-4f52-5250-31bd-74fecac179db
2025.11.02 19:47:47.653128 [ 80 ] {} <Debug> HTTP-Session-cb5820b3-65f0-4ca9-8894-29a83215cb75: Creating session context with user_id: 94309d50-4f52-5250-31bd-74fecac179db
2025.11.02 19:47:47.653285 [ 80 ] {be9ae4bb-3c90-47b9-a323-842702cd2129} <Debug> executeQuery: (from 172.19.0.7:57552) SELECT `id` FROM `runtime_db`.`runtime_tbl_local` WHERE (_partition_id = '3') AND ((1=1) AND (1=1))  (stage: Complete)
2025.11.02 19:47:47.653645 [ 80 ] {be9ae4bb-3c90-47b9-a323-842702cd2129} <Debug> runtime_db.runtime_tbl_local (8dc211c3-34d4-4455-8272-2ead0556e752) (SelectExecutor): Key condition: unknown, true, and
2025.11.02 19:47:47.653689 [ 80 ] {be9ae4bb-3c90-47b9-a323-842702cd2129} <Debug> runtime_db.runtime_tbl_local (8dc211c3-34d4-4455-8272-2ead0556e752) (SelectExecutor): MinMax index condition: unknown, true, and
2025.11.02 19:47:47.653747 [ 80 ] {be9ae4bb-3c90-47b9-a323-842702cd2129} <Debug> runtime_db.runtime_tbl_local (8dc211c3-34d4-4455-8272-2ead0556e752) (SelectExecutor): PK index has dropped 0/1 granules, it took 0ms across 1 threads.
2025.11.02 19:47:47.653790 [ 80 ] {be9ae4bb-3c90-47b9-a323-842702cd2129} <Debug> runtime_db.runtime_tbl_local (8dc211c3-34d4-4455-8272-2ead0556e752) (SelectExecutor): Selected 1/1 parts by partition key, 1 parts by primary key, 1/1 marks by primary key, 1 marks to read from 1 ranges
2025.11.02 19:47:47.655143 [ 80 ] {be9ae4bb-3c90-47b9-a323-842702cd2129} <Debug> executeQuery: Read 1 rows, 8.00 B in 0.001884 sec., 530.7855626326964 rows/sec., 4.15 KiB/sec.
2025.11.02 19:47:47.655896 [ 80 ] {be9ae4bb-3c90-47b9-a323-842702cd2129} <Debug> DynamicQueryHandler: Done processing query
2025.11.02 19:47:47.656138 [ 80 ] {be9ae4bb-3c90-47b9-a323-842702cd2129} <Debug> MemoryTracker: Query peak memory usage: 4.00 MiB.
2025.11.02 19:47:47.656235 [ 80 ] {} <Debug> HTTP-Session-cb5820b3-65f0-4ca9-8894-29a83215cb75: cb5820b3-65f0-4ca9-8894-29a83215cb75 Logout, user_id: 94309d50-4f52-5250-31bd-74fecac179db
2025.11.02 19:47:47.675491 [ 80 ] {} <Debug> HTTP-Session-bb712159-a7eb-47b0-a3eb-665f49652d3a: Authenticating user 'default' from 172.19.0.7:57568
2025.11.02 19:47:47.675640 [ 80 ] {} <Debug> HTTP-Session-bb712159-a7eb-47b0-a3eb-665f49652d3a: bb712159-a7eb-47b0-a3eb-665f49652d3a Authenticated with global context as user 94309d50-4f52-5250-31bd-74fecac179db
2025.11.02 19:47:47.675772 [ 80 ] {} <Debug> HTTP-Session-bb712159-a7eb-47b0-a3eb-665f49652d3a: Creating session context with user_id: 94309d50-4f52-5250-31bd-74fecac179db
2025.11.02 19:47:47.676142 [ 80 ] {dd8582ae-a095-4e2c-830a-e77edde7664f} <Debug> executeQuery: (from 172.19.0.7:57568) SELECT `create_time`, `id` FROM `runtime_db`.`runtime_tbl_local` WHERE (_partition_id = '3') AND ((1=1) AND (1=1))  (stage: Complete)
2025.11.02 19:47:47.676566 [ 80 ] {dd8582ae-a095-4e2c-830a-e77edde7664f} <Debug> runtime_db.runtime_tbl_local (8dc211c3-34d4-4455-8272-2ead0556e752) (SelectExecutor): Key condition: unknown, true, and
2025.11.02 19:47:47.676626 [ 80 ] {dd8582ae-a095-4e2c-830a-e77edde7664f} <Debug> runtime_db.runtime_tbl_local (8dc211c3-34d4-4455-8272-2ead0556e752) (SelectExecutor): MinMax index condition: unknown, true, and
2025.11.02 19:47:47.676766 [ 80 ] {dd8582ae-a095-4e2c-830a-e77edde7664f} <Debug> runtime_db.runtime_tbl_local (8dc211c3-34d4-4455-8272-2ead0556e752) (SelectExecutor): PK index has dropped 0/1 granules, it took 0ms across 1 threads.
2025.11.02 19:47:47.676906 [ 80 ] {dd8582ae-a095-4e2c-830a-e77edde7664f} <Debug> runtime_db.runtime_tbl_local (8dc211c3-34d4-4455-8272-2ead0556e752) (SelectExecutor): Selected 1/1 parts by partition key, 1 parts by primary key, 1/1 marks by primary key, 1 marks to read from 1 ranges
2025.11.02 19:47:47.677639 [ 80 ] {dd8582ae-a095-4e2c-830a-e77edde7664f} <Debug> executeQuery: Read 1 rows, 12.00 B in 0.001612 sec., 620.3473945409429 rows/sec., 7.27 KiB/sec.
2025.11.02 19:47:47.678157 [ 80 ] {dd8582ae-a095-4e2c-830a-e77edde7664f} <Debug> DynamicQueryHandler: Done processing query
2025.11.02 19:47:47.678330 [ 80 ] {dd8582ae-a095-4e2c-830a-e77edde7664f} <Debug> MemoryTracker: Query peak memory usage: 4.00 MiB.
2025.11.02 19:47:47.678576 [ 80 ] {} <Debug> HTTP-Session-bb712159-a7eb-47b0-a3eb-665f49652d3a: bb712159-a7eb-47b0-a3eb-665f49652d3a Logout, user_id: 94309d50-4f52-5250-31bd-74fecac179db
2025.11.02 19:47:47.706593 [ 727 ] {} <Debug> DDLWorker: Scheduling tasks
2025.11.02 19:47:47.707261 [ 727 ] {} <Debug> DDLWorker: Will schedule 1 tasks starting from query-0000000015
2025.11.02 19:47:47.708024 [ 727 ] {} <Debug> DDLWorker: Processing task query-0000000015 (query: DROP TABLE IF EXISTS runtime_db.runtime_tbl, backup restore: false)
2025.11.02 19:47:47.709569 [ 727 ] {} <Debug> DDLWorker: Executing query: DROP TABLE IF EXISTS runtime_db.runtime_tbl
2025.11.02 19:47:47.709663 [ 727 ] {0346271d-8109-4ce7-9e59-35692b5f8eb1} <Debug> executeQuery: (from 0.0.0.0:0, user: , initial_query_id: c0fa714f-28bd-4517-a2c0-360a36bc05a4) /* ddl_entry=query-0000000015 */ DROP TABLE IF EXISTS runtime_db.runtime_tbl (stage: Complete)
2025.11.02 19:47:47.709751 [ 727 ] {0346271d-8109-4ce7-9e59-35692b5f8eb1} <Information> StorageDistributed (runtime_tbl): Flushing pending INSERT blocks
2025.11.02 19:47:47.709952 [ 727 ] {0346271d-8109-4ce7-9e59-35692b5f8eb1} <Information> StorageDistributed (runtime_tbl): Pending INSERT blocks flushed, took 0 ms.
2025.11.02 19:47:47.710085 [ 727 ] {0346271d-8109-4ce7-9e59-35692b5f8eb1} <Debug> StorageDistributed (runtime_tbl): Joining background threads for async INSERT
2025.11.02 19:47:47.710140 [ 727 ] {0346271d-8109-4ce7-9e59-35692b5f8eb1} <Debug> StorageDistributed (runtime_tbl): Background threads for async INSERT joined
2025.11.02 19:47:47.710293 [ 727 ] {0346271d-8109-4ce7-9e59-35692b5f8eb1} <Debug> DDLWorker: Executed query: /* ddl_entry=query-0000000015 */ DROP TABLE IF EXISTS runtime_db.runtime_tbl
2025.11.02 19:47:47.711185 [ 727 ] {} <Debug> DDLWorker: Waiting for queue updates
2025.11.02 19:47:47.769419 [ 727 ] {} <Debug> DDLWorker: Scheduling tasks
2025.11.02 19:47:47.769874 [ 727 ] {} <Debug> DDLWorker: Will schedule 1 tasks starting from query-0000000016
2025.11.02 19:47:47.770618 [ 727 ] {} <Debug> DDLWorker: Processing task query-0000000016 (query: DROP TABLE IF EXISTS runtime_db.runtime_tbl_local, backup restore: false)
2025.11.02 19:47:47.771604 [ 727 ] {} <Debug> DDLWorker: Executing query: DROP TABLE IF EXISTS runtime_db.runtime_tbl_local
2025.11.02 19:47:47.771705 [ 727 ] {14b80508-34cd-4e8f-808f-fbb8d1f8cde6} <Debug> executeQuery: (from 0.0.0.0:0, user: , initial_query_id: c52b84a7-5367-4b1b-8496-b3ded377f9f4) /* ddl_entry=query-0000000016 */ DROP TABLE IF EXISTS runtime_db.runtime_tbl_local (stage: Complete)
2025.11.02 19:47:47.771842 [ 727 ] {14b80508-34cd-4e8f-808f-fbb8d1f8cde6} <Debug> DDLWorker: Executed query: /* ddl_entry=query-0000000016 */ DROP TABLE IF EXISTS runtime_db.runtime_tbl_local
2025.11.02 19:47:47.773269 [ 727 ] {} <Debug> DDLWorker: Waiting for queue updates
2025.11.02 19:47:47.832463 [ 727 ] {} <Debug> DDLWorker: Scheduling tasks
2025.11.02 19:47:47.833067 [ 727 ] {} <Debug> DDLWorker: Will schedule 1 tasks starting from query-0000000017
2025.11.02 19:47:47.834019 [ 727 ] {} <Debug> DDLWorker: Processing task query-0000000017 (query: DROP DATABASE IF EXISTS runtime_db, backup restore: false)
2025.11.02 19:47:47.834740 [ 727 ] {} <Debug> DDLWorker: Executing query: DROP DATABASE IF EXISTS runtime_db
2025.11.02 19:47:47.834855 [ 727 ] {718de701-3d6e-4334-abdd-5710a67599eb} <Debug> executeQuery: (from 0.0.0.0:0, user: , initial_query_id: 6c7476a1-354b-43cf-b49a-34b668acc81e) /* ddl_entry=query-0000000017 */ DROP DATABASE IF EXISTS runtime_db (stage: Complete)
2025.11.02 19:47:47.834991 [ 727 ] {718de701-3d6e-4334-abdd-5710a67599eb} <Debug> DatabaseAtomic (runtime_db): There are 0 detached tables. Start searching non used tables.
2025.11.02 19:47:47.835042 [ 727 ] {718de701-3d6e-4334-abdd-5710a67599eb} <Debug> DatabaseAtomic (runtime_db): Found 0 non used tables in detached tables.
2025.11.02 19:47:47.835226 [ 727 ] {718de701-3d6e-4334-abdd-5710a67599eb} <Debug> DDLWorker: Executed query: /* ddl_entry=query-0000000017 */ DROP DATABASE IF EXISTS runtime_db
2025.11.02 19:47:47.835826 [ 727 ] {} <Debug> DDLWorker: Waiting for queue updates
2025.11.02 19:47:48.501414 [ 79 ] {} <Information> Application: Received termination signal (Terminated)
2025.11.02 19:47:48.501566 [ 1 ] {} <Debug> Application: Received termination signal.
2025.11.02 19:47:48.501924 [ 1 ] {} <Debug> Application: Waiting for current connections to close.
2025.11.02 19:47:48.502970 [ 1 ] {} <Warning> Application: Closed all listening sockets. Waiting for 2 outstanding connections.
2025.11.02 19:47:52.266414 [ 1 ] {} <Information> SentryWriter: Sending crash reports is disabled
2025.11.02 19:47:52.294799 [ 1 ] {} <Information> Application: Starting ClickHouse 25.3.7.194 (revision: 54502, git hash: 36637934778b7d39b37f378d258359dd6ffdd110, build id: E09B0ADBF9AF0530703B179DBA02705D5DF508C0), PID 1
2025.11.02 19:47:52.294917 [ 1 ] {} <Information> Application: starting up
2025.11.02 19:47:52.294963 [ 1 ] {} <Information> Application: OS name: Linux, version: 6.10.14-linuxkit, architecture: aarch64
2025.11.02 19:47:52.295029 [ 1 ] {} <Information> Jemalloc: Value for background_thread set to true (from true)
2025.11.02 19:47:52.296397 [ 1 ] {} <Information> Application: Available RAM: 7.65 GiB; logical cores: 14; used cores: 14.
2025.11.02 19:47:52.296885 [ 1 ] {} <Information> CgroupsReader: Will create cgroup reader from '/sys/fs/cgroup/' (cgroups version: v2)
2025.11.02 19:47:52.298598 [ 1 ] {} <Warning> Application: Integrity check of the executable skipped because the reference checksum could not be read.
2025.11.02 19:47:52.298773 [ 1 ] {} <Information> Application: It looks like the process has no CAP_IPC_LOCK capability, binary mlock will be disabled. It could happen due to incorrect ClickHouse package installation. You could resolve the problem manually with 'sudo setcap cap_ipc_lock=+ep /usr/bin/clickhouse'. Note that it will not work on 'nosuid' mounted filesystems.
2025.11.02 19:47:52.298813 [ 1 ] {} <Information> MemoryWorker: Starting background memory thread with period of 50ms, using Cgroups as source
2025.11.02 19:47:52.298881 [ 1 ] {} <Information> BackgroundSchedulePool/BgSchPool: Create BackgroundSchedulePool with 512 threads
2025.11.02 19:47:52.319053 [ 1 ] {} <Debug> Application: rlimit on number of file descriptors is 1048576
2025.11.02 19:47:52.319638 [ 1 ] {} <Debug> Application: rlimit on number of threads is 18446744073709551615
2025.11.02 19:47:52.320127 [ 1 ] {} <Debug> Application: Initializing DateLUT.
2025.11.02 19:47:52.320243 [ 1 ] {} <Debug> Context: Setting up /var/lib/clickhouse/tmp/ to store temporary data in it
2025.11.02 19:47:52.320449 [ 1 ] {} <Debug> Application: Initializing interserver credentials.
2025.11.02 19:47:52.320553 [ 1 ] {} <Information> Application: Lowered uncompressed cache size to 3.83 GiB because the system has limited RAM
2025.11.02 19:47:52.320637 [ 1 ] {} <Information> Application: Lowered mark cache size to 3.83 GiB because the system has limited RAM
2025.11.02 19:47:52.321568 [ 1 ] {} <Information> Application: Lowered primary index cache size to 3.83 GiB because the system has limited RAM
2025.11.02 19:47:52.322545 [ 1 ] {} <Information> Application: Lowered index mark cache size to 3.83 GiB because the system has limited RAM
2025.11.02 19:47:52.322836 [ 1 ] {} <Debug> FileCacheFactory: Will load 0 caches from default cache config
2025.11.02 19:47:52.323468 [ 1 ] {} <Debug> ConfigReloader: Loading config '/etc/clickhouse-server/config.xml'
2025.11.02 19:47:52.323533 [ 1 ] {} <Debug> ConfigProcessor: Processing configuration file '/etc/clickhouse-server/config.xml'.
2025.11.02 19:47:52.324050 [ 1 ] {} <Debug> ConfigProcessor: Merging configuration file '/etc/clickhouse-server/config.d/docker_related_config.xml'.
2025.11.02 19:47:52.324175 [ 1 ] {} <Debug> ConfigProcessor: Merging configuration file '/etc/clickhouse-server/config.d/interserver_http_host.xml'.
2025.11.02 19:47:52.324709 [ 1 ] {} <Debug> ConfigProcessor: Merging configuration file '/etc/clickhouse-server/config.d/macros.xml'.
2025.11.02 19:47:52.325452 [ 1 ] {} <Debug> ConfigProcessor: Merging configuration file '/etc/clickhouse-server/config.d/remote_servers.xml'.
2025.11.02 19:47:52.326646 [ 1 ] {} <Debug> ConfigProcessor: Merging configuration file '/etc/clickhouse-server/config.d/zookeeper.xml'.
2025.11.02 19:47:52.327288 [ 1 ] {} <Debug> ConfigProcessor: Saved preprocessed configuration to '/var/lib/clickhouse/preprocessed_configs/config.xml'.
2025.11.02 19:47:52.327613 [ 1 ] {} <Debug> ConfigReloader: Loaded config '/etc/clickhouse-server/config.xml', performing update on configuration
2025.11.02 19:47:52.328380 [ 1 ] {} <Information> Application: Changed setting 'max_server_memory_usage' to 6.89 GiB (7.65 GiB available memory * 0.90 max_server_memory_usage_to_ram_ratio)
2025.11.02 19:47:52.328439 [ 1 ] {} <Information> Application: Setting merges_mutations_memory_usage_soft_limit was set to 3.83 GiB (7.65 GiB available * 0.50 merges_mutations_memory_usage_to_ram_ratio)
2025.11.02 19:47:52.328481 [ 1 ] {} <Information> Application: Merges and mutations memory limit is set to 3.83 GiB
2025.11.02 19:47:52.329399 [ 1 ] {} <Information> Application: Setting max_remote_read_network_bandwidth_for_server was set to 0
2025.11.02 19:47:52.329558 [ 1 ] {} <Information> Application: Setting max_remote_write_network_bandwidth_for_server was set to 0
2025.11.02 19:47:52.330800 [ 1 ] {} <Information> Application: Setting max_local_read_bandwidth_for_server was set to 0
2025.11.02 19:47:52.330924 [ 1 ] {} <Information> Application: Setting max_local_write_bandwidth_for_server was set to 0
2025.11.02 19:47:52.331067 [ 1 ] {} <Information> Application: ConcurrencyControl limit is set to UNLIMITED CPU slots with 'round_robin' scheduler
2025.11.02 19:47:52.331143 [ 1 ] {} <Information> BackgroundSchedulePool/BgBufSchPool: Create BackgroundSchedulePool with 16 threads
2025.11.02 19:47:52.331706 [ 1 ] {} <Information> BackgroundSchedulePool/BgMBSchPool: Create BackgroundSchedulePool with 16 threads
2025.11.02 19:47:52.332447 [ 1 ] {} <Information> BackgroundSchedulePool/BgDistSchPool: Create BackgroundSchedulePool with 16 threads
2025.11.02 19:47:52.333323 [ 1 ] {} <Debug> ConfigReloader: Loaded config '/etc/clickhouse-server/config.xml', performed update on configuration
2025.11.02 19:47:52.333836 [ 1 ] {} <Warning> Application: Listen [::]:9009 failed: Poco::Exception. Code: 1000, e.code() = 0, DNS error: EAI: Address family for hostname not supported (version 25.3.7.194 (official build)). If it is an IPv6 or IPv4 address and your host has disabled IPv6 or IPv4, then consider to specify not disabled IPv4 or IPv6 address to listen in <listen_host> element of configuration file. Example for disabled IPv6: <listen_host>0.0.0.0</listen_host> . Example for disabled IPv4: <listen_host>::</listen_host>
2025.11.02 19:47:52.334687 [ 1 ] {} <Information> Application: Listening for replica communication (interserver): http://0.0.0.0:9009
2025.11.02 19:47:52.334838 [ 1 ] {} <Warning> Access(local_directory): File /var/lib/clickhouse/access/users.list doesn't exist
2025.11.02 19:47:52.335218 [ 1 ] {} <Warning> Access(local_directory): Recovering lists in directory /var/lib/clickhouse/access/
2025.11.02 19:47:52.335824 [ 1 ] {} <Debug> Access(user directories): Added local_directory access storage 'local_directory', path: /var/lib/clickhouse/access/
2025.11.02 19:47:52.336557 [ 1 ] {} <Debug> ConfigReloader: Loading config '/etc/clickhouse-server/users.xml'
2025.11.02 19:47:52.336638 [ 1 ] {} <Debug> ConfigProcessor: Processing configuration file '/etc/clickhouse-server/users.xml'.
2025.11.02 19:47:52.337331 [ 1 ] {} <Debug> ConfigProcessor: Merging configuration file '/etc/clickhouse-server/users.d/users.xml'.
2025.11.02 19:47:52.338576 [ 1 ] {} <Debug> ConfigProcessor: Saved preprocessed configuration to '/var/lib/clickhouse/preprocessed_configs/users.xml'.
2025.11.02 19:47:52.338751 [ 1 ] {} <Debug> ConfigReloader: Loaded config '/etc/clickhouse-server/users.xml', performing update on configuration
2025.11.02 19:47:52.339250 [ 1 ] {} <Debug> ConfigReloader: Loaded config '/etc/clickhouse-server/users.xml', performed update on configuration
2025.11.02 19:47:52.339479 [ 1 ] {} <Debug> Access(user directories): Added users_xml access storage 'users_xml', path: /etc/clickhouse-server/users.xml
2025.11.02 19:47:52.339625 [ 1 ] {} <Information> CgroupsMemoryUsageObserver: Started cgroup current memory usage observer thread
2025.11.02 19:47:52.339720 [ 650 ] {} <Information> CgroupsMemoryUsageObserver: Memory amount initially available to the process is 7.65 GiB
2025.11.02 19:47:52.340354 [ 1 ] {} <Information> Context: Initialized background executor for merges and mutations with num_threads=16, num_tasks=32, scheduling_policy=round_robin
2025.11.02 19:47:52.340864 [ 1 ] {} <Information> Context: Initialized background executor for move operations with num_threads=8, num_tasks=8
2025.11.02 19:47:52.342125 [ 1 ] {} <Information> Context: Initialized background executor for fetches with num_threads=16, num_tasks=16
2025.11.02 19:47:52.342663 [ 1 ] {} <Information> Context: Initialized background executor for common operations (e.g. clearing old parts) with num_threads=8, num_tasks=8
2025.11.02 19:47:52.343786 [ 1 ] {} <Warning> Context: Linux transparent hugepages are set to "always". Check /sys/kernel/mm/transparent_hugepage/enabled
2025.11.02 19:47:52.344329 [ 1 ] {} <Warning> Context: Delay accounting is not enabled, OSIOWaitMicroseconds will not be gathered. You can enable it using `echo 1 > /proc/sys/kernel/task_delayacct` or by using sysctl.
2025.11.02 19:47:52.345159 [ 1 ] {} <Information> DNSCacheUpdater: Update period 15 seconds
2025.11.02 19:47:52.345346 [ 1 ] {} <Information> Application: Loading metadata from /var/lib/clickhouse/
2025.11.02 19:47:52.345440 [ 87 ] {} <Debug> DNSResolver: Updating DNS cache
2025.11.02 19:47:52.345615 [ 1 ] {} <Information> Context: Database disk name: default
2025.11.02 19:47:52.346289 [ 1 ] {} <Information> Context: Database disk name: default, path: /var/lib/clickhouse/
2025.11.02 19:47:52.346404 [ 1 ] {} <Debug> loadSystemDatabase: metadata_file_path metadata/system.sql, existsFile false
2025.11.02 19:47:52.346645 [ 87 ] {} <Debug> DNSResolver: Updated DNS cache
2025.11.02 19:47:52.347716 [ 1 ] {} <Debug> loadSystemDatabase: metadata_file_path metadata/information_schema.sql, existsFile false
2025.11.02 19:47:52.349005 [ 1 ] {} <Debug> loadSystemDatabase: metadata_file_path metadata/INFORMATION_SCHEMA.sql, existsFile false
2025.11.02 19:47:52.349770 [ 84 ] {} <Information> MemoryTracker: Correcting the value of global memory tracker from 16.35 MiB to 416.84 MiB
2025.11.02 19:47:52.351588 [ 1 ] {} <Information> DatabaseAtomic (system): Metadata processed, database system has 0 tables and 0 dictionaries in total.
2025.11.02 19:47:52.351787 [ 1 ] {} <Information> TablesLoader: Parsed metadata of 0 tables in 1 databases in 0.000213917 sec
2025.11.02 19:47:52.352082 [ 1 ] {} <Debug> AsyncLoader: Prioritize load job 'startup Atomic database system': BackgrndStartup -> ForegroundLoad
2025.11.02 19:47:52.352628 [ 1 ] {} <Debug> AsyncLoader: Prioritize load job 'startup Ordinary database system': BackgrndStartup -> ForegroundLoad
2025.11.02 19:47:52.352676 [ 1 ] {} <Debug> AsyncLoader: Schedule load job 'startup Ordinary database system' into ForegroundLoad
2025.11.02 19:47:52.352784 [ 1 ] {} <Debug> AsyncLoader: Schedule load job 'startup Atomic database system' into ForegroundLoad
2025.11.02 19:47:52.352832 [ 1 ] {} <Debug> AsyncLoader: Change current priority: none -> 0
2025.11.02 19:47:52.352886 [ 1 ] {} <Debug> AsyncLoader: Spawn loader worker #1 in ForegroundLoad
2025.11.02 19:47:52.353047 [ 1 ] {} <Debug> AsyncLoader: Wait load job 'startup Atomic database system' in ForegroundLoad
2025.11.02 19:47:52.353092 [ 715 ] {} <Debug> AsyncLoader: Execute load job 'startup Ordinary database system' in ForegroundLoad
2025.11.02 19:47:52.353140 [ 715 ] {} <Debug> AsyncLoader: Finish load job 'startup Ordinary database system' with status OK
2025.11.02 19:47:52.353191 [ 715 ] {} <Debug> AsyncLoader: Spawn loader worker #2 in ForegroundLoad
2025.11.02 19:47:52.353307 [ 715 ] {} <Debug> AsyncLoader: Execute load job 'startup Atomic database system' in ForegroundLoad
2025.11.02 19:47:52.353386 [ 716 ] {} <Debug> AsyncLoader: Stop worker in ForegroundLoad
2025.11.02 19:47:52.353527 [ 715 ] {} <Debug> AsyncLoader: Finish load job 'startup Atomic database system' with status OK
2025.11.02 19:47:52.353723 [ 715 ] {} <Debug> AsyncLoader: Stop worker in ForegroundLoad
2025.11.02 19:47:52.353810 [ 715 ] {} <Debug> AsyncLoader: Change current priority: 0 -> none
2025.11.02 19:47:52.353535 [ 1 ] {} <Debug> SystemLog: Creating system.query_log from query_log
2025.11.02 19:47:52.359920 [ 1 ] {} <Debug> SystemLog: Creating system.query_thread_log from query_thread_log
2025.11.02 19:47:52.360744 [ 1 ] {} <Debug> SystemLog: Not creating system.part_log since corresponding section 'part_log' is missing from config
2025.11.02 19:47:52.360979 [ 1 ] {} <Debug> SystemLog: Not creating system.trace_log since corresponding section 'trace_log' is missing from config
2025.11.02 19:47:52.361059 [ 1 ] {} <Debug> SystemLog: Not creating system.crash_log since corresponding section 'crash_log' is missing from config
2025.11.02 19:47:52.361175 [ 1 ] {} <Debug> SystemLog: Not creating system.text_log since corresponding section 'text_log' is missing from config
2025.11.02 19:47:52.361216 [ 1 ] {} <Debug> SystemLog: Creating system.metric_log from metric_log
2025.11.02 19:47:52.363864 [ 1 ] {} <Debug> SystemLog: Not creating system.latency_log since corresponding section 'latency_log' is missing from config
2025.11.02 19:47:52.363900 [ 1 ] {} <Debug> SystemLog: Not creating system.error_log since corresponding section 'error_log' is missing from config
2025.11.02 19:47:52.363978 [ 1 ] {} <Debug> SystemLog: Not creating system.filesystem_cache_log since corresponding section 'filesystem_cache_log' is missing from config
2025.11.02 19:47:52.364045 [ 1 ] {} <Debug> SystemLog: Not creating system.filesystem_read_prefetches_log since corresponding section 'filesystem_read_prefetches_log' is missing from config
2025.11.02 19:47:52.364081 [ 1 ] {} <Debug> SystemLog: Not creating system.s3queue_log since corresponding section 's3queue_log' is missing from config
2025.11.02 19:47:52.364175 [ 1 ] {} <Debug> SystemLog: Not creating system.azure_queue_log since corresponding section 'azure_queue_log' is missing from config
2025.11.02 19:47:52.364220 [ 1 ] {} <Debug> SystemLog: Not creating system.asynchronous_metric_log since corresponding section 'asynchronous_metric_log' is missing from config
2025.11.02 19:47:52.364256 [ 1 ] {} <Debug> SystemLog: Not creating system.opentelemetry_span_log since corresponding section 'opentelemetry_span_log' is missing from config
2025.11.02 19:47:52.364334 [ 1 ] {} <Debug> SystemLog: Not creating system.query_views_log since corresponding section 'query_views_log' is missing from config
2025.11.02 19:47:52.364369 [ 1 ] {} <Debug> SystemLog: Not creating system.zookeeper_log since corresponding section 'zookeeper_log' is missing from config
2025.11.02 19:47:52.364413 [ 1 ] {} <Debug> SystemLog: Not creating system.session_log since corresponding section 'session_log' is missing from config
2025.11.02 19:47:52.364466 [ 1 ] {} <Debug> SystemLog: Not creating system.transactions_info_log since corresponding section 'transactions_info_log' is missing from config
2025.11.02 19:47:52.364527 [ 1 ] {} <Debug> SystemLog: Not creating system.processors_profile_log since corresponding section 'processors_profile_log' is missing from config
2025.11.02 19:47:52.364602 [ 1 ] {} <Debug> SystemLog: Not creating system.asynchronous_insert_log since corresponding section 'asynchronous_insert_log' is missing from config
2025.11.02 19:47:52.364651 [ 1 ] {} <Debug> SystemLog: Not creating system.backup_log since corresponding section 'backup_log' is missing from config
2025.11.02 19:47:52.364730 [ 1 ] {} <Debug> SystemLog: Not creating system.blob_storage_log since corresponding section 'blob_storage_log' is missing from config
2025.11.02 19:47:52.364859 [ 1 ] {} <Debug> SystemLog: Not creating system.query_metric_log since corresponding section 'query_metric_log' is missing from config
2025.11.02 19:47:52.365928 [ 1 ] {} <Debug> DatabaseAtomic (system): There are 0 detached tables. Start searching non used tables.
2025.11.02 19:47:52.365982 [ 1 ] {} <Debug> DatabaseAtomic (system): Found 0 non used tables in detached tables.
2025.11.02 19:47:52.366702 [ 1 ] {} <Debug> DatabaseAtomic (system): There are 0 detached tables. Start searching non used tables.
2025.11.02 19:47:52.366791 [ 1 ] {} <Debug> DatabaseAtomic (system): Found 0 non used tables in detached tables.
2025.11.02 19:47:52.366836 [ 1 ] {} <Debug> DatabaseAtomic (system): There are 0 detached tables. Start searching non used tables.
2025.11.02 19:47:52.366946 [ 1 ] {} <Debug> DatabaseAtomic (system): Found 0 non used tables in detached tables.
2025.11.02 19:47:52.367045 [ 1 ] {} <Debug> DatabaseAtomic (system): There are 0 detached tables. Start searching non used tables.
2025.11.02 19:47:52.367221 [ 1 ] {} <Debug> DatabaseAtomic (system): Found 0 non used tables in detached tables.
2025.11.02 19:47:52.367286 [ 1 ] {} <Debug> DatabaseAtomic (system): There are 0 detached tables. Start searching non used tables.
2025.11.02 19:47:52.367345 [ 1 ] {} <Debug> DatabaseAtomic (system): Found 0 non used tables in detached tables.
2025.11.02 19:47:52.367436 [ 1 ] {} <Debug> DatabaseAtomic (system): There are 0 detached tables. Start searching non used tables.
2025.11.02 19:47:52.367569 [ 1 ] {} <Debug> DatabaseAtomic (system): Found 0 non used tables in detached tables.
2025.11.02 19:47:52.367825 [ 1 ] {} <Debug> DatabaseAtomic (system): There are 0 detached tables. Start searching non used tables.
2025.11.02 19:47:52.367941 [ 1 ] {} <Debug> DatabaseAtomic (system): Found 0 non used tables in detached tables.
2025.11.02 19:47:52.367994 [ 1 ] {} <Debug> DatabaseAtomic (system): There are 0 detached tables. Start searching non used tables.
2025.11.02 19:47:52.368060 [ 1 ] {} <Debug> DatabaseAtomic (system): Found 0 non used tables in detached tables.
2025.11.02 19:47:52.368155 [ 1 ] {} <Debug> DatabaseAtomic (system): There are 0 detached tables. Start searching non used tables.
2025.11.02 19:47:52.368315 [ 1 ] {} <Debug> DatabaseAtomic (system): Found 0 non used tables in detached tables.
2025.11.02 19:47:52.368508 [ 1 ] {} <Debug> DatabaseAtomic (system): There are 0 detached tables. Start searching non used tables.
2025.11.02 19:47:52.368641 [ 1 ] {} <Debug> DatabaseAtomic (system): Found 0 non used tables in detached tables.
2025.11.02 19:47:52.368719 [ 1 ] {} <Debug> DatabaseAtomic (system): There are 0 detached tables. Start searching non used tables.
2025.11.02 19:47:52.368804 [ 1 ] {} <Debug> DatabaseAtomic (system): Found 0 non used tables in detached tables.
2025.11.02 19:47:52.368850 [ 1 ] {} <Debug> DatabaseAtomic (system): There are 0 detached tables. Start searching non used tables.
2025.11.02 19:47:52.369026 [ 1 ] {} <Debug> DatabaseAtomic (system): Found 0 non used tables in detached tables.
2025.11.02 19:47:52.369121 [ 1 ] {} <Debug> DatabaseAtomic (system): There are 0 detached tables. Start searching non used tables.
2025.11.02 19:47:52.369164 [ 1 ] {} <Debug> DatabaseAtomic (system): Found 0 non used tables in detached tables.
2025.11.02 19:47:52.369229 [ 1 ] {} <Debug> DatabaseAtomic (system): There are 0 detached tables. Start searching non used tables.
2025.11.02 19:47:52.369284 [ 1 ] {} <Debug> DatabaseAtomic (system): Found 0 non used tables in detached tables.
2025.11.02 19:47:52.369456 [ 1 ] {} <Debug> DatabaseAtomic (system): There are 0 detached tables. Start searching non used tables.
2025.11.02 19:47:52.369494 [ 1 ] {} <Debug> DatabaseAtomic (system): Found 0 non used tables in detached tables.
2025.11.02 19:47:52.369595 [ 1 ] {} <Debug> DatabaseAtomic (system): There are 0 detached tables. Start searching non used tables.
2025.11.02 19:47:52.369760 [ 1 ] {} <Debug> DatabaseAtomic (system): Found 0 non used tables in detached tables.
2025.11.02 19:47:52.369913 [ 1 ] {} <Debug> DatabaseAtomic (system): There are 0 detached tables. Start searching non used tables.
2025.11.02 19:47:52.369938 [ 1 ] {} <Debug> DatabaseAtomic (system): Found 0 non used tables in detached tables.
2025.11.02 19:47:52.370078 [ 1 ] {} <Debug> DatabaseAtomic (system): There are 0 detached tables. Start searching non used tables.
2025.11.02 19:47:52.370140 [ 1 ] {} <Debug> DatabaseAtomic (system): Found 0 non used tables in detached tables.
2025.11.02 19:47:52.370201 [ 1 ] {} <Debug> DatabaseAtomic (system): There are 0 detached tables. Start searching non used tables.
2025.11.02 19:47:52.370272 [ 1 ] {} <Debug> DatabaseAtomic (system): Found 0 non used tables in detached tables.
2025.11.02 19:47:52.370345 [ 1 ] {} <Debug> DatabaseAtomic (system): There are 0 detached tables. Start searching non used tables.
2025.11.02 19:47:52.370383 [ 1 ] {} <Debug> DatabaseAtomic (system): Found 0 non used tables in detached tables.
2025.11.02 19:47:52.370843 [ 1 ] {} <Debug> DatabaseAtomic (system): There are 0 detached tables. Start searching non used tables.
2025.11.02 19:47:52.370930 [ 1 ] {} <Debug> DatabaseAtomic (system): Found 0 non used tables in detached tables.
2025.11.02 19:47:52.371011 [ 1 ] {} <Debug> DatabaseAtomic (system): There are 0 detached tables. Start searching non used tables.
2025.11.02 19:47:52.371043 [ 1 ] {} <Debug> DatabaseAtomic (system): Found 0 non used tables in detached tables.
2025.11.02 19:47:52.371105 [ 1 ] {} <Debug> DatabaseAtomic (system): There are 0 detached tables. Start searching non used tables.
2025.11.02 19:47:52.371138 [ 1 ] {} <Debug> DatabaseAtomic (system): Found 0 non used tables in detached tables.
2025.11.02 19:47:52.371204 [ 1 ] {} <Debug> DatabaseAtomic (system): There are 0 detached tables. Start searching non used tables.
2025.11.02 19:47:52.371262 [ 1 ] {} <Debug> DatabaseAtomic (system): Found 0 non used tables in detached tables.
2025.11.02 19:47:52.371337 [ 1 ] {} <Debug> DatabaseAtomic (system): There are 0 detached tables. Start searching non used tables.
2025.11.02 19:47:52.371392 [ 1 ] {} <Debug> DatabaseAtomic (system): Found 0 non used tables in detached tables.
2025.11.02 19:47:52.371471 [ 1 ] {} <Debug> DatabaseAtomic (system): There are 0 detached tables. Start searching non used tables.
2025.11.02 19:47:52.371581 [ 1 ] {} <Debug> DatabaseAtomic (system): Found 0 non used tables in detached tables.
2025.11.02 19:47:52.371697 [ 1 ] {} <Debug> DatabaseAtomic (system): There are 0 detached tables. Start searching non used tables.
2025.11.02 19:47:52.371727 [ 1 ] {} <Debug> DatabaseAtomic (system): Found 0 non used tables in detached tables.
2025.11.02 19:47:52.371995 [ 1 ] {} <Debug> DatabaseAtomic (system): There are 0 detached tables. Start searching non used tables.
2025.11.02 19:47:52.372519 [ 1 ] {} <Debug> DatabaseAtomic (system): Found 0 non used tables in detached tables.
2025.11.02 19:47:52.372592 [ 1 ] {} <Debug> DatabaseAtomic (system): There are 0 detached tables. Start searching non used tables.
2025.11.02 19:47:52.372721 [ 1 ] {} <Debug> DatabaseAtomic (system): Found 0 non used tables in detached tables.
2025.11.02 19:47:52.372793 [ 1 ] {} <Debug> DatabaseAtomic (system): There are 0 detached tables. Start searching non used tables.
2025.11.02 19:47:52.372840 [ 1 ] {} <Debug> DatabaseAtomic (system): Found 0 non used tables in detached tables.
2025.11.02 19:47:52.373002 [ 1 ] {} <Debug> DatabaseAtomic (system): There are 0 detached tables. Start searching non used tables.
2025.11.02 19:47:52.373063 [ 1 ] {} <Debug> DatabaseAtomic (system): Found 0 non used tables in detached tables.
2025.11.02 19:47:52.373243 [ 1 ] {} <Debug> DatabaseAtomic (system): There are 0 detached tables. Start searching non used tables.
2025.11.02 19:47:52.373301 [ 1 ] {} <Debug> DatabaseAtomic (system): Found 0 non used tables in detached tables.
2025.11.02 19:47:52.373375 [ 1 ] {} <Debug> DatabaseAtomic (system): There are 0 detached tables. Start searching non used tables.
2025.11.02 19:47:52.373855 [ 1 ] {} <Debug> DatabaseAtomic (system): Found 0 non used tables in detached tables.
2025.11.02 19:47:52.373928 [ 1 ] {} <Debug> DatabaseAtomic (system): There are 0 detached tables. Start searching non used tables.
2025.11.02 19:47:52.373980 [ 1 ] {} <Debug> DatabaseAtomic (system): Found 0 non used tables in detached tables.
2025.11.02 19:47:52.374103 [ 1 ] {} <Debug> DatabaseAtomic (system): There are 0 detached tables. Start searching non used tables.
2025.11.02 19:47:52.374142 [ 1 ] {} <Debug> DatabaseAtomic (system): Found 0 non used tables in detached tables.
2025.11.02 19:47:52.374206 [ 1 ] {} <Debug> DatabaseAtomic (system): There are 0 detached tables. Start searching non used tables.
2025.11.02 19:47:52.374259 [ 1 ] {} <Debug> DatabaseAtomic (system): Found 0 non used tables in detached tables.
2025.11.02 19:47:52.374336 [ 1 ] {} <Debug> DatabaseAtomic (system): There are 0 detached tables. Start searching non used tables.
2025.11.02 19:47:52.374385 [ 1 ] {} <Debug> DatabaseAtomic (system): Found 0 non used tables in detached tables.
2025.11.02 19:47:52.374463 [ 1 ] {} <Debug> DatabaseAtomic (system): There are 0 detached tables. Start searching non used tables.
2025.11.02 19:47:52.374487 [ 1 ] {} <Debug> DatabaseAtomic (system): Found 0 non used tables in detached tables.
2025.11.02 19:47:52.374546 [ 1 ] {} <Debug> DatabaseAtomic (system): There are 0 detached tables. Start searching non used tables.
2025.11.02 19:47:52.374593 [ 1 ] {} <Debug> DatabaseAtomic (system): Found 0 non used tables in detached tables.
2025.11.02 19:47:52.374717 [ 1 ] {} <Debug> DatabaseAtomic (system): There are 0 detached tables. Start searching non used tables.
2025.11.02 19:47:52.374787 [ 1 ] {} <Debug> DatabaseAtomic (system): Found 0 non used tables in detached tables.
2025.11.02 19:47:52.374860 [ 1 ] {} <Debug> DatabaseAtomic (system): There are 0 detached tables. Start searching non used tables.
2025.11.02 19:47:52.374908 [ 1 ] {} <Debug> DatabaseAtomic (system): Found 0 non used tables in detached tables.
2025.11.02 19:47:52.374998 [ 1 ] {} <Debug> DatabaseAtomic (system): There are 0 detached tables. Start searching non used tables.
2025.11.02 19:47:52.375052 [ 1 ] {} <Debug> DatabaseAtomic (system): Found 0 non used tables in detached tables.
2025.11.02 19:47:52.375161 [ 1 ] {} <Debug> DatabaseAtomic (system): There are 0 detached tables. Start searching non used tables.
2025.11.02 19:47:52.375202 [ 1 ] {} <Debug> DatabaseAtomic (system): Found 0 non used tables in detached tables.
2025.11.02 19:47:52.375264 [ 1 ] {} <Debug> DatabaseAtomic (system): There are 0 detached tables. Start searching non used tables.
2025.11.02 19:47:52.375321 [ 1 ] {} <Debug> DatabaseAtomic (system): Found 0 non used tables in detached tables.
2025.11.02 19:47:52.375427 [ 1 ] {} <Debug> DatabaseAtomic (system): There are 0 detached tables. Start searching non used tables.
2025.11.02 19:47:52.375492 [ 1 ] {} <Debug> DatabaseAtomic (system): Found 0 non used tables in detached tables.
2025.11.02 19:47:52.375568 [ 1 ] {} <Debug> DatabaseAtomic (system): There are 0 detached tables. Start searching non used tables.
2025.11.02 19:47:52.375656 [ 1 ] {} <Debug> DatabaseAtomic (system): Found 0 non used tables in detached tables.
2025.11.02 19:47:52.375864 [ 1 ] {} <Debug> DatabaseAtomic (system): There are 0 detached tables. Start searching non used tables.
2025.11.02 19:47:52.375947 [ 1 ] {} <Debug> DatabaseAtomic (system): Found 0 non used tables in detached tables.
2025.11.02 19:47:52.376341 [ 1 ] {} <Debug> DatabaseAtomic (system): There are 0 detached tables. Start searching non used tables.
2025.11.02 19:47:52.376369 [ 1 ] {} <Debug> DatabaseAtomic (system): Found 0 non used tables in detached tables.
2025.11.02 19:47:52.376422 [ 1 ] {} <Debug> DatabaseAtomic (system): There are 0 detached tables. Start searching non used tables.
2025.11.02 19:47:52.376469 [ 1 ] {} <Debug> DatabaseAtomic (system): Found 0 non used tables in detached tables.
2025.11.02 19:47:52.376619 [ 1 ] {} <Debug> DatabaseAtomic (system): There are 0 detached tables. Start searching non used tables.
2025.11.02 19:47:52.376654 [ 1 ] {} <Debug> DatabaseAtomic (system): Found 0 non used tables in detached tables.
2025.11.02 19:47:52.376754 [ 1 ] {} <Debug> DatabaseAtomic (system): There are 0 detached tables. Start searching non used tables.
2025.11.02 19:47:52.376823 [ 1 ] {} <Debug> DatabaseAtomic (system): Found 0 non used tables in detached tables.
2025.11.02 19:47:52.376916 [ 1 ] {} <Debug> DatabaseAtomic (system): There are 0 detached tables. Start searching non used tables.
2025.11.02 19:47:52.376977 [ 1 ] {} <Debug> DatabaseAtomic (system): Found 0 non used tables in detached tables.
2025.11.02 19:47:52.377072 [ 1 ] {} <Debug> DatabaseAtomic (system): There are 0 detached tables. Start searching non used tables.
2025.11.02 19:47:52.377117 [ 1 ] {} <Debug> DatabaseAtomic (system): Found 0 non used tables in detached tables.
2025.11.02 19:47:52.377186 [ 1 ] {} <Debug> DatabaseAtomic (system): There are 0 detached tables. Start searching non used tables.
2025.11.02 19:47:52.377238 [ 1 ] {} <Debug> DatabaseAtomic (system): Found 0 non used tables in detached tables.
2025.11.02 19:47:52.377349 [ 1 ] {} <Debug> DatabaseAtomic (system): There are 0 detached tables. Start searching non used tables.
2025.11.02 19:47:52.377410 [ 1 ] {} <Debug> DatabaseAtomic (system): Found 0 non used tables in detached tables.
2025.11.02 19:47:52.377523 [ 1 ] {} <Debug> DatabaseAtomic (system): There are 0 detached tables. Start searching non used tables.
2025.11.02 19:47:52.377577 [ 1 ] {} <Debug> DatabaseAtomic (system): Found 0 non used tables in detached tables.
2025.11.02 19:47:52.377634 [ 1 ] {} <Debug> DatabaseAtomic (system): There are 0 detached tables. Start searching non used tables.
2025.11.02 19:47:52.377675 [ 1 ] {} <Debug> DatabaseAtomic (system): Found 0 non used tables in detached tables.
2025.11.02 19:47:52.378141 [ 1 ] {} <Debug> DatabaseAtomic (system): There are 0 detached tables. Start searching non used tables.
2025.11.02 19:47:52.378164 [ 1 ] {} <Debug> DatabaseAtomic (system): Found 0 non used tables in detached tables.
2025.11.02 19:47:52.378357 [ 1 ] {} <Debug> DatabaseAtomic (system): There are 0 detached tables. Start searching non used tables.
2025.11.02 19:47:52.378428 [ 1 ] {} <Debug> DatabaseAtomic (system): Found 0 non used tables in detached tables.
2025.11.02 19:47:52.378567 [ 1 ] {} <Debug> DatabaseAtomic (system): There are 0 detached tables. Start searching non used tables.
2025.11.02 19:47:52.378597 [ 1 ] {} <Debug> DatabaseAtomic (system): Found 0 non used tables in detached tables.
2025.11.02 19:47:52.378727 [ 1 ] {} <Debug> DatabaseAtomic (system): There are 0 detached tables. Start searching non used tables.
2025.11.02 19:47:52.378776 [ 1 ] {} <Debug> DatabaseAtomic (system): Found 0 non used tables in detached tables.
2025.11.02 19:47:52.378987 [ 1 ] {} <Debug> DatabaseAtomic (system): There are 0 detached tables. Start searching non used tables.
2025.11.02 19:47:52.379608 [ 1 ] {} <Debug> DatabaseAtomic (system): Found 0 non used tables in detached tables.
2025.11.02 19:47:52.379721 [ 1 ] {} <Debug> DatabaseAtomic (system): There are 0 detached tables. Start searching non used tables.
2025.11.02 19:47:52.379783 [ 1 ] {} <Debug> DatabaseAtomic (system): Found 0 non used tables in detached tables.
2025.11.02 19:47:52.379905 [ 1 ] {} <Debug> DatabaseAtomic (system): There are 0 detached tables. Start searching non used tables.
2025.11.02 19:47:52.379943 [ 1 ] {} <Debug> DatabaseAtomic (system): Found 0 non used tables in detached tables.
2025.11.02 19:47:52.380109 [ 1 ] {} <Debug> DatabaseAtomic (system): There are 0 detached tables. Start searching non used tables.
2025.11.02 19:47:52.380179 [ 1 ] {} <Debug> DatabaseAtomic (system): Found 0 non used tables in detached tables.
2025.11.02 19:47:52.380258 [ 1 ] {} <Debug> DatabaseAtomic (system): There are 0 detached tables. Start searching non used tables.
2025.11.02 19:47:52.380285 [ 1 ] {} <Debug> DatabaseAtomic (system): Found 0 non used tables in detached tables.
2025.11.02 19:47:52.380356 [ 1 ] {} <Debug> DatabaseAtomic (system): There are 0 detached tables. Start searching non used tables.
2025.11.02 19:47:52.380389 [ 1 ] {} <Debug> DatabaseAtomic (system): Found 0 non used tables in detached tables.
2025.11.02 19:47:52.380448 [ 1 ] {} <Debug> DatabaseAtomic (system): There are 0 detached tables. Start searching non used tables.
2025.11.02 19:47:52.380468 [ 1 ] {} <Debug> DatabaseAtomic (system): Found 0 non used tables in detached tables.
2025.11.02 19:47:52.380534 [ 1 ] {} <Debug> DatabaseAtomic (system): There are 0 detached tables. Start searching non used tables.
2025.11.02 19:47:52.380561 [ 1 ] {} <Debug> DatabaseAtomic (system): Found 0 non used tables in detached tables.
2025.11.02 19:47:52.380627 [ 1 ] {} <Debug> DatabaseAtomic (system): There are 0 detached tables. Start searching non used tables.
2025.11.02 19:47:52.380656 [ 1 ] {} <Debug> DatabaseAtomic (system): Found 0 non used tables in detached tables.
2025.11.02 19:47:52.380765 [ 1 ] {} <Debug> DatabaseAtomic (system): There are 0 detached tables. Start searching non used tables.
2025.11.02 19:47:52.380787 [ 1 ] {} <Debug> DatabaseAtomic (system): Found 0 non used tables in detached tables.
2025.11.02 19:47:52.380861 [ 1 ] {} <Debug> DatabaseAtomic (system): There are 0 detached tables. Start searching non used tables.
2025.11.02 19:47:52.380919 [ 1 ] {} <Debug> DatabaseAtomic (system): Found 0 non used tables in detached tables.
2025.11.02 19:47:52.380997 [ 1 ] {} <Debug> DatabaseAtomic (system): There are 0 detached tables. Start searching non used tables.
2025.11.02 19:47:52.381209 [ 1 ] {} <Debug> DatabaseAtomic (system): Found 0 non used tables in detached tables.
2025.11.02 19:47:52.381273 [ 1 ] {} <Debug> DatabaseAtomic (system): There are 0 detached tables. Start searching non used tables.
2025.11.02 19:47:52.381328 [ 1 ] {} <Debug> DatabaseAtomic (system): Found 0 non used tables in detached tables.
2025.11.02 19:47:52.381396 [ 1 ] {} <Debug> DatabaseAtomic (system): There are 0 detached tables. Start searching non used tables.
2025.11.02 19:47:52.381431 [ 1 ] {} <Debug> DatabaseAtomic (system): Found 0 non used tables in detached tables.
2025.11.02 19:47:52.381494 [ 1 ] {} <Debug> DatabaseAtomic (system): There are 0 detached tables. Start searching non used tables.
2025.11.02 19:47:52.381521 [ 1 ] {} <Debug> DatabaseAtomic (system): Found 0 non used tables in detached tables.
2025.11.02 19:47:52.381594 [ 1 ] {} <Debug> DatabaseAtomic (system): There are 0 detached tables. Start searching non used tables.
2025.11.02 19:47:52.381634 [ 1 ] {} <Debug> DatabaseAtomic (system): Found 0 non used tables in detached tables.
2025.11.02 19:47:52.381706 [ 1 ] {} <Debug> DatabaseAtomic (system): There are 0 detached tables. Start searching non used tables.
2025.11.02 19:47:52.381753 [ 1 ] {} <Debug> DatabaseAtomic (system): Found 0 non used tables in detached tables.
2025.11.02 19:47:52.381848 [ 1 ] {} <Debug> DatabaseAtomic (system): There are 0 detached tables. Start searching non used tables.
2025.11.02 19:47:52.381897 [ 1 ] {} <Debug> DatabaseAtomic (system): Found 0 non used tables in detached tables.
2025.11.02 19:47:52.381957 [ 1 ] {} <Debug> DatabaseAtomic (system): There are 0 detached tables. Start searching non used tables.
2025.11.02 19:47:52.381988 [ 1 ] {} <Debug> DatabaseAtomic (system): Found 0 non used tables in detached tables.
2025.11.02 19:47:52.382083 [ 1 ] {} <Debug> DatabaseAtomic (system): There are 0 detached tables. Start searching non used tables.
2025.11.02 19:47:52.382255 [ 1 ] {} <Debug> DatabaseAtomic (system): Found 0 non used tables in detached tables.
2025.11.02 19:47:52.382310 [ 1 ] {} <Debug> DatabaseAtomic (system): There are 0 detached tables. Start searching non used tables.
2025.11.02 19:47:52.382335 [ 1 ] {} <Debug> DatabaseAtomic (system): Found 0 non used tables in detached tables.
2025.11.02 19:47:52.382386 [ 1 ] {} <Debug> DatabaseAtomic (system): There are 0 detached tables. Start searching non used tables.
2025.11.02 19:47:52.382413 [ 1 ] {} <Debug> DatabaseAtomic (system): Found 0 non used tables in detached tables.
2025.11.02 19:47:52.382526 [ 1 ] {} <Debug> DatabaseAtomic (system): There are 0 detached tables. Start searching non used tables.
2025.11.02 19:47:52.382566 [ 1 ] {} <Debug> DatabaseAtomic (system): Found 0 non used tables in detached tables.
2025.11.02 19:47:52.382640 [ 1 ] {} <Debug> DatabaseAtomic (system): There are 0 detached tables. Start searching non used tables.
2025.11.02 19:47:52.382707 [ 1 ] {} <Debug> DatabaseAtomic (system): Found 0 non used tables in detached tables.
2025.11.02 19:47:52.382779 [ 1 ] {} <Debug> DatabaseAtomic (system): There are 0 detached tables. Start searching non used tables.
2025.11.02 19:47:52.382803 [ 1 ] {} <Debug> DatabaseAtomic (system): Found 0 non used tables in detached tables.
2025.11.02 19:47:52.382878 [ 1 ] {} <Debug> DatabaseAtomic (system): There are 0 detached tables. Start searching non used tables.
2025.11.02 19:47:52.382906 [ 1 ] {} <Debug> DatabaseAtomic (system): Found 0 non used tables in detached tables.
2025.11.02 19:47:52.382998 [ 1 ] {} <Debug> DatabaseAtomic (system): There are 0 detached tables. Start searching non used tables.
2025.11.02 19:47:52.383032 [ 1 ] {} <Debug> DatabaseAtomic (system): Found 0 non used tables in detached tables.
2025.11.02 19:47:52.383115 [ 1 ] {} <Debug> DatabaseAtomic (system): There are 0 detached tables. Start searching non used tables.
2025.11.02 19:47:52.383479 [ 1 ] {} <Debug> DatabaseAtomic (system): Found 0 non used tables in detached tables.
2025.11.02 19:47:52.383628 [ 1 ] {} <Debug> DatabaseAtomic (system): There are 0 detached tables. Start searching non used tables.
2025.11.02 19:47:52.383656 [ 1 ] {} <Debug> DatabaseAtomic (system): Found 0 non used tables in detached tables.
2025.11.02 19:47:52.383791 [ 1 ] {} <Debug> DatabaseAtomic (system): There are 0 detached tables. Start searching non used tables.
2025.11.02 19:47:52.383849 [ 1 ] {} <Debug> DatabaseAtomic (system): Found 0 non used tables in detached tables.
2025.11.02 19:47:52.383910 [ 1 ] {} <Debug> DatabaseAtomic (system): There are 0 detached tables. Start searching non used tables.
2025.11.02 19:47:52.383971 [ 1 ] {} <Debug> DatabaseAtomic (system): Found 0 non used tables in detached tables.
2025.11.02 19:47:52.384046 [ 1 ] {} <Debug> DatabaseAtomic (system): There are 0 detached tables. Start searching non used tables.
2025.11.02 19:47:52.384184 [ 1 ] {} <Debug> DatabaseAtomic (system): Found 0 non used tables in detached tables.
2025.11.02 19:47:52.384301 [ 1 ] {} <Debug> DatabaseAtomic (system): There are 0 detached tables. Start searching non used tables.
2025.11.02 19:47:52.384349 [ 1 ] {} <Debug> DatabaseAtomic (system): Found 0 non used tables in detached tables.
2025.11.02 19:47:52.384449 [ 1 ] {} <Debug> DatabaseAtomic (system): There are 0 detached tables. Start searching non used tables.
2025.11.02 19:47:52.384468 [ 1 ] {} <Debug> DatabaseAtomic (system): Found 0 non used tables in detached tables.
2025.11.02 19:47:52.384579 [ 1 ] {} <Debug> DatabaseAtomic (system): There are 0 detached tables. Start searching non used tables.
2025.11.02 19:47:52.384602 [ 1 ] {} <Debug> DatabaseAtomic (system): Found 0 non used tables in detached tables.
2025.11.02 19:47:52.384664 [ 1 ] {} <Debug> DatabaseAtomic (system): There are 0 detached tables. Start searching non used tables.
2025.11.02 19:47:52.384709 [ 1 ] {} <Debug> DatabaseAtomic (system): Found 0 non used tables in detached tables.
2025.11.02 19:47:52.384806 [ 1 ] {} <Debug> DatabaseAtomic (system): There are 0 detached tables. Start searching non used tables.
2025.11.02 19:47:52.384836 [ 1 ] {} <Debug> DatabaseAtomic (system): Found 0 non used tables in detached tables.
2025.11.02 19:47:52.384890 [ 1 ] {} <Debug> DatabaseAtomic (system): There are 0 detached tables. Start searching non used tables.
2025.11.02 19:47:52.384939 [ 1 ] {} <Debug> DatabaseAtomic (system): Found 0 non used tables in detached tables.
2025.11.02 19:47:52.384976 [ 1 ] {} <Debug> DatabaseAtomic (system): There are 0 detached tables. Start searching non used tables.
2025.11.02 19:47:52.385060 [ 1 ] {} <Debug> DatabaseAtomic (system): Found 0 non used tables in detached tables.
2025.11.02 19:47:52.385128 [ 1 ] {} <Debug> DatabaseAtomic (system): There are 0 detached tables. Start searching non used tables.
2025.11.02 19:47:52.385157 [ 1 ] {} <Debug> DatabaseAtomic (system): Found 0 non used tables in detached tables.
2025.11.02 19:47:52.385431 [ 1 ] {} <Debug> DatabaseAtomic (system): There are 0 detached tables. Start searching non used tables.
2025.11.02 19:47:52.385456 [ 1 ] {} <Debug> DatabaseAtomic (system): Found 0 non used tables in detached tables.
2025.11.02 19:47:52.385570 [ 1 ] {} <Debug> DatabaseAtomic (system): There are 0 detached tables. Start searching non used tables.
2025.11.02 19:47:52.385623 [ 1 ] {} <Debug> DatabaseAtomic (system): Found 0 non used tables in detached tables.
2025.11.02 19:47:52.397520 [ 1 ] {} <Information> DatabaseCatalog: Found 0 partially dropped tables. Will load them and retry removal.
2025.11.02 19:47:52.398751 [ 1 ] {} <Information> DatabaseAtomic (default): Metadata processed, database default has 0 tables and 0 dictionaries in total.
2025.11.02 19:47:52.399342 [ 1 ] {} <Information> TablesLoader: Parsed metadata of 0 tables in 1 databases in 0.000596583 sec
2025.11.02 19:47:52.399531 [ 1 ] {} <Information> loadMetadata: Start asynchronous loading of databases
2025.11.02 19:47:52.399713 [ 1 ] {} <Debug> AsyncLoader: Schedule load job 'startup Ordinary database default' into BackgrndStartup
2025.11.02 19:47:52.400035 [ 1 ] {} <Debug> AsyncLoader: Schedule load job 'startup Atomic database default' into BackgrndStartup
2025.11.02 19:47:52.400198 [ 1 ] {} <Debug> AsyncLoader: Change current priority: none -> 2
2025.11.02 19:47:52.400296 [ 1 ] {} <Debug> AsyncLoader: Spawn loader worker #1 in BackgrndStartup
2025.11.02 19:47:52.400938 [ 720 ] {} <Debug> AsyncLoader: Execute load job 'startup Ordinary database default' in BackgrndStartup
2025.11.02 19:47:52.401106 [ 720 ] {} <Debug> AsyncLoader: Finish load job 'startup Ordinary database default' with status OK
2025.11.02 19:47:52.401252 [ 720 ] {} <Debug> AsyncLoader: Spawn loader worker #2 in BackgrndStartup
2025.11.02 19:47:52.401109 [ 1 ] {} <Information> UserDefinedSQLObjectsLoaderFromDisk: Loading user defined objects from /var/lib/clickhouse/user_defined/
2025.11.02 19:47:52.401405 [ 1 ] {} <Debug> UserDefinedSQLObjectsLoaderFromDisk: The directory for user defined objects (/var/lib/clickhouse/user_defined/) does not exist: nothing to load
2025.11.02 19:47:52.401559 [ 1 ] {} <Information> WorkloadEntityDiskStorage: Loading workload entities from /var/lib/clickhouse/workload/
2025.11.02 19:47:52.401773 [ 1 ] {} <Debug> WorkloadEntityDiskStorage: The directory for workload entities (/var/lib/clickhouse/workload/) does not exist: nothing to load
2025.11.02 19:47:52.401415 [ 720 ] {} <Debug> AsyncLoader: Execute load job 'startup Atomic database default' in BackgrndStartup
2025.11.02 19:47:52.401886 [ 720 ] {} <Debug> AsyncLoader: Finish load job 'startup Atomic database default' with status OK
2025.11.02 19:47:52.401951 [ 720 ] {} <Debug> AsyncLoader: Stop worker in BackgrndStartup
2025.11.02 19:47:52.402073 [ 715 ] {} <Debug> AsyncLoader: Stop worker in BackgrndStartup
2025.11.02 19:47:52.402131 [ 715 ] {} <Debug> AsyncLoader: Change current priority: 2 -> none
2025.11.02 19:47:52.413423 [ 1 ] {} <Information> ZooKeeperClient: Connected to ZooKeeper at 172.19.0.2:2181 with session_id 72057600198836224
2025.11.02 19:47:52.416096 [ 1 ] {} <Information> ZooKeeperClient: Keeper feature flag FILTERED_LIST: disabled
2025.11.02 19:47:52.416135 [ 1 ] {} <Information> ZooKeeperClient: Keeper feature flag MULTI_READ: disabled
2025.11.02 19:47:52.416193 [ 1 ] {} <Information> ZooKeeperClient: Keeper feature flag CHECK_NOT_EXISTS: disabled
2025.11.02 19:47:52.416215 [ 1 ] {} <Information> ZooKeeperClient: Keeper feature flag CREATE_IF_NOT_EXISTS: disabled
2025.11.02 19:47:52.416247 [ 1 ] {} <Information> ZooKeeperClient: Keeper feature flag REMOVE_RECURSIVE: disabled
2025.11.02 19:47:52.428359 [ 1 ] {} <Debug> Application: Loaded metadata.
2025.11.02 19:47:52.428403 [ 1 ] {} <Information> Application: Tasks stats provider: procfs
2025.11.02 19:47:52.428447 [ 1 ] {} <Information> Application: It looks like the process has no CAP_SYS_NICE capability, the setting 'os_thread_priority' will have no effect. It could happen due to incorrect ClickHouse package installation. You could resolve the problem manually with 'sudo setcap cap_sys_nice=+ep /usr/bin/clickhouse'. Note that it will not work on 'nosuid' mounted filesystems.
2025.11.02 19:47:52.428620 [ 1 ] {} <Debug> DatabaseAtomic (system): There are 0 detached tables. Start searching non used tables.
2025.11.02 19:47:52.428642 [ 1 ] {} <Debug> DatabaseAtomic (system): Found 0 non used tables in detached tables.
2025.11.02 19:47:52.428790 [ 1 ] {} <Warning> Application: Listen [::]:8123 failed: Poco::Exception. Code: 1000, e.code() = 0, DNS error: EAI: Address family for hostname not supported (version 25.3.7.194 (official build)). If it is an IPv6 or IPv4 address and your host has disabled IPv6 or IPv4, then consider to specify not disabled IPv4 or IPv6 address to listen in <listen_host> element of configuration file. Example for disabled IPv6: <listen_host>0.0.0.0</listen_host> . Example for disabled IPv4: <listen_host>::</listen_host>
2025.11.02 19:47:52.428966 [ 1 ] {} <Warning> Application: Listen [::]:9000 failed: Poco::Exception. Code: 1000, e.code() = 0, DNS error: EAI: Address family for hostname not supported (version 25.3.7.194 (official build)). If it is an IPv6 or IPv4 address and your host has disabled IPv6 or IPv4, then consider to specify not disabled IPv4 or IPv6 address to listen in <listen_host> element of configuration file. Example for disabled IPv6: <listen_host>0.0.0.0</listen_host> . Example for disabled IPv4: <listen_host>::</listen_host>
2025.11.02 19:47:52.429213 [ 1 ] {} <Warning> Application: Listen [::]:8001 failed: Poco::Exception. Code: 1000, e.code() = 0, DNS error: EAI: Address family for hostname not supported (version 25.3.7.194 (official build)). If it is an IPv6 or IPv4 address and your host has disabled IPv6 or IPv4, then consider to specify not disabled IPv4 or IPv6 address to listen in <listen_host> element of configuration file. Example for disabled IPv6: <listen_host>0.0.0.0</listen_host> . Example for disabled IPv4: <listen_host>::</listen_host>
2025.11.02 19:47:52.429385 [ 1 ] {} <Information> CertificateReloader: One of paths is empty. Cannot apply new configuration for certificates. Fill all paths and try again.
2025.11.02 19:47:52.429429 [ 1 ] {} <Information> CertificateReloader: One of paths is empty. Cannot apply new configuration for certificates. Fill all paths and try again.
2025.11.02 19:47:52.432761 [ 1 ] {} <Debug> AsyncLoader: Schedule load job 'startup ddl worker' into BackgrndStartup
2025.11.02 19:47:52.432796 [ 1 ] {} <Debug> AsyncLoader: Change current priority: none -> 2
2025.11.02 19:47:52.432817 [ 1 ] {} <Debug> AsyncLoader: Spawn loader worker #1 in BackgrndStartup
2025.11.02 19:47:52.432960 [ 727 ] {} <Debug> AsyncLoader: Execute load job 'startup ddl worker' in BackgrndStartup
2025.11.02 19:47:52.433064 [ 1 ] {} <Information> Application: Listening for http://0.0.0.0:8123
2025.11.02 19:47:52.433128 [ 1 ] {} <Information> Application: Listening for native protocol (tcp): 0.0.0.0:9000
2025.11.02 19:47:52.433166 [ 725 ] {} <Debug> DDLWorker: Started DDLWorker cleanup thread
2025.11.02 19:47:52.433152 [ 727 ] {} <Debug> AsyncLoader: Finish load job 'startup ddl worker' with status OK
2025.11.02 19:47:52.433352 [ 727 ] {} <Debug> AsyncLoader: Stop worker in BackgrndStartup
2025.11.02 19:47:52.433405 [ 727 ] {} <Debug> AsyncLoader: Change current priority: 2 -> none
2025.11.02 19:47:52.433149 [ 729 ] {} <Debug> DDLWorker: Starting DDLWorker thread
2025.11.02 19:47:52.433526 [ 729 ] {} <Debug> DDLWorker: Initializing DDLWorker thread
2025.11.02 19:47:52.433272 [ 1 ] {} <Information> Application: Listening for Prometheus: http://0.0.0.0:8001
2025.11.02 19:47:52.433607 [ 1 ] {} <Information> Application: Ready for connections.
2025.11.02 19:47:52.438821 [ 729 ] {} <Debug> DDLWorker: Initialized DDLWorker thread
2025.11.02 19:47:52.438900 [ 725 ] {} <Debug> DDLWorker: Cleaning queue
2025.11.02 19:47:52.441148 [ 729 ] {} <Debug> DDLWorker: Scheduling tasks
2025.11.02 19:47:52.441952 [ 729 ] {} <Debug> DDLWorker: No tasks to schedule
2025.11.02 19:47:52.442032 [ 729 ] {} <Debug> DDLWorker: Waiting for queue updates
2025.11.02 19:47:52.681343 [ 80 ] {} <Information> TCPHandler: Client has not sent any data.
2025.11.02 19:47:52.681427 [ 80 ] {} <Debug> TCPHandler: Done processing connection.
2025.11.02 19:47:52.713125 [ 80 ] {} <Information> TCPHandler: Client has not sent any data.
2025.11.02 19:47:52.713216 [ 80 ] {} <Debug> TCPHandler: Done processing connection.
2025.11.02 19:47:52.840775 [ 729 ] {} <Debug> DDLWorker: Scheduling tasks
2025.11.02 19:47:52.842764 [ 729 ] {} <Debug> DDLWorker: Will schedule 1 tasks starting from query-0000000000
2025.11.02 19:47:52.843929 [ 729 ] {} <Debug> DDLWorker: Processing task query-0000000000 (query: CREATE DATABASE IF NOT EXISTS db_part UUID 'd0d57282-771e-4432-b291-1a82b12c9dec', backup restore: false)
2025.11.02 19:47:52.845018 [ 729 ] {} <Debug> DDLWorker: Executing query: CREATE DATABASE IF NOT EXISTS db_part UUID 'd0d57282-771e-4432-b291-1a82b12c9dec'
2025.11.02 19:47:52.845174 [ 729 ] {53affa7d-99e5-48b1-80b9-13053af35144} <Debug> executeQuery: (from 0.0.0.0:0, user: , initial_query_id: dfd8887b-7fb6-4555-8eff-6e2b1561a789) /* ddl_entry=query-0000000000 */ CREATE DATABASE IF NOT EXISTS db_part UUID 'd0d57282-771e-4432-b291-1a82b12c9dec' (stage: Complete)
2025.11.02 19:47:52.846292 [ 729 ] {53affa7d-99e5-48b1-80b9-13053af35144} <Information> DatabaseAtomic (db_part): Metadata processed, database db_part has 0 tables and 0 dictionaries in total.
2025.11.02 19:47:52.846366 [ 729 ] {53affa7d-99e5-48b1-80b9-13053af35144} <Information> TablesLoader: Parsed metadata of 0 tables in 1 databases in 8.2292e-05 sec
2025.11.02 19:47:52.846433 [ 729 ] {53affa7d-99e5-48b1-80b9-13053af35144} <Debug> AsyncLoader: Prioritize load job 'startup Atomic database db_part': BackgrndStartup -> ForegroundLoad
2025.11.02 19:47:52.846479 [ 729 ] {53affa7d-99e5-48b1-80b9-13053af35144} <Debug> AsyncLoader: Prioritize load job 'startup Ordinary database db_part': BackgrndStartup -> ForegroundLoad
2025.11.02 19:47:52.846618 [ 729 ] {53affa7d-99e5-48b1-80b9-13053af35144} <Debug> AsyncLoader: Schedule load job 'startup Ordinary database db_part' into ForegroundLoad
2025.11.02 19:47:52.846692 [ 729 ] {53affa7d-99e5-48b1-80b9-13053af35144} <Debug> AsyncLoader: Schedule load job 'startup Atomic database db_part' into ForegroundLoad
2025.11.02 19:47:52.846764 [ 729 ] {53affa7d-99e5-48b1-80b9-13053af35144} <Debug> AsyncLoader: Change current priority: none -> 0
2025.11.02 19:47:52.846840 [ 729 ] {53affa7d-99e5-48b1-80b9-13053af35144} <Debug> AsyncLoader: Spawn loader worker #1 in ForegroundLoad
2025.11.02 19:47:52.846994 [ 729 ] {53affa7d-99e5-48b1-80b9-13053af35144} <Debug> AsyncLoader: Wait load job 'startup Atomic database db_part' in ForegroundLoad
2025.11.02 19:47:52.846996 [ 731 ] {} <Debug> AsyncLoader: Execute load job 'startup Ordinary database db_part' in ForegroundLoad
2025.11.02 19:47:52.847144 [ 731 ] {} <Debug> AsyncLoader: Finish load job 'startup Ordinary database db_part' with status OK
2025.11.02 19:47:52.847193 [ 731 ] {} <Debug> AsyncLoader: Spawn loader worker #2 in ForegroundLoad
2025.11.02 19:47:52.847413 [ 731 ] {} <Debug> AsyncLoader: Execute load job 'startup Atomic database db_part' in ForegroundLoad
2025.11.02 19:47:52.847485 [ 731 ] {} <Debug> AsyncLoader: Finish load job 'startup Atomic database db_part' with status OK
2025.11.02 19:47:52.847669 [ 731 ] {} <Debug> AsyncLoader: Stop worker in ForegroundLoad
2025.11.02 19:47:52.847622 [ 729 ] {53affa7d-99e5-48b1-80b9-13053af35144} <Debug> DDLWorker: Executed query: /* ddl_entry=query-0000000000 */ CREATE DATABASE IF NOT EXISTS db_part UUID 'd0d57282-771e-4432-b291-1a82b12c9dec'
2025.11.02 19:47:52.847814 [ 753 ] {} <Debug> AsyncLoader: Stop worker in ForegroundLoad
2025.11.02 19:47:52.847920 [ 753 ] {} <Debug> AsyncLoader: Change current priority: 0 -> none
2025.11.02 19:47:52.849755 [ 729 ] {} <Debug> DDLWorker: Waiting for queue updates
2025.11.02 19:47:52.909935 [ 729 ] {} <Debug> DDLWorker: Scheduling tasks
2025.11.02 19:47:52.910646 [ 729 ] {} <Debug> DDLWorker: Will schedule 1 tasks starting from query-0000000001
2025.11.02 19:47:52.911749 [ 729 ] {} <Debug> DDLWorker: Processing task query-0000000001 (query: CREATE TABLE db_part.tbl_part_local UUID 'b5c3be3c-8183-4895-9517-ab88c0e7e9e0' (`create_time` DateTime, `y` Int32 COMMENT 'shard key', `m` Int32 COMMENT 'part key', `id` Int64 COMMENT 'sort key', `value` Nullable(String)) ENGINE = MergeTree PARTITION BY m ORDER BY id SETTINGS index_granularity = 8192, backup restore: false)
2025.11.02 19:47:52.912842 [ 729 ] {} <Debug> DDLWorker: Executing query: CREATE TABLE db_part.tbl_part_local UUID 'b5c3be3c-8183-4895-9517-ab88c0e7e9e0' (`create_time` DateTime, `y` Int32 COMMENT 'shard key', `m` Int32 COMMENT 'part key', `id` Int64 COMMENT 'sort key', `value` Nullable(String)) ENGINE = MergeTree PARTITION BY m ORDER BY id SETTINGS index_granularity = 8192
2025.11.02 19:47:52.913065 [ 729 ] {fa9291b7-e46b-44ba-92f9-976aa339a4eb} <Debug> executeQuery: (from 0.0.0.0:0, user: , initial_query_id: fe72a395-5590-4b55-98b4-dce072ba4ad7) /* ddl_entry=query-0000000001 */ CREATE TABLE db_part.tbl_part_local UUID 'b5c3be3c-8183-4895-9517-ab88c0e7e9e0' (`create_time` DateTime, `y` Int32 COMMENT 'shard key', `m` Int32 COMMENT 'part key', `id` Int64 COMMENT 'sort key', `value` Nullable(String)) ENGINE = MergeTree PARTITION BY m ORDER BY id SETTINGS index_granularity = 8192 (stage: Complete)
2025.11.02 19:47:52.914464 [ 729 ] {fa9291b7-e46b-44ba-92f9-976aa339a4eb} <Debug> db_part.tbl_part_local (b5c3be3c-8183-4895-9517-ab88c0e7e9e0): Loading data parts
2025.11.02 19:47:52.914641 [ 729 ] {fa9291b7-e46b-44ba-92f9-976aa339a4eb} <Debug> db_part.tbl_part_local (b5c3be3c-8183-4895-9517-ab88c0e7e9e0): There are no data parts
2025.11.02 19:47:52.915457 [ 729 ] {fa9291b7-e46b-44ba-92f9-976aa339a4eb} <Debug> DatabaseAtomic (db_part): There are 0 detached tables. Start searching non used tables.
2025.11.02 19:47:52.915500 [ 729 ] {fa9291b7-e46b-44ba-92f9-976aa339a4eb} <Debug> DatabaseAtomic (db_part): Found 0 non used tables in detached tables.
2025.11.02 19:47:52.915843 [ 729 ] {fa9291b7-e46b-44ba-92f9-976aa339a4eb} <Debug> DDLWorker: Executed query: /* ddl_entry=query-0000000001 */ CREATE TABLE db_part.tbl_part_local UUID 'b5c3be3c-8183-4895-9517-ab88c0e7e9e0' (`create_time` DateTime, `y` Int32 COMMENT 'shard key', `m` Int32 COMMENT 'part key', `id` Int64 COMMENT 'sort key', `value` Nullable(String)) ENGINE = MergeTree PARTITION BY m ORDER BY id SETTINGS index_granularity = 8192
2025.11.02 19:47:52.917182 [ 729 ] {} <Debug> DDLWorker: Waiting for queue updates
2025.11.02 19:47:52.971106 [ 729 ] {} <Debug> DDLWorker: Scheduling tasks
2025.11.02 19:47:52.972228 [ 729 ] {} <Debug> DDLWorker: Will schedule 1 tasks starting from query-0000000002
2025.11.02 19:47:52.973092 [ 729 ] {} <Debug> DDLWorker: Processing task query-0000000002 (query: CREATE TABLE db_part.tbl_part UUID '94024975-7708-4f86-8872-274a85878c5b' (`create_time` DateTime, `y` Int32 COMMENT 'shard key', `m` Int32 COMMENT 'part key', `id` Int64 COMMENT 'sort key', `value` Nullable(String)) ENGINE = Distributed(single_replica, 'db_part', 'tbl_part_local', y), backup restore: false)
2025.11.02 19:47:52.974270 [ 729 ] {} <Debug> DDLWorker: Executing query: CREATE TABLE db_part.tbl_part UUID '94024975-7708-4f86-8872-274a85878c5b' (`create_time` DateTime, `y` Int32 COMMENT 'shard key', `m` Int32 COMMENT 'part key', `id` Int64 COMMENT 'sort key', `value` Nullable(String)) ENGINE = Distributed(single_replica, 'db_part', 'tbl_part_local', y)
2025.11.02 19:47:52.974386 [ 729 ] {ca47c122-b6ab-4af6-8035-4359dc8e929b} <Debug> executeQuery: (from 0.0.0.0:0, user: , initial_query_id: ca234592-532e-4747-9185-9be8e79d69ac) /* ddl_entry=query-0000000002 */ CREATE TABLE db_part.tbl_part UUID '94024975-7708-4f86-8872-274a85878c5b' (`create_time` DateTime, `y` Int32 COMMENT 'shard key', `m` Int32 COMMENT 'part key', `id` Int64 COMMENT 'sort key', `value` Nullable(String)) ENGINE = Distributed(single_replica, 'db_part', 'tbl_part_local', y) (stage: Complete)
2025.11.02 19:47:52.974800 [ 729 ] {ca47c122-b6ab-4af6-8035-4359dc8e929b} <Debug> StorageDistributed (tbl_part): Auto-increment is 0
2025.11.02 19:47:52.976641 [ 729 ] {ca47c122-b6ab-4af6-8035-4359dc8e929b} <Debug> DatabaseAtomic (db_part): There are 0 detached tables. Start searching non used tables.
2025.11.02 19:47:52.976695 [ 729 ] {ca47c122-b6ab-4af6-8035-4359dc8e929b} <Debug> DatabaseAtomic (db_part): Found 0 non used tables in detached tables.
2025.11.02 19:47:52.976833 [ 729 ] {ca47c122-b6ab-4af6-8035-4359dc8e929b} <Debug> DDLWorker: Executed query: /* ddl_entry=query-0000000002 */ CREATE TABLE db_part.tbl_part UUID '94024975-7708-4f86-8872-274a85878c5b' (`create_time` DateTime, `y` Int32 COMMENT 'shard key', `m` Int32 COMMENT 'part key', `id` Int64 COMMENT 'sort key', `value` Nullable(String)) ENGINE = Distributed(single_replica, 'db_part', 'tbl_part_local', y)
2025.11.02 19:47:52.978822 [ 729 ] {} <Debug> DDLWorker: Waiting for queue updates
2025.11.02 19:47:53.029970 [ 80 ] {} <Debug> TCPHandler: Connected ClickHouse server version 25.3.0, revision: 54476, user: default.
2025.11.02 19:47:53.030072 [ 80 ] {} <Debug> TCP-Session-10408ae6-8934-42a4-b32d-7c42d8178b96: Authenticating user 'default' from 172.19.0.4:52274
2025.11.02 19:47:53.030158 [ 80 ] {} <Debug> TCP-Session-10408ae6-8934-42a4-b32d-7c42d8178b96: 10408ae6-8934-42a4-b32d-7c42d8178b96 Authenticated with global context as user 94309d50-4f52-5250-31bd-74fecac179db
2025.11.02 19:47:53.030233 [ 80 ] {} <Debug> TCP-Session-10408ae6-8934-42a4-b32d-7c42d8178b96: Creating session context with user_id: 94309d50-4f52-5250-31bd-74fecac179db
2025.11.02 19:47:53.031277 [ 80 ] {2ce390ca-7066-4cf2-9657-d6cdb86b0460} <Debug> executeQuery: (from 172.19.0.4:52274, initial_query_id: 53fc27bc-4c8d-492b-81d2-8414de3afeec) SELECT `__table1`.`create_time` AS `create_time`, `__table1`.`y` AS `y`, `__table1`.`m` AS `m`, `__table1`.`id` AS `id`, `__table1`.`value` AS `value` FROM `db_part`.`tbl_part_local` AS `__table1` WHERE _CAST(0, 'UInt8') (stage: Complete)
2025.11.02 19:47:53.032108 [ 80 ] {2ce390ca-7066-4cf2-9657-d6cdb86b0460} <Debug> TCPHandler: Processed in 0.00103825 sec.
2025.11.02 19:47:53.072351 [ 80 ] {b0b6b006-d0c8-4add-b6f1-d16872c75b58} <Debug> executeQuery: (from 172.19.0.4:52274, initial_query_id: a74811af-2221-41e7-a939-0b40f0a845d5) SELECT `__table1`.`create_time` AS `create_time`, `__table1`.`y` AS `y`, `__table1`.`m` AS `m`, `__table1`.`id` AS `id`, `__table1`.`value` AS `value` FROM `db_part`.`tbl_part_local` AS `__table1` WHERE _CAST(0, 'UInt8') (stage: Complete)
2025.11.02 19:47:53.072875 [ 80 ] {b0b6b006-d0c8-4add-b6f1-d16872c75b58} <Debug> TCPHandler: Processed in 0.000685458 sec.
2025.11.02 19:47:53.100744 [ 80 ] {cfcb5769-5ece-481a-8fda-264622d869b3} <Debug> executeQuery: (from 172.19.0.4:52274, initial_query_id: a9f485d9-9e39-4937-8d25-c25e0b1a823f) SELECT `__table1`.`create_time` AS `create_time`, `__table1`.`y` AS `y`, `__table1`.`m` AS `m`, `__table1`.`id` AS `id`, `__table1`.`value` AS `value` FROM `db_part`.`tbl_part_local` AS `__table1` WHERE _CAST(0, 'UInt8') (stage: Complete)
2025.11.02 19:47:53.101332 [ 80 ] {cfcb5769-5ece-481a-8fda-264622d869b3} <Debug> TCPHandler: Processed in 0.000765375 sec.
2025.11.02 19:47:53.147946 [ 78 ] {} <Debug> HTTP-Session-231d6fb1-d54c-4598-9110-c2ab89b436b0: Authenticating user 'default' from 172.19.0.7:41842
2025.11.02 19:47:53.148117 [ 78 ] {} <Debug> HTTP-Session-231d6fb1-d54c-4598-9110-c2ab89b436b0: 231d6fb1-d54c-4598-9110-c2ab89b436b0 Authenticated with global context as user 94309d50-4f52-5250-31bd-74fecac179db
2025.11.02 19:47:53.148158 [ 78 ] {} <Debug> HTTP-Session-231d6fb1-d54c-4598-9110-c2ab89b436b0: Creating session context with user_id: 94309d50-4f52-5250-31bd-74fecac179db
2025.11.02 19:47:53.148414 [ 78 ] {ecade72e-2588-4603-bf66-e072843d5fb9} <Debug> executeQuery: (from 172.19.0.7:41842) INSERT INTO `db_part`.`tbl_part` FORMAT ArrowStream  (stage: Complete)
2025.11.02 19:47:53.203771 [ 753 ] {8eae60f1-2c4d-4c39-969a-fdab9d479c2f} <Debug> AsynchronousInsertQueue: Flushed 2 rows, 62 bytes for query 'INSERT INTO db_part.tbl_part (create_time, y, m, id, value) FORMAT ArrowStream'
2025.11.02 19:47:53.204105 [ 78 ] {ecade72e-2588-4603-bf66-e072843d5fb9} <Debug> DynamicQueryHandler: Done processing query
2025.11.02 19:47:53.204326 [ 78 ] {} <Debug> HTTP-Session-231d6fb1-d54c-4598-9110-c2ab89b436b0: 231d6fb1-d54c-4598-9110-c2ab89b436b0 Logout, user_id: 94309d50-4f52-5250-31bd-74fecac179db
2025.11.02 19:47:53.204776 [ 632 ] {} <Debug> db_part.tbl_part.DistributedInsertQueue.default: Sending `/var/lib/clickhouse/store/940/94024975-7708-4f86-8872-274a85878c5b/shard2_replica1/1.bin` to clickhouse-s1r2:9000 (1.00 rows, 31.00 B bytes)
2025.11.02 19:47:53.204797 [ 633 ] {} <Debug> db_part.tbl_part.DistributedInsertQueue.default: Sending `/var/lib/clickhouse/store/940/94024975-7708-4f86-8872-274a85878c5b/shard3_replica1/2.bin` to clickhouse-s2r1:9000 (1.00 rows, 31.00 B bytes)
2025.11.02 19:47:53.265816 [ 80 ] {b15a97d7-1801-4f1f-ad78-3ab4b7e40ac8} <Debug> executeQuery: (from 172.19.0.4:52274, initial_query_id: 38a8f2e1-ff39-4ab6-a453-24b9537d13b8) INSERT INTO db_part.tbl_part_local (create_time, y, m, id, value) VALUES (stage: Complete)
2025.11.02 19:47:53.266966 [ 80 ] {b15a97d7-1801-4f1f-ad78-3ab4b7e40ac8} <Debug> executeQuery: Read 1 rows, 31.00 B in 0.001189 sec., 841.0428931875526 rows/sec., 25.46 KiB/sec.
2025.11.02 19:47:53.267108 [ 80 ] {b15a97d7-1801-4f1f-ad78-3ab4b7e40ac8} <Debug> MemoryTracker: Query peak memory usage: 4.30 MiB.
2025.11.02 19:47:53.267197 [ 80 ] {b15a97d7-1801-4f1f-ad78-3ab4b7e40ac8} <Debug> TCPHandler: Processed in 0.001546583 sec.
2025.11.02 19:47:53.272303 [ 80 ] {1a0a4465-63ee-4317-84cd-bafe4051428a} <Debug> executeQuery: (from 172.19.0.4:52274, initial_query_id: 5f78e26c-550e-4b7d-8831-1c77d29c30d1) SELECT `__table1`.`create_time` AS `create_time`, `__table1`.`y` AS `y`, `__table1`.`m` AS `m`, `__table1`.`id` AS `id`, `__table1`.`value` AS `value` FROM `db_part`.`tbl_part_local` AS `__table1` WHERE _CAST(0, 'UInt8') (stage: Complete)
2025.11.02 19:47:53.272617 [ 80 ] {1a0a4465-63ee-4317-84cd-bafe4051428a} <Debug> db_part.tbl_part_local (b5c3be3c-8183-4895-9517-ab88c0e7e9e0) (SelectExecutor): Selected 0/0 parts by partition key, 0 parts by primary key, 0/0 marks by primary key, 0 marks to read from 0 ranges
2025.11.02 19:47:53.272979 [ 80 ] {1a0a4465-63ee-4317-84cd-bafe4051428a} <Debug> TCPHandler: Processed in 0.000845625 sec.
2025.11.02 19:47:53.304890 [ 78 ] {} <Debug> HTTP-Session-eca4de68-e4cd-446c-bcb6-e7c80719c0b9: Authenticating user 'default' from 172.19.0.7:41850
2025.11.02 19:47:53.304963 [ 78 ] {} <Debug> HTTP-Session-eca4de68-e4cd-446c-bcb6-e7c80719c0b9: eca4de68-e4cd-446c-bcb6-e7c80719c0b9 Authenticated with global context as user 94309d50-4f52-5250-31bd-74fecac179db
2025.11.02 19:47:53.305015 [ 78 ] {} <Debug> HTTP-Session-eca4de68-e4cd-446c-bcb6-e7c80719c0b9: Creating session context with user_id: 94309d50-4f52-5250-31bd-74fecac179db
2025.11.02 19:47:53.305232 [ 78 ] {ef862358-ac5a-4b8b-a1ae-0190aaf1b1ba} <Debug> executeQuery: (from 172.19.0.7:41850) SELECT partition, -- String
 partition_id, -- String
 sum(rows) AS row_count, -- UInt64
 sum(bytes_on_disk) AS size_in_bytes -- UInt64
 FROM `system`.`parts` WHERE `database`='db_part' AND `table`='tbl_part_local' AND `active`=1 GROUP BY `partition`, `partition_id` ORDER BY `partition` ASC, partition_id ASC  (stage: Complete)
2025.11.02 19:47:53.306893 [ 78 ] {ef862358-ac5a-4b8b-a1ae-0190aaf1b1ba} <Debug> executeQuery: Read 1 rows, 76.00 B in 0.001761 sec., 567.8591709256104 rows/sec., 42.15 KiB/sec.
2025.11.02 19:47:53.307211 [ 78 ] {ef862358-ac5a-4b8b-a1ae-0190aaf1b1ba} <Debug> DynamicQueryHandler: Done processing query
2025.11.02 19:47:53.307307 [ 78 ] {ef862358-ac5a-4b8b-a1ae-0190aaf1b1ba} <Debug> MemoryTracker: Query peak memory usage: 4.01 MiB.
2025.11.02 19:47:53.307383 [ 78 ] {} <Debug> HTTP-Session-eca4de68-e4cd-446c-bcb6-e7c80719c0b9: eca4de68-e4cd-446c-bcb6-e7c80719c0b9 Logout, user_id: 94309d50-4f52-5250-31bd-74fecac179db
2025.11.02 19:47:53.332739 [ 80 ] {ec83bd66-e23d-4998-87b5-cea7ecaee7a9} <Debug> executeQuery: (from 172.19.0.4:52274, initial_query_id: 5cf56869-879a-46ee-afdc-692dfe706d0a) SELECT `__table1`.`create_time` AS `create_time`, `__table1`.`y` AS `y`, `__table1`.`m` AS `m`, `__table1`.`id` AS `id`, `__table1`.`value` AS `value` FROM `db_part`.`tbl_part_local` AS `__table1` WHERE _CAST(0, 'UInt8') (stage: Complete)
2025.11.02 19:47:53.333086 [ 80 ] {ec83bd66-e23d-4998-87b5-cea7ecaee7a9} <Debug> db_part.tbl_part_local (b5c3be3c-8183-4895-9517-ab88c0e7e9e0) (SelectExecutor): Selected 0/0 parts by partition key, 0 parts by primary key, 0/0 marks by primary key, 0 marks to read from 0 ranges
2025.11.02 19:47:53.333555 [ 80 ] {ec83bd66-e23d-4998-87b5-cea7ecaee7a9} <Debug> TCPHandler: Processed in 0.001015625 sec.
2025.11.02 19:47:53.363825 [ 78 ] {} <Debug> HTTP-Session-9904eda9-a283-4636-9e08-91b4a8b868da: Authenticating user 'default' from 172.19.0.7:41862
2025.11.02 19:47:53.363909 [ 78 ] {} <Debug> HTTP-Session-9904eda9-a283-4636-9e08-91b4a8b868da: 9904eda9-a283-4636-9e08-91b4a8b868da Authenticated with global context as user 94309d50-4f52-5250-31bd-74fecac179db
2025.11.02 19:47:53.363965 [ 78 ] {} <Debug> HTTP-Session-9904eda9-a283-4636-9e08-91b4a8b868da: Creating session context with user_id: 94309d50-4f52-5250-31bd-74fecac179db
2025.11.02 19:47:53.364170 [ 78 ] {914b193c-51c9-464e-908d-7f5715740ea8} <Debug> executeQuery: (from 172.19.0.7:41862) SELECT partition, -- String
 partition_id, -- String
 sum(rows) AS row_count, -- UInt64
 sum(bytes_on_disk) AS size_in_bytes -- UInt64
 FROM `system`.`parts` WHERE `database`='db_part' AND `table`='tbl_part_local' AND `active`=1 GROUP BY `partition`, `partition_id` ORDER BY `partition` ASC, partition_id ASC  (stage: Complete)
2025.11.02 19:47:53.365850 [ 78 ] {914b193c-51c9-464e-908d-7f5715740ea8} <Debug> executeQuery: Read 1 rows, 76.00 B in 0.001749 sec., 571.7552887364209 rows/sec., 42.43 KiB/sec.
2025.11.02 19:47:53.366212 [ 78 ] {914b193c-51c9-464e-908d-7f5715740ea8} <Debug> DynamicQueryHandler: Done processing query
2025.11.02 19:47:53.366279 [ 78 ] {914b193c-51c9-464e-908d-7f5715740ea8} <Debug> MemoryTracker: Query peak memory usage: 4.01 MiB.
2025.11.02 19:47:53.366416 [ 78 ] {} <Debug> HTTP-Session-9904eda9-a283-4636-9e08-91b4a8b868da: 9904eda9-a283-4636-9e08-91b4a8b868da Logout, user_id: 94309d50-4f52-5250-31bd-74fecac179db
2025.11.02 19:47:53.381697 [ 80 ] {961bdf8a-1b2e-475a-b5d6-a23fb93ccdad} <Debug> executeQuery: (from 172.19.0.4:52274, initial_query_id: c467e528-6db6-4906-9001-1f01fef81c14) SELECT `__table1`.`create_time` AS `create_time`, `__table1`.`y` AS `y`, `__table1`.`m` AS `m`, `__table1`.`id` AS `id`, `__table1`.`value` AS `value` FROM `db_part`.`tbl_part_local` AS `__table1` WHERE _CAST(0, 'UInt8') (stage: Complete)
2025.11.02 19:47:53.381945 [ 80 ] {961bdf8a-1b2e-475a-b5d6-a23fb93ccdad} <Debug> db_part.tbl_part_local (b5c3be3c-8183-4895-9517-ab88c0e7e9e0) (SelectExecutor): Selected 0/0 parts by partition key, 0 parts by primary key, 0/0 marks by primary key, 0 marks to read from 0 ranges
2025.11.02 19:47:53.382444 [ 80 ] {961bdf8a-1b2e-475a-b5d6-a23fb93ccdad} <Debug> TCPHandler: Processed in 0.000920542 sec.
2025.11.02 19:47:53.409540 [ 78 ] {} <Debug> HTTP-Session-086b59cc-fcce-4fdf-a18e-84c5acd0db93: Authenticating user 'default' from 172.19.0.7:41864
2025.11.02 19:47:53.409645 [ 78 ] {} <Debug> HTTP-Session-086b59cc-fcce-4fdf-a18e-84c5acd0db93: 086b59cc-fcce-4fdf-a18e-84c5acd0db93 Authenticated with global context as user 94309d50-4f52-5250-31bd-74fecac179db
2025.11.02 19:47:53.409708 [ 78 ] {} <Debug> HTTP-Session-086b59cc-fcce-4fdf-a18e-84c5acd0db93: Creating session context with user_id: 94309d50-4f52-5250-31bd-74fecac179db
2025.11.02 19:47:53.409944 [ 78 ] {3c33b315-c671-4878-8279-33ddf90138b8} <Debug> executeQuery: (from 172.19.0.7:41864) SELECT partition, -- String
 partition_id, -- String
 sum(rows) AS row_count, -- UInt64
 sum(bytes_on_disk) AS size_in_bytes -- UInt64
 FROM `system`.`parts` WHERE `database`='db_part' AND `table`='tbl_part_local' AND `active`=1 GROUP BY `partition`, `partition_id` ORDER BY `partition` ASC, partition_id ASC  (stage: Complete)
2025.11.02 19:47:53.411876 [ 78 ] {3c33b315-c671-4878-8279-33ddf90138b8} <Debug> executeQuery: Read 1 rows, 76.00 B in 0.002026 sec., 493.58341559723596 rows/sec., 36.63 KiB/sec.
2025.11.02 19:47:53.412301 [ 78 ] {3c33b315-c671-4878-8279-33ddf90138b8} <Debug> DynamicQueryHandler: Done processing query
2025.11.02 19:47:53.412358 [ 78 ] {3c33b315-c671-4878-8279-33ddf90138b8} <Debug> MemoryTracker: Query peak memory usage: 4.02 MiB.
2025.11.02 19:47:53.412448 [ 78 ] {} <Debug> HTTP-Session-086b59cc-fcce-4fdf-a18e-84c5acd0db93: 086b59cc-fcce-4fdf-a18e-84c5acd0db93 Logout, user_id: 94309d50-4f52-5250-31bd-74fecac179db
2025.11.02 19:47:53.419718 [ 729 ] {} <Debug> DDLWorker: Scheduling tasks
2025.11.02 19:47:53.420344 [ 729 ] {} <Debug> DDLWorker: Will schedule 1 tasks starting from query-0000000003
2025.11.02 19:47:53.421190 [ 729 ] {} <Debug> DDLWorker: Processing task query-0000000003 (query: ALTER TABLE db_part.tbl_part_local (DROP PARTITION 2), backup restore: false)
2025.11.02 19:47:53.422120 [ 729 ] {} <Debug> DDLWorker: Executing query: ALTER TABLE db_part.tbl_part_local (DROP PARTITION 2)
2025.11.02 19:47:53.422244 [ 729 ] {139ec9ea-dd80-43c2-b5d9-4ec078a309de} <Debug> executeQuery: (from 0.0.0.0:0, user: , initial_query_id: 7ca880d8-8c7a-4589-b59a-458b892dce0d) /* ddl_entry=query-0000000003 */ ALTER TABLE db_part.tbl_part_local (DROP PARTITION 2) (stage: Complete)
2025.11.02 19:47:53.422599 [ 729 ] {139ec9ea-dd80-43c2-b5d9-4ec078a309de} <Information> db_part.tbl_part_local (b5c3be3c-8183-4895-9517-ab88c0e7e9e0): Remove 0 parts by covering them with empty 0 parts. With txn (1, 1, 00000000-0000-0000-0000-000000000000).
2025.11.02 19:47:53.422651 [ 729 ] {139ec9ea-dd80-43c2-b5d9-4ec078a309de} <Information> db_part.tbl_part_local (b5c3be3c-8183-4895-9517-ab88c0e7e9e0): Dropped partition with 0 parts by replacing them with new empty 0 parts. With txn (1, 1, 00000000-0000-0000-0000-000000000000)
2025.11.02 19:47:53.422784 [ 729 ] {139ec9ea-dd80-43c2-b5d9-4ec078a309de} <Debug> DDLWorker: Executed query: /* ddl_entry=query-0000000003 */ ALTER TABLE db_part.tbl_part_local (DROP PARTITION 2)
2025.11.02 19:47:53.424807 [ 729 ] {} <Debug> DDLWorker: Waiting for queue updates
2025.11.02 19:47:53.478539 [ 80 ] {4e7bad7a-374b-4d3a-a0c6-81b324f9302f} <Debug> executeQuery: (from 172.19.0.4:52274, initial_query_id: 187852eb-e5d2-44f4-80aa-95a8e2c678da) SELECT `__table1`.`create_time` AS `create_time`, `__table1`.`y` AS `y`, `__table1`.`m` AS `m`, `__table1`.`id` AS `id`, `__table1`.`value` AS `value` FROM `db_part`.`tbl_part_local` AS `__table1` WHERE _CAST(0, 'UInt8') (stage: Complete)
2025.11.02 19:47:53.478842 [ 80 ] {4e7bad7a-374b-4d3a-a0c6-81b324f9302f} <Debug> db_part.tbl_part_local (b5c3be3c-8183-4895-9517-ab88c0e7e9e0) (SelectExecutor): Selected 0/0 parts by partition key, 0 parts by primary key, 0/0 marks by primary key, 0 marks to read from 0 ranges
2025.11.02 19:47:53.479144 [ 80 ] {4e7bad7a-374b-4d3a-a0c6-81b324f9302f} <Debug> TCPHandler: Processed in 0.000780208 sec.
2025.11.02 19:47:53.527736 [ 78 ] {} <Debug> HTTP-Session-3efb444d-28e7-494c-941f-c2819217be1e: Authenticating user 'default' from 172.19.0.7:41876
2025.11.02 19:47:53.527822 [ 78 ] {} <Debug> HTTP-Session-3efb444d-28e7-494c-941f-c2819217be1e: 3efb444d-28e7-494c-941f-c2819217be1e Authenticated with global context as user 94309d50-4f52-5250-31bd-74fecac179db
2025.11.02 19:47:53.527877 [ 78 ] {} <Debug> HTTP-Session-3efb444d-28e7-494c-941f-c2819217be1e: Creating session context with user_id: 94309d50-4f52-5250-31bd-74fecac179db
2025.11.02 19:47:53.528097 [ 78 ] {642b0eb8-4d43-44d9-b798-8b9a4b574ab9} <Debug> executeQuery: (from 172.19.0.7:41876) SELECT partition, -- String
 partition_id, -- String
 sum(rows) AS row_count, -- UInt64
 sum(bytes_on_disk) AS size_in_bytes -- UInt64
 FROM `system`.`parts` WHERE `database`='db_part' AND `table`='tbl_part_local' AND `active`=1 GROUP BY `partition`, `partition_id` ORDER BY `partition` ASC, partition_id ASC  (stage: Complete)
2025.11.02 19:47:53.536118 [ 78 ] {642b0eb8-4d43-44d9-b798-8b9a4b574ab9} <Debug> executeQuery: Read 1 rows, 76.00 B in 0.00811 sec., 123.30456226880396 rows/sec., 9.15 KiB/sec.
2025.11.02 19:47:53.536491 [ 78 ] {642b0eb8-4d43-44d9-b798-8b9a4b574ab9} <Debug> DynamicQueryHandler: Done processing query
2025.11.02 19:47:53.536683 [ 78 ] {642b0eb8-4d43-44d9-b798-8b9a4b574ab9} <Debug> MemoryTracker: Query peak memory usage: 4.02 MiB.
2025.11.02 19:47:53.536759 [ 78 ] {} <Debug> HTTP-Session-3efb444d-28e7-494c-941f-c2819217be1e: 3efb444d-28e7-494c-941f-c2819217be1e Logout, user_id: 94309d50-4f52-5250-31bd-74fecac179db
2025.11.02 19:47:53.555297 [ 729 ] {} <Debug> DDLWorker: Scheduling tasks
2025.11.02 19:47:53.555927 [ 729 ] {} <Debug> DDLWorker: Will schedule 1 tasks starting from query-0000000004
2025.11.02 19:47:53.556852 [ 729 ] {} <Debug> DDLWorker: Processing task query-0000000004 (query: DROP TABLE IF EXISTS db_part.tbl_part, backup restore: false)
2025.11.02 19:47:53.557811 [ 729 ] {} <Debug> DDLWorker: Executing query: DROP TABLE IF EXISTS db_part.tbl_part
2025.11.02 19:47:53.557988 [ 729 ] {b19f236d-e2da-4c12-a8cc-15c2cb2e46e2} <Debug> executeQuery: (from 0.0.0.0:0, user: , initial_query_id: 165891de-8f36-4442-9b25-baf412962af8) /* ddl_entry=query-0000000004 */ DROP TABLE IF EXISTS db_part.tbl_part (stage: Complete)
2025.11.02 19:47:53.558071 [ 729 ] {b19f236d-e2da-4c12-a8cc-15c2cb2e46e2} <Information> StorageDistributed (tbl_part): Flushing pending INSERT blocks
2025.11.02 19:47:53.558293 [ 729 ] {b19f236d-e2da-4c12-a8cc-15c2cb2e46e2} <Information> StorageDistributed (tbl_part): Pending INSERT blocks flushed, took 0 ms.
2025.11.02 19:47:53.558374 [ 729 ] {b19f236d-e2da-4c12-a8cc-15c2cb2e46e2} <Debug> StorageDistributed (tbl_part): Joining background threads for async INSERT
2025.11.02 19:47:53.558441 [ 729 ] {b19f236d-e2da-4c12-a8cc-15c2cb2e46e2} <Debug> StorageDistributed (tbl_part): Background threads for async INSERT joined
2025.11.02 19:47:53.558684 [ 729 ] {b19f236d-e2da-4c12-a8cc-15c2cb2e46e2} <Debug> DDLWorker: Executed query: /* ddl_entry=query-0000000004 */ DROP TABLE IF EXISTS db_part.tbl_part
2025.11.02 19:47:53.559424 [ 729 ] {} <Debug> DDLWorker: Waiting for queue updates
2025.11.02 19:47:53.619431 [ 729 ] {} <Debug> DDLWorker: Scheduling tasks
2025.11.02 19:47:53.619997 [ 729 ] {} <Debug> DDLWorker: Will schedule 1 tasks starting from query-0000000005
2025.11.02 19:47:53.620750 [ 729 ] {} <Debug> DDLWorker: Processing task query-0000000005 (query: DROP TABLE IF EXISTS db_part.tbl_part_local, backup restore: false)
2025.11.02 19:47:53.621478 [ 729 ] {} <Debug> DDLWorker: Executing query: DROP TABLE IF EXISTS db_part.tbl_part_local
2025.11.02 19:47:53.621581 [ 729 ] {4aaf7bfc-ec54-48e7-8fb5-36dac365cfbf} <Debug> executeQuery: (from 0.0.0.0:0, user: , initial_query_id: 7ed8ecdd-5b4e-4974-9035-c42e0f08d5a2) /* ddl_entry=query-0000000005 */ DROP TABLE IF EXISTS db_part.tbl_part_local (stage: Complete)
2025.11.02 19:47:53.621752 [ 729 ] {4aaf7bfc-ec54-48e7-8fb5-36dac365cfbf} <Debug> DDLWorker: Executed query: /* ddl_entry=query-0000000005 */ DROP TABLE IF EXISTS db_part.tbl_part_local
2025.11.02 19:47:53.622696 [ 729 ] {} <Debug> DDLWorker: Waiting for queue updates
2025.11.02 19:47:53.682420 [ 729 ] {} <Debug> DDLWorker: Scheduling tasks
2025.11.02 19:47:53.683019 [ 729 ] {} <Debug> DDLWorker: Will schedule 1 tasks starting from query-0000000006
2025.11.02 19:47:53.683908 [ 729 ] {} <Debug> DDLWorker: Processing task query-0000000006 (query: DROP DATABASE IF EXISTS db_part, backup restore: false)
2025.11.02 19:47:53.685481 [ 729 ] {} <Debug> DDLWorker: Executing query: DROP DATABASE IF EXISTS db_part
2025.11.02 19:47:53.685613 [ 729 ] {271ee235-3df5-4ec0-8690-3799afe232ee} <Debug> executeQuery: (from 0.0.0.0:0, user: , initial_query_id: 3c285806-09d2-4988-b3ef-ca6fb5511f98) /* ddl_entry=query-0000000006 */ DROP DATABASE IF EXISTS db_part (stage: Complete)
2025.11.02 19:47:53.685660 [ 729 ] {271ee235-3df5-4ec0-8690-3799afe232ee} <Debug> DatabaseAtomic (db_part): There are 0 detached tables. Start searching non used tables.
2025.11.02 19:47:53.685718 [ 729 ] {271ee235-3df5-4ec0-8690-3799afe232ee} <Debug> DatabaseAtomic (db_part): Found 0 non used tables in detached tables.
2025.11.02 19:47:53.685968 [ 729 ] {271ee235-3df5-4ec0-8690-3799afe232ee} <Debug> DDLWorker: Executed query: /* ddl_entry=query-0000000006 */ DROP DATABASE IF EXISTS db_part
2025.11.02 19:47:53.687012 [ 729 ] {} <Debug> DDLWorker: Waiting for queue updates
2025.11.02 19:47:54.388219 [ 77 ] {} <Information> Application: Received termination signal (Terminated)
2025.11.02 19:47:54.388806 [ 1 ] {} <Debug> Application: Received termination signal.
2025.11.02 19:47:54.389002 [ 1 ] {} <Debug> Application: Waiting for current connections to close.
2025.11.02 19:47:54.390131 [ 1 ] {} <Warning> Application: Closed all listening sockets. Waiting for 1 outstanding connections.
